<?xml version="1.0" encoding="UTF-8"?>
<kml xmlns="http://www.opengis.net/kml/2.2"><Document><name>Rutas de muestreo — Castilla</name>
<Style id="dia1"><IconStyle><color>ff912D5E</color><scale>1.1</scale>
<Icon><href>http://maps.google.com/mapfiles/kml/paddle/wht-blank.png</href></Icon></IconStyle>
<LabelStyle><scale>0.9</scale></LabelStyle><LineStyle><color>ff912D5E</color><width>4</width></LineStyle></Style><Style id="dia2"><IconStyle><color>ff7EC900</color><scale>1.1</scale>
<Icon><href>http://maps.google.com/mapfiles/kml/paddle/wht-blank.png</href></Icon></IconStyle>
<LabelStyle><scale>0.9</scale></LabelStyle><LineStyle><color>ff7EC900</color><width>4</width></LineStyle></Style><Style id="dia3"><IconStyle><color>ff963DEC</color><scale>1.1</scale>
<Icon><href>http://maps.google.com/mapfiles/kml/paddle/wht-blank.png</href></Icon></IconStyle>
<LabelStyle><scale>0.9</scale></LabelStyle><LineStyle><color>ff963DEC</color><width>4</width></LineStyle></Style><Style id="dia4"><IconStyle><color>ffE8CB59</color><scale>1.1</scale>
<Icon><href>http://maps.google.com/mapfiles/kml/paddle/wht-blank.png</href></Icon></IconStyle>
<LabelStyle><scale>0.9</scale></LabelStyle><LineStyle><color>ffE8CB59</color><width>4</width></LineStyle></Style><Style id="dia5"><IconStyle><color>ff0EC2FF</color><scale>1.1</scale>
<Icon><href>http://maps.google.com/mapfiles/kml/paddle/wht-blank.png</href></Icon></IconStyle>
<LabelStyle><scale>0.9</scale></LabelStyle><LineStyle><color>ff0EC2FF</color><width>4</width></LineStyle></Style><Style id="dia6"><IconStyle><color>ff57D97E</color><scale>1.1</scale>
<Icon><href>http://maps.google.com/mapfiles/kml/paddle/wht-blank.png</href></Icon></IconStyle>
<LabelStyle><scale>0.9</scale></LabelStyle><LineStyle><color>ff57D97E</color><width>4</width></LineStyle></Style><Style id="dia7"><IconStyle><color>ff912D5E</color><scale>1.1</scale>
<Icon><href>http://maps.google.com/mapfiles/kml/paddle/wht-blank.png</href></Icon></IconStyle>
<LabelStyle><scale>0.9</scale></LabelStyle><LineStyle><color>ff912D5E</color><width>4</width></LineStyle></Style><Style id="dia8"><IconStyle><color>ff7EC900</color><scale>1.1</scale>
<Icon><href>http://maps.google.com/mapfiles/kml/paddle/wht-blank.png</href></Icon></IconStyle>
<LabelStyle><scale>0.9</scale></LabelStyle><LineStyle><color>ff7EC900</color><width>4</width></LineStyle></Style><Style id="dia9"><IconStyle><color>ff963DEC</color><scale>1.1</scale>
<Icon><href>http://maps.google.com/mapfiles/kml/paddle/wht-blank.png</href></Icon></IconStyle>
<LabelStyle><scale>0.9</scale></LabelStyle><LineStyle><color>ff963DEC</color><width>4</width></LineStyle></Style><Style id="dia10"><IconStyle><color>ffE8CB59</color><scale>1.1</scale>
<Icon><href>http://maps.google.com/mapfiles/kml/paddle/wht-blank.png</href></Icon></IconStyle>
<LabelStyle><scale>0.9</scale></LabelStyle><LineStyle><color>ffE8CB59</color><width>4</width></LineStyle></Style><Style id="dia11"><IconStyle><color>ff0EC2FF</color><scale>1.1</scale>
<Icon><href>http://maps.google.com/mapfiles/kml/paddle/wht-blank.png</href></Icon></IconStyle>
<LabelStyle><scale>0.9</scale></LabelStyle><LineStyle><color>ff0EC2FF</color><width>4</width></LineStyle></Style><Style id="dia12"><IconStyle><color>ff57D97E</color><scale>1.1</scale>
<Icon><href>http://maps.google.com/mapfiles/kml/paddle/wht-blank.png</href></Icon></IconStyle>
<LabelStyle><scale>0.9</scale></LabelStyle><LineStyle><color>ff57D97E</color><width>4</width></LineStyle></Style><Style id="dia13"><IconStyle><color>ff912D5E</color><scale>1.1</scale>
<Icon><href>http://maps.google.com/mapfiles/kml/paddle/wht-blank.png</href></Icon></IconStyle>
<LabelStyle><scale>0.9</scale></LabelStyle><LineStyle><color>ff912D5E</color><width>4</width></LineStyle></Style><Style id="dia14"><IconStyle><color>ff7EC900</color><scale>1.1</scale>
<Icon><href>http://maps.google.com/mapfiles/kml/paddle/wht-blank.png</href></Icon></IconStyle>
<LabelStyle><scale>0.9</scale></LabelStyle><LineStyle><color>ff7EC900</color><width>4</width></LineStyle></Style><Style id="dia15"><IconStyle><color>ff963DEC</color><scale>1.1</scale>
<Icon><href>http://maps.google.com/mapfiles/kml/paddle/wht-blank.png</href></Icon></IconStyle>
<LabelStyle><scale>0.9</scale></LabelStyle><LineStyle><color>ff963DEC</color><width>4</width></LineStyle></Style><Style id="dia16"><IconStyle><color>ffE8CB59</color><scale>1.1</scale>
<Icon><href>http://maps.google.com/mapfiles/kml/paddle/wht-blank.png</href></Icon></IconStyle>
<LabelStyle><scale>0.9</scale></LabelStyle><LineStyle><color>ffE8CB59</color><width>4</width></LineStyle></Style><Folder><name>Sede</name><Placemark><name>Sede Castilla</name><ExtendedData><Data name="NOMBRE"><value>Riopaila Castilla – planta Castilla (Pradera)</value></Data><Data name="FUENTE"><value>OSM: zona industrial Riopaila Castilla</value></Data></ExtendedData>
<Style><IconStyle><scale>1.3</scale><Icon><href>http://maps.google.com/mapfiles/kml/pal2/icon10.png</href></Icon></IconStyle></Style>
<Point><coordinates>-76.287620,3.367860,0</coordinates></Point></Placemark></Folder><Folder><name>Rutas por día</name><Placemark><name>Ruta día 1</name><styleUrl>#dia1</styleUrl><ExtendedData><Data name="INGENIO"><value>Castilla</value></Data><Data name="DIA"><value>1</value></Data><Data name="PUNTOS"><value>CC-041, CC-023, CC-020, CC-002</value></Data><Data name="N_PUNTOS"><value>4</value></Data><Data name="KM"><value>25.3</value></Data><Data name="HORAS_TOTALES"><value>7.89</value></Data><Data name="REGRESO"><value>14:23</value></Data><Data name="PEAJES"><value>0</value></Data><Data name="COSTO_COP"><value>501614</value></Data></ExtendedData><LineString><tessellate>1</tessellate><coordinates>-76.287901,3.368380,0 -76.287805,3.368498,0 -76.287754,3.368623,0 -76.287754,3.369196,0 -76.287778,3.369269,0 -76.287810,3.369357,0 -76.287890,3.369456,0 -76.288025,3.369638,0 -76.288137,3.369802,0 -76.288009,3.370284,0 -76.287554,3.370098,0 -76.286818,3.369773,0 -76.284011,3.368801,0 -76.283059,3.368436,0 -76.282052,3.367990,0 -76.275402,3.365541,0 -76.271216,3.363945,0 -76.268903,3.363080,0 -76.263693,3.361130,0 -76.262909,3.360836,0 -76.262812,3.360791,0 -76.261889,3.361908,0 -76.261417,3.362492,0 -76.260980,3.363014,0 -76.260422,3.363690,0 -76.260151,3.364034,0 -76.259910,3.364406,0 -76.259749,3.364718,0 -76.259328,3.365584,0 -76.256522,3.371415,0 -76.255894,3.372699,0 -76.255369,3.373663,0 -76.255037,3.374114,0 -76.254681,3.374488,0 -76.253136,3.376127,0 -76.252306,3.377006,0 -76.251537,3.377743,0 -76.251056,3.378109,0 -76.250519,3.378469,0 -76.247239,3.380242,0 -76.246683,3.380740,0 -76.246204,3.381291,0 -76.245238,3.382659,0 -76.244330,3.383882,0 -76.243736,3.384790,0 -76.242722,3.386568,0 -76.241944,3.387971,0 -76.241258,3.389171,0 -76.240410,3.391171,0 -76.239581,3.393286,0 -76.239090,3.394612,0 -76.238866,3.395321,0 -76.238838,3.395408,0 -76.238723,3.396790,0 -76.238632,3.398082,0 -76.238055,3.397801,0 -76.237599,3.397495,0 -76.236704,3.396933,0 -76.235767,3.396394,0 -76.235520,3.396185,0 -76.234510,3.394621,0 -76.234459,3.394551,0 -76.230749,3.391018,0 -76.230204,3.390499,0 -76.230078,3.390242,0 -76.229282,3.386580,0 -76.229134,3.385379,0 -76.228856,3.384089,0 -76.229146,3.383991,0 -76.230805,3.382843,0 -76.233804,3.380769,0 -76.231850,3.379512,0 -76.230478,3.378629,0 -76.230349,3.378629,0 -76.230231,3.378667,0 -76.227753,3.379900,0 -76.227857,3.380216,0 -76.228856,3.384089,0 -76.229146,3.383991,0 -76.233804,3.380769,0 -76.234909,3.381497,0 -76.235029,3.381551,0 -76.235150,3.381560,0 -76.237725,3.380315,0 -76.241683,3.378327,0 -76.243150,3.381478,0 -76.244213,3.383719,0 -76.244330,3.383882,0 -76.245238,3.382659,0 -76.246204,3.381291,0 -76.246683,3.380740,0 -76.247239,3.380242,0 -76.250519,3.378469,0 -76.251056,3.378109,0 -76.251537,3.377743,0 -76.252306,3.377006,0 -76.253136,3.376127,0 -76.254681,3.374488,0 -76.255037,3.374114,0 -76.255369,3.373663,0 -76.255894,3.372699,0 -76.256522,3.371415,0 -76.259328,3.365584,0 -76.259749,3.364718,0 -76.259910,3.364406,0 -76.260151,3.364034,0 -76.260422,3.363690,0 -76.260980,3.363014,0 -76.261417,3.362492,0 -76.261889,3.361908,0 -76.262812,3.360791,0 -76.264370,3.358861,0 -76.265923,3.356938,0 -76.266600,3.356079,0 -76.266830,3.355728,0 -76.266972,3.355415,0 -76.267093,3.354909,0 -76.267121,3.354714,0 -76.267173,3.354368,0 -76.267311,3.353432,0 -76.267335,3.353222,0 -76.267449,3.352432,0 -76.267502,3.351641,0 -76.267409,3.351041,0 -76.267303,3.350738,0 -76.267117,3.350325,0 -76.266980,3.350125,0 -76.266567,3.349610,0 -76.265061,3.347799,0 -76.264950,3.347550,0 -76.264877,3.347323,0 -76.264833,3.347090,0 -76.264829,3.346827,0 -76.264839,3.346777,0 -76.264960,3.346566,0 -76.265122,3.346355,0 -76.265210,3.346253,0 -76.266449,3.345210,0 -76.267254,3.344565,0 -76.267754,3.344303,0 -76.268047,3.344190,0 -76.268380,3.344118,0 -76.268975,3.344062,0 -76.269437,3.344131,0 -76.269885,3.344236,0 -76.270852,3.344698,0 -76.271614,3.345063,0 -76.277142,3.347891,0 -76.277906,3.348092,0 -76.278668,3.348207,0 -76.280233,3.348407,0 -76.283088,3.348773,0 -76.283617,3.348855,0 -76.284139,3.348973,0 -76.284652,3.349126,0 -76.285152,3.349316,0 -76.286391,3.349768,0 -76.287917,3.350380,0 -76.288446,3.350638,0 -76.288765,3.350861,0 -76.289352,3.351337,0 -76.291007,3.352668,0 -76.292019,3.353501,0 -76.292512,3.353908,0 -76.291902,3.355185,0 -76.291436,3.356138,0 -76.291344,3.356400,0 -76.291393,3.356502,0 -76.291393,3.356502,0 -76.291505,3.356604,0 -76.291661,3.356684,0 -76.293335,3.357423,0 -76.293667,3.357611,0 -76.293828,3.357729,0 -76.293966,3.357956,0 -76.293610,3.358357,0 -76.293043,3.358996,0 -76.293002,3.359044,0 -76.292923,3.359131,0 -76.292824,3.359360,0 -76.292708,3.359558,0 -76.292576,3.359765,0 -76.291934,3.360455,0 -76.291068,3.361385,0 -76.290977,3.361495,0 -76.290912,3.361622,0 -76.290876,3.361761,0 -76.290666,3.363704,0 -76.290403,3.366269,0 -76.290312,3.366275,0 -76.290110,3.366293,0 -76.289335,3.366370,0 -76.288847,3.366437,0 -76.288859,3.366551,0 -76.288845,3.367668,0 -76.288065,3.368321,0 -76.287901,3.368380,0 -76.287901,3.368380,0</coordinates></LineString></Placemark><Placemark><name>Ruta día 2</name><styleUrl>#dia2</styleUrl><ExtendedData><Data name="INGENIO"><value>Castilla</value></Data><Data name="DIA"><value>2</value></Data><Data name="PUNTOS"><value>CC-045, CC-038, CC-005, CC-029</value></Data><Data name="N_PUNTOS"><value>4</value></Data><Data name="KM"><value>31.6</value></Data><Data name="HORAS_TOTALES"><value>7.97</value></Data><Data name="REGRESO"><value>14:28</value></Data><Data name="PEAJES"><value>0</value></Data><Data name="COSTO_COP"><value>503665</value></Data></ExtendedData><LineString><tessellate>1</tessellate><coordinates>-76.287901,3.368380,0 -76.287901,3.368380,0 -76.288065,3.368321,0 -76.288845,3.367668,0 -76.288859,3.366551,0 -76.289351,3.366508,0 -76.289568,3.366499,0 -76.290107,3.366450,0 -76.290313,3.366434,0 -76.290385,3.366430,0 -76.290403,3.366269,0 -76.290666,3.363704,0 -76.290876,3.361761,0 -76.290912,3.361622,0 -76.290977,3.361495,0 -76.291068,3.361385,0 -76.291934,3.360455,0 -76.292576,3.359765,0 -76.292708,3.359558,0 -76.292824,3.359360,0 -76.292923,3.359131,0 -76.293002,3.359044,0 -76.293043,3.358996,0 -76.293610,3.358357,0 -76.293966,3.357956,0 -76.294047,3.357856,0 -76.294746,3.357097,0 -76.295061,3.356754,0 -76.295464,3.356309,0 -76.294712,3.355699,0 -76.294234,3.355316,0 -76.294167,3.355255,0 -76.292512,3.353908,0 -76.292019,3.353501,0 -76.291007,3.352668,0 -76.289352,3.351337,0 -76.288765,3.350861,0 -76.288446,3.350638,0 -76.287917,3.350380,0 -76.286391,3.349768,0 -76.285152,3.349316,0 -76.284652,3.349126,0 -76.284139,3.348973,0 -76.283617,3.348855,0 -76.283088,3.348773,0 -76.280233,3.348407,0 -76.278668,3.348207,0 -76.277906,3.348092,0 -76.277142,3.347891,0 -76.271614,3.345063,0 -76.270852,3.344698,0 -76.269885,3.344236,0 -76.269437,3.344131,0 -76.268975,3.344062,0 -76.268380,3.344118,0 -76.268047,3.344190,0 -76.267754,3.344303,0 -76.267254,3.344565,0 -76.266449,3.345210,0 -76.265210,3.346253,0 -76.264880,3.346376,0 -76.264758,3.346431,0 -76.264629,3.346470,0 -76.264580,3.346462,0 -76.264531,3.346463,0 -76.264482,3.346472,0 -76.264436,3.346489,0 -76.264310,3.346455,0 -76.264193,3.346402,0 -76.263889,3.346237,0 -76.263637,3.346040,0 -76.262736,3.344921,0 -76.262272,3.344425,0 -76.261774,3.344013,0 -76.261327,3.343699,0 -76.258828,3.341936,0 -76.257920,3.341306,0 -76.257612,3.341091,0 -76.256981,3.340640,0 -76.254273,3.338701,0 -76.253972,3.338444,0 -76.253368,3.337611,0 -76.252642,3.336670,0 -76.252089,3.335906,0 -76.251998,3.335776,0 -76.251546,3.335150,0 -76.250916,3.334343,0 -76.250367,3.333645,0 -76.250261,3.333536,0 -76.250102,3.333369,0 -76.250022,3.333292,0 -76.249939,3.333207,0 -76.249888,3.333160,0 -76.249280,3.332567,0 -76.248596,3.331920,0 -76.248101,3.331462,0 -76.247912,3.331238,0 -76.247827,3.331138,0 -76.247811,3.331099,0 -76.247785,3.331067,0 -76.247750,3.331044,0 -76.247710,3.331032,0 -76.247675,3.331032,0 -76.247641,3.331040,0 -76.247611,3.331057,0 -76.247585,3.331080,0 -76.247570,3.331103,0 -76.247339,3.331025,0 -76.246797,3.330700,0 -76.246433,3.330497,0 -76.246319,3.330434,0 -76.245957,3.330233,0 -76.245807,3.330149,0 -76.245532,3.330008,0 -76.245505,3.329994,0 -76.245209,3.329823,0 -76.245132,3.329779,0 -76.244463,3.329398,0 -76.243979,3.329143,0 -76.243494,3.328887,0 -76.243227,3.328728,0 -76.243200,3.328713,0 -76.242434,3.328260,0 -76.241724,3.327879,0 -76.240873,3.327430,0 -76.240064,3.326998,0 -76.239237,3.326578,0 -76.238793,3.326350,0 -76.238416,3.326142,0 -76.237568,3.325702,0 -76.236734,3.325283,0 -76.235891,3.324843,0 -76.235078,3.324392,0 -76.234355,3.324018,0 -76.233525,3.323596,0 -76.232710,3.323181,0 -76.231890,3.322693,0 -76.231437,3.323567,0 -76.231200,3.324054,0 -76.230985,3.324486,0 -76.230706,3.325052,0 -76.230442,3.325605,0 -76.230235,3.326049,0 -76.230061,3.326029,0 -76.229950,3.326020,0 -76.229906,3.326030,0 -76.229863,3.326050,0 -76.229827,3.326073,0 -76.229775,3.326114,0 -76.229636,3.326221,0 -76.229554,3.326337,0 -76.229501,3.326453,0 -76.229425,3.326653,0 -76.229215,3.327493,0 -76.229118,3.328009,0 -76.229090,3.328164,0 -76.229052,3.328318,0 -76.228959,3.328771,0 -76.228832,3.329369,0 -76.228768,3.329658,0 -76.228761,3.329794,0 -76.228728,3.330056,0 -76.228704,3.330471,0 -76.228699,3.330748,0 -76.228640,3.330953,0 -76.228525,3.331130,0 -76.228236,3.331371,0 -76.227850,3.331736,0 -76.227568,3.331989,0 -76.226762,3.332507,0 -76.226362,3.332794,0 -76.225606,3.333500,0 -76.224796,3.334293,0 -76.224466,3.334616,0 -76.224293,3.334733,0 -76.224268,3.334810,0 -76.224272,3.335040,0 -76.224427,3.336421,0 -76.224473,3.336612,0 -76.225089,3.337352,0 -76.225126,3.337491,0 -76.225127,3.337650,0 -76.225127,3.337650,0 -76.225072,3.337942,0 -76.224993,3.338457,0 -76.224935,3.338667,0 -76.224791,3.339507,0 -76.224742,3.339807,0 -76.224610,3.340628,0 -76.224518,3.340416,0 -76.224449,3.340324,0 -76.224334,3.340229,0 -76.223637,3.339763,0 -76.223525,3.339677,0 -76.223458,3.339601,0 -76.223370,3.339552,0 -76.223271,3.339535,0 -76.223131,3.339446,0 -76.222721,3.339223,0 -76.222367,3.339022,0 -76.221750,3.338712,0 -76.221323,3.338482,0 -76.221200,3.338408,0 -76.221089,3.338365,0 -76.220888,3.338324,0 -76.220640,3.338309,0 -76.219254,3.338525,0 -76.218066,3.338665,0 -76.217916,3.338701,0 -76.217805,3.338763,0 -76.217684,3.338923,0 -76.217600,3.338991,0 -76.217346,3.339009,0 -76.217240,3.339040,0 -76.217132,3.339097,0 -76.217004,3.339190,0 -76.216903,3.339200,0 -76.216500,3.339092,0 -76.216187,3.339017,0 -76.216056,3.339025,0 -76.215388,3.339245,0 -76.214719,3.339394,0 -76.214076,3.339649,0 -76.213929,3.339687,0 -76.213777,3.339684,0 -76.213676,3.339633,0 -76.213435,3.339361,0 -76.213313,3.339334,0 -76.212850,3.339347,0 -76.212507,3.339389,0 -76.212288,3.339436,0 -76.212060,3.339511,0 -76.211847,3.339538,0 -76.211336,3.339547,0 -76.211021,3.339636,0 -76.210880,3.339738,0 -76.210787,3.339869,0 -76.210708,3.340023,0 -76.210662,3.340182,0 -76.210812,3.340739,0 -76.211209,3.341590,0 -76.211362,3.341772,0 -76.211397,3.341858,0 -76.211405,3.341946,0 -76.211040,3.342631,0 -76.210368,3.344154,0 -76.210016,3.344899,0 -76.209904,3.345084,0 -76.209765,3.345271,0 -76.209709,3.345384,0 -76.209697,3.345442,0 -76.209700,3.345498,0 -76.209673,3.345569,0 -76.209498,3.345875,0 -76.209341,3.346185,0 -76.209034,3.346649,0 -76.209010,3.346723,0 -76.209005,3.346977,0 -76.208969,3.347090,0 -76.208839,3.347207,0 -76.208704,3.347363,0 -76.208612,3.347556,0 -76.208498,3.347905,0 -76.208400,3.348678,0 -76.208354,3.348892,0 -76.208305,3.349005,0 -76.208221,3.349116,0 -76.208081,3.349519,0 -76.207915,3.349899,0 -76.207771,3.350155,0 -76.207660,3.350536,0 -76.207632,3.350757,0 -76.207613,3.351204,0 -76.207572,3.351396,0 -76.207470,3.351697,0 -76.207479,3.352170,0 -76.207534,3.352429,0 -76.207653,3.352658,0 -76.207753,3.353055,0 -76.207800,3.353158,0 -76.208035,3.353946,0 -76.208219,3.354107,0 -76.208315,3.354151,0 -76.208376,3.354218,0 -76.208427,3.354325,0 -76.208476,3.354451,0 -76.208489,3.354577,0 -76.208510,3.354657,0 -76.208572,3.354692,0 -76.208634,3.354692,0 -76.208720,3.354654,0 -76.208846,3.354569,0 -76.209487,3.354202,0 -76.209838,3.354012,0 -76.210061,3.353929,0 -76.210291,3.353790,0 -76.210643,3.353541,0 -76.211552,3.353016,0 -76.211984,3.352785,0 -76.212402,3.352526,0 -76.212805,3.352274,0 -76.213631,3.351835,0 -76.214494,3.351334,0 -76.215015,3.351045,0 -76.215988,3.350501,0 -76.216895,3.349985,0 -76.217418,3.349720,0 -76.217684,3.349570,0 -76.217866,3.349476,0 -76.218105,3.349259,0 -76.218368,3.349013,0 -76.218507,3.348817,0 -76.218982,3.348483,0 -76.219655,3.348043,0 -76.219990,3.347778,0 -76.220299,3.347524,0 -76.220465,3.347336,0 -76.220578,3.347152,0 -76.220701,3.346988,0 -76.220811,3.346897,0 -76.221015,3.346809,0 -76.221294,3.346721,0 -76.221629,3.346597,0 -76.221911,3.346413,0 -76.222343,3.346091,0 -76.222860,3.345711,0 -76.223171,3.345484,0 -76.223501,3.345256,0 -76.223692,3.345125,0 -76.224132,3.344790,0 -76.224373,3.344640,0 -76.224435,3.344536,0 -76.224427,3.344378,0 -76.224407,3.344107,0 -76.224714,3.344165,0 -76.225073,3.344252,0 -76.226004,3.344476,0 -76.227048,3.344752,0 -76.228299,3.345032,0 -76.228873,3.345185,0 -76.229320,3.348125,0 -76.229480,3.349179,0 -76.229491,3.349357,0 -76.229488,3.349532,0 -76.226843,3.369737,0 -76.226803,3.369851,0 -76.226507,3.370483,0 -76.226487,3.370577,0 -76.226473,3.371970,0 -76.226379,3.373438,0 -76.226401,3.373641,0 -76.226618,3.374273,0 -76.226774,3.374693,0 -76.226889,3.375060,0 -76.227098,3.375738,0 -76.227205,3.376019,0 -76.227420,3.376490,0 -76.227530,3.376783,0 -76.227596,3.377108,0 -76.227616,3.377203,0 -76.227626,3.378221,0 -76.227626,3.378604,0 -76.227629,3.378707,0 -76.227643,3.379280,0 -76.227678,3.379676,0 -76.227753,3.379900,0 -76.230231,3.378667,0 -76.230349,3.378629,0 -76.230478,3.378629,0 -76.233804,3.380769,0 -76.234909,3.381497,0 -76.235029,3.381551,0 -76.235150,3.381560,0 -76.237725,3.380315,0 -76.241683,3.378327,0 -76.243150,3.381478,0 -76.244213,3.383719,0 -76.244330,3.383882,0 -76.245238,3.382659,0 -76.246204,3.381291,0 -76.246683,3.380740,0 -76.247239,3.380242,0 -76.250519,3.378469,0 -76.251056,3.378109,0 -76.251537,3.377743,0 -76.252306,3.377006,0 -76.253136,3.376127,0 -76.254681,3.374488,0 -76.255037,3.374114,0 -76.255369,3.373663,0 -76.255894,3.372699,0 -76.256522,3.371415,0 -76.259328,3.365584,0 -76.259749,3.364718,0 -76.259910,3.364406,0 -76.260151,3.364034,0 -76.260422,3.363690,0 -76.260980,3.363014,0 -76.261417,3.362492,0 -76.261889,3.361908,0 -76.262812,3.360791,0 -76.262909,3.360836,0 -76.263693,3.361130,0 -76.268903,3.363080,0 -76.271216,3.363945,0 -76.275402,3.365541,0 -76.282052,3.367990,0 -76.283059,3.368436,0 -76.284011,3.368801,0 -76.286818,3.369773,0 -76.287554,3.370098,0 -76.288009,3.370284,0 -76.288137,3.369802,0 -76.288025,3.369638,0 -76.287890,3.369456,0 -76.287810,3.369357,0 -76.287778,3.369269,0 -76.287754,3.369196,0 -76.287754,3.368623,0 -76.287805,3.368498,0 -76.287901,3.368380,0</coordinates></LineString></Placemark><Placemark><name>Ruta día 3</name><styleUrl>#dia3</styleUrl><ExtendedData><Data name="INGENIO"><value>Castilla</value></Data><Data name="DIA"><value>3</value></Data><Data name="PUNTOS"><value>CC-008, CC-004, CC-039</value></Data><Data name="N_PUNTOS"><value>3</value></Data><Data name="KM"><value>30.7</value></Data><Data name="HORAS_TOTALES"><value>6.4</value></Data><Data name="REGRESO"><value>12:53</value></Data><Data name="PEAJES"><value>0</value></Data><Data name="COSTO_COP"><value>503367</value></Data></ExtendedData><LineString><tessellate>1</tessellate><coordinates>-76.287901,3.368380,0 -76.287901,3.368380,0 -76.288065,3.368321,0 -76.288845,3.367668,0 -76.288859,3.366551,0 -76.289351,3.366508,0 -76.289568,3.366499,0 -76.290107,3.366450,0 -76.290313,3.366434,0 -76.290385,3.366430,0 -76.290403,3.366269,0 -76.290666,3.363704,0 -76.290876,3.361761,0 -76.290912,3.361622,0 -76.290977,3.361495,0 -76.291068,3.361385,0 -76.291934,3.360455,0 -76.292576,3.359765,0 -76.292708,3.359558,0 -76.292824,3.359360,0 -76.292923,3.359131,0 -76.293002,3.359044,0 -76.293043,3.358996,0 -76.293610,3.358357,0 -76.293966,3.357956,0 -76.294047,3.357856,0 -76.294746,3.357097,0 -76.295061,3.356754,0 -76.295464,3.356309,0 -76.294712,3.355699,0 -76.294234,3.355316,0 -76.294167,3.355255,0 -76.292512,3.353908,0 -76.292019,3.353501,0 -76.291007,3.352668,0 -76.289352,3.351337,0 -76.288765,3.350861,0 -76.288446,3.350638,0 -76.287917,3.350380,0 -76.286391,3.349768,0 -76.285152,3.349316,0 -76.284652,3.349126,0 -76.284139,3.348973,0 -76.283617,3.348855,0 -76.283088,3.348773,0 -76.280233,3.348407,0 -76.278668,3.348207,0 -76.277906,3.348092,0 -76.277142,3.347891,0 -76.271614,3.345063,0 -76.270852,3.344698,0 -76.269885,3.344236,0 -76.269437,3.344131,0 -76.268975,3.344062,0 -76.268380,3.344118,0 -76.268047,3.344190,0 -76.267754,3.344303,0 -76.267254,3.344565,0 -76.266449,3.345210,0 -76.265210,3.346253,0 -76.264880,3.346376,0 -76.264758,3.346431,0 -76.264629,3.346470,0 -76.264580,3.346462,0 -76.264531,3.346463,0 -76.264482,3.346472,0 -76.264436,3.346489,0 -76.264310,3.346455,0 -76.264193,3.346402,0 -76.263889,3.346237,0 -76.263637,3.346040,0 -76.262736,3.344921,0 -76.262272,3.344425,0 -76.261774,3.344013,0 -76.261327,3.343699,0 -76.258828,3.341936,0 -76.257920,3.341306,0 -76.257612,3.341091,0 -76.256981,3.340640,0 -76.254273,3.338701,0 -76.253972,3.338444,0 -76.253368,3.337611,0 -76.252642,3.336670,0 -76.252089,3.335906,0 -76.251998,3.335776,0 -76.251546,3.335150,0 -76.250916,3.334343,0 -76.250367,3.333645,0 -76.250261,3.333536,0 -76.250102,3.333369,0 -76.250022,3.333292,0 -76.249939,3.333207,0 -76.249888,3.333160,0 -76.249280,3.332567,0 -76.248596,3.331920,0 -76.248101,3.331462,0 -76.247912,3.331238,0 -76.247827,3.331138,0 -76.247811,3.331099,0 -76.247785,3.331067,0 -76.247750,3.331044,0 -76.247710,3.331032,0 -76.247675,3.331032,0 -76.247641,3.331040,0 -76.247611,3.331057,0 -76.247585,3.331080,0 -76.247570,3.331103,0 -76.247339,3.331025,0 -76.246797,3.330700,0 -76.246433,3.330497,0 -76.246319,3.330434,0 -76.245957,3.330233,0 -76.245807,3.330149,0 -76.245532,3.330008,0 -76.245505,3.329994,0 -76.245209,3.329823,0 -76.245132,3.329779,0 -76.244463,3.329398,0 -76.243979,3.329143,0 -76.243494,3.328887,0 -76.243227,3.328728,0 -76.243200,3.328713,0 -76.242434,3.328260,0 -76.241724,3.327879,0 -76.240873,3.327430,0 -76.240064,3.326998,0 -76.239237,3.326578,0 -76.238793,3.326350,0 -76.238416,3.326142,0 -76.237568,3.325702,0 -76.236734,3.325283,0 -76.235891,3.324843,0 -76.235078,3.324392,0 -76.234355,3.324018,0 -76.233525,3.323596,0 -76.232710,3.323181,0 -76.231890,3.322693,0 -76.231437,3.323567,0 -76.231200,3.324054,0 -76.230985,3.324486,0 -76.230706,3.325052,0 -76.230442,3.325605,0 -76.230235,3.326049,0 -76.230061,3.326029,0 -76.229950,3.326020,0 -76.229906,3.326030,0 -76.229863,3.326050,0 -76.229827,3.326073,0 -76.229775,3.326114,0 -76.229636,3.326221,0 -76.229554,3.326337,0 -76.229501,3.326453,0 -76.229425,3.326653,0 -76.229215,3.327493,0 -76.229118,3.328009,0 -76.229090,3.328164,0 -76.229052,3.328318,0 -76.228959,3.328771,0 -76.228832,3.329369,0 -76.228768,3.329658,0 -76.228761,3.329794,0 -76.228728,3.330056,0 -76.228704,3.330471,0 -76.228699,3.330748,0 -76.228640,3.330953,0 -76.228525,3.331130,0 -76.228236,3.331371,0 -76.227850,3.331736,0 -76.227568,3.331989,0 -76.226762,3.332507,0 -76.226362,3.332794,0 -76.225606,3.333500,0 -76.224796,3.334293,0 -76.224466,3.334616,0 -76.224293,3.334733,0 -76.224268,3.334810,0 -76.224272,3.335040,0 -76.224427,3.336421,0 -76.224473,3.336612,0 -76.225089,3.337352,0 -76.225126,3.337491,0 -76.225127,3.337650,0 -76.225072,3.337942,0 -76.224993,3.338457,0 -76.224935,3.338667,0 -76.224791,3.339507,0 -76.224742,3.339807,0 -76.224610,3.340628,0 -76.224529,3.341447,0 -76.224345,3.343440,0 -76.224338,3.343640,0 -76.224407,3.344107,0 -76.224714,3.344165,0 -76.226004,3.344476,0 -76.227048,3.344752,0 -76.228299,3.345032,0 -76.228873,3.345185,0 -76.230625,3.345644,0 -76.235368,3.346826,0 -76.235575,3.346861,0 -76.235755,3.346848,0 -76.235990,3.346782,0 -76.237755,3.346317,0 -76.238756,3.346074,0 -76.239372,3.345906,0 -76.240012,3.345731,0 -76.240291,3.345680,0 -76.240567,3.345649,0 -76.241081,3.345608,0 -76.241159,3.345604,0 -76.241263,3.345593,0 -76.243097,3.345458,0 -76.243182,3.345452,0 -76.244148,3.345381,0 -76.244509,3.345355,0 -76.244951,3.345289,0 -76.245175,3.345183,0 -76.245771,3.344852,0 -76.245967,3.344756,0 -76.246338,3.344654,0 -76.246629,3.344700,0 -76.246979,3.344895,0 -76.247487,3.345067,0 -76.248786,3.345889,0 -76.248834,3.345933,0 -76.248921,3.346089,0 -76.248982,3.346346,0 -76.249174,3.346955,0 -76.249284,3.347197,0 -76.249432,3.347351,0 -76.251074,3.347979,0 -76.256766,3.350017,0 -76.256857,3.350044,0 -76.256978,3.350044,0 -76.257136,3.350011,0 -76.257246,3.349971,0 -76.257469,3.349797,0 -76.257600,3.349733,0 -76.257697,3.349682,0 -76.257769,3.349679,0 -76.257844,3.349682,0 -76.257926,3.349728,0 -76.258044,3.349871,0 -76.260604,3.353990,0 -76.261111,3.354858,0 -76.261274,3.355014,0 -76.261408,3.355086,0 -76.261436,3.355150,0 -76.261444,3.355241,0 -76.261468,3.355932,0 -76.261720,3.359271,0 -76.261846,3.360229,0 -76.261889,3.360363,0 -76.261925,3.360456,0 -76.262066,3.360533,0 -76.262812,3.360791,0 -76.264370,3.358861,0 -76.265923,3.356938,0 -76.266600,3.356079,0 -76.266830,3.355728,0 -76.266972,3.355415,0 -76.267093,3.354909,0 -76.267121,3.354714,0 -76.267173,3.354368,0 -76.267311,3.353432,0 -76.267335,3.353222,0 -76.267449,3.352432,0 -76.267502,3.351641,0 -76.267409,3.351041,0 -76.267303,3.350738,0 -76.267117,3.350325,0 -76.266980,3.350125,0 -76.266567,3.349610,0 -76.265061,3.347799,0 -76.264950,3.347550,0 -76.264877,3.347323,0 -76.264833,3.347090,0 -76.264829,3.346827,0 -76.264839,3.346777,0 -76.264960,3.346566,0 -76.265122,3.346355,0 -76.265210,3.346253,0 -76.266449,3.345210,0 -76.267254,3.344565,0 -76.267754,3.344303,0 -76.268047,3.344190,0 -76.268380,3.344118,0 -76.268975,3.344062,0 -76.269437,3.344131,0 -76.269885,3.344236,0 -76.270852,3.344698,0 -76.271614,3.345063,0 -76.277142,3.347891,0 -76.277906,3.348092,0 -76.278668,3.348207,0 -76.280233,3.348407,0 -76.283088,3.348773,0 -76.283617,3.348855,0 -76.284139,3.348973,0 -76.284652,3.349126,0 -76.285152,3.349316,0 -76.286391,3.349768,0 -76.287917,3.350380,0 -76.288446,3.350638,0 -76.288765,3.350861,0 -76.289352,3.351337,0 -76.291007,3.352668,0 -76.292019,3.353501,0 -76.292512,3.353908,0 -76.294167,3.355255,0 -76.294234,3.355316,0 -76.294712,3.355699,0 -76.295464,3.356309,0 -76.295823,3.356528,0 -76.296130,3.356674,0 -76.296443,3.356805,0 -76.296909,3.356955,0 -76.297194,3.357047,0 -76.298997,3.357603,0 -76.299763,3.357837,0 -76.301062,3.358242,0 -76.302541,3.358695,0 -76.302752,3.358782,0 -76.302889,3.358854,0 -76.303261,3.359050,0 -76.303509,3.359273,0 -76.303864,3.359602,0 -76.304108,3.359860,0 -76.304196,3.359953,0 -76.304502,3.360267,0 -76.304959,3.360740,0 -76.306812,3.362660,0 -76.307356,3.363232,0 -76.308181,3.364074,0 -76.308612,3.364536,0 -76.308786,3.364710,0 -76.309864,3.365792,0 -76.309918,3.365846,0 -76.310083,3.366012,0 -76.310925,3.366923,0 -76.311419,3.367423,0 -76.311718,3.367736,0 -76.311236,3.368366,0 -76.310669,3.369115,0 -76.310669,3.369115,0 -76.311236,3.368366,0 -76.311718,3.367736,0 -76.311419,3.367423,0 -76.310925,3.366923,0 -76.310083,3.366012,0 -76.309918,3.365846,0 -76.309864,3.365792,0 -76.308786,3.364710,0 -76.308612,3.364536,0 -76.308181,3.364074,0 -76.307356,3.363232,0 -76.306812,3.362660,0 -76.304959,3.360740,0 -76.304502,3.360267,0 -76.304196,3.359953,0 -76.304108,3.359860,0 -76.303864,3.359602,0 -76.303509,3.359273,0 -76.303261,3.359050,0 -76.302889,3.358854,0 -76.302752,3.358782,0 -76.302541,3.358695,0 -76.301062,3.358242,0 -76.299763,3.357837,0 -76.298997,3.357603,0 -76.297194,3.357047,0 -76.296909,3.356955,0 -76.296443,3.356805,0 -76.296130,3.356674,0 -76.295823,3.356528,0 -76.295464,3.356309,0 -76.295061,3.356754,0 -76.294746,3.357097,0 -76.294047,3.357856,0 -76.293966,3.357956,0 -76.293610,3.358357,0 -76.293043,3.358996,0 -76.293002,3.359044,0 -76.292923,3.359131,0 -76.292824,3.359360,0 -76.292708,3.359558,0 -76.292576,3.359765,0 -76.291934,3.360455,0 -76.291068,3.361385,0 -76.290977,3.361495,0 -76.290912,3.361622,0 -76.290876,3.361761,0 -76.290666,3.363704,0 -76.290403,3.366269,0 -76.290312,3.366275,0 -76.290110,3.366293,0 -76.289335,3.366370,0 -76.288847,3.366437,0 -76.288859,3.366551,0 -76.288845,3.367668,0 -76.288065,3.368321,0 -76.287901,3.368380,0 -76.287901,3.368380,0</coordinates></LineString></Placemark><Placemark><name>Ruta día 4</name><styleUrl>#dia4</styleUrl><ExtendedData><Data name="INGENIO"><value>Castilla</value></Data><Data name="DIA"><value>4</value></Data><Data name="PUNTOS"><value>CC-016, CC-003, CC-021</value></Data><Data name="N_PUNTOS"><value>3</value></Data><Data name="KM"><value>23.6</value></Data><Data name="HORAS_TOTALES"><value>6.4</value></Data><Data name="REGRESO"><value>12:54</value></Data><Data name="PEAJES"><value>0</value></Data><Data name="COSTO_COP"><value>501081</value></Data></ExtendedData><LineString><tessellate>1</tessellate><coordinates>-76.287901,3.368380,0 -76.287805,3.368498,0 -76.287754,3.368623,0 -76.287754,3.369196,0 -76.287778,3.369269,0 -76.287810,3.369357,0 -76.287890,3.369456,0 -76.288025,3.369638,0 -76.288137,3.369802,0 -76.288009,3.370284,0 -76.287554,3.370098,0 -76.286818,3.369773,0 -76.284011,3.368801,0 -76.283059,3.368436,0 -76.282052,3.367990,0 -76.275402,3.365541,0 -76.271216,3.363945,0 -76.268903,3.363080,0 -76.263693,3.361130,0 -76.262909,3.360836,0 -76.262812,3.360791,0 -76.261889,3.361908,0 -76.261417,3.362492,0 -76.260980,3.363014,0 -76.260422,3.363690,0 -76.260151,3.364034,0 -76.259910,3.364406,0 -76.259749,3.364718,0 -76.259328,3.365584,0 -76.256522,3.371415,0 -76.255894,3.372699,0 -76.255369,3.373663,0 -76.255037,3.374114,0 -76.254681,3.374488,0 -76.253136,3.376127,0 -76.252306,3.377006,0 -76.251537,3.377743,0 -76.251056,3.378109,0 -76.250519,3.378469,0 -76.247239,3.380242,0 -76.246683,3.380740,0 -76.246204,3.381291,0 -76.245238,3.382659,0 -76.244330,3.383882,0 -76.244213,3.383719,0 -76.243150,3.381478,0 -76.241683,3.378327,0 -76.237725,3.380315,0 -76.235150,3.381560,0 -76.235029,3.381551,0 -76.234909,3.381497,0 -76.233804,3.380769,0 -76.230478,3.378629,0 -76.230349,3.378629,0 -76.230231,3.378667,0 -76.227753,3.379900,0 -76.227678,3.379676,0 -76.227643,3.379280,0 -76.227629,3.378707,0 -76.227626,3.378604,0 -76.227626,3.378221,0 -76.227616,3.377203,0 -76.227596,3.377108,0 -76.227530,3.376783,0 -76.227420,3.376490,0 -76.227205,3.376019,0 -76.227098,3.375738,0 -76.226889,3.375060,0 -76.226774,3.374693,0 -76.225897,3.374691,0 -76.225725,3.374835,0 -76.225564,3.375183,0 -76.225490,3.375256,0 -76.225387,3.375275,0 -76.224877,3.375264,0 -76.224476,3.375179,0 -76.224121,3.375103,0 -76.222808,3.374484,0 -76.222565,3.374980,0 -76.222404,3.375382,0 -76.222281,3.375414,0 -76.222152,3.375483,0 -76.221948,3.375585,0 -76.221782,3.375692,0 -76.221519,3.375762,0 -76.221246,3.375837,0 -76.221069,3.375901,0 -76.220956,3.375960,0 -76.220774,3.376137,0 -76.220591,3.376319,0 -76.220462,3.376554,0 -76.220275,3.376715,0 -76.220082,3.376854,0 -76.219674,3.376961,0 -76.219497,3.376956,0 -76.219266,3.376993,0 -76.219052,3.377047,0 -76.218799,3.377229,0 -76.218542,3.377518,0 -76.218215,3.377850,0 -76.217979,3.378198,0 -76.217802,3.378488,0 -76.217670,3.378764,0 -76.217651,3.378804,0 -76.217539,3.379091,0 -76.217469,3.379093,0 -76.217378,3.379205,0 -76.217244,3.379232,0 -76.217147,3.379275,0 -76.217072,3.379350,0 -76.216938,3.379478,0 -76.216734,3.379617,0 -76.216461,3.379762,0 -76.216155,3.379880,0 -76.215892,3.379950,0 -76.215726,3.379966,0 -76.215511,3.379960,0 -76.215109,3.380057,0 -76.214894,3.380062,0 -76.214401,3.380137,0 -76.214218,3.380212,0 -76.214089,3.380228,0 -76.213204,3.380897,0 -76.213145,3.380988,0 -76.213113,3.381208,0 -76.212963,3.381444,0 -76.212700,3.381668,0 -76.212496,3.381909,0 -76.212496,3.381909,0 -76.212459,3.382225,0 -76.212400,3.382429,0 -76.212362,3.382766,0 -76.212330,3.382975,0 -76.212180,3.383157,0 -76.211992,3.383329,0 -76.211938,3.383393,0 -76.212067,3.383414,0 -76.212008,3.383612,0 -76.211773,3.383669,0 -76.211573,3.383716,0 -76.211407,3.383800,0 -76.211305,3.383907,0 -76.211219,3.383982,0 -76.211155,3.384035,0 -76.211048,3.384110,0 -76.210860,3.384164,0 -76.210678,3.384164,0 -76.211777,3.384865,0 -76.214935,3.386471,0 -76.215221,3.386617,0 -76.216766,3.387270,0 -76.216911,3.387318,0 -76.217083,3.387313,0 -76.217238,3.387211,0 -76.217539,3.387050,0 -76.217694,3.386911,0 -76.217775,3.386740,0 -76.217898,3.386461,0 -76.218000,3.386156,0 -76.218027,3.385931,0 -76.218035,3.384940,0 -76.218038,3.384608,0 -76.218022,3.384357,0 -76.218016,3.384196,0 -76.218032,3.383875,0 -76.218161,3.383537,0 -76.218215,3.383329,0 -76.218284,3.383109,0 -76.218327,3.382895,0 -76.218397,3.382777,0 -76.218542,3.382723,0 -76.218676,3.382659,0 -76.218939,3.382574,0 -76.219100,3.382429,0 -76.219196,3.382220,0 -76.219255,3.381727,0 -76.220113,3.381415,0 -76.221689,3.380840,0 -76.222785,3.380440,0 -76.223896,3.380035,0 -76.224845,3.379671,0 -76.225838,3.379328,0 -76.226787,3.378980,0 -76.227629,3.378707,0 -76.227643,3.379280,0 -76.227678,3.379676,0 -76.227753,3.379900,0 -76.230231,3.378667,0 -76.230349,3.378629,0 -76.230478,3.378629,0 -76.233804,3.380769,0 -76.234909,3.381497,0 -76.235029,3.381551,0 -76.235150,3.381560,0 -76.237725,3.380315,0 -76.241683,3.378327,0 -76.243150,3.381478,0 -76.244213,3.383719,0 -76.244330,3.383882,0 -76.245238,3.382659,0 -76.246204,3.381291,0 -76.246683,3.380740,0 -76.247239,3.380242,0 -76.250519,3.378469,0 -76.251056,3.378109,0 -76.251537,3.377743,0 -76.252306,3.377006,0 -76.253136,3.376127,0 -76.254681,3.374488,0 -76.255037,3.374114,0 -76.255369,3.373663,0 -76.255894,3.372699,0 -76.256522,3.371415,0 -76.259328,3.365584,0 -76.259749,3.364718,0 -76.259910,3.364406,0 -76.260151,3.364034,0 -76.260422,3.363690,0 -76.260980,3.363014,0 -76.261417,3.362492,0 -76.261889,3.361908,0 -76.262812,3.360791,0 -76.262909,3.360836,0 -76.263693,3.361130,0 -76.268903,3.363080,0 -76.271216,3.363945,0 -76.275402,3.365541,0 -76.282052,3.367990,0 -76.283059,3.368436,0 -76.284011,3.368801,0 -76.286818,3.369773,0 -76.287554,3.370098,0 -76.288009,3.370284,0 -76.288137,3.369802,0 -76.288025,3.369638,0 -76.287890,3.369456,0 -76.287810,3.369357,0 -76.287778,3.369269,0 -76.287754,3.369196,0 -76.287754,3.368623,0 -76.287805,3.368498,0 -76.287901,3.368380,0</coordinates></LineString></Placemark><Placemark><name>Ruta día 5</name><styleUrl>#dia5</styleUrl><ExtendedData><Data name="INGENIO"><value>Castilla</value></Data><Data name="DIA"><value>5</value></Data><Data name="PUNTOS"><value>CC-014, CC-035, CC-007</value></Data><Data name="N_PUNTOS"><value>3</value></Data><Data name="KM"><value>28.1</value></Data><Data name="HORAS_TOTALES"><value>6.63</value></Data><Data name="REGRESO"><value>13:07</value></Data><Data name="PEAJES"><value>0</value></Data><Data name="COSTO_COP"><value>502523</value></Data></ExtendedData><LineString><tessellate>1</tessellate><coordinates>-76.287901,3.368380,0 -76.287805,3.368498,0 -76.287754,3.368623,0 -76.287754,3.369196,0 -76.287778,3.369269,0 -76.287810,3.369357,0 -76.287890,3.369456,0 -76.288025,3.369638,0 -76.288137,3.369802,0 -76.288009,3.370284,0 -76.287554,3.370098,0 -76.286818,3.369773,0 -76.284011,3.368801,0 -76.283059,3.368436,0 -76.282052,3.367990,0 -76.275402,3.365541,0 -76.271216,3.363945,0 -76.268903,3.363080,0 -76.263693,3.361130,0 -76.262909,3.360836,0 -76.262812,3.360791,0 -76.261889,3.361908,0 -76.261417,3.362492,0 -76.260980,3.363014,0 -76.260422,3.363690,0 -76.260151,3.364034,0 -76.259910,3.364406,0 -76.259749,3.364718,0 -76.259328,3.365584,0 -76.256522,3.371415,0 -76.255894,3.372699,0 -76.255369,3.373663,0 -76.255037,3.374114,0 -76.254681,3.374488,0 -76.253136,3.376127,0 -76.252306,3.377006,0 -76.251537,3.377743,0 -76.251056,3.378109,0 -76.250519,3.378469,0 -76.247239,3.380242,0 -76.246683,3.380740,0 -76.246204,3.381291,0 -76.245238,3.382659,0 -76.244330,3.383882,0 -76.243736,3.384790,0 -76.242722,3.386568,0 -76.241944,3.387971,0 -76.241258,3.389171,0 -76.240410,3.391171,0 -76.239581,3.393286,0 -76.239090,3.394612,0 -76.238866,3.395321,0 -76.238838,3.395408,0 -76.238723,3.396790,0 -76.238632,3.398082,0 -76.238460,3.401123,0 -76.238399,3.402205,0 -76.238272,3.404468,0 -76.238227,3.405277,0 -76.238221,3.405381,0 -76.238110,3.407064,0 -76.237978,3.409293,0 -76.237859,3.411287,0 -76.237794,3.412167,0 -76.237793,3.412198,0 -76.237780,3.412414,0 -76.237751,3.412498,0 -76.237700,3.412597,0 -76.237633,3.412685,0 -76.237569,3.412743,0 -76.236882,3.413230,0 -76.236536,3.413475,0 -76.236342,3.413643,0 -76.236160,3.413799,0 -76.235963,3.413967,0 -76.235781,3.414122,0 -76.235723,3.414172,0 -76.235756,3.414589,0 -76.235876,3.414724,0 -76.235884,3.414902,0 -76.235845,3.415268,0 -76.235748,3.415433,0 -76.235455,3.415371,0 -76.235113,3.415343,0 -76.234749,3.415323,0 -76.234372,3.415320,0 -76.233990,3.415317,0 -76.233803,3.415315,0 -76.233605,3.415314,0 -76.233394,3.415312,0 -76.232964,3.415308,0 -76.232506,3.415304,0 -76.232445,3.415286,0 -76.232380,3.415274,0 -76.231701,3.415022,0 -76.230885,3.414729,0 -76.229719,3.414307,0 -76.229120,3.414097,0 -76.228867,3.414013,0 -76.228657,3.413950,0 -76.228623,3.413935,0 -76.228592,3.411829,0 -76.228527,3.410166,0 -76.228491,3.408957,0 -76.228465,3.408106,0 -76.228742,3.406103,0 -76.228876,3.405121,0 -76.228952,3.404671,0 -76.229169,3.404213,0 -76.229194,3.404163,0 -76.229273,3.404042,0 -76.229290,3.404000,0 -76.229294,3.403956,0 -76.229283,3.403913,0 -76.229253,3.403881,0 -76.229210,3.403859,0 -76.229150,3.403861,0 -76.228654,3.403948,0 -76.228034,3.403948,0 -76.227525,3.403935,0 -76.227167,3.403941,0 -76.227091,3.403951,0 -76.227026,3.403972,0 -76.226939,3.404008,0 -76.226830,3.404023,0 -76.226315,3.404031,0 -76.225980,3.404075,0 -76.225665,3.404149,0 -76.225980,3.404075,0 -76.226315,3.404031,0 -76.226830,3.404023,0 -76.226939,3.404008,0 -76.227026,3.403972,0 -76.227091,3.403951,0 -76.227167,3.403941,0 -76.227525,3.403935,0 -76.228034,3.403948,0 -76.228654,3.403948,0 -76.229150,3.403861,0 -76.229210,3.403859,0 -76.229210,3.403859,0 -76.229253,3.403881,0 -76.229283,3.403913,0 -76.229294,3.403956,0 -76.229290,3.404000,0 -76.229273,3.404042,0 -76.229194,3.404163,0 -76.229169,3.404213,0 -76.228952,3.404671,0 -76.228876,3.405121,0 -76.228742,3.406103,0 -76.228465,3.408106,0 -76.224682,3.407449,0 -76.221291,3.405661,0 -76.221224,3.405581,0 -76.220827,3.404529,0 -76.220425,3.403239,0 -76.219905,3.401856,0 -76.219836,3.401660,0 -76.219725,3.401319,0 -76.219634,3.401127,0 -76.219530,3.400968,0 -76.219440,3.400902,0 -76.219286,3.400807,0 -76.219198,3.400751,0 -76.219132,3.400694,0 -76.219097,3.400616,0 -76.219092,3.400395,0 -76.219127,3.399913,0 -76.219162,3.399051,0 -76.219192,3.398313,0 -76.219207,3.397932,0 -76.219296,3.396550,0 -76.219357,3.395752,0 -76.219408,3.395075,0 -76.219462,3.394167,0 -76.219473,3.393827,0 -76.219459,3.393672,0 -76.219459,3.393672,0 -76.219414,3.393557,0 -76.219129,3.392804,0 -76.218829,3.392020,0 -76.218448,3.390962,0 -76.218035,3.389891,0 -76.218008,3.389808,0 -76.217944,3.389591,0 -76.217781,3.389012,0 -76.217745,3.388887,0 -76.217635,3.388614,0 -76.217472,3.388322,0 -76.217303,3.387955,0 -76.217190,3.387843,0 -76.217087,3.387770,0 -76.217241,3.387791,0 -76.217326,3.387756,0 -76.217660,3.387425,0 -76.217997,3.387291,0 -76.218257,3.387217,0 -76.218440,3.387037,0 -76.218485,3.386804,0 -76.218460,3.386585,0 -76.218359,3.386317,0 -76.218356,3.386246,0 -76.218510,3.385939,0 -76.218743,3.385688,0 -76.219176,3.385441,0 -76.219515,3.385357,0 -76.219836,3.385223,0 -76.220100,3.385171,0 -76.220418,3.385155,0 -76.220834,3.385110,0 -76.221088,3.385154,0 -76.222308,3.385551,0 -76.224944,3.386317,0 -76.225857,3.386569,0 -76.226542,3.386752,0 -76.226778,3.386801,0 -76.226994,3.386785,0 -76.227690,3.386716,0 -76.228052,3.386700,0 -76.228233,3.386735,0 -76.228497,3.386871,0 -76.228608,3.386869,0 -76.228795,3.386804,0 -76.229282,3.386580,0 -76.230078,3.390242,0 -76.230204,3.390499,0 -76.234459,3.394551,0 -76.234510,3.394621,0 -76.235520,3.396185,0 -76.235767,3.396394,0 -76.236704,3.396933,0 -76.237599,3.397495,0 -76.238055,3.397801,0 -76.238632,3.398082,0 -76.238723,3.396790,0 -76.238838,3.395408,0 -76.238866,3.395321,0 -76.239090,3.394612,0 -76.239581,3.393286,0 -76.240410,3.391171,0 -76.241258,3.389171,0 -76.241944,3.387971,0 -76.242722,3.386568,0 -76.243736,3.384790,0 -76.244330,3.383882,0 -76.245238,3.382659,0 -76.246204,3.381291,0 -76.246683,3.380740,0 -76.247239,3.380242,0 -76.250519,3.378469,0 -76.251056,3.378109,0 -76.251537,3.377743,0 -76.252306,3.377006,0 -76.253136,3.376127,0 -76.254681,3.374488,0 -76.255037,3.374114,0 -76.255369,3.373663,0 -76.255894,3.372699,0 -76.256522,3.371415,0 -76.259328,3.365584,0 -76.259749,3.364718,0 -76.259910,3.364406,0 -76.260151,3.364034,0 -76.260422,3.363690,0 -76.260980,3.363014,0 -76.261417,3.362492,0 -76.261889,3.361908,0 -76.262812,3.360791,0 -76.262909,3.360836,0 -76.263693,3.361130,0 -76.268903,3.363080,0 -76.271216,3.363945,0 -76.275402,3.365541,0 -76.282052,3.367990,0 -76.283059,3.368436,0 -76.284011,3.368801,0 -76.286818,3.369773,0 -76.287554,3.370098,0 -76.288009,3.370284,0 -76.288137,3.369802,0 -76.288025,3.369638,0 -76.287890,3.369456,0 -76.287810,3.369357,0 -76.287778,3.369269,0 -76.287754,3.369196,0 -76.287754,3.368623,0 -76.287805,3.368498,0 -76.287901,3.368380,0</coordinates></LineString></Placemark><Placemark><name>Ruta día 6</name><styleUrl>#dia6</styleUrl><ExtendedData><Data name="INGENIO"><value>Castilla</value></Data><Data name="DIA"><value>6</value></Data><Data name="PUNTOS"><value>CC-017, CC-019, CC-040</value></Data><Data name="N_PUNTOS"><value>3</value></Data><Data name="KM"><value>47.5</value></Data><Data name="HORAS_TOTALES"><value>6.72</value></Data><Data name="REGRESO"><value>13:13</value></Data><Data name="PEAJES"><value>0</value></Data><Data name="COSTO_COP"><value>508826</value></Data></ExtendedData><LineString><tessellate>1</tessellate><coordinates>-76.287901,3.368380,0 -76.287901,3.368380,0 -76.288065,3.368321,0 -76.288845,3.367668,0 -76.288859,3.366551,0 -76.289351,3.366508,0 -76.289568,3.366499,0 -76.290107,3.366450,0 -76.290313,3.366434,0 -76.290385,3.366430,0 -76.290403,3.366269,0 -76.290666,3.363704,0 -76.290876,3.361761,0 -76.290912,3.361622,0 -76.290977,3.361495,0 -76.291068,3.361385,0 -76.291934,3.360455,0 -76.292576,3.359765,0 -76.292708,3.359558,0 -76.292824,3.359360,0 -76.292923,3.359131,0 -76.293002,3.359044,0 -76.293043,3.358996,0 -76.293610,3.358357,0 -76.293966,3.357956,0 -76.294047,3.357856,0 -76.294746,3.357097,0 -76.295061,3.356754,0 -76.295196,3.356663,0 -76.295343,3.356594,0 -76.295499,3.356548,0 -76.295661,3.356526,0 -76.295823,3.356528,0 -76.296130,3.356674,0 -76.296443,3.356805,0 -76.296909,3.356955,0 -76.297194,3.357047,0 -76.298997,3.357603,0 -76.299763,3.357837,0 -76.301062,3.358242,0 -76.302541,3.358695,0 -76.302752,3.358782,0 -76.302889,3.358854,0 -76.303261,3.359050,0 -76.303509,3.359273,0 -76.303864,3.359602,0 -76.304108,3.359860,0 -76.304196,3.359953,0 -76.304502,3.360267,0 -76.304959,3.360740,0 -76.306812,3.362660,0 -76.307356,3.363232,0 -76.308181,3.364074,0 -76.308612,3.364536,0 -76.308786,3.364710,0 -76.309864,3.365792,0 -76.309918,3.365846,0 -76.310083,3.366012,0 -76.310925,3.366923,0 -76.311419,3.367423,0 -76.311718,3.367736,0 -76.311795,3.367816,0 -76.312170,3.368210,0 -76.312481,3.368541,0 -76.312878,3.368945,0 -76.313114,3.369178,0 -76.313379,3.369440,0 -76.314104,3.370203,0 -76.315010,3.371132,0 -76.315458,3.371593,0 -76.315705,3.371796,0 -76.315979,3.371993,0 -76.316298,3.372199,0 -76.317749,3.373004,0 -76.318544,3.373429,0 -76.318631,3.373476,0 -76.319083,3.373723,0 -76.320155,3.374329,0 -76.321129,3.374861,0 -76.321449,3.375013,0 -76.321667,3.375117,0 -76.322065,3.375289,0 -76.322238,3.375345,0 -76.322612,3.375465,0 -76.323851,3.375809,0 -76.324662,3.376071,0 -76.324900,3.376139,0 -76.325133,3.376240,0 -76.325350,3.376346,0 -76.325836,3.376662,0 -76.325999,3.376774,0 -76.326672,3.377241,0 -76.327320,3.377687,0 -76.327421,3.377754,0 -76.327567,3.377861,0 -76.327692,3.377947,0 -76.328147,3.378256,0 -76.328338,3.378387,0 -76.328746,3.378655,0 -76.329435,3.379125,0 -76.329642,3.379287,0 -76.329816,3.379441,0 -76.329950,3.379604,0 -76.330154,3.379869,0 -76.330497,3.380399,0 -76.330898,3.380948,0 -76.330924,3.380983,0 -76.331444,3.381789,0 -76.331611,3.382022,0 -76.332047,3.382630,0 -76.332333,3.383030,0 -76.332721,3.383538,0 -76.333351,3.384389,0 -76.334000,3.385265,0 -76.334435,3.385856,0 -76.334867,3.386440,0 -76.335239,3.386890,0 -76.335551,3.387235,0 -76.335870,3.387538,0 -76.336361,3.387958,0 -76.336814,3.388336,0 -76.337705,3.389081,0 -76.338300,3.389561,0 -76.338658,3.389856,0 -76.338879,3.390016,0 -76.339109,3.390163,0 -76.339422,3.390330,0 -76.339795,3.390504,0 -76.340179,3.390649,0 -76.340544,3.390769,0 -76.340762,3.390843,0 -76.341500,3.391085,0 -76.342423,3.391379,0 -76.343750,3.391808,0 -76.344638,3.392090,0 -76.345733,3.392448,0 -76.346393,3.392661,0 -76.347022,3.392886,0 -76.347195,3.392960,0 -76.347263,3.392989,0 -76.347759,3.393218,0 -76.348165,3.393419,0 -76.348777,3.393712,0 -76.349820,3.394213,0 -76.351322,3.394930,0 -76.351714,3.395108,0 -76.351934,3.395191,0 -76.352061,3.395237,0 -76.352346,3.395317,0 -76.352722,3.395442,0 -76.352988,3.395506,0 -76.353554,3.395610,0 -76.353713,3.395641,0 -76.354155,3.395719,0 -76.354897,3.395874,0 -76.355377,3.395951,0 -76.355507,3.396013,0 -76.356171,3.396210,0 -76.356823,3.396359,0 -76.357412,3.396478,0 -76.357923,3.396584,0 -76.358215,3.396638,0 -76.358575,3.396648,0 -76.359357,3.396550,0 -76.359519,3.396528,0 -76.359767,3.396495,0 -76.360378,3.396422,0 -76.361215,3.396352,0 -76.361336,3.396348,0 -76.362535,3.396219,0 -76.363538,3.396088,0 -76.364136,3.395984,0 -76.364627,3.395851,0 -76.365011,3.395687,0 -76.365441,3.395452,0 -76.366460,3.394826,0 -76.367158,3.394404,0 -76.367356,3.394292,0 -76.368040,3.393910,0 -76.368807,3.393672,0 -76.369365,3.393604,0 -76.369864,3.393578,0 -76.370323,3.393645,0 -76.371341,3.393915,0 -76.375698,3.395321,0 -76.376041,3.395431,0 -76.376213,3.395492,0 -76.376375,3.395574,0 -76.376526,3.395676,0 -76.376613,3.395724,0 -76.376664,3.395795,0 -76.376745,3.395859,0 -76.376833,3.395914,0 -76.376926,3.395959,0 -76.377024,3.395995,0 -76.377124,3.396021,0 -76.377246,3.396048,0 -76.377331,3.396041,0 -76.377517,3.396028,0 -76.377703,3.396021,0 -76.377895,3.396007,0 -76.378076,3.396032,0 -76.380440,3.396780,0 -76.382055,3.397285,0 -76.382896,3.397662,0 -76.383681,3.398014,0 -76.384509,3.398426,0 -76.385178,3.398734,0 -76.385745,3.399011,0 -76.386962,3.399588,0 -76.387471,3.399829,0 -76.388815,3.400516,0 -76.390120,3.401241,0 -76.391945,3.402119,0 -76.391989,3.402140,0 -76.393306,3.402770,0 -76.394295,3.403122,0 -76.394865,3.403316,0 -76.395157,3.403418,0 -76.396029,3.403726,0 -76.398467,3.404583,0 -76.398593,3.404628,0 -76.398692,3.404676,0 -76.398768,3.404719,0 -76.398832,3.404756,0 -76.398882,3.404816,0 -76.398952,3.404903,0 -76.399032,3.404981,0 -76.399120,3.405049,0 -76.399216,3.405107,0 -76.399318,3.405153,0 -76.399424,3.405187,0 -76.399534,3.405208,0 -76.399645,3.405216,0 -76.399757,3.405212,0 -76.399928,3.405179,0 -76.400090,3.405196,0 -76.400245,3.405211,0 -76.400369,3.405241,0 -76.400532,3.405300,0 -76.401106,3.405502,0 -76.401302,3.405573,0 -76.405728,3.407099,0 -76.409080,3.408290,0 -76.410277,3.408725,0 -76.410781,3.408867,0 -76.411182,3.408949,0 -76.411395,3.409000,0 -76.411570,3.409057,0 -76.411707,3.409113,0 -76.411806,3.409161,0 -76.411886,3.409215,0 -76.411967,3.409276,0 -76.412083,3.409367,0 -76.412205,3.409464,0 -76.412263,3.409519,0 -76.412307,3.409580,0 -76.412352,3.409646,0 -76.412426,3.409804,0 -76.412453,3.409866,0 -76.412486,3.409925,0 -76.412525,3.409981,0 -76.412568,3.410033,0 -76.412616,3.410081,0 -76.412674,3.410128,0 -76.412736,3.410170,0 -76.412802,3.410205,0 -76.412872,3.410234,0 -76.412944,3.410255,0 -76.413017,3.410269,0 -76.413092,3.410275,0 -76.413167,3.410274,0 -76.413240,3.410275,0 -76.413395,3.410275,0 -76.414400,3.410188,0 -76.414487,3.410183,0 -76.414763,3.410168,0 -76.414952,3.410129,0 -76.415219,3.410220,0 -76.418229,3.411270,0 -76.418389,3.411321,0 -76.418544,3.411373,0 -76.418872,3.411482,0 -76.419078,3.411540,0 -76.419490,3.411600,0 -76.420288,3.411571,0 -76.420769,3.411534,0 -76.420837,3.411643,0 -76.420860,3.411764,0 -76.420636,3.411745,0 -76.420430,3.411802,0 -76.420341,3.411863,0 -76.420299,3.411966,0 -76.420275,3.412243,0 -76.420287,3.412575,0 -76.420255,3.412905,0 -76.420062,3.413355,0 -76.419811,3.413864,0 -76.419776,3.413918,0 -76.419730,3.413970,0 -76.419659,3.414039,0 -76.419609,3.414083,0 -76.419573,3.414125,0 -76.419343,3.414557,0 -76.419320,3.414616,0 -76.419309,3.414672,0 -76.419305,3.414721,0 -76.419310,3.414783,0 -76.419300,3.414823,0 -76.418185,3.416271,0 -76.417947,3.416580,0 -76.417560,3.417023,0 -76.417074,3.417772,0 -76.416765,3.418395,0 -76.416280,3.419374,0 -76.413133,3.422238,0 -76.410961,3.424238,0 -76.410288,3.424892,0 -76.410207,3.424935,0 -76.409986,3.425098,0 -76.409912,3.425223,0 -76.409877,3.425354,0 -76.409883,3.426465,0 -76.409877,3.427748,0 -76.409743,3.428680,0 -76.409709,3.428930,0 -76.409677,3.429164,0 -76.409658,3.429252,0 -76.409580,3.429495,0 -76.408847,3.431708,0 -76.408016,3.434431,0 -76.407616,3.435678,0 -76.407031,3.437504,0 -76.406972,3.437558,0 -76.406869,3.437539,0 -76.405347,3.436567,0 -76.404022,3.435700,0 -76.403740,3.435508,0 -76.403529,3.435337,0 -76.402674,3.435060,0 -76.401729,3.434781,0 -76.401330,3.434615,0 -76.401132,3.434460,0 -76.401030,3.434310,0 -76.400883,3.434243,0 -76.400539,3.434249,0 -76.400416,3.434289,0 -76.400304,3.434480,0 -76.400425,3.434546,0 -76.400833,3.434642,0 -76.402870,3.435257,0 -76.403201,3.435349,0 -76.403396,3.435409,0 -76.403425,3.435423,0 -76.403696,3.435675,0 -76.404612,3.436258,0 -76.404781,3.436366,0 -76.404822,3.436438,0 -76.404824,3.436523,0 -76.404764,3.439514,0 -76.404687,3.442502,0 -76.407058,3.442581,0 -76.408239,3.442621,0 -76.409445,3.442671,0 -76.410559,3.442719,0 -76.413882,3.442859,0 -76.415899,3.442945,0 -76.416156,3.442966,0 -76.416156,3.443202,0 -76.415877,3.448813,0 -76.415695,3.453483,0 -76.415651,3.453661,0 -76.415598,3.453879,0 -76.415030,3.454350,0 -76.414182,3.454971,0 -76.413647,3.448700,0 -76.410328,3.448542,0 -76.409211,3.448489,0 -76.408053,3.448434,0 -76.406909,3.448380,0 -76.404549,3.448268,0 -76.402304,3.448161,0 -76.399833,3.448044,0 -76.397809,3.447987,0 -76.397897,3.446376,0 -76.398121,3.442249,0 -76.396093,3.442168,0 -76.394329,3.442093,0 -76.390460,3.441999,0 -76.390337,3.442005,0 -76.390118,3.441866,0 -76.390014,3.441795,0 -76.388752,3.440974,0 -76.387641,3.439830,0 -76.387179,3.439403,0 -76.386647,3.438955,0 -76.385735,3.438274,0 -76.385614,3.438190,0 -76.385272,3.437941,0 -76.384392,3.437302,0 -76.383675,3.436905,0 -76.383433,3.436797,0 -76.382779,3.436637,0 -76.381103,3.436393,0 -76.379989,3.436219,0 -76.379694,3.436096,0 -76.379153,3.435748,0 -76.378643,3.435212,0 -76.378208,3.434747,0 -76.377710,3.434409,0 -76.377401,3.434254,0 -76.377031,3.434117,0 -76.376403,3.433981,0 -76.375749,3.433836,0 -76.375121,3.433744,0 -76.374860,3.433698,0 -76.374758,3.433635,0 -76.374166,3.432562,0 -76.373735,3.431737,0 -76.373509,3.430784,0 -76.373469,3.430706,0 -76.372568,3.429987,0 -76.371412,3.429141,0 -76.370419,3.428543,0 -76.369859,3.428115,0 -76.369314,3.427619,0 -76.366999,3.425360,0 -76.366409,3.424872,0 -76.365266,3.424037,0 -76.364278,3.423110,0 -76.362873,3.421801,0 -76.362611,3.421592,0 -76.362408,3.421467,0 -76.360704,3.420455,0 -76.360625,3.420382,0 -76.360395,3.419795,0 -76.360240,3.419424,0 -76.359881,3.418845,0 -76.359690,3.418599,0 -76.359510,3.418452,0 -76.358111,3.417420,0 -76.357754,3.417106,0 -76.356305,3.415803,0 -76.355173,3.414750,0 -76.353197,3.412958,0 -76.351158,3.411164,0 -76.350882,3.411001,0 -76.351153,3.410198,0 -76.351385,3.409372,0 -76.351435,3.409047,0 -76.351459,3.408695,0 -76.351528,3.407487,0 -76.351603,3.406130,0 -76.351661,3.405700,0 -76.351737,3.405356,0 -76.351884,3.404767,0 -76.351976,3.404380,0 -76.352092,3.403822,0 -76.352162,3.403415,0 -76.352237,3.403048,0 -76.352292,3.402743,0 -76.352419,3.402221,0 -76.352603,3.401493,0 -76.352985,3.399956,0 -76.353339,3.398820,0 -76.353454,3.398407,0 -76.353507,3.398217,0 -76.353639,3.397681,0 -76.353785,3.397124,0 -76.353829,3.396957,0 -76.353869,3.396723,0 -76.353932,3.396325,0 -76.353959,3.396130,0 -76.353985,3.395816,0 -76.353992,3.395706,0 -76.353998,3.395597,0 -76.354002,3.395464,0 -76.354031,3.395383,0 -76.354060,3.395295,0 -76.354115,3.395205,0 -76.354173,3.395145,0 -76.354268,3.395082,0 -76.354329,3.395058,0 -76.354420,3.395040,0 -76.354497,3.395039,0 -76.355058,3.395140,0 -76.355133,3.395174,0 -76.355190,3.395215,0 -76.355249,3.395280,0 -76.355295,3.395368,0 -76.355316,3.395459,0 -76.355314,3.395556,0 -76.355285,3.395650,0 -76.355239,3.395727,0 -76.355183,3.395784,0 -76.355100,3.395837,0 -76.355025,3.395862,0 -76.354948,3.395871,0 -76.354897,3.395874,0 -76.354155,3.395719,0 -76.353713,3.395641,0 -76.353554,3.395610,0 -76.352988,3.395506,0 -76.352722,3.395442,0 -76.352346,3.395317,0 -76.352061,3.395237,0 -76.351934,3.395191,0 -76.351714,3.395108,0 -76.351322,3.394930,0 -76.349820,3.394213,0 -76.348777,3.393712,0 -76.348165,3.393419,0 -76.347759,3.393218,0 -76.347263,3.392989,0 -76.347195,3.392960,0 -76.347022,3.392886,0 -76.346393,3.392661,0 -76.345733,3.392448,0 -76.344638,3.392090,0 -76.343750,3.391808,0 -76.342423,3.391379,0 -76.341500,3.391085,0 -76.340762,3.390843,0 -76.340544,3.390769,0 -76.340179,3.390649,0 -76.339795,3.390504,0 -76.339422,3.390330,0 -76.339109,3.390163,0 -76.338879,3.390016,0 -76.338658,3.389856,0 -76.338300,3.389561,0 -76.337705,3.389081,0 -76.336814,3.388336,0 -76.336361,3.387958,0 -76.335870,3.387538,0 -76.335551,3.387235,0 -76.335239,3.386890,0 -76.334867,3.386440,0 -76.334435,3.385856,0 -76.334000,3.385265,0 -76.333351,3.384389,0 -76.332721,3.383538,0 -76.332333,3.383030,0 -76.332047,3.382630,0 -76.331611,3.382022,0 -76.331444,3.381789,0 -76.330924,3.380983,0 -76.330898,3.380948,0 -76.330497,3.380399,0 -76.330154,3.379869,0 -76.329950,3.379604,0 -76.329816,3.379441,0 -76.329642,3.379287,0 -76.329435,3.379125,0 -76.328746,3.378655,0 -76.328338,3.378387,0 -76.328147,3.378256,0 -76.327692,3.377947,0 -76.327567,3.377861,0 -76.327421,3.377754,0 -76.327320,3.377687,0 -76.326672,3.377241,0 -76.325999,3.376774,0 -76.325836,3.376662,0 -76.325350,3.376346,0 -76.325133,3.376240,0 -76.324900,3.376139,0 -76.324662,3.376071,0 -76.323851,3.375809,0 -76.322612,3.375465,0 -76.322238,3.375345,0 -76.322065,3.375289,0 -76.321667,3.375117,0 -76.321449,3.375013,0 -76.321129,3.374861,0 -76.320155,3.374329,0 -76.319083,3.373723,0 -76.318631,3.373476,0 -76.318544,3.373429,0 -76.317749,3.373004,0 -76.316298,3.372199,0 -76.315979,3.371993,0 -76.315705,3.371796,0 -76.315458,3.371593,0 -76.315010,3.371132,0 -76.314104,3.370203,0 -76.313379,3.369440,0 -76.313114,3.369178,0 -76.312878,3.368945,0 -76.312481,3.368541,0 -76.312170,3.368210,0 -76.311795,3.367816,0 -76.311718,3.367736,0 -76.311419,3.367423,0 -76.310925,3.366923,0 -76.310083,3.366012,0 -76.309918,3.365846,0 -76.309864,3.365792,0 -76.308786,3.364710,0 -76.308612,3.364536,0 -76.308181,3.364074,0 -76.307356,3.363232,0 -76.306812,3.362660,0 -76.304959,3.360740,0 -76.304502,3.360267,0 -76.304196,3.359953,0 -76.304108,3.359860,0 -76.303864,3.359602,0 -76.303509,3.359273,0 -76.303261,3.359050,0 -76.302889,3.358854,0 -76.302752,3.358782,0 -76.302541,3.358695,0 -76.301062,3.358242,0 -76.299763,3.357837,0 -76.298997,3.357603,0 -76.297194,3.357047,0 -76.296909,3.356955,0 -76.296443,3.356805,0 -76.296130,3.356674,0 -76.295823,3.356528,0 -76.295464,3.356309,0 -76.295061,3.356754,0 -76.294746,3.357097,0 -76.294047,3.357856,0 -76.293966,3.357956,0 -76.293610,3.358357,0 -76.293043,3.358996,0 -76.293002,3.359044,0 -76.292923,3.359131,0 -76.292824,3.359360,0 -76.292708,3.359558,0 -76.292576,3.359765,0 -76.291934,3.360455,0 -76.291068,3.361385,0 -76.290977,3.361495,0 -76.290912,3.361622,0 -76.290876,3.361761,0 -76.290666,3.363704,0 -76.290403,3.366269,0 -76.290312,3.366275,0 -76.290110,3.366293,0 -76.289335,3.366370,0 -76.288847,3.366437,0 -76.288859,3.366551,0 -76.288845,3.367668,0 -76.288065,3.368321,0 -76.287901,3.368380,0 -76.287901,3.368380,0</coordinates></LineString></Placemark><Placemark><name>Ruta día 7</name><styleUrl>#dia7</styleUrl><ExtendedData><Data name="INGENIO"><value>Castilla</value></Data><Data name="DIA"><value>7</value></Data><Data name="PUNTOS"><value>CC-044, CC-011, CC-032</value></Data><Data name="N_PUNTOS"><value>3</value></Data><Data name="KM"><value>43.2</value></Data><Data name="HORAS_TOTALES"><value>6.92</value></Data><Data name="REGRESO"><value>13:25</value></Data><Data name="PEAJES"><value>0</value></Data><Data name="COSTO_COP"><value>507432</value></Data></ExtendedData><LineString><tessellate>1</tessellate><coordinates>-76.287901,3.368380,0 -76.287805,3.368498,0 -76.287754,3.368623,0 -76.287754,3.369196,0 -76.287778,3.369269,0 -76.287810,3.369357,0 -76.287890,3.369456,0 -76.288025,3.369638,0 -76.288137,3.369802,0 -76.288009,3.370284,0 -76.288482,3.370443,0 -76.289763,3.370940,0 -76.292834,3.372090,0 -76.294583,3.372749,0 -76.296317,3.373400,0 -76.295204,3.385232,0 -76.294807,3.389284,0 -76.294150,3.395992,0 -76.293861,3.398944,0 -76.293439,3.403075,0 -76.293267,3.405216,0 -76.293185,3.405695,0 -76.293148,3.405832,0 -76.293008,3.406154,0 -76.292380,3.407218,0 -76.291860,3.409098,0 -76.291723,3.409734,0 -76.291723,3.410403,0 -76.291808,3.412745,0 -76.291864,3.415111,0 -76.291892,3.416300,0 -76.291911,3.416508,0 -76.291981,3.416760,0 -76.292439,3.418153,0 -76.292366,3.420922,0 -76.292346,3.422270,0 -76.292297,3.422350,0 -76.292217,3.422377,0 -76.291997,3.422286,0 -76.289250,3.421268,0 -76.288998,3.421183,0 -76.288416,3.420784,0 -76.288177,3.420682,0 -76.287731,3.420444,0 -76.284601,3.418432,0 -76.284552,3.418381,0 -76.284480,3.418335,0 -76.284387,3.418311,0 -76.283288,3.417645,0 -76.282676,3.417246,0 -76.282334,3.416949,0 -76.281817,3.416619,0 -76.279071,3.414867,0 -76.278345,3.414407,0 -76.276351,3.413145,0 -76.276251,3.413289,0 -76.274350,3.415538,0 -76.274121,3.415770,0 -76.273868,3.415955,0 -76.273415,3.416160,0 -76.272826,3.416351,0 -76.272481,3.416498,0 -76.272133,3.416723,0 -76.271912,3.416940,0 -76.271714,3.417205,0 -76.271520,3.417547,0 -76.271327,3.418075,0 -76.271188,3.418582,0 -76.271085,3.418845,0 -76.270855,3.419231,0 -76.270595,3.419566,0 -76.270300,3.419812,0 -76.270016,3.419985,0 -76.269631,3.420117,0 -76.269240,3.420214,0 -76.267930,3.420311,0 -76.266616,3.420423,0 -76.258638,3.421092,0 -76.258306,3.421100,0 -76.258047,3.421068,0 -76.256552,3.420612,0 -76.256048,3.420469,0 -76.249695,3.418703,0 -76.249259,3.418556,0 -76.248988,3.418524,0 -76.248752,3.418540,0 -76.248235,3.418679,0 -76.247198,3.418952,0 -76.246612,3.419155,0 -76.246510,3.419206,0 -76.246297,3.419328,0 -76.246112,3.419439,0 -76.245534,3.419983,0 -76.244805,3.420603,0 -76.244137,3.421174,0 -76.243477,3.421740,0 -76.244059,3.422455,0 -76.244641,3.423151,0 -76.245152,3.423806,0 -76.245507,3.424256,0 -76.245812,3.424661,0 -76.246331,3.425263,0 -76.246354,3.425295,0 -76.246401,3.425387,0 -76.246453,3.425534,0 -76.246325,3.426402,0 -76.246214,3.427238,0 -76.246175,3.427505,0 -76.246072,3.428206,0 -76.246048,3.428366,0 -76.246034,3.428460,0 -76.245981,3.429051,0 -76.245767,3.430515,0 -76.245702,3.430963,0 -76.245660,3.431334,0 -76.245499,3.432484,0 -76.245056,3.435821,0 -76.245023,3.436066,0 -76.244595,3.439294,0 -76.243752,3.445423,0 -76.243376,3.448153,0 -76.242399,3.455576,0 -76.241953,3.458958,0 -76.241591,3.461294,0 -76.241495,3.461913,0 -76.241450,3.462189,0 -76.241078,3.465156,0 -76.240073,3.472124,0 -76.239955,3.472954,0 -76.239379,3.477063,0 -76.239250,3.477967,0 -76.239442,3.477953,0 -76.240375,3.477953,0 -76.240488,3.477932,0 -76.241416,3.477664,0 -76.246678,3.476052,0 -76.249688,3.475137,0 -76.249774,3.475126,0 -76.249881,3.475126,0 -76.258324,3.476834,0 -76.258909,3.476957,0 -76.259177,3.477064,0 -76.260079,3.477498,0 -76.260679,3.476749,0 -76.261532,3.477129,0 -76.264569,3.478425,0 -76.266940,3.479495,0 -76.268046,3.475840,0 -76.266945,3.475721,0 -76.264225,3.475426,0 -76.263753,3.475351,0 -76.261876,3.474837,0 -76.259054,3.473895,0 -76.253582,3.471978,0 -76.252520,3.471597,0 -76.251844,3.471442,0 -76.251093,3.471340,0 -76.250313,3.471278,0 -76.250079,3.471260,0 -76.249151,3.471260,0 -76.248434,3.471433,0 -76.247733,3.471543,0 -76.245483,3.471937,0 -76.242567,3.472446,0 -76.240391,3.472883,0 -76.239955,3.472954,0 -76.240073,3.472124,0 -76.241078,3.465156,0 -76.241450,3.462189,0 -76.241495,3.461913,0 -76.241591,3.461294,0 -76.241953,3.458958,0 -76.242399,3.455576,0 -76.243376,3.448153,0 -76.243752,3.445423,0 -76.244595,3.439294,0 -76.245023,3.436066,0 -76.245056,3.435821,0 -76.245499,3.432484,0 -76.245660,3.431334,0 -76.245702,3.430963,0 -76.245767,3.430515,0 -76.245981,3.429051,0 -76.246034,3.428460,0 -76.246048,3.428366,0 -76.246072,3.428206,0 -76.246175,3.427505,0 -76.246214,3.427238,0 -76.246325,3.426402,0 -76.246453,3.425534,0 -76.246491,3.425261,0 -76.246553,3.424774,0 -76.246589,3.424420,0 -76.246582,3.424246,0 -76.246558,3.424013,0 -76.246474,3.423856,0 -76.245857,3.423172,0 -76.245297,3.422530,0 -76.244700,3.421854,0 -76.244509,3.421619,0 -76.244137,3.421174,0 -76.243861,3.420838,0 -76.243739,3.420691,0 -76.243578,3.420495,0 -76.243028,3.419827,0 -76.242448,3.419123,0 -76.241906,3.418464,0 -76.241587,3.418077,0 -76.241329,3.417763,0 -76.240782,3.417099,0 -76.240267,3.416461,0 -76.240009,3.416152,0 -76.239721,3.415807,0 -76.239181,3.415141,0 -76.238802,3.414660,0 -76.238668,3.414489,0 -76.238408,3.414158,0 -76.238121,3.413821,0 -76.237867,3.413512,0 -76.237809,3.413334,0 -76.237784,3.412992,0 -76.237787,3.412801,0 -76.237779,3.412501,0 -76.237780,3.412414,0 -76.237793,3.412198,0 -76.237794,3.412167,0 -76.237859,3.411287,0 -76.237978,3.409293,0 -76.238110,3.407064,0 -76.238221,3.405381,0 -76.238227,3.405277,0 -76.238272,3.404468,0 -76.238399,3.402205,0 -76.238460,3.401123,0 -76.238632,3.398082,0 -76.238723,3.396790,0 -76.238838,3.395408,0 -76.238866,3.395321,0 -76.239090,3.394612,0 -76.239581,3.393286,0 -76.240410,3.391171,0 -76.241258,3.389171,0 -76.241944,3.387971,0 -76.242722,3.386568,0 -76.243736,3.384790,0 -76.244330,3.383882,0 -76.245238,3.382659,0 -76.246204,3.381291,0 -76.246683,3.380740,0 -76.247239,3.380242,0 -76.250519,3.378469,0 -76.251056,3.378109,0 -76.251537,3.377743,0 -76.252306,3.377006,0 -76.253136,3.376127,0 -76.254681,3.374488,0 -76.255037,3.374114,0 -76.255369,3.373663,0 -76.255894,3.372699,0 -76.256522,3.371415,0 -76.259328,3.365584,0 -76.259749,3.364718,0 -76.259910,3.364406,0 -76.260151,3.364034,0 -76.260422,3.363690,0 -76.260980,3.363014,0 -76.261417,3.362492,0 -76.261889,3.361908,0 -76.262812,3.360791,0 -76.262909,3.360836,0 -76.263693,3.361130,0 -76.268903,3.363080,0 -76.271216,3.363945,0 -76.275402,3.365541,0 -76.282052,3.367990,0 -76.283059,3.368436,0 -76.284011,3.368801,0 -76.286818,3.369773,0 -76.287554,3.370098,0 -76.288009,3.370284,0 -76.288137,3.369802,0 -76.288025,3.369638,0 -76.287890,3.369456,0 -76.287810,3.369357,0 -76.287778,3.369269,0 -76.287754,3.369196,0 -76.287754,3.368623,0 -76.287805,3.368498,0 -76.287901,3.368380,0</coordinates></LineString></Placemark><Placemark><name>Ruta día 8</name><styleUrl>#dia8</styleUrl><ExtendedData><Data name="INGENIO"><value>Castilla</value></Data><Data name="DIA"><value>8</value></Data><Data name="PUNTOS"><value>CC-028, CC-033, CC-015</value></Data><Data name="N_PUNTOS"><value>3</value></Data><Data name="KM"><value>61.5</value></Data><Data name="HORAS_TOTALES"><value>7.17</value></Data><Data name="REGRESO"><value>13:40</value></Data><Data name="PEAJES"><value>0</value></Data><Data name="COSTO_COP"><value>513401</value></Data></ExtendedData><LineString><tessellate>1</tessellate><coordinates>-76.287901,3.368380,0 -76.287901,3.368380,0 -76.288065,3.368321,0 -76.288845,3.367668,0 -76.288859,3.366551,0 -76.289351,3.366508,0 -76.289568,3.366499,0 -76.290107,3.366450,0 -76.290313,3.366434,0 -76.290385,3.366430,0 -76.290403,3.366269,0 -76.290666,3.363704,0 -76.290876,3.361761,0 -76.290912,3.361622,0 -76.290977,3.361495,0 -76.291068,3.361385,0 -76.291934,3.360455,0 -76.292576,3.359765,0 -76.292708,3.359558,0 -76.292824,3.359360,0 -76.292923,3.359131,0 -76.293002,3.359044,0 -76.293043,3.358996,0 -76.293610,3.358357,0 -76.293966,3.357956,0 -76.294047,3.357856,0 -76.294746,3.357097,0 -76.295061,3.356754,0 -76.295196,3.356663,0 -76.295343,3.356594,0 -76.295499,3.356548,0 -76.295661,3.356526,0 -76.295823,3.356528,0 -76.296130,3.356674,0 -76.296443,3.356805,0 -76.296909,3.356955,0 -76.297194,3.357047,0 -76.298997,3.357603,0 -76.299763,3.357837,0 -76.301062,3.358242,0 -76.302541,3.358695,0 -76.302752,3.358782,0 -76.302889,3.358854,0 -76.303261,3.359050,0 -76.303509,3.359273,0 -76.303864,3.359602,0 -76.304108,3.359860,0 -76.304196,3.359953,0 -76.304502,3.360267,0 -76.304959,3.360740,0 -76.306812,3.362660,0 -76.307356,3.363232,0 -76.308181,3.364074,0 -76.308612,3.364536,0 -76.308786,3.364710,0 -76.309864,3.365792,0 -76.309918,3.365846,0 -76.310083,3.366012,0 -76.310925,3.366923,0 -76.311419,3.367423,0 -76.311718,3.367736,0 -76.311795,3.367816,0 -76.312170,3.368210,0 -76.312481,3.368541,0 -76.312878,3.368945,0 -76.313114,3.369178,0 -76.313379,3.369440,0 -76.314104,3.370203,0 -76.315010,3.371132,0 -76.315458,3.371593,0 -76.315705,3.371796,0 -76.315979,3.371993,0 -76.316298,3.372199,0 -76.317749,3.373004,0 -76.318544,3.373429,0 -76.318631,3.373476,0 -76.319083,3.373723,0 -76.320155,3.374329,0 -76.321129,3.374861,0 -76.321449,3.375013,0 -76.321667,3.375117,0 -76.322065,3.375289,0 -76.322238,3.375345,0 -76.322612,3.375465,0 -76.323851,3.375809,0 -76.324662,3.376071,0 -76.324900,3.376139,0 -76.325133,3.376240,0 -76.325350,3.376346,0 -76.325836,3.376662,0 -76.325999,3.376774,0 -76.326672,3.377241,0 -76.327320,3.377687,0 -76.327421,3.377754,0 -76.327567,3.377861,0 -76.327692,3.377947,0 -76.328147,3.378256,0 -76.328338,3.378387,0 -76.328746,3.378655,0 -76.329435,3.379125,0 -76.329642,3.379287,0 -76.329816,3.379441,0 -76.329950,3.379604,0 -76.330154,3.379869,0 -76.330497,3.380399,0 -76.330898,3.380948,0 -76.330924,3.380983,0 -76.331444,3.381789,0 -76.331611,3.382022,0 -76.332047,3.382630,0 -76.332333,3.383030,0 -76.332721,3.383538,0 -76.333351,3.384389,0 -76.334000,3.385265,0 -76.334435,3.385856,0 -76.334867,3.386440,0 -76.335239,3.386890,0 -76.335551,3.387235,0 -76.335870,3.387538,0 -76.336361,3.387958,0 -76.336814,3.388336,0 -76.337705,3.389081,0 -76.338300,3.389561,0 -76.338658,3.389856,0 -76.338879,3.390016,0 -76.339109,3.390163,0 -76.339422,3.390330,0 -76.339795,3.390504,0 -76.340179,3.390649,0 -76.340544,3.390769,0 -76.340762,3.390843,0 -76.341500,3.391085,0 -76.342423,3.391379,0 -76.343750,3.391808,0 -76.344638,3.392090,0 -76.345733,3.392448,0 -76.346393,3.392661,0 -76.347022,3.392886,0 -76.347195,3.392960,0 -76.347263,3.392989,0 -76.347759,3.393218,0 -76.348165,3.393419,0 -76.348777,3.393712,0 -76.349820,3.394213,0 -76.351322,3.394930,0 -76.351714,3.395108,0 -76.351934,3.395191,0 -76.352061,3.395237,0 -76.352191,3.395314,0 -76.352240,3.395349,0 -76.352301,3.395410,0 -76.352352,3.395478,0 -76.352392,3.395568,0 -76.352414,3.395648,0 -76.352419,3.395720,0 -76.352416,3.395784,0 -76.352411,3.395869,0 -76.352414,3.395957,0 -76.352435,3.396052,0 -76.352489,3.396157,0 -76.352569,3.396238,0 -76.352688,3.396310,0 -76.352875,3.396375,0 -76.353307,3.396454,0 -76.353395,3.396485,0 -76.353456,3.396523,0 -76.353502,3.396563,0 -76.353562,3.396640,0 -76.353601,3.396728,0 -76.353616,3.396801,0 -76.353611,3.396923,0 -76.353472,3.397548,0 -76.353221,3.398533,0 -76.353068,3.399183,0 -76.352902,3.399842,0 -76.352513,3.401442,0 -76.352284,3.402253,0 -76.352044,3.403241,0 -76.351885,3.403894,0 -76.351789,3.404314,0 -76.351692,3.404728,0 -76.351473,3.405720,0 -76.351409,3.406270,0 -76.351339,3.407035,0 -76.351320,3.407627,0 -76.351302,3.408335,0 -76.351289,3.408667,0 -76.351271,3.408930,0 -76.351229,3.409212,0 -76.351191,3.409369,0 -76.351008,3.410030,0 -76.350881,3.410433,0 -76.350755,3.410834,0 -76.350477,3.411661,0 -76.350197,3.412512,0 -76.349574,3.414414,0 -76.349487,3.414811,0 -76.349460,3.415043,0 -76.349450,3.415291,0 -76.349450,3.415358,0 -76.349461,3.415567,0 -76.349466,3.415611,0 -76.349550,3.416087,0 -76.349632,3.416356,0 -76.349711,3.416684,0 -76.350021,3.417650,0 -76.350308,3.418559,0 -76.350394,3.418826,0 -76.350472,3.419038,0 -76.350534,3.419256,0 -76.350580,3.419477,0 -76.350609,3.419701,0 -76.350621,3.419927,0 -76.350617,3.420153,0 -76.350596,3.420378,0 -76.350558,3.420601,0 -76.350505,3.420820,0 -76.350435,3.421035,0 -76.350349,3.421245,0 -76.350248,3.421447,0 -76.350197,3.421576,0 -76.349952,3.422158,0 -76.349831,3.422486,0 -76.349777,3.422661,0 -76.349689,3.423199,0 -76.349675,3.423641,0 -76.349702,3.424093,0 -76.349745,3.424497,0 -76.349842,3.425240,0 -76.349879,3.425667,0 -76.349908,3.425975,0 -76.349967,3.426741,0 -76.350056,3.427281,0 -76.350063,3.427596,0 -76.350049,3.427807,0 -76.350016,3.428049,0 -76.349966,3.428281,0 -76.349904,3.428491,0 -76.349828,3.428693,0 -76.349762,3.428841,0 -76.349675,3.429009,0 -76.349573,3.429180,0 -76.349238,3.429697,0 -76.348876,3.430270,0 -76.347947,3.431660,0 -76.347815,3.431875,0 -76.347398,3.432552,0 -76.347025,3.433159,0 -76.346636,3.433780,0 -76.346411,3.434139,0 -76.346320,3.434267,0 -76.345781,3.435167,0 -76.345589,3.435600,0 -76.345569,3.435646,0 -76.343526,3.440793,0 -76.343471,3.440929,0 -76.343300,3.441353,0 -76.343039,3.441998,0 -76.342749,3.442715,0 -76.342390,3.443601,0 -76.341617,3.445512,0 -76.341518,3.445760,0 -76.340350,3.448677,0 -76.339873,3.449916,0 -76.338125,3.454234,0 -76.337631,3.455467,0 -76.337480,3.455845,0 -76.337060,3.456893,0 -76.336645,3.457930,0 -76.336488,3.458310,0 -76.336353,3.458663,0 -76.336269,3.458887,0 -76.336179,3.459123,0 -76.336076,3.459395,0 -76.335790,3.460113,0 -76.335625,3.460598,0 -76.335382,3.461049,0 -76.335321,3.461139,0 -76.335194,3.461307,0 -76.335056,3.461467,0 -76.335001,3.461525,0 -76.334932,3.461603,0 -76.335378,3.461831,0 -76.336105,3.462066,0 -76.337575,3.462517,0 -76.338124,3.462697,0 -76.338418,3.462790,0 -76.338794,3.462883,0 -76.339518,3.463014,0 -76.339853,3.463154,0 -76.340130,3.463312,0 -76.340279,3.463398,0 -76.340701,3.463637,0 -76.340817,3.463752,0 -76.340870,3.463838,0 -76.340907,3.463937,0 -76.340925,3.464072,0 -76.340903,3.464238,0 -76.340942,3.464409,0 -76.341014,3.464529,0 -76.341123,3.464631,0 -76.341252,3.464697,0 -76.341662,3.464798,0 -76.342025,3.464883,0 -76.342462,3.464989,0 -76.342991,3.465119,0 -76.343149,3.465133,0 -76.343289,3.465121,0 -76.343491,3.465088,0 -76.343599,3.465090,0 -76.344176,3.465162,0 -76.344276,3.465161,0 -76.344376,3.465136,0 -76.345182,3.464871,0 -76.345270,3.464841,0 -76.345361,3.464828,0 -76.345734,3.464843,0 -76.345919,3.464875,0 -76.345999,3.464871,0 -76.346065,3.464844,0 -76.346638,3.464491,0 -76.346757,3.464440,0 -76.346875,3.464425,0 -76.347809,3.464412,0 -76.347858,3.464402,0 -76.347898,3.464365,0 -76.347999,3.464231,0 -76.348058,3.464154,0 -76.348335,3.463794,0 -76.348499,3.463579,0 -76.348586,3.463477,0 -76.348640,3.463457,0 -76.348697,3.463459,0 -76.348749,3.463482,0 -76.348807,3.463526,0 -76.349281,3.463926,0 -76.349809,3.464353,0 -76.350239,3.464674,0 -76.350543,3.464906,0 -76.350747,3.465003,0 -76.350807,3.465024,0 -76.350904,3.465036,0 -76.351038,3.465031,0 -76.351121,3.465013,0 -76.351196,3.464987,0 -76.351401,3.464863,0 -76.352324,3.464280,0 -76.352449,3.464231,0 -76.352544,3.464216,0 -76.352668,3.464242,0 -76.352760,3.464271,0 -76.352859,3.464319,0 -76.352922,3.464381,0 -76.353221,3.464661,0 -76.353279,3.464701,0 -76.353364,3.464728,0 -76.353452,3.464737,0 -76.353527,3.464728,0 -76.353590,3.464694,0 -76.353610,3.464661,0 -76.353709,3.464448,0 -76.353771,3.464374,0 -76.353829,3.464335,0 -76.353881,3.464334,0 -76.353934,3.464345,0 -76.354007,3.464386,0 -76.354065,3.464433,0 -76.354553,3.465006,0 -76.354616,3.465058,0 -76.354676,3.465088,0 -76.354791,3.465105,0 -76.354856,3.465149,0 -76.354924,3.465213,0 -76.354956,3.465284,0 -76.354999,3.465592,0 -76.355019,3.465640,0 -76.355060,3.465682,0 -76.355121,3.465710,0 -76.355206,3.465727,0 -76.358710,3.465902,0 -76.359240,3.465930,0 -76.359832,3.465962,0 -76.361790,3.466074,0 -76.362673,3.466124,0 -76.363130,3.466148,0 -76.363301,3.466157,0 -76.363510,3.466168,0 -76.363619,3.466205,0 -76.363667,3.466240,0 -76.363691,3.466345,0 -76.363696,3.466552,0 -76.363605,3.468241,0 -76.363587,3.468560,0 -76.363581,3.468683,0 -76.363612,3.468770,0 -76.363664,3.468818,0 -76.363732,3.468836,0 -76.364184,3.468844,0 -76.365750,3.468897,0 -76.366444,3.468920,0 -76.366490,3.468913,0 -76.366545,3.468897,0 -76.366635,3.468846,0 -76.369087,3.467155,0 -76.369330,3.466987,0 -76.369549,3.466851,0 -76.369606,3.466832,0 -76.369694,3.466833,0 -76.369748,3.466843,0 -76.370812,3.467139,0 -76.371842,3.467372,0 -76.373469,3.467694,0 -76.374018,3.467740,0 -76.374681,3.467779,0 -76.374890,3.467777,0 -76.375014,3.467752,0 -76.375233,3.467685,0 -76.375772,3.467520,0 -76.375893,3.467489,0 -76.376088,3.467461,0 -76.376192,3.467457,0 -76.376342,3.467485,0 -76.376462,3.467525,0 -76.376668,3.467607,0 -76.376920,3.467721,0 -76.377278,3.467895,0 -76.377612,3.468075,0 -76.377739,3.468126,0 -76.377902,3.468172,0 -76.378762,3.468352,0 -76.378881,3.468401,0 -76.379097,3.468525,0 -76.379956,3.469108,0 -76.380846,3.469698,0 -76.382602,3.470920,0 -76.382848,3.471071,0 -76.383379,3.471397,0 -76.384089,3.471863,0 -76.384879,3.472382,0 -76.385318,3.472729,0 -76.385552,3.472584,0 -76.386025,3.472196,0 -76.386238,3.472021,0 -76.386640,3.471761,0 -76.387206,3.471478,0 -76.387627,3.471376,0 -76.388084,3.471434,0 -76.388459,3.471587,0 -76.388735,3.471765,0 -76.389423,3.472641,0 -76.390272,3.473868,0 -76.390835,3.474773,0 -76.391033,3.475025,0 -76.391245,3.475194,0 -76.391573,3.475427,0 -76.391738,3.475544,0 -76.392088,3.475708,0 -76.392968,3.476106,0 -76.393262,3.476238,0 -76.394314,3.476656,0 -76.394868,3.476985,0 -76.394917,3.477015,0 -76.396540,3.477978,0 -76.397034,3.478206,0 -76.397505,3.478390,0 -76.398600,3.478819,0 -76.399402,3.479070,0 -76.399667,3.479111,0 -76.399906,3.479105,0 -76.400590,3.479024,0 -76.401154,3.478957,0 -76.401426,3.478924,0 -76.401560,3.478926,0 -76.401760,3.478950,0 -76.402629,3.479121,0 -76.402727,3.479123,0 -76.402795,3.479116,0 -76.403554,3.478993,0 -76.403622,3.478990,0 -76.403905,3.479003,0 -76.404023,3.479006,0 -76.404081,3.479017,0 -76.404123,3.479036,0 -76.404297,3.479127,0 -76.404627,3.479293,0 -76.405767,3.479951,0 -76.406567,3.480392,0 -76.406959,3.480592,0 -76.407187,3.480700,0 -76.407300,3.480746,0 -76.407431,3.480758,0 -76.407599,3.480729,0 -76.407782,3.480653,0 -76.408792,3.480176,0 -76.409015,3.480112,0 -76.409154,3.480095,0 -76.409779,3.480018,0 -76.410533,3.480024,0 -76.411668,3.480121,0 -76.413037,3.480234,0 -76.413431,3.480347,0 -76.413863,3.480540,0 -76.414016,3.480639,0 -76.414091,3.480687,0 -76.414582,3.481003,0 -76.414853,3.481121,0 -76.415668,3.481297,0 -76.417227,3.481345,0 -76.418331,3.481258,0 -76.418506,3.481244,0 -76.418710,3.481249,0 -76.418811,3.481257,0 -76.418905,3.481285,0 -76.420144,3.482181,0 -76.420363,3.482347,0 -76.420938,3.482946,0 -76.421176,3.483186,0 -76.421522,3.483402,0 -76.421971,3.483613,0 -76.422711,3.483793,0 -76.422966,3.483841,0 -76.423291,3.483847,0 -76.422866,3.484494,0 -76.422469,3.485096,0 -76.422421,3.485159,0 -76.422371,3.485249,0 -76.422352,3.485313,0 -76.422351,3.485376,0 -76.422358,3.485492,0 -76.422441,3.486097,0 -76.422460,3.486237,0 -76.422696,3.487803,0 -76.422838,3.488874,0 -76.422958,3.489784,0 -76.422980,3.489918,0 -76.423009,3.490095,0 -76.423122,3.490705,0 -76.423170,3.491048,0 -76.423234,3.491502,0 -76.423278,3.491813,0 -76.423355,3.492333,0 -76.423377,3.492580,0 -76.423379,3.492936,0 -76.423377,3.493420,0 -76.423396,3.494512,0 -76.423409,3.494678,0 -76.423436,3.494831,0 -76.423506,3.495090,0 -76.423648,3.495613,0 -76.423788,3.496159,0 -76.423678,3.496148,0 -76.423598,3.496123,0 -76.422477,3.495480,0 -76.422477,3.495480,0 -76.423598,3.496123,0 -76.423678,3.496148,0 -76.423788,3.496159,0 -76.423648,3.495613,0 -76.423506,3.495090,0 -76.423436,3.494831,0 -76.423409,3.494678,0 -76.423396,3.494512,0 -76.423377,3.493420,0 -76.423379,3.492936,0 -76.423377,3.492580,0 -76.423355,3.492333,0 -76.423278,3.491813,0 -76.423234,3.491502,0 -76.423170,3.491048,0 -76.423122,3.490705,0 -76.423009,3.490095,0 -76.422980,3.489918,0 -76.422958,3.489784,0 -76.422838,3.488874,0 -76.422696,3.487803,0 -76.422460,3.486237,0 -76.422441,3.486097,0 -76.422358,3.485492,0 -76.422351,3.485376,0 -76.422352,3.485313,0 -76.422371,3.485249,0 -76.422421,3.485159,0 -76.422469,3.485096,0 -76.422866,3.484494,0 -76.423291,3.483847,0 -76.422966,3.483841,0 -76.422711,3.483793,0 -76.421971,3.483613,0 -76.421522,3.483402,0 -76.421176,3.483186,0 -76.420938,3.482946,0 -76.420363,3.482347,0 -76.420144,3.482181,0 -76.418905,3.481285,0 -76.418811,3.481257,0 -76.418710,3.481249,0 -76.418506,3.481244,0 -76.418331,3.481258,0 -76.417227,3.481345,0 -76.415668,3.481297,0 -76.414853,3.481121,0 -76.414582,3.481003,0 -76.414091,3.480687,0 -76.414016,3.480639,0 -76.413863,3.480540,0 -76.413431,3.480347,0 -76.413037,3.480234,0 -76.411668,3.480121,0 -76.410533,3.480024,0 -76.409779,3.480018,0 -76.409154,3.480095,0 -76.409015,3.480112,0 -76.408792,3.480176,0 -76.407782,3.480653,0 -76.407599,3.480729,0 -76.407431,3.480758,0 -76.407300,3.480746,0 -76.407187,3.480700,0 -76.406959,3.480592,0 -76.406567,3.480392,0 -76.405767,3.479951,0 -76.404627,3.479293,0 -76.404297,3.479127,0 -76.404123,3.479036,0 -76.404081,3.479017,0 -76.404023,3.479006,0 -76.403905,3.479003,0 -76.403622,3.478990,0 -76.403554,3.478993,0 -76.402795,3.479116,0 -76.402727,3.479123,0 -76.402629,3.479121,0 -76.401760,3.478950,0 -76.401560,3.478926,0 -76.401426,3.478924,0 -76.401154,3.478957,0 -76.400590,3.479024,0 -76.399906,3.479105,0 -76.399667,3.479111,0 -76.399402,3.479070,0 -76.398600,3.478819,0 -76.397505,3.478390,0 -76.397034,3.478206,0 -76.396540,3.477978,0 -76.394917,3.477015,0 -76.394868,3.476985,0 -76.394314,3.476656,0 -76.393262,3.476238,0 -76.392968,3.476106,0 -76.392088,3.475708,0 -76.391738,3.475544,0 -76.391573,3.475427,0 -76.391245,3.475194,0 -76.391033,3.475025,0 -76.390835,3.474773,0 -76.390272,3.473868,0 -76.389423,3.472641,0 -76.390179,3.471881,0 -76.391070,3.470785,0 -76.391924,3.469834,0 -76.391987,3.469764,0 -76.392125,3.469691,0 -76.392212,3.469691,0 -76.392310,3.469760,0 -76.393453,3.470985,0 -76.393524,3.471018,0 -76.393596,3.471008,0 -76.393665,3.470947,0 -76.393705,3.470861,0 -76.395477,3.465462,0 -76.395507,3.465315,0 -76.395509,3.465229,0 -76.395501,3.465059,0 -76.395492,3.464647,0 -76.395958,3.462262,0 -76.395990,3.462010,0 -76.396046,3.461566,0 -76.396069,3.460460,0 -76.396087,3.459611,0 -76.396077,3.459509,0 -76.396054,3.459428,0 -76.396019,3.459350,0 -76.395823,3.459096,0 -76.395242,3.458345,0 -76.394394,3.457349,0 -76.394374,3.457277,0 -76.394376,3.457174,0 -76.394543,3.456894,0 -76.394745,3.456613,0 -76.394862,3.456475,0 -76.395072,3.456260,0 -76.395192,3.456051,0 -76.395227,3.455768,0 -76.395285,3.455531,0 -76.395395,3.455145,0 -76.395403,3.454976,0 -76.395326,3.454834,0 -76.394785,3.454816,0 -76.394342,3.454754,0 -76.393679,3.454602,0 -76.393046,3.454396,0 -76.392717,3.454267,0 -76.392231,3.453858,0 -76.391408,3.453231,0 -76.390308,3.452479,0 -76.389860,3.452224,0 -76.389652,3.452073,0 -76.389589,3.451981,0 -76.389584,3.451910,0 -76.389608,3.451789,0 -76.389560,3.451701,0 -76.389560,3.451701,0 -76.389608,3.451789,0 -76.389584,3.451910,0 -76.389589,3.451981,0 -76.389652,3.452073,0 -76.389860,3.452224,0 -76.390308,3.452479,0 -76.391408,3.453231,0 -76.392231,3.453858,0 -76.392717,3.454267,0 -76.393046,3.454396,0 -76.393679,3.454602,0 -76.394342,3.454754,0 -76.394785,3.454816,0 -76.395326,3.454834,0 -76.395115,3.454019,0 -76.394914,3.453303,0 -76.394741,3.452590,0 -76.394374,3.451152,0 -76.394236,3.450313,0 -76.394143,3.449476,0 -76.394091,3.448895,0 -76.394082,3.448317,0 -76.394111,3.447883,0 -76.397809,3.447987,0 -76.399833,3.448044,0 -76.402304,3.448161,0 -76.402555,3.442431,0 -76.401412,3.442392,0 -76.401297,3.442388,0 -76.400010,3.442331,0 -76.398121,3.442249,0 -76.396093,3.442168,0 -76.394329,3.442093,0 -76.390460,3.441999,0 -76.390337,3.442005,0 -76.390118,3.441866,0 -76.390014,3.441795,0 -76.388752,3.440974,0 -76.387641,3.439830,0 -76.387179,3.439403,0 -76.386647,3.438955,0 -76.385735,3.438274,0 -76.385614,3.438190,0 -76.385272,3.437941,0 -76.384392,3.437302,0 -76.383675,3.436905,0 -76.383433,3.436797,0 -76.382779,3.436637,0 -76.381103,3.436393,0 -76.379989,3.436219,0 -76.379694,3.436096,0 -76.379153,3.435748,0 -76.378643,3.435212,0 -76.378208,3.434747,0 -76.377710,3.434409,0 -76.377401,3.434254,0 -76.377031,3.434117,0 -76.376403,3.433981,0 -76.375749,3.433836,0 -76.375121,3.433744,0 -76.374860,3.433698,0 -76.374758,3.433635,0 -76.374166,3.432562,0 -76.373735,3.431737,0 -76.373509,3.430784,0 -76.373469,3.430706,0 -76.372568,3.429987,0 -76.371412,3.429141,0 -76.370419,3.428543,0 -76.369859,3.428115,0 -76.369314,3.427619,0 -76.366999,3.425360,0 -76.366409,3.424872,0 -76.365266,3.424037,0 -76.364278,3.423110,0 -76.362873,3.421801,0 -76.362611,3.421592,0 -76.362408,3.421467,0 -76.360704,3.420455,0 -76.360625,3.420382,0 -76.360395,3.419795,0 -76.360240,3.419424,0 -76.359881,3.418845,0 -76.359690,3.418599,0 -76.359510,3.418452,0 -76.358111,3.417420,0 -76.357754,3.417106,0 -76.356305,3.415803,0 -76.355173,3.414750,0 -76.353197,3.412958,0 -76.351158,3.411164,0 -76.350882,3.411001,0 -76.351153,3.410198,0 -76.351385,3.409372,0 -76.351435,3.409047,0 -76.351459,3.408695,0 -76.351528,3.407487,0 -76.351603,3.406130,0 -76.351661,3.405700,0 -76.351737,3.405356,0 -76.351884,3.404767,0 -76.351976,3.404380,0 -76.352092,3.403822,0 -76.352162,3.403415,0 -76.352237,3.403048,0 -76.352292,3.402743,0 -76.352419,3.402221,0 -76.352603,3.401493,0 -76.352985,3.399956,0 -76.353339,3.398820,0 -76.353454,3.398407,0 -76.353507,3.398217,0 -76.353639,3.397681,0 -76.353785,3.397124,0 -76.353829,3.396957,0 -76.353869,3.396723,0 -76.353932,3.396325,0 -76.353959,3.396130,0 -76.353985,3.395816,0 -76.353992,3.395706,0 -76.353998,3.395597,0 -76.354002,3.395464,0 -76.354031,3.395383,0 -76.354060,3.395295,0 -76.354115,3.395205,0 -76.354173,3.395145,0 -76.354268,3.395082,0 -76.354329,3.395058,0 -76.354420,3.395040,0 -76.354497,3.395039,0 -76.355058,3.395140,0 -76.355133,3.395174,0 -76.355190,3.395215,0 -76.355249,3.395280,0 -76.355295,3.395368,0 -76.355316,3.395459,0 -76.355314,3.395556,0 -76.355285,3.395650,0 -76.355239,3.395727,0 -76.355183,3.395784,0 -76.355100,3.395837,0 -76.355025,3.395862,0 -76.354948,3.395871,0 -76.354897,3.395874,0 -76.354155,3.395719,0 -76.353713,3.395641,0 -76.353554,3.395610,0 -76.352988,3.395506,0 -76.352722,3.395442,0 -76.352346,3.395317,0 -76.352061,3.395237,0 -76.351934,3.395191,0 -76.351714,3.395108,0 -76.351322,3.394930,0 -76.349820,3.394213,0 -76.348777,3.393712,0 -76.348165,3.393419,0 -76.347759,3.393218,0 -76.347263,3.392989,0 -76.347195,3.392960,0 -76.347022,3.392886,0 -76.346393,3.392661,0 -76.345733,3.392448,0 -76.344638,3.392090,0 -76.343750,3.391808,0 -76.342423,3.391379,0 -76.341500,3.391085,0 -76.340762,3.390843,0 -76.340544,3.390769,0 -76.340179,3.390649,0 -76.339795,3.390504,0 -76.339422,3.390330,0 -76.339109,3.390163,0 -76.338879,3.390016,0 -76.338658,3.389856,0 -76.338300,3.389561,0 -76.337705,3.389081,0 -76.336814,3.388336,0 -76.336361,3.387958,0 -76.335870,3.387538,0 -76.335551,3.387235,0 -76.335239,3.386890,0 -76.334867,3.386440,0 -76.334435,3.385856,0 -76.334000,3.385265,0 -76.333351,3.384389,0 -76.332721,3.383538,0 -76.332333,3.383030,0 -76.332047,3.382630,0 -76.331611,3.382022,0 -76.331444,3.381789,0 -76.330924,3.380983,0 -76.330898,3.380948,0 -76.330497,3.380399,0 -76.330154,3.379869,0 -76.329950,3.379604,0 -76.329816,3.379441,0 -76.329642,3.379287,0 -76.329435,3.379125,0 -76.328746,3.378655,0 -76.328338,3.378387,0 -76.328147,3.378256,0 -76.327692,3.377947,0 -76.327567,3.377861,0 -76.327421,3.377754,0 -76.327320,3.377687,0 -76.326672,3.377241,0 -76.325999,3.376774,0 -76.325836,3.376662,0 -76.325350,3.376346,0 -76.325133,3.376240,0 -76.324900,3.376139,0 -76.324662,3.376071,0 -76.323851,3.375809,0 -76.322612,3.375465,0 -76.322238,3.375345,0 -76.322065,3.375289,0 -76.321667,3.375117,0 -76.321449,3.375013,0 -76.321129,3.374861,0 -76.320155,3.374329,0 -76.319083,3.373723,0 -76.318631,3.373476,0 -76.318544,3.373429,0 -76.317749,3.373004,0 -76.316298,3.372199,0 -76.315979,3.371993,0 -76.315705,3.371796,0 -76.315458,3.371593,0 -76.315010,3.371132,0 -76.314104,3.370203,0 -76.313379,3.369440,0 -76.313114,3.369178,0 -76.312878,3.368945,0 -76.312481,3.368541,0 -76.312170,3.368210,0 -76.311795,3.367816,0 -76.311718,3.367736,0 -76.311419,3.367423,0 -76.310925,3.366923,0 -76.310083,3.366012,0 -76.309918,3.365846,0 -76.309864,3.365792,0 -76.308786,3.364710,0 -76.308612,3.364536,0 -76.308181,3.364074,0 -76.307356,3.363232,0 -76.306812,3.362660,0 -76.304959,3.360740,0 -76.304502,3.360267,0 -76.304196,3.359953,0 -76.304108,3.359860,0 -76.303864,3.359602,0 -76.303509,3.359273,0 -76.303261,3.359050,0 -76.302889,3.358854,0 -76.302752,3.358782,0 -76.302541,3.358695,0 -76.301062,3.358242,0 -76.299763,3.357837,0 -76.298997,3.357603,0 -76.297194,3.357047,0 -76.296909,3.356955,0 -76.296443,3.356805,0 -76.296130,3.356674,0 -76.295823,3.356528,0 -76.295464,3.356309,0 -76.295061,3.356754,0 -76.294746,3.357097,0 -76.294047,3.357856,0 -76.293966,3.357956,0 -76.293610,3.358357,0 -76.293043,3.358996,0 -76.293002,3.359044,0 -76.292923,3.359131,0 -76.292824,3.359360,0 -76.292708,3.359558,0 -76.292576,3.359765,0 -76.291934,3.360455,0 -76.291068,3.361385,0 -76.290977,3.361495,0 -76.290912,3.361622,0 -76.290876,3.361761,0 -76.290666,3.363704,0 -76.290403,3.366269,0 -76.290312,3.366275,0 -76.290110,3.366293,0 -76.289335,3.366370,0 -76.288847,3.366437,0 -76.288859,3.366551,0 -76.288845,3.367668,0 -76.288065,3.368321,0 -76.287901,3.368380,0 -76.287901,3.368380,0</coordinates></LineString></Placemark><Placemark><name>Ruta día 9</name><styleUrl>#dia9</styleUrl><ExtendedData><Data name="INGENIO"><value>Castilla</value></Data><Data name="DIA"><value>9</value></Data><Data name="PUNTOS"><value>CC-018, CC-013, CC-012</value></Data><Data name="N_PUNTOS"><value>3</value></Data><Data name="KM"><value>79.3</value></Data><Data name="HORAS_TOTALES"><value>7.42</value></Data><Data name="REGRESO"><value>13:55</value></Data><Data name="PEAJES"><value>0</value></Data><Data name="COSTO_COP"><value>519181</value></Data></ExtendedData><LineString><tessellate>1</tessellate><coordinates>-76.287901,3.368380,0 -76.287901,3.368380,0 -76.288065,3.368321,0 -76.288845,3.367668,0 -76.288859,3.366551,0 -76.289351,3.366508,0 -76.289568,3.366499,0 -76.290107,3.366450,0 -76.290313,3.366434,0 -76.290385,3.366430,0 -76.290403,3.366269,0 -76.290666,3.363704,0 -76.290876,3.361761,0 -76.290912,3.361622,0 -76.290977,3.361495,0 -76.291068,3.361385,0 -76.291934,3.360455,0 -76.292576,3.359765,0 -76.292708,3.359558,0 -76.292824,3.359360,0 -76.292923,3.359131,0 -76.293002,3.359044,0 -76.293043,3.358996,0 -76.293610,3.358357,0 -76.293966,3.357956,0 -76.294047,3.357856,0 -76.294746,3.357097,0 -76.295061,3.356754,0 -76.295464,3.356309,0 -76.294712,3.355699,0 -76.294234,3.355316,0 -76.294167,3.355255,0 -76.292512,3.353908,0 -76.292019,3.353501,0 -76.291007,3.352668,0 -76.289352,3.351337,0 -76.288765,3.350861,0 -76.288446,3.350638,0 -76.287917,3.350380,0 -76.286391,3.349768,0 -76.285152,3.349316,0 -76.284652,3.349126,0 -76.284139,3.348973,0 -76.283617,3.348855,0 -76.283088,3.348773,0 -76.280233,3.348407,0 -76.278668,3.348207,0 -76.277906,3.348092,0 -76.277142,3.347891,0 -76.271614,3.345063,0 -76.270852,3.344698,0 -76.269885,3.344236,0 -76.269437,3.344131,0 -76.268975,3.344062,0 -76.268380,3.344118,0 -76.268047,3.344190,0 -76.267754,3.344303,0 -76.267254,3.344565,0 -76.266449,3.345210,0 -76.265210,3.346253,0 -76.264880,3.346376,0 -76.264758,3.346431,0 -76.264629,3.346470,0 -76.264580,3.346462,0 -76.264531,3.346463,0 -76.264482,3.346472,0 -76.264436,3.346489,0 -76.264310,3.346455,0 -76.264193,3.346402,0 -76.263889,3.346237,0 -76.263637,3.346040,0 -76.262736,3.344921,0 -76.262272,3.344425,0 -76.261774,3.344013,0 -76.261327,3.343699,0 -76.258828,3.341936,0 -76.257920,3.341306,0 -76.257612,3.341091,0 -76.256981,3.340640,0 -76.254273,3.338701,0 -76.253972,3.338444,0 -76.253368,3.337611,0 -76.252642,3.336670,0 -76.252089,3.335906,0 -76.251998,3.335776,0 -76.251546,3.335150,0 -76.250916,3.334343,0 -76.250367,3.333645,0 -76.250261,3.333536,0 -76.250102,3.333369,0 -76.250022,3.333292,0 -76.249939,3.333207,0 -76.249888,3.333160,0 -76.249280,3.332567,0 -76.248596,3.331920,0 -76.248101,3.331462,0 -76.247912,3.331238,0 -76.247827,3.331138,0 -76.247811,3.331099,0 -76.247785,3.331067,0 -76.247750,3.331044,0 -76.247710,3.331032,0 -76.247489,3.330858,0 -76.247027,3.330407,0 -76.246762,3.330152,0 -76.244911,3.328371,0 -76.244564,3.328077,0 -76.244396,3.327935,0 -76.243582,3.327179,0 -76.242737,3.326319,0 -76.240522,3.323892,0 -76.240231,3.323564,0 -76.239945,3.323255,0 -76.239666,3.322953,0 -76.239381,3.322621,0 -76.239116,3.322318,0 -76.238841,3.322000,0 -76.238696,3.321833,0 -76.238661,3.321793,0 -76.238550,3.321660,0 -76.238339,3.321427,0 -76.238161,3.321208,0 -76.238089,3.321102,0 -76.237995,3.320929,0 -76.237877,3.320657,0 -76.237808,3.320487,0 -76.237727,3.320183,0 -76.237604,3.318911,0 -76.237591,3.318700,0 -76.237563,3.317973,0 -76.237453,3.317354,0 -76.237346,3.317004,0 -76.237312,3.316893,0 -76.237233,3.316378,0 -76.237165,3.315933,0 -76.237162,3.315910,0 -76.237148,3.315824,0 -76.237105,3.315548,0 -76.236936,3.314634,0 -76.236758,3.313552,0 -76.236703,3.313254,0 -76.236640,3.312959,0 -76.236606,3.312815,0 -76.236568,3.312656,0 -76.236522,3.312496,0 -76.236451,3.312331,0 -76.236220,3.311844,0 -76.235954,3.311220,0 -76.234842,3.308564,0 -76.233545,3.305520,0 -76.233107,3.304504,0 -76.232614,3.303332,0 -76.232337,3.302719,0 -76.231644,3.301071,0 -76.230566,3.298537,0 -76.230439,3.298243,0 -76.230072,3.297438,0 -76.229425,3.295882,0 -76.228733,3.294171,0 -76.228636,3.293942,0 -76.226798,3.289725,0 -76.226733,3.289575,0 -76.225725,3.287261,0 -76.225569,3.286879,0 -76.225479,3.286656,0 -76.225038,3.285572,0 -76.224754,3.284873,0 -76.224528,3.284317,0 -76.224501,3.284260,0 -76.224422,3.284088,0 -76.223663,3.282257,0 -76.223523,3.281912,0 -76.223385,3.281586,0 -76.222752,3.280133,0 -76.222642,3.279881,0 -76.221837,3.279076,0 -76.221668,3.278634,0 -76.221394,3.277713,0 -76.221341,3.277341,0 -76.221341,3.276976,0 -76.221408,3.276634,0 -76.221496,3.276355,0 -76.221612,3.276161,0 -76.222049,3.275745,0 -76.222242,3.275463,0 -76.222640,3.274316,0 -76.222850,3.273720,0 -76.223214,3.272671,0 -76.223411,3.272123,0 -76.223774,3.271016,0 -76.223882,3.270834,0 -76.224030,3.270346,0 -76.224425,3.269177,0 -76.224606,3.268668,0 -76.224644,3.268575,0 -76.224755,3.268282,0 -76.224915,3.267810,0 -76.225171,3.267091,0 -76.225489,3.266121,0 -76.225636,3.265714,0 -76.225827,3.265154,0 -76.225929,3.264671,0 -76.226084,3.263941,0 -76.226369,3.262693,0 -76.227024,3.260902,0 -76.227247,3.260294,0 -76.227407,3.259901,0 -76.227639,3.259333,0 -76.227786,3.258975,0 -76.227915,3.258679,0 -76.228097,3.258228,0 -76.228278,3.257760,0 -76.228692,3.256798,0 -76.228756,3.256619,0 -76.228913,3.256164,0 -76.229105,3.255643,0 -76.229439,3.254781,0 -76.229492,3.254175,0 -76.229567,3.253335,0 -76.229611,3.252829,0 -76.229655,3.252325,0 -76.229734,3.251435,0 -76.229738,3.251381,0 -76.229774,3.250976,0 -76.229782,3.250887,0 -76.229865,3.250028,0 -76.229955,3.249132,0 -76.230040,3.248273,0 -76.230130,3.247415,0 -76.230242,3.246592,0 -76.230307,3.245972,0 -76.230384,3.245332,0 -76.230402,3.245066,0 -76.230412,3.244917,0 -76.230433,3.244723,0 -76.230465,3.244456,0 -76.230498,3.244138,0 -76.230558,3.243696,0 -76.230561,3.243619,0 -76.230568,3.243202,0 -76.230606,3.242499,0 -76.230633,3.241639,0 -76.230627,3.241499,0 -76.230644,3.241051,0 -76.230688,3.239101,0 -76.230692,3.238924,0 -76.230696,3.238094,0 -76.230704,3.237813,0 -76.230805,3.237767,0 -76.231690,3.237847,0 -76.231934,3.237803,0 -76.232023,3.238287,0 -76.232425,3.239465,0 -76.232893,3.240807,0 -76.233020,3.240780,0 -76.233141,3.240748,0 -76.233206,3.240662,0 -76.233731,3.240062,0 -76.234077,3.239655,0 -76.234144,3.239569,0 -76.234555,3.239036,0 -76.235228,3.238238,0 -76.235534,3.237874,0 -76.235426,3.237871,0 -76.235308,3.237861,0 -76.235180,3.237845,0 -76.235051,3.237799,0 -76.234780,3.237612,0 -76.234249,3.237199,0 -76.234316,3.237132,0 -76.234797,3.236547,0 -76.234801,3.236543,0 -76.235128,3.236160,0 -76.234911,3.235670,0 -76.234759,3.235250,0 -76.234587,3.235011,0 -76.233951,3.234414,0 -76.233801,3.234353,0 -76.233581,3.234331,0 -76.232637,3.234227,0 -76.232020,3.234165,0 -76.231414,3.234096,0 -76.231276,3.234076,0 -76.231327,3.233778,0 -76.231378,3.233508,0 -76.231595,3.232351,0 -76.231686,3.232022,0 -76.231906,3.231786,0 -76.232089,3.231622,0 -76.232454,3.231374,0 -76.232499,3.231352,0 -76.233463,3.230752,0 -76.233801,3.230499,0 -76.234543,3.230080,0 -76.235890,3.229708,0 -76.236929,3.229421,0 -76.239302,3.228769,0 -76.239804,3.228663,0 -76.240649,3.228555,0 -76.241078,3.228418,0 -76.241435,3.228202,0 -76.242235,3.227380,0 -76.242484,3.227123,0 -76.242541,3.227063,0 -76.243550,3.226064,0 -76.244526,3.225024,0 -76.245685,3.223996,0 -76.246274,3.223041,0 -76.246645,3.222439,0 -76.247187,3.221896,0 -76.248088,3.220954,0 -76.248442,3.220202,0 -76.248540,3.219838,0 -76.248596,3.219565,0 -76.248642,3.219109,0 -76.248912,3.214097,0 -76.249482,3.202487,0 -76.249504,3.201603,0 -76.249704,3.197117,0 -76.250105,3.190317,0 -76.250136,3.189479,0 -76.250243,3.186603,0 -76.250276,3.186365,0 -76.250353,3.186198,0 -76.250960,3.185246,0 -76.251076,3.185077,0 -76.251307,3.184720,0 -76.251729,3.183726,0 -76.251946,3.183436,0 -76.252267,3.183108,0 -76.254713,3.181030,0 -76.255523,3.179273,0 -76.255807,3.178617,0 -76.255888,3.178380,0 -76.256054,3.178042,0 -76.256148,3.177929,0 -76.257026,3.177298,0 -76.257149,3.177211,0 -76.257220,3.177165,0 -76.257257,3.177136,0 -76.257916,3.176634,0 -76.258624,3.176107,0 -76.259269,3.175602,0 -76.259956,3.175074,0 -76.260641,3.174565,0 -76.260787,3.174455,0 -76.261311,3.174052,0 -76.262005,3.174539,0 -76.262660,3.174992,0 -76.263190,3.174353,0 -76.263613,3.173674,0 -76.264425,3.174131,0 -76.265177,3.174585,0 -76.266287,3.175212,0 -76.266712,3.175451,0 -76.266834,3.175520,0 -76.267861,3.176078,0 -76.268064,3.176181,0 -76.268447,3.176402,0 -76.268696,3.176529,0 -76.269386,3.176927,0 -76.270059,3.177323,0 -76.270208,3.177416,0 -76.270356,3.177497,0 -76.271015,3.177857,0 -76.271334,3.178061,0 -76.272060,3.178552,0 -76.272322,3.178722,0 -76.273973,3.179797,0 -76.274438,3.180094,0 -76.274714,3.180265,0 -76.275474,3.180736,0 -76.276383,3.181300,0 -76.276534,3.181394,0 -76.277639,3.181960,0 -76.278854,3.182552,0 -76.279106,3.182643,0 -76.280443,3.183010,0 -76.281268,3.183243,0 -76.281651,3.183353,0 -76.282539,3.183610,0 -76.282774,3.183675,0 -76.284771,3.184229,0 -76.284972,3.184321,0 -76.285131,3.184394,0 -76.286438,3.184992,0 -76.286711,3.185056,0 -76.287296,3.185194,0 -76.287509,3.185212,0 -76.288839,3.185323,0 -76.289464,3.185375,0 -76.290633,3.185725,0 -76.292939,3.186416,0 -76.293981,3.187062,0 -76.295165,3.187795,0 -76.295417,3.187951,0 -76.295602,3.188042,0 -76.295870,3.188080,0 -76.296075,3.188052,0 -76.296144,3.188042,0 -76.296403,3.187929,0 -76.297304,3.187455,0 -76.297533,3.187324,0 -76.297791,3.187276,0 -76.298409,3.187328,0 -76.299051,3.187448,0 -76.299529,3.187592,0 -76.300194,3.188042,0 -76.300539,3.188188,0 -76.300622,3.188223,0 -76.302026,3.188321,0 -76.303451,3.188447,0 -76.304491,3.188535,0 -76.304721,3.188570,0 -76.305687,3.188650,0 -76.305773,3.188669,0 -76.305958,3.187557,0 -76.306073,3.186984,0 -76.306111,3.186688,0 -76.306092,3.186631,0 -76.306111,3.186376,0 -76.306135,3.186250,0 -76.306183,3.186122,0 -76.306237,3.186058,0 -76.306277,3.185967,0 -76.306368,3.185487,0 -76.307795,3.186058,0 -76.308629,3.186379,0 -76.309061,3.186572,0 -76.310311,3.186441,0 -76.310193,3.185332,0 -76.311379,3.185198,0 -76.311924,3.185136,0 -76.311924,3.185136,0 -76.312056,3.185606,0 -76.312134,3.185867,0 -76.312148,3.185987,0 -76.312145,3.186033,0 -76.312142,3.186067,0 -76.312127,3.186114,0 -76.312103,3.186341,0 -76.312122,3.186786,0 -76.312189,3.187190,0 -76.312197,3.187292,0 -76.311620,3.187656,0 -76.311416,3.187798,0 -76.310847,3.188098,0 -76.310681,3.188189,0 -76.310531,3.188288,0 -76.310469,3.188321,0 -76.309785,3.188430,0 -76.309557,3.188460,0 -76.309402,3.188417,0 -76.309262,3.188347,0 -76.309150,3.188310,0 -76.309066,3.188272,0 -76.308557,3.188058,0 -76.307736,3.187699,0 -76.307358,3.187557,0 -76.307184,3.187458,0 -76.306977,3.187386,0 -76.306789,3.187249,0 -76.306636,3.187075,0 -76.306406,3.186714,0 -76.306306,3.186545,0 -76.306218,3.186449,0 -76.306197,3.186411,0 -76.306202,3.186363,0 -76.306213,3.186280,0 -76.306239,3.186167,0 -76.306237,3.186058,0 -76.306183,3.186122,0 -76.306135,3.186250,0 -76.306111,3.186376,0 -76.306092,3.186631,0 -76.306111,3.186688,0 -76.306073,3.186984,0 -76.305958,3.187557,0 -76.305773,3.188669,0 -76.305687,3.188650,0 -76.304721,3.188570,0 -76.304491,3.188535,0 -76.303451,3.188447,0 -76.302026,3.188321,0 -76.300622,3.188223,0 -76.300539,3.188188,0 -76.300194,3.188042,0 -76.299529,3.187592,0 -76.299051,3.187448,0 -76.298409,3.187328,0 -76.297791,3.187276,0 -76.297533,3.187324,0 -76.297304,3.187455,0 -76.296403,3.187929,0 -76.296144,3.188042,0 -76.296075,3.188052,0 -76.295870,3.188080,0 -76.295602,3.188042,0 -76.295417,3.187951,0 -76.295165,3.187795,0 -76.293981,3.187062,0 -76.292939,3.186416,0 -76.290633,3.185725,0 -76.289464,3.185375,0 -76.288839,3.185323,0 -76.287509,3.185212,0 -76.287296,3.185194,0 -76.286711,3.185056,0 -76.286438,3.184992,0 -76.285131,3.184394,0 -76.284972,3.184321,0 -76.284771,3.184229,0 -76.282774,3.183675,0 -76.282539,3.183610,0 -76.281651,3.183353,0 -76.281268,3.183243,0 -76.280443,3.183010,0 -76.279106,3.182643,0 -76.278854,3.182552,0 -76.277639,3.181960,0 -76.276534,3.181394,0 -76.276383,3.181300,0 -76.275474,3.180736,0 -76.274714,3.180265,0 -76.274438,3.180094,0 -76.273973,3.179797,0 -76.272322,3.178722,0 -76.272060,3.178552,0 -76.271334,3.178061,0 -76.271015,3.177857,0 -76.270356,3.177497,0 -76.270208,3.177416,0 -76.270059,3.177323,0 -76.269386,3.176927,0 -76.268696,3.176529,0 -76.268447,3.176402,0 -76.268064,3.176181,0 -76.267861,3.176078,0 -76.266834,3.175520,0 -76.266712,3.175451,0 -76.266287,3.175212,0 -76.265177,3.174585,0 -76.264425,3.174131,0 -76.263613,3.173674,0 -76.263378,3.173536,0 -76.262691,3.174057,0 -76.262005,3.174539,0 -76.261325,3.175106,0 -76.260647,3.175613,0 -76.259989,3.176144,0 -76.259328,3.176657,0 -76.258708,3.177189,0 -76.257916,3.176634,0 -76.257257,3.177136,0 -76.257220,3.177165,0 -76.257149,3.177211,0 -76.257026,3.177298,0 -76.256148,3.177929,0 -76.256054,3.178042,0 -76.255888,3.178380,0 -76.255807,3.178617,0 -76.255523,3.179273,0 -76.254713,3.181030,0 -76.252267,3.183108,0 -76.251946,3.183436,0 -76.251729,3.183726,0 -76.251307,3.184720,0 -76.251076,3.185077,0 -76.250960,3.185246,0 -76.250353,3.186198,0 -76.250276,3.186365,0 -76.250243,3.186603,0 -76.250136,3.189479,0 -76.250105,3.190317,0 -76.249704,3.197117,0 -76.249504,3.201603,0 -76.249482,3.202487,0 -76.248912,3.214097,0 -76.248642,3.219109,0 -76.248596,3.219565,0 -76.248540,3.219838,0 -76.248442,3.220202,0 -76.248088,3.220954,0 -76.247187,3.221896,0 -76.246645,3.222439,0 -76.246274,3.223041,0 -76.245685,3.223996,0 -76.244526,3.225024,0 -76.243550,3.226064,0 -76.242541,3.227063,0 -76.242484,3.227123,0 -76.242235,3.227380,0 -76.241435,3.228202,0 -76.241078,3.228418,0 -76.240649,3.228555,0 -76.239804,3.228663,0 -76.239302,3.228769,0 -76.236929,3.229421,0 -76.235890,3.229708,0 -76.234543,3.230080,0 -76.233801,3.230499,0 -76.233463,3.230752,0 -76.232499,3.231352,0 -76.232454,3.231374,0 -76.232089,3.231622,0 -76.231906,3.231786,0 -76.231686,3.232022,0 -76.231595,3.232351,0 -76.231378,3.233508,0 -76.231327,3.233778,0 -76.231276,3.234076,0 -76.231204,3.234493,0 -76.231104,3.235088,0 -76.231064,3.235329,0 -76.231003,3.235559,0 -76.230717,3.236647,0 -76.230713,3.237043,0 -76.230709,3.237373,0 -76.230704,3.237813,0 -76.230696,3.238094,0 -76.230692,3.238924,0 -76.230688,3.239101,0 -76.230644,3.241051,0 -76.230627,3.241499,0 -76.230633,3.241639,0 -76.230606,3.242499,0 -76.230568,3.243202,0 -76.230561,3.243619,0 -76.230558,3.243696,0 -76.230498,3.244138,0 -76.230465,3.244456,0 -76.230433,3.244723,0 -76.230412,3.244917,0 -76.230402,3.245066,0 -76.230384,3.245332,0 -76.230307,3.245972,0 -76.230242,3.246592,0 -76.230130,3.247415,0 -76.230040,3.248273,0 -76.229955,3.249132,0 -76.229472,3.249092,0 -76.228946,3.249034,0 -76.228876,3.249943,0 -76.228787,3.250801,0 -76.228782,3.250864,0 -76.228752,3.251283,0 -76.228749,3.251326,0 -76.228653,3.252228,0 -76.228620,3.252716,0 -76.228584,3.253231,0 -76.229087,3.253284,0 -76.228979,3.254133,0 -76.228937,3.254656,0 -76.228862,3.255591,0 -76.228819,3.256136,0 -76.228693,3.256567,0 -76.228679,3.256605,0 -76.228628,3.256733,0 -76.228224,3.257749,0 -76.228051,3.258215,0 -76.227856,3.258669,0 -76.227727,3.258963,0 -76.227571,3.259320,0 -76.227316,3.259914,0 -76.227161,3.260305,0 -76.226931,3.260892,0 -76.226269,3.262671,0 -76.225996,3.263917,0 -76.225871,3.264499,0 -76.225840,3.264644,0 -76.225729,3.265129,0 -76.225484,3.265844,0 -76.225380,3.266143,0 -76.224506,3.268633,0 -76.224141,3.269734,0 -76.223926,3.270343,0 -76.223804,3.270804,0 -76.223774,3.271016,0 -76.223411,3.272123,0 -76.223214,3.272671,0 -76.222850,3.273720,0 -76.222640,3.274316,0 -76.222242,3.275463,0 -76.222049,3.275745,0 -76.221612,3.276161,0 -76.221496,3.276355,0 -76.221408,3.276634,0 -76.221341,3.276976,0 -76.221341,3.277341,0 -76.221394,3.277713,0 -76.221668,3.278634,0 -76.221837,3.279076,0 -76.222642,3.279881,0 -76.222752,3.280133,0 -76.223385,3.281586,0 -76.223523,3.281912,0 -76.223663,3.282257,0 -76.224422,3.284088,0 -76.224501,3.284260,0 -76.224528,3.284317,0 -76.224754,3.284873,0 -76.225038,3.285572,0 -76.225479,3.286656,0 -76.225569,3.286879,0 -76.225725,3.287261,0 -76.226733,3.289575,0 -76.226798,3.289725,0 -76.228636,3.293942,0 -76.228733,3.294171,0 -76.229425,3.295882,0 -76.230072,3.297438,0 -76.230439,3.298243,0 -76.230566,3.298537,0 -76.231644,3.301071,0 -76.232337,3.302719,0 -76.232614,3.303332,0 -76.233107,3.304504,0 -76.233545,3.305520,0 -76.234842,3.308564,0 -76.235954,3.311220,0 -76.236220,3.311844,0 -76.236451,3.312331,0 -76.236522,3.312496,0 -76.236568,3.312656,0 -76.236606,3.312815,0 -76.236640,3.312959,0 -76.236703,3.313254,0 -76.236758,3.313552,0 -76.236936,3.314634,0 -76.237105,3.315548,0 -76.237148,3.315824,0 -76.237162,3.315910,0 -76.237165,3.315933,0 -76.237233,3.316378,0 -76.237312,3.316893,0 -76.237346,3.317004,0 -76.237453,3.317354,0 -76.237563,3.317973,0 -76.237591,3.318700,0 -76.237604,3.318911,0 -76.237451,3.319077,0 -76.237231,3.319164,0 -76.236972,3.319119,0 -76.236832,3.319117,0 -76.236724,3.319205,0 -76.236137,3.320145,0 -76.235245,3.319711,0 -76.234882,3.320512,0 -76.234548,3.321230,0 -76.234212,3.322025,0 -76.233890,3.322796,0 -76.233525,3.323596,0 -76.232710,3.323181,0 -76.231890,3.322693,0 -76.231163,3.322328,0 -76.230450,3.321918,0 -76.229925,3.321646,0 -76.229707,3.321544,0 -76.229436,3.321425,0 -76.229169,3.321280,0 -76.228969,3.321125,0 -76.228227,3.320439,0 -76.227960,3.320203,0 -76.227904,3.320154,0 -76.227763,3.320018,0 -76.227437,3.319745,0 -76.227192,3.319538,0 -76.226837,3.319229,0 -76.226770,3.319171,0 -76.226638,3.319107,0 -76.226471,3.319098,0 -76.226221,3.319110,0 -76.225864,3.319187,0 -76.225547,3.319265,0 -76.225294,3.319363,0 -76.225030,3.319515,0 -76.224922,3.319558,0 -76.224854,3.319567,0 -76.224746,3.319555,0 -76.224254,3.319399,0 -76.224116,3.319293,0 -76.223981,3.319161,0 -76.223886,3.319104,0 -76.223694,3.318977,0 -76.223398,3.318843,0 -76.223095,3.318656,0 -76.223006,3.318556,0 -76.222946,3.318487,0 -76.222769,3.318198,0 -76.222564,3.317929,0 -76.222217,3.317515,0 -76.222136,3.317432,0 -76.222066,3.317381,0 -76.221803,3.317266,0 -76.221476,3.317156,0 -76.221263,3.317061,0 -76.221066,3.316958,0 -76.220835,3.316792,0 -76.220303,3.316388,0 -76.220198,3.316376,0 -76.220110,3.316340,0 -76.219840,3.316206,0 -76.219685,3.316163,0 -76.219506,3.316155,0 -76.219223,3.316183,0 -76.218999,3.316223,0 -76.218797,3.316245,0 -76.218573,3.316218,0 -76.218325,3.316172,0 -76.218156,3.316135,0 -76.217802,3.316061,0 -76.217655,3.316057,0 -76.217378,3.316077,0 -76.217087,3.316099,0 -76.216296,3.316146,0 -76.216223,3.316152,0 -76.216171,3.316180,0 -76.216102,3.316229,0 -76.215962,3.316371,0 -76.215063,3.317347,0 -76.214417,3.318056,0 -76.214171,3.318321,0 -76.214108,3.318392,0 -76.214048,3.318443,0 -76.213977,3.318498,0 -76.213870,3.318569,0 -76.213801,3.318608,0 -76.213727,3.318653,0 -76.213569,3.318738,0 -76.213414,3.318830,0 -76.213241,3.318953,0 -76.213098,3.319059,0 -76.212912,3.319183,0 -76.212012,3.319759,0 -76.210970,3.320446,0 -76.209766,3.321304,0 -76.209404,3.321569,0 -76.209344,3.321610,0 -76.209321,3.321628,0 -76.209295,3.321643,0 -76.209267,3.321652,0 -76.209236,3.321657,0 -76.209205,3.321656,0 -76.209175,3.321650,0 -76.209146,3.321639,0 -76.208797,3.321443,0 -76.208296,3.321095,0 -76.208246,3.321070,0 -76.208194,3.321052,0 -76.208139,3.321041,0 -76.208083,3.321038,0 -76.208028,3.321042,0 -76.207973,3.321053,0 -76.207921,3.321072,0 -76.207872,3.321098,0 -76.207826,3.321130,0 -76.207770,3.321221,0 -76.207658,3.321524,0 -76.207628,3.321631,0 -76.207590,3.321804,0 -76.207557,3.321883,0 -76.207525,3.321919,0 -76.207447,3.321943,0 -76.207372,3.321941,0 -76.207447,3.321943,0 -76.207525,3.321919,0 -76.207557,3.321883,0 -76.207590,3.321804,0 -76.207628,3.321631,0 -76.207658,3.321524,0 -76.207770,3.321221,0 -76.207826,3.321130,0 -76.207872,3.321098,0 -76.207921,3.321072,0 -76.207973,3.321053,0 -76.208028,3.321042,0 -76.208083,3.321038,0 -76.208139,3.321041,0 -76.208194,3.321052,0 -76.208246,3.321070,0 -76.208296,3.321095,0 -76.208797,3.321443,0 -76.209146,3.321639,0 -76.209175,3.321650,0 -76.209205,3.321656,0 -76.209236,3.321657,0 -76.209267,3.321652,0 -76.209295,3.321643,0 -76.209321,3.321628,0 -76.209344,3.321610,0 -76.209404,3.321569,0 -76.209766,3.321304,0 -76.210970,3.320446,0 -76.212012,3.319759,0 -76.212912,3.319183,0 -76.213098,3.319059,0 -76.213241,3.318953,0 -76.213414,3.318830,0 -76.213569,3.318738,0 -76.213727,3.318653,0 -76.213801,3.318608,0 -76.213870,3.318569,0 -76.213977,3.318498,0 -76.214048,3.318443,0 -76.214108,3.318392,0 -76.214171,3.318321,0 -76.214382,3.318093,0 -76.214417,3.318056,0 -76.215063,3.317347,0 -76.215962,3.316371,0 -76.216102,3.316229,0 -76.216171,3.316180,0 -76.216223,3.316152,0 -76.216296,3.316146,0 -76.217087,3.316099,0 -76.217378,3.316077,0 -76.217655,3.316057,0 -76.217802,3.316061,0 -76.218156,3.316135,0 -76.218325,3.316172,0 -76.218573,3.316218,0 -76.218797,3.316245,0 -76.218999,3.316223,0 -76.219223,3.316183,0 -76.219506,3.316155,0 -76.219685,3.316163,0 -76.219840,3.316206,0 -76.220110,3.316340,0 -76.220198,3.316376,0 -76.220303,3.316388,0 -76.220835,3.316792,0 -76.221066,3.316958,0 -76.221263,3.317061,0 -76.221476,3.317156,0 -76.221803,3.317266,0 -76.222066,3.317381,0 -76.222136,3.317432,0 -76.222217,3.317515,0 -76.222564,3.317929,0 -76.222769,3.318198,0 -76.222946,3.318487,0 -76.223006,3.318556,0 -76.223095,3.318656,0 -76.223398,3.318843,0 -76.223694,3.318977,0 -76.223886,3.319104,0 -76.223981,3.319161,0 -76.224116,3.319293,0 -76.224254,3.319399,0 -76.224746,3.319555,0 -76.224854,3.319567,0 -76.224922,3.319558,0 -76.225030,3.319515,0 -76.225868,3.320245,0 -76.226119,3.320473,0 -76.226401,3.320715,0 -76.226680,3.320952,0 -76.227027,3.321197,0 -76.227648,3.321547,0 -76.228565,3.322044,0 -76.229312,3.322440,0 -76.230061,3.322832,0 -76.230775,3.323209,0 -76.231036,3.323339,0 -76.231437,3.323567,0 -76.231802,3.323759,0 -76.231827,3.323771,0 -76.232318,3.324039,0 -76.233131,3.324452,0 -76.233960,3.324895,0 -76.234587,3.325200,0 -76.235461,3.325649,0 -76.236273,3.326052,0 -76.237107,3.326514,0 -76.237568,3.325702,0 -76.238005,3.324952,0 -76.238776,3.325381,0 -76.239200,3.325611,0 -76.239592,3.325813,0 -76.240396,3.326214,0 -76.241179,3.326598,0 -76.242125,3.327091,0 -76.242848,3.327477,0 -76.242434,3.328260,0 -76.243200,3.328713,0 -76.243227,3.328728,0 -76.243494,3.328887,0 -76.243979,3.329143,0 -76.244463,3.329398,0 -76.245132,3.329779,0 -76.245209,3.329823,0 -76.245505,3.329994,0 -76.245532,3.330008,0 -76.245807,3.330149,0 -76.245957,3.330233,0 -76.246319,3.330434,0 -76.246433,3.330497,0 -76.246797,3.330700,0 -76.247339,3.331025,0 -76.247562,3.331223,0 -76.247580,3.331254,0 -76.247605,3.331280,0 -76.247636,3.331298,0 -76.247671,3.331308,0 -76.247707,3.331309,0 -76.248101,3.331462,0 -76.248596,3.331920,0 -76.249280,3.332567,0 -76.249888,3.333160,0 -76.249939,3.333207,0 -76.250022,3.333292,0 -76.250102,3.333369,0 -76.250261,3.333536,0 -76.250367,3.333645,0 -76.250916,3.334343,0 -76.251546,3.335150,0 -76.251998,3.335776,0 -76.252089,3.335906,0 -76.252642,3.336670,0 -76.253368,3.337611,0 -76.253972,3.338444,0 -76.254273,3.338701,0 -76.256981,3.340640,0 -76.257612,3.341091,0 -76.257920,3.341306,0 -76.258828,3.341936,0 -76.261327,3.343699,0 -76.261774,3.344013,0 -76.262272,3.344425,0 -76.262736,3.344921,0 -76.263637,3.346040,0 -76.264299,3.346856,0 -76.264322,3.346899,0 -76.264352,3.346937,0 -76.264388,3.346969,0 -76.264430,3.346995,0 -76.264475,3.347014,0 -76.264523,3.347024,0 -76.264573,3.347026,0 -76.264622,3.347019,0 -76.264668,3.347004,0 -76.264712,3.346981,0 -76.264751,3.346951,0 -76.264784,3.346914,0 -76.264810,3.346873,0 -76.264829,3.346827,0 -76.264839,3.346777,0 -76.264960,3.346566,0 -76.265122,3.346355,0 -76.265210,3.346253,0 -76.266449,3.345210,0 -76.267254,3.344565,0 -76.267754,3.344303,0 -76.268047,3.344190,0 -76.268380,3.344118,0 -76.268975,3.344062,0 -76.269437,3.344131,0 -76.269885,3.344236,0 -76.270852,3.344698,0 -76.271614,3.345063,0 -76.277142,3.347891,0 -76.277906,3.348092,0 -76.278668,3.348207,0 -76.280233,3.348407,0 -76.283088,3.348773,0 -76.283617,3.348855,0 -76.284139,3.348973,0 -76.284652,3.349126,0 -76.285152,3.349316,0 -76.286391,3.349768,0 -76.287917,3.350380,0 -76.288446,3.350638,0 -76.288765,3.350861,0 -76.289352,3.351337,0 -76.291007,3.352668,0 -76.292019,3.353501,0 -76.292512,3.353908,0 -76.294167,3.355255,0 -76.294234,3.355316,0 -76.294712,3.355699,0 -76.295464,3.356309,0 -76.295061,3.356754,0 -76.294746,3.357097,0 -76.294047,3.357856,0 -76.293966,3.357956,0 -76.293610,3.358357,0 -76.293043,3.358996,0 -76.293002,3.359044,0 -76.292923,3.359131,0 -76.292824,3.359360,0 -76.292708,3.359558,0 -76.292576,3.359765,0 -76.291934,3.360455,0 -76.291068,3.361385,0 -76.290977,3.361495,0 -76.290912,3.361622,0 -76.290876,3.361761,0 -76.290666,3.363704,0 -76.290403,3.366269,0 -76.290312,3.366275,0 -76.290110,3.366293,0 -76.289335,3.366370,0 -76.288847,3.366437,0 -76.288859,3.366551,0 -76.288845,3.367668,0 -76.288065,3.368321,0 -76.287901,3.368380,0 -76.287901,3.368380,0</coordinates></LineString></Placemark><Placemark><name>Ruta día 10</name><styleUrl>#dia10</styleUrl><ExtendedData><Data name="INGENIO"><value>Castilla</value></Data><Data name="DIA"><value>10</value></Data><Data name="PUNTOS"><value>CC-030, CC-006, CC-024</value></Data><Data name="N_PUNTOS"><value>3</value></Data><Data name="KM"><value>80.1</value></Data><Data name="HORAS_TOTALES"><value>7.45</value></Data><Data name="REGRESO"><value>13:57</value></Data><Data name="PEAJES"><value>1</value></Data><Data name="COSTO_COP"><value>533434</value></Data></ExtendedData><LineString><tessellate>1</tessellate><coordinates>-76.287901,3.368380,0 -76.287901,3.368380,0 -76.288065,3.368321,0 -76.288845,3.367668,0 -76.288859,3.366551,0 -76.289351,3.366508,0 -76.289568,3.366499,0 -76.290107,3.366450,0 -76.290313,3.366434,0 -76.290385,3.366430,0 -76.290403,3.366269,0 -76.290666,3.363704,0 -76.290876,3.361761,0 -76.290912,3.361622,0 -76.290977,3.361495,0 -76.291068,3.361385,0 -76.291934,3.360455,0 -76.292576,3.359765,0 -76.292708,3.359558,0 -76.292824,3.359360,0 -76.292923,3.359131,0 -76.293002,3.359044,0 -76.293043,3.358996,0 -76.293610,3.358357,0 -76.293966,3.357956,0 -76.294047,3.357856,0 -76.294746,3.357097,0 -76.295061,3.356754,0 -76.295196,3.356663,0 -76.295343,3.356594,0 -76.295499,3.356548,0 -76.295661,3.356526,0 -76.295823,3.356528,0 -76.296130,3.356674,0 -76.296443,3.356805,0 -76.296909,3.356955,0 -76.297194,3.357047,0 -76.298997,3.357603,0 -76.299763,3.357837,0 -76.301062,3.358242,0 -76.302541,3.358695,0 -76.302752,3.358782,0 -76.302889,3.358854,0 -76.303261,3.359050,0 -76.303509,3.359273,0 -76.303864,3.359602,0 -76.304108,3.359860,0 -76.304196,3.359953,0 -76.304502,3.360267,0 -76.304959,3.360740,0 -76.306812,3.362660,0 -76.307356,3.363232,0 -76.308181,3.364074,0 -76.308612,3.364536,0 -76.308786,3.364710,0 -76.309864,3.365792,0 -76.309918,3.365846,0 -76.310083,3.366012,0 -76.310925,3.366923,0 -76.311419,3.367423,0 -76.311718,3.367736,0 -76.311795,3.367816,0 -76.312170,3.368210,0 -76.312481,3.368541,0 -76.312878,3.368945,0 -76.313114,3.369178,0 -76.313379,3.369440,0 -76.314104,3.370203,0 -76.315010,3.371132,0 -76.315458,3.371593,0 -76.315705,3.371796,0 -76.315979,3.371993,0 -76.316298,3.372199,0 -76.317749,3.373004,0 -76.318544,3.373429,0 -76.318631,3.373476,0 -76.319083,3.373723,0 -76.320155,3.374329,0 -76.321129,3.374861,0 -76.321449,3.375013,0 -76.321667,3.375117,0 -76.322065,3.375289,0 -76.322238,3.375345,0 -76.322612,3.375465,0 -76.323851,3.375809,0 -76.324662,3.376071,0 -76.324900,3.376139,0 -76.325133,3.376240,0 -76.325350,3.376346,0 -76.325836,3.376662,0 -76.325999,3.376774,0 -76.326672,3.377241,0 -76.327320,3.377687,0 -76.327421,3.377754,0 -76.327567,3.377861,0 -76.327692,3.377947,0 -76.328147,3.378256,0 -76.328338,3.378387,0 -76.328746,3.378655,0 -76.329435,3.379125,0 -76.329642,3.379287,0 -76.329816,3.379441,0 -76.329950,3.379604,0 -76.330154,3.379869,0 -76.330497,3.380399,0 -76.330898,3.380948,0 -76.330924,3.380983,0 -76.331444,3.381789,0 -76.331611,3.382022,0 -76.332047,3.382630,0 -76.332333,3.383030,0 -76.332721,3.383538,0 -76.333351,3.384389,0 -76.334000,3.385265,0 -76.334435,3.385856,0 -76.334867,3.386440,0 -76.335239,3.386890,0 -76.335551,3.387235,0 -76.335870,3.387538,0 -76.336361,3.387958,0 -76.336814,3.388336,0 -76.337705,3.389081,0 -76.338300,3.389561,0 -76.338658,3.389856,0 -76.338879,3.390016,0 -76.339109,3.390163,0 -76.339422,3.390330,0 -76.339795,3.390504,0 -76.340179,3.390649,0 -76.340544,3.390769,0 -76.340762,3.390843,0 -76.341500,3.391085,0 -76.342423,3.391379,0 -76.343750,3.391808,0 -76.344638,3.392090,0 -76.345733,3.392448,0 -76.346393,3.392661,0 -76.347022,3.392886,0 -76.347195,3.392960,0 -76.347263,3.392989,0 -76.347759,3.393218,0 -76.348165,3.393419,0 -76.348777,3.393712,0 -76.349820,3.394213,0 -76.351322,3.394930,0 -76.351714,3.395108,0 -76.351934,3.395191,0 -76.352061,3.395237,0 -76.352191,3.395314,0 -76.352240,3.395349,0 -76.352301,3.395410,0 -76.352352,3.395478,0 -76.352392,3.395568,0 -76.352414,3.395648,0 -76.352419,3.395720,0 -76.352416,3.395784,0 -76.352411,3.395869,0 -76.352414,3.395957,0 -76.352435,3.396052,0 -76.352489,3.396157,0 -76.352569,3.396238,0 -76.352688,3.396310,0 -76.352875,3.396375,0 -76.353307,3.396454,0 -76.353395,3.396485,0 -76.353456,3.396523,0 -76.353502,3.396563,0 -76.353562,3.396640,0 -76.353601,3.396728,0 -76.353616,3.396801,0 -76.353611,3.396923,0 -76.353472,3.397548,0 -76.353221,3.398533,0 -76.353068,3.399183,0 -76.352902,3.399842,0 -76.352513,3.401442,0 -76.352284,3.402253,0 -76.352044,3.403241,0 -76.351885,3.403894,0 -76.351789,3.404314,0 -76.351692,3.404728,0 -76.351473,3.405720,0 -76.351409,3.406270,0 -76.351339,3.407035,0 -76.351320,3.407627,0 -76.351302,3.408335,0 -76.351289,3.408667,0 -76.351271,3.408930,0 -76.351229,3.409212,0 -76.351191,3.409369,0 -76.351008,3.410030,0 -76.350881,3.410433,0 -76.350755,3.410834,0 -76.350477,3.411661,0 -76.350197,3.412512,0 -76.349574,3.414414,0 -76.349487,3.414811,0 -76.349460,3.415043,0 -76.349450,3.415291,0 -76.349450,3.415358,0 -76.349461,3.415567,0 -76.349466,3.415611,0 -76.349550,3.416087,0 -76.349632,3.416356,0 -76.349711,3.416684,0 -76.350021,3.417650,0 -76.350308,3.418559,0 -76.350394,3.418826,0 -76.350472,3.419038,0 -76.350534,3.419256,0 -76.350580,3.419477,0 -76.350609,3.419701,0 -76.350621,3.419927,0 -76.350617,3.420153,0 -76.350596,3.420378,0 -76.350558,3.420601,0 -76.350505,3.420820,0 -76.350435,3.421035,0 -76.350349,3.421245,0 -76.350248,3.421447,0 -76.350197,3.421576,0 -76.349952,3.422158,0 -76.349831,3.422486,0 -76.349777,3.422661,0 -76.349689,3.423199,0 -76.349675,3.423641,0 -76.349702,3.424093,0 -76.349745,3.424497,0 -76.349842,3.425240,0 -76.349879,3.425667,0 -76.349908,3.425975,0 -76.349967,3.426741,0 -76.350056,3.427281,0 -76.350063,3.427596,0 -76.350049,3.427807,0 -76.350016,3.428049,0 -76.349966,3.428281,0 -76.349904,3.428491,0 -76.349828,3.428693,0 -76.349762,3.428841,0 -76.349675,3.429009,0 -76.349573,3.429180,0 -76.349238,3.429697,0 -76.348876,3.430270,0 -76.347947,3.431660,0 -76.347815,3.431875,0 -76.347398,3.432552,0 -76.347025,3.433159,0 -76.346636,3.433780,0 -76.346411,3.434139,0 -76.346320,3.434267,0 -76.345781,3.435167,0 -76.345589,3.435600,0 -76.345569,3.435646,0 -76.343526,3.440793,0 -76.343471,3.440929,0 -76.343300,3.441353,0 -76.343039,3.441998,0 -76.342749,3.442715,0 -76.342390,3.443601,0 -76.341617,3.445512,0 -76.341518,3.445760,0 -76.340350,3.448677,0 -76.339873,3.449916,0 -76.338125,3.454234,0 -76.337631,3.455467,0 -76.337480,3.455845,0 -76.337060,3.456893,0 -76.336645,3.457930,0 -76.336488,3.458310,0 -76.336353,3.458663,0 -76.336269,3.458887,0 -76.336179,3.459123,0 -76.336076,3.459395,0 -76.335790,3.460113,0 -76.335625,3.460598,0 -76.335382,3.461049,0 -76.335321,3.461139,0 -76.335194,3.461307,0 -76.335056,3.461467,0 -76.335001,3.461525,0 -76.334932,3.461603,0 -76.334621,3.461998,0 -76.334598,3.462031,0 -76.334062,3.462779,0 -76.333813,3.463127,0 -76.333708,3.463273,0 -76.333357,3.463764,0 -76.332735,3.464632,0 -76.332599,3.464823,0 -76.332096,3.465520,0 -76.331964,3.465780,0 -76.331830,3.466103,0 -76.331760,3.466307,0 -76.331683,3.466580,0 -76.331600,3.467010,0 -76.331310,3.468328,0 -76.330799,3.469773,0 -76.330672,3.470205,0 -76.330629,3.470411,0 -76.330594,3.470626,0 -76.330538,3.470990,0 -76.330485,3.471868,0 -76.330472,3.472010,0 -76.330456,3.472180,0 -76.330423,3.472521,0 -76.330356,3.473237,0 -76.330322,3.473587,0 -76.330189,3.474993,0 -76.330033,3.476593,0 -76.329899,3.477787,0 -76.329715,3.479319,0 -76.329572,3.480548,0 -76.329311,3.482258,0 -76.329213,3.482901,0 -76.329130,3.483186,0 -76.329052,3.483387,0 -76.328908,3.483794,0 -76.328757,3.484223,0 -76.328647,3.484446,0 -76.327853,3.485602,0 -76.327428,3.486268,0 -76.326843,3.487158,0 -76.326721,3.487449,0 -76.326662,3.487883,0 -76.326705,3.488247,0 -76.326938,3.489061,0 -76.327032,3.489388,0 -76.327080,3.489562,0 -76.327576,3.490898,0 -76.327622,3.491007,0 -76.327928,3.491825,0 -76.328172,3.492659,0 -76.328660,3.494287,0 -76.329135,3.495930,0 -76.329371,3.496754,0 -76.329626,3.497575,0 -76.330542,3.499825,0 -76.331026,3.500939,0 -76.331262,3.501502,0 -76.331490,3.502088,0 -76.331908,3.503097,0 -76.332353,3.504118,0 -76.333316,3.506041,0 -76.334311,3.507965,0 -76.334352,3.508045,0 -76.336586,3.512417,0 -76.336717,3.512668,0 -76.336918,3.513057,0 -76.337538,3.514355,0 -76.337661,3.514733,0 -76.337747,3.515217,0 -76.337780,3.515764,0 -76.337712,3.518625,0 -76.337672,3.520564,0 -76.337667,3.520698,0 -76.337652,3.521273,0 -76.337615,3.522324,0 -76.337552,3.523991,0 -76.337541,3.524240,0 -76.337528,3.524775,0 -76.337533,3.525503,0 -76.337510,3.525644,0 -76.337456,3.525775,0 -76.337373,3.525891,0 -76.337266,3.525985,0 -76.337140,3.526053,0 -76.337003,3.526090,0 -76.336860,3.526095,0 -76.336720,3.526067,0 -76.336590,3.526009,0 -76.336477,3.525922,0 -76.336387,3.525812,0 -76.336323,3.525684,0 -76.336291,3.525546,0 -76.336291,3.525404,0 -76.336323,3.525265,0 -76.336387,3.525137,0 -76.336477,3.525027,0 -76.336590,3.524941,0 -76.336720,3.524882,0 -76.336855,3.524840,0 -76.338204,3.524508,0 -76.340615,3.524022,0 -76.341818,3.523785,0 -76.343190,3.523510,0 -76.343241,3.523500,0 -76.343319,3.523484,0 -76.343393,3.523469,0 -76.343454,3.523457,0 -76.344567,3.523235,0 -76.352704,3.521410,0 -76.354788,3.521085,0 -76.355537,3.520966,0 -76.356640,3.520793,0 -76.357476,3.520661,0 -76.358790,3.520390,0 -76.360235,3.520005,0 -76.361971,3.519615,0 -76.362245,3.519549,0 -76.362373,3.519510,0 -76.362611,3.519430,0 -76.362874,3.519351,0 -76.363792,3.519134,0 -76.364687,3.518911,0 -76.369659,3.517594,0 -76.372727,3.516852,0 -76.378758,3.515524,0 -76.380805,3.514942,0 -76.382453,3.514533,0 -76.383977,3.514193,0 -76.385016,3.513998,0 -76.386059,3.513847,0 -76.387361,3.513581,0 -76.390876,3.512781,0 -76.391791,3.512580,0 -76.391917,3.512557,0 -76.392573,3.512420,0 -76.393683,3.512225,0 -76.394117,3.512150,0 -76.394930,3.512019,0 -76.395520,3.511925,0 -76.395838,3.511879,0 -76.396641,3.511763,0 -76.396989,3.511709,0 -76.398179,3.511437,0 -76.398637,3.511336,0 -76.400168,3.510974,0 -76.400592,3.510850,0 -76.403118,3.509902,0 -76.403374,3.509821,0 -76.403846,3.509681,0 -76.404242,3.509916,0 -76.404128,3.509991,0 -76.404088,3.510038,0 -76.404068,3.510217,0 -76.404120,3.510380,0 -76.404285,3.510688,0 -76.404372,3.510756,0 -76.404454,3.510783,0 -76.404548,3.510796,0 -76.404548,3.510796,0 -76.405106,3.510747,0 -76.405402,3.510694,0 -76.405631,3.510566,0 -76.405684,3.510487,0 -76.405698,3.510389,0 -76.405668,3.510005,0 -76.405610,3.509759,0 -76.405519,3.509678,0 -76.405370,3.509649,0 -76.405465,3.509538,0 -76.405706,3.509267,0 -76.408033,3.508733,0 -76.410649,3.508175,0 -76.410927,3.508116,0 -76.411236,3.508050,0 -76.414818,3.507336,0 -76.416334,3.506977,0 -76.418765,3.506436,0 -76.420918,3.505957,0 -76.424179,3.505278,0 -76.425383,3.505035,0 -76.426036,3.504908,0 -76.426236,3.504869,0 -76.426531,3.504813,0 -76.426771,3.504765,0 -76.427958,3.504536,0 -76.430673,3.504008,0 -76.432323,3.503692,0 -76.433244,3.503470,0 -76.434418,3.503203,0 -76.434653,3.503197,0 -76.434728,3.503197,0 -76.434806,3.503200,0 -76.434876,3.503208,0 -76.434975,3.503234,0 -76.435081,3.503287,0 -76.435171,3.503352,0 -76.435248,3.503427,0 -76.435302,3.503507,0 -76.435350,3.503612,0 -76.435377,3.503703,0 -76.435390,3.503790,0 -76.435385,3.503898,0 -76.435366,3.504007,0 -76.435317,3.504112,0 -76.435254,3.504209,0 -76.435186,3.504280,0 -76.435114,3.504345,0 -76.435006,3.504395,0 -76.434891,3.504430,0 -76.434790,3.504442,0 -76.434690,3.504437,0 -76.434578,3.504410,0 -76.434497,3.504371,0 -76.434411,3.504315,0 -76.434334,3.504244,0 -76.434264,3.504150,0 -76.434178,3.503960,0 -76.434079,3.503494,0 -76.433958,3.502972,0 -76.433851,3.502536,0 -76.433829,3.502407,0 -76.433821,3.502297,0 -76.433827,3.502220,0 -76.433853,3.502133,0 -76.433886,3.502046,0 -76.433950,3.501933,0 -76.434027,3.501857,0 -76.434111,3.501794,0 -76.434188,3.501750,0 -76.434269,3.501718,0 -76.434344,3.501708,0 -76.434419,3.501702,0 -76.434497,3.501702,0 -76.434574,3.501718,0 -76.434658,3.501748,0 -76.434723,3.501783,0 -76.434795,3.501826,0 -76.434851,3.501874,0 -76.434896,3.501935,0 -76.434950,3.502018,0 -76.434990,3.502109,0 -76.435023,3.502209,0 -76.435036,3.502313,0 -76.435030,3.502414,0 -76.434996,3.502532,0 -76.434948,3.502637,0 -76.434900,3.502718,0 -76.434811,3.502809,0 -76.434730,3.502869,0 -76.434644,3.502918,0 -76.434496,3.502982,0 -76.433094,3.503282,0 -76.432196,3.503492,0 -76.431273,3.503696,0 -76.427266,3.504436,0 -76.426356,3.504613,0 -76.425992,3.504686,0 -76.425372,3.504803,0 -76.424149,3.505055,0 -76.420855,3.505729,0 -76.420804,3.505620,0 -76.420777,3.505602,0 -76.420761,3.505581,0 -76.420673,3.505378,0 -76.420563,3.505199,0 -76.420303,3.504904,0 -76.419630,3.504287,0 -76.419520,3.504262,0 -76.419399,3.504296,0 -76.418215,3.504791,0 -76.417879,3.504916,0 -76.417212,3.504986,0 -76.417137,3.504984,0 -76.417060,3.504965,0 -76.416061,3.504568,0 -76.415927,3.504528,0 -76.415806,3.504549,0 -76.415699,3.504600,0 -76.415446,3.504720,0 -76.415329,3.504699,0 -76.415267,3.504614,0 -76.414978,3.503453,0 -76.414905,3.503221,0 -76.414817,3.503168,0 -76.414697,3.503178,0 -76.414044,3.503351,0 -76.413765,3.503378,0 -76.412873,3.503333,0 -76.412506,3.503234,0 -76.412160,3.503176,0 -76.411825,3.503127,0 -76.411462,3.503074,0 -76.411194,3.503028,0 -76.410895,3.502945,0 -76.410368,3.502739,0 -76.410331,3.502696,0 -76.410276,3.502663,0 -76.410139,3.502546,0 -76.408918,3.501664,0 -76.407942,3.500927,0 -76.406321,3.499984,0 -76.406236,3.499939,0 -76.406132,3.499903,0 -76.405705,3.499849,0 -76.405281,3.499840,0 -76.404275,3.499746,0 -76.403664,3.499642,0 -76.403093,3.499548,0 -76.403066,3.499518,0 -76.403046,3.499468,0 -76.402956,3.499280,0 -76.402749,3.498747,0 -76.402395,3.498042,0 -76.402351,3.497980,0 -76.402309,3.497939,0 -76.401585,3.497179,0 -76.400512,3.496006,0 -76.400455,3.495968,0 -76.400394,3.495962,0 -76.399845,3.496022,0 -76.399320,3.496076,0 -76.399195,3.496082,0 -76.396867,3.495932,0 -76.399195,3.496082,0 -76.399320,3.496076,0 -76.399845,3.496022,0 -76.400394,3.495962,0 -76.400455,3.495968,0 -76.400512,3.496006,0 -76.401585,3.497179,0 -76.402309,3.497939,0 -76.402351,3.497980,0 -76.402395,3.498042,0 -76.402749,3.498747,0 -76.402956,3.499280,0 -76.403046,3.499468,0 -76.403066,3.499518,0 -76.403093,3.499548,0 -76.403664,3.499642,0 -76.404275,3.499746,0 -76.405281,3.499840,0 -76.405705,3.499849,0 -76.406132,3.499903,0 -76.406236,3.499939,0 -76.406321,3.499984,0 -76.407942,3.500927,0 -76.408847,3.501610,0 -76.408918,3.501664,0 -76.410139,3.502546,0 -76.410276,3.502663,0 -76.410331,3.502696,0 -76.410368,3.502739,0 -76.410895,3.502945,0 -76.411194,3.503028,0 -76.411462,3.503074,0 -76.411825,3.503127,0 -76.412160,3.503176,0 -76.412506,3.503234,0 -76.412873,3.503333,0 -76.413765,3.503378,0 -76.414044,3.503351,0 -76.414697,3.503178,0 -76.414817,3.503168,0 -76.414817,3.503168,0 -76.414905,3.503221,0 -76.414978,3.503453,0 -76.415267,3.504614,0 -76.415329,3.504699,0 -76.415446,3.504720,0 -76.415699,3.504600,0 -76.415806,3.504549,0 -76.415927,3.504528,0 -76.416061,3.504568,0 -76.417060,3.504965,0 -76.417137,3.504984,0 -76.417212,3.504986,0 -76.417879,3.504916,0 -76.418215,3.504791,0 -76.419399,3.504296,0 -76.419520,3.504262,0 -76.419630,3.504287,0 -76.420303,3.504904,0 -76.420563,3.505199,0 -76.420673,3.505378,0 -76.420761,3.505581,0 -76.420777,3.505602,0 -76.420804,3.505620,0 -76.420855,3.505729,0 -76.418715,3.506186,0 -76.416286,3.506744,0 -76.414837,3.507099,0 -76.414676,3.507137,0 -76.411116,3.507853,0 -76.407986,3.508526,0 -76.404524,3.509325,0 -76.403784,3.509471,0 -76.403281,3.509607,0 -76.403046,3.509687,0 -76.400518,3.510640,0 -76.400071,3.510769,0 -76.398641,3.511094,0 -76.396913,3.511476,0 -76.396338,3.511562,0 -76.395856,3.511625,0 -76.392701,3.512159,0 -76.391204,3.512468,0 -76.386620,3.513516,0 -76.384870,3.513786,0 -76.383275,3.514110,0 -76.383097,3.514147,0 -76.381167,3.514611,0 -76.380419,3.514809,0 -76.379311,3.515126,0 -76.379025,3.515203,0 -76.378721,3.515275,0 -76.378375,3.515336,0 -76.378005,3.515392,0 -76.377532,3.515469,0 -76.376646,3.515619,0 -76.370997,3.516887,0 -76.367881,3.517612,0 -76.365579,3.518200,0 -76.362414,3.518957,0 -76.361158,3.519226,0 -76.360326,3.519475,0 -76.359309,3.519839,0 -76.358629,3.520124,0 -76.358073,3.520315,0 -76.357594,3.520422,0 -76.357136,3.520503,0 -76.356607,3.520576,0 -76.356473,3.520587,0 -76.355722,3.520704,0 -76.355047,3.520701,0 -76.354734,3.520702,0 -76.354566,3.520718,0 -76.354242,3.520780,0 -76.351736,3.521364,0 -76.345592,3.522696,0 -76.344784,3.522871,0 -76.342764,3.523309,0 -76.341713,3.523537,0 -76.341277,3.523631,0 -76.340470,3.523795,0 -76.340304,3.523767,0 -76.339761,3.523897,0 -76.339587,3.523904,0 -76.339452,3.523867,0 -76.339346,3.523807,0 -76.339247,3.523712,0 -76.339173,3.523596,0 -76.339038,3.523293,0 -76.338944,3.523150,0 -76.338844,3.523055,0 -76.338713,3.522965,0 -76.338559,3.522904,0 -76.338367,3.522888,0 -76.338241,3.522860,0 -76.338037,3.522751,0 -76.337951,3.522663,0 -76.337889,3.522565,0 -76.337846,3.522446,0 -76.337830,3.522191,0 -76.337771,3.521948,0 -76.337816,3.520711,0 -76.337820,3.520577,0 -76.337879,3.518507,0 -76.337887,3.518287,0 -76.337924,3.517059,0 -76.337930,3.516691,0 -76.337944,3.515884,0 -76.337951,3.515413,0 -76.337814,3.514674,0 -76.337235,3.513373,0 -76.336854,3.512626,0 -76.336736,3.512398,0 -76.334483,3.507997,0 -76.334445,3.507922,0 -76.332761,3.504643,0 -76.332174,3.503367,0 -76.331914,3.502743,0 -76.331644,3.502114,0 -76.331183,3.500972,0 -76.330685,3.499850,0 -76.330228,3.498715,0 -76.329768,3.497577,0 -76.329500,3.496753,0 -76.329265,3.495922,0 -76.328785,3.494262,0 -76.328547,3.493426,0 -76.328287,3.492606,0 -76.328043,3.491776,0 -76.327740,3.490962,0 -76.327705,3.490866,0 -76.327660,3.490732,0 -76.327556,3.490365,0 -76.327493,3.489987,0 -76.327504,3.488713,0 -76.327550,3.488349,0 -76.327833,3.487163,0 -76.328022,3.486518,0 -76.328260,3.485786,0 -76.328757,3.484223,0 -76.328908,3.483794,0 -76.329052,3.483387,0 -76.329130,3.483186,0 -76.329213,3.482901,0 -76.329311,3.482258,0 -76.329572,3.480548,0 -76.329715,3.479319,0 -76.329899,3.477787,0 -76.330033,3.476593,0 -76.330189,3.474993,0 -76.330322,3.473587,0 -76.330356,3.473237,0 -76.330423,3.472521,0 -76.330456,3.472180,0 -76.330472,3.472010,0 -76.330485,3.471868,0 -76.330538,3.470990,0 -76.330594,3.470626,0 -76.330629,3.470411,0 -76.330672,3.470205,0 -76.330799,3.469773,0 -76.331310,3.468328,0 -76.331600,3.467010,0 -76.331683,3.466580,0 -76.331760,3.466307,0 -76.331830,3.466103,0 -76.331964,3.465780,0 -76.332096,3.465520,0 -76.332599,3.464823,0 -76.332735,3.464632,0 -76.333357,3.463764,0 -76.333708,3.463273,0 -76.333813,3.463127,0 -76.334062,3.462779,0 -76.334598,3.462031,0 -76.334621,3.461998,0 -76.334932,3.461603,0 -76.335001,3.461525,0 -76.335056,3.461467,0 -76.335194,3.461307,0 -76.335321,3.461139,0 -76.335382,3.461049,0 -76.335625,3.460598,0 -76.335790,3.460113,0 -76.336111,3.459582,0 -76.336178,3.459437,0 -76.336287,3.459158,0 -76.336340,3.458998,0 -76.336400,3.458778,0 -76.336488,3.458310,0 -76.336645,3.457930,0 -76.337060,3.456893,0 -76.337480,3.455845,0 -76.337631,3.455467,0 -76.338125,3.454234,0 -76.339873,3.449916,0 -76.340350,3.448677,0 -76.341518,3.445760,0 -76.341617,3.445512,0 -76.342390,3.443601,0 -76.342749,3.442715,0 -76.343039,3.441998,0 -76.343300,3.441353,0 -76.343471,3.440929,0 -76.343526,3.440793,0 -76.345569,3.435646,0 -76.345589,3.435600,0 -76.345781,3.435167,0 -76.346320,3.434267,0 -76.346411,3.434139,0 -76.346636,3.433780,0 -76.347025,3.433159,0 -76.347398,3.432552,0 -76.347815,3.431875,0 -76.347947,3.431660,0 -76.348876,3.430270,0 -76.349238,3.429697,0 -76.349573,3.429180,0 -76.349675,3.429009,0 -76.349762,3.428841,0 -76.349828,3.428693,0 -76.349904,3.428491,0 -76.349966,3.428281,0 -76.350016,3.428049,0 -76.350049,3.427807,0 -76.350063,3.427596,0 -76.350056,3.427281,0 -76.349967,3.426741,0 -76.349908,3.425975,0 -76.349879,3.425667,0 -76.349842,3.425240,0 -76.349745,3.424497,0 -76.349702,3.424093,0 -76.349675,3.423641,0 -76.349689,3.423199,0 -76.349777,3.422661,0 -76.349831,3.422486,0 -76.349952,3.422158,0 -76.350197,3.421576,0 -76.350248,3.421447,0 -76.350349,3.421245,0 -76.350435,3.421035,0 -76.350505,3.420820,0 -76.350558,3.420601,0 -76.350596,3.420378,0 -76.350617,3.420153,0 -76.350621,3.419927,0 -76.350609,3.419701,0 -76.350580,3.419477,0 -76.350534,3.419256,0 -76.350472,3.419038,0 -76.350394,3.418826,0 -76.350346,3.418566,0 -76.350311,3.418318,0 -76.350300,3.418049,0 -76.350313,3.417833,0 -76.350338,3.417524,0 -76.350348,3.417284,0 -76.350343,3.417035,0 -76.350308,3.416780,0 -76.350265,3.416550,0 -76.350052,3.416064,0 -76.349898,3.415556,0 -76.349809,3.415127,0 -76.349798,3.414873,0 -76.349801,3.414695,0 -76.349834,3.414485,0 -76.349866,3.414306,0 -76.350018,3.413782,0 -76.350485,3.412251,0 -76.350882,3.411001,0 -76.351153,3.410198,0 -76.351385,3.409372,0 -76.351435,3.409047,0 -76.351459,3.408695,0 -76.351528,3.407487,0 -76.351603,3.406130,0 -76.351661,3.405700,0 -76.351737,3.405356,0 -76.351884,3.404767,0 -76.351976,3.404380,0 -76.352092,3.403822,0 -76.352162,3.403415,0 -76.352237,3.403048,0 -76.352292,3.402743,0 -76.352419,3.402221,0 -76.352603,3.401493,0 -76.352985,3.399956,0 -76.353339,3.398820,0 -76.353454,3.398407,0 -76.353507,3.398217,0 -76.353639,3.397681,0 -76.353785,3.397124,0 -76.353829,3.396957,0 -76.353869,3.396723,0 -76.353932,3.396325,0 -76.353959,3.396130,0 -76.353985,3.395816,0 -76.353992,3.395706,0 -76.353998,3.395597,0 -76.354002,3.395464,0 -76.354031,3.395383,0 -76.354060,3.395295,0 -76.354115,3.395205,0 -76.354173,3.395145,0 -76.354268,3.395082,0 -76.354329,3.395058,0 -76.354420,3.395040,0 -76.354497,3.395039,0 -76.355058,3.395140,0 -76.355133,3.395174,0 -76.355190,3.395215,0 -76.355249,3.395280,0 -76.355295,3.395368,0 -76.355316,3.395459,0 -76.355314,3.395556,0 -76.355285,3.395650,0 -76.355239,3.395727,0 -76.355183,3.395784,0 -76.355100,3.395837,0 -76.355025,3.395862,0 -76.354948,3.395871,0 -76.354897,3.395874,0 -76.354155,3.395719,0 -76.353713,3.395641,0 -76.353554,3.395610,0 -76.352988,3.395506,0 -76.352722,3.395442,0 -76.352346,3.395317,0 -76.352061,3.395237,0 -76.351934,3.395191,0 -76.351714,3.395108,0 -76.351322,3.394930,0 -76.349820,3.394213,0 -76.348777,3.393712,0 -76.348165,3.393419,0 -76.347759,3.393218,0 -76.347263,3.392989,0 -76.347195,3.392960,0 -76.347022,3.392886,0 -76.346393,3.392661,0 -76.345733,3.392448,0 -76.344638,3.392090,0 -76.343750,3.391808,0 -76.342423,3.391379,0 -76.341500,3.391085,0 -76.340762,3.390843,0 -76.340544,3.390769,0 -76.340179,3.390649,0 -76.339795,3.390504,0 -76.339422,3.390330,0 -76.339109,3.390163,0 -76.338879,3.390016,0 -76.338658,3.389856,0 -76.338300,3.389561,0 -76.337705,3.389081,0 -76.336814,3.388336,0 -76.336361,3.387958,0 -76.335870,3.387538,0 -76.335551,3.387235,0 -76.335239,3.386890,0 -76.334867,3.386440,0 -76.334435,3.385856,0 -76.334000,3.385265,0 -76.333351,3.384389,0 -76.332721,3.383538,0 -76.332333,3.383030,0 -76.332047,3.382630,0 -76.331611,3.382022,0 -76.331444,3.381789,0 -76.330924,3.380983,0 -76.330898,3.380948,0 -76.330497,3.380399,0 -76.330154,3.379869,0 -76.329950,3.379604,0 -76.329816,3.379441,0 -76.329642,3.379287,0 -76.329435,3.379125,0 -76.328746,3.378655,0 -76.328338,3.378387,0 -76.328147,3.378256,0 -76.327692,3.377947,0 -76.327567,3.377861,0 -76.327421,3.377754,0 -76.327320,3.377687,0 -76.326672,3.377241,0 -76.325999,3.376774,0 -76.325836,3.376662,0 -76.325350,3.376346,0 -76.325133,3.376240,0 -76.324900,3.376139,0 -76.324662,3.376071,0 -76.323851,3.375809,0 -76.322612,3.375465,0 -76.322238,3.375345,0 -76.322065,3.375289,0 -76.321667,3.375117,0 -76.321449,3.375013,0 -76.321129,3.374861,0 -76.320155,3.374329,0 -76.319083,3.373723,0 -76.318631,3.373476,0 -76.318544,3.373429,0 -76.317749,3.373004,0 -76.316298,3.372199,0 -76.315979,3.371993,0 -76.315705,3.371796,0 -76.315458,3.371593,0 -76.315010,3.371132,0 -76.314104,3.370203,0 -76.313379,3.369440,0 -76.313114,3.369178,0 -76.312878,3.368945,0 -76.312481,3.368541,0 -76.312170,3.368210,0 -76.311795,3.367816,0 -76.311718,3.367736,0 -76.311419,3.367423,0 -76.310925,3.366923,0 -76.310083,3.366012,0 -76.309918,3.365846,0 -76.309864,3.365792,0 -76.308786,3.364710,0 -76.308612,3.364536,0 -76.308181,3.364074,0 -76.307356,3.363232,0 -76.306812,3.362660,0 -76.304959,3.360740,0 -76.304502,3.360267,0 -76.304196,3.359953,0 -76.304108,3.359860,0 -76.303864,3.359602,0 -76.303509,3.359273,0 -76.303261,3.359050,0 -76.302889,3.358854,0 -76.302752,3.358782,0 -76.302541,3.358695,0 -76.301062,3.358242,0 -76.299763,3.357837,0 -76.298997,3.357603,0 -76.297194,3.357047,0 -76.296909,3.356955,0 -76.296443,3.356805,0 -76.296130,3.356674,0 -76.295823,3.356528,0 -76.295464,3.356309,0 -76.295061,3.356754,0 -76.294746,3.357097,0 -76.294047,3.357856,0 -76.293966,3.357956,0 -76.293610,3.358357,0 -76.293043,3.358996,0 -76.293002,3.359044,0 -76.292923,3.359131,0 -76.292824,3.359360,0 -76.292708,3.359558,0 -76.292576,3.359765,0 -76.291934,3.360455,0 -76.291068,3.361385,0 -76.290977,3.361495,0 -76.290912,3.361622,0 -76.290876,3.361761,0 -76.290666,3.363704,0 -76.290403,3.366269,0 -76.290312,3.366275,0 -76.290110,3.366293,0 -76.289335,3.366370,0 -76.288847,3.366437,0 -76.288859,3.366551,0 -76.288845,3.367668,0 -76.288065,3.368321,0 -76.287901,3.368380,0 -76.287901,3.368380,0</coordinates></LineString></Placemark><Placemark><name>Ruta día 11</name><styleUrl>#dia11</styleUrl><ExtendedData><Data name="INGENIO"><value>Castilla</value></Data><Data name="DIA"><value>11</value></Data><Data name="PUNTOS"><value>CC-025, CC-043, CC-022</value></Data><Data name="N_PUNTOS"><value>3</value></Data><Data name="KM"><value>88.2</value></Data><Data name="HORAS_TOTALES"><value>7.75</value></Data><Data name="REGRESO"><value>14:14</value></Data><Data name="PEAJES"><value>0</value></Data><Data name="COSTO_COP"><value>522063</value></Data></ExtendedData><LineString><tessellate>1</tessellate><coordinates>-76.287901,3.368380,0 -76.287901,3.368380,0 -76.288065,3.368321,0 -76.288845,3.367668,0 -76.288859,3.366551,0 -76.289351,3.366508,0 -76.289568,3.366499,0 -76.290107,3.366450,0 -76.290313,3.366434,0 -76.290385,3.366430,0 -76.290403,3.366269,0 -76.290666,3.363704,0 -76.290876,3.361761,0 -76.290912,3.361622,0 -76.290977,3.361495,0 -76.291068,3.361385,0 -76.291934,3.360455,0 -76.292576,3.359765,0 -76.292708,3.359558,0 -76.292824,3.359360,0 -76.292923,3.359131,0 -76.293002,3.359044,0 -76.293043,3.358996,0 -76.293610,3.358357,0 -76.293966,3.357956,0 -76.294047,3.357856,0 -76.294746,3.357097,0 -76.295061,3.356754,0 -76.295464,3.356309,0 -76.294712,3.355699,0 -76.294234,3.355316,0 -76.294167,3.355255,0 -76.292512,3.353908,0 -76.292019,3.353501,0 -76.291007,3.352668,0 -76.289352,3.351337,0 -76.288765,3.350861,0 -76.288446,3.350638,0 -76.287917,3.350380,0 -76.286391,3.349768,0 -76.285152,3.349316,0 -76.284652,3.349126,0 -76.284139,3.348973,0 -76.283617,3.348855,0 -76.283088,3.348773,0 -76.280233,3.348407,0 -76.278668,3.348207,0 -76.277906,3.348092,0 -76.277142,3.347891,0 -76.271614,3.345063,0 -76.270852,3.344698,0 -76.269885,3.344236,0 -76.269437,3.344131,0 -76.268975,3.344062,0 -76.268380,3.344118,0 -76.268047,3.344190,0 -76.267754,3.344303,0 -76.267254,3.344565,0 -76.266449,3.345210,0 -76.265210,3.346253,0 -76.264880,3.346376,0 -76.264758,3.346431,0 -76.264629,3.346470,0 -76.264580,3.346462,0 -76.264531,3.346463,0 -76.264482,3.346472,0 -76.264436,3.346489,0 -76.264310,3.346455,0 -76.264193,3.346402,0 -76.263889,3.346237,0 -76.263637,3.346040,0 -76.262736,3.344921,0 -76.262272,3.344425,0 -76.261774,3.344013,0 -76.261327,3.343699,0 -76.258828,3.341936,0 -76.257920,3.341306,0 -76.257612,3.341091,0 -76.256981,3.340640,0 -76.254273,3.338701,0 -76.253972,3.338444,0 -76.253368,3.337611,0 -76.252642,3.336670,0 -76.252089,3.335906,0 -76.251998,3.335776,0 -76.251546,3.335150,0 -76.250916,3.334343,0 -76.250367,3.333645,0 -76.250261,3.333536,0 -76.250102,3.333369,0 -76.250022,3.333292,0 -76.249939,3.333207,0 -76.249888,3.333160,0 -76.249280,3.332567,0 -76.248596,3.331920,0 -76.248101,3.331462,0 -76.247912,3.331238,0 -76.247827,3.331138,0 -76.247811,3.331099,0 -76.247785,3.331067,0 -76.247750,3.331044,0 -76.247710,3.331032,0 -76.247489,3.330858,0 -76.247027,3.330407,0 -76.246762,3.330152,0 -76.244911,3.328371,0 -76.244564,3.328077,0 -76.244396,3.327935,0 -76.243582,3.327179,0 -76.242737,3.326319,0 -76.240522,3.323892,0 -76.240231,3.323564,0 -76.239945,3.323255,0 -76.239666,3.322953,0 -76.239381,3.322621,0 -76.239116,3.322318,0 -76.238841,3.322000,0 -76.238696,3.321833,0 -76.238661,3.321793,0 -76.238550,3.321660,0 -76.238339,3.321427,0 -76.238161,3.321208,0 -76.238089,3.321102,0 -76.237995,3.320929,0 -76.237877,3.320657,0 -76.237808,3.320487,0 -76.237727,3.320183,0 -76.237604,3.318911,0 -76.237591,3.318700,0 -76.237563,3.317973,0 -76.237453,3.317354,0 -76.237346,3.317004,0 -76.238096,3.316014,0 -76.238418,3.315580,0 -76.238865,3.314965,0 -76.239204,3.314470,0 -76.239236,3.314424,0 -76.239841,3.313557,0 -76.240709,3.312379,0 -76.241265,3.311757,0 -76.241648,3.311354,0 -76.242006,3.310970,0 -76.242900,3.310000,0 -76.243592,3.309242,0 -76.244627,3.308093,0 -76.245224,3.307471,0 -76.247587,3.304937,0 -76.248757,3.303666,0 -76.249939,3.302396,0 -76.250526,3.301777,0 -76.252339,3.299914,0 -76.252942,3.299296,0 -76.253020,3.299199,0 -76.253848,3.298186,0 -76.254175,3.297785,0 -76.254292,3.297643,0 -76.254453,3.297375,0 -76.254763,3.296716,0 -76.255131,3.295876,0 -76.255257,3.295688,0 -76.255321,3.295615,0 -76.255399,3.295563,0 -76.255564,3.295505,0 -76.255762,3.295467,0 -76.256037,3.295425,0 -76.256577,3.295355,0 -76.257145,3.295266,0 -76.257790,3.295151,0 -76.258490,3.295017,0 -76.259899,3.294781,0 -76.261120,3.294547,0 -76.262143,3.294366,0 -76.262471,3.294325,0 -76.262816,3.294301,0 -76.263374,3.294273,0 -76.263874,3.294245,0 -76.264455,3.294188,0 -76.265347,3.294107,0 -76.266159,3.294012,0 -76.266498,3.293964,0 -76.266949,3.293877,0 -76.267222,3.293769,0 -76.267556,3.293594,0 -76.267591,3.293572,0 -76.267832,3.293426,0 -76.267927,3.293376,0 -76.268898,3.292898,0 -76.269108,3.292779,0 -76.269300,3.292651,0 -76.269461,3.292461,0 -76.269536,3.292280,0 -76.269590,3.292098,0 -76.269893,3.291268,0 -76.270062,3.290866,0 -76.270419,3.290071,0 -76.270585,3.289739,0 -76.270649,3.289618,0 -76.270807,3.289426,0 -76.271140,3.289126,0 -76.272183,3.288439,0 -76.273012,3.287803,0 -76.274427,3.286637,0 -76.276366,3.285062,0 -76.276428,3.285007,0 -76.278931,3.282725,0 -76.279247,3.282409,0 -76.279881,3.281729,0 -76.280218,3.281317,0 -76.280490,3.280908,0 -76.280559,3.280762,0 -76.280635,3.280600,0 -76.280646,3.280517,0 -76.280648,3.280450,0 -76.280544,3.280102,0 -76.280509,3.279960,0 -76.280501,3.279646,0 -76.280517,3.279338,0 -76.280552,3.279017,0 -76.280706,3.277618,0 -76.280759,3.276329,0 -76.280800,3.276011,0 -76.280901,3.275196,0 -76.281001,3.274644,0 -76.281207,3.274215,0 -76.281284,3.274055,0 -76.281569,3.273072,0 -76.283087,3.269827,0 -76.283189,3.269377,0 -76.283222,3.269129,0 -76.283257,3.268301,0 -76.284127,3.268286,0 -76.284291,3.268283,0 -76.284453,3.268280,0 -76.284933,3.268271,0 -76.285790,3.268231,0 -76.286636,3.268164,0 -76.287609,3.268062,0 -76.287541,3.267351,0 -76.287550,3.264621,0 -76.287557,3.262205,0 -76.287559,3.261507,0 -76.287567,3.260547,0 -76.287582,3.257859,0 -76.287615,3.257649,0 -76.287643,3.257599,0 -76.287703,3.257495,0 -76.287822,3.257385,0 -76.288591,3.257359,0 -76.289707,3.257323,0 -76.290758,3.257316,0 -76.291777,3.257310,0 -76.292861,3.257292,0 -76.293901,3.257275,0 -76.295232,3.257254,0 -76.296331,3.257209,0 -76.297549,3.257166,0 -76.298751,3.257134,0 -76.299976,3.257104,0 -76.301170,3.257085,0 -76.302310,3.257083,0 -76.302327,3.257084,0 -76.303367,3.257077,0 -76.303571,3.257074,0 -76.304416,3.257061,0 -76.304896,3.257046,0 -76.305547,3.257010,0 -76.305644,3.256577,0 -76.305676,3.256432,0 -76.305778,3.254884,0 -76.305822,3.253992,0 -76.305827,3.253971,0 -76.305830,3.253945,0 -76.305856,3.253653,0 -76.305861,3.253568,0 -76.306037,3.253576,0 -76.306142,3.253564,0 -76.306264,3.253520,0 -76.306345,3.253469,0 -76.306447,3.253371,0 -76.306587,3.253160,0 -76.306681,3.253058,0 -76.306773,3.253010,0 -76.306919,3.252968,0 -76.307079,3.252927,0 -76.307197,3.252873,0 -76.307271,3.252802,0 -76.307361,3.252675,0 -76.307377,3.252343,0 -76.307430,3.251561,0 -76.307441,3.251355,0 -76.307487,3.250518,0 -76.307862,3.250544,0 -76.308892,3.250617,0 -76.308847,3.250752,0 -76.308820,3.250878,0 -76.308804,3.250969,0 -76.308735,3.250992,0 -76.308613,3.250992,0 -76.308505,3.250981,0 -76.308419,3.250999,0 -76.308323,3.251075,0 -76.308200,3.251202,0 -76.308137,3.251293,0 -76.308112,3.251351,0 -76.308114,3.251391,0 -76.308118,3.251451,0 -76.308157,3.251531,0 -76.308163,3.251621,0 -76.308145,3.251668,0 -76.307925,3.251983,0 -76.307876,3.252042,0 -76.307834,3.252099,0 -76.307821,3.252165,0 -76.307833,3.252225,0 -76.307901,3.252293,0 -76.308026,3.252360,0 -76.308043,3.252409,0 -76.308026,3.252454,0 -76.307987,3.252482,0 -76.307925,3.252485,0 -76.307798,3.252492,0 -76.307669,3.252540,0 -76.307361,3.252675,0 -76.307271,3.252802,0 -76.307197,3.252873,0 -76.307079,3.252927,0 -76.306919,3.252968,0 -76.306773,3.253010,0 -76.306681,3.253058,0 -76.306587,3.253160,0 -76.306447,3.253371,0 -76.306345,3.253469,0 -76.306264,3.253520,0 -76.306142,3.253564,0 -76.306037,3.253576,0 -76.305861,3.253568,0 -76.305856,3.253653,0 -76.305830,3.253945,0 -76.305827,3.253971,0 -76.305822,3.253992,0 -76.305778,3.254884,0 -76.305676,3.256432,0 -76.305644,3.256577,0 -76.305547,3.257010,0 -76.306135,3.257007,0 -76.307310,3.257000,0 -76.308706,3.256992,0 -76.308776,3.256990,0 -76.310043,3.256979,0 -76.310300,3.256977,0 -76.311392,3.256968,0 -76.312795,3.256956,0 -76.313927,3.256947,0 -76.315018,3.256938,0 -76.316351,3.256927,0 -76.316413,3.256927,0 -76.317349,3.256919,0 -76.317564,3.256917,0 -76.318800,3.256907,0 -76.318862,3.256906,0 -76.320214,3.256895,0 -76.320291,3.256964,0 -76.321365,3.257924,0 -76.322593,3.258532,0 -76.323224,3.258844,0 -76.323443,3.258953,0 -76.323502,3.258982,0 -76.324867,3.259657,0 -76.326057,3.260247,0 -76.326247,3.260341,0 -76.328617,3.261514,0 -76.329619,3.262009,0 -76.329799,3.262099,0 -76.330940,3.262663,0 -76.331002,3.262694,0 -76.332289,3.263331,0 -76.331695,3.264579,0 -76.331830,3.264650,0 -76.331999,3.264683,0 -76.332544,3.264784,0 -76.332807,3.264838,0 -76.333019,3.264894,0 -76.333345,3.264958,0 -76.333425,3.264969,0 -76.334158,3.265096,0 -76.334910,3.265226,0 -76.336374,3.265480,0 -76.336401,3.265485,0 -76.337460,3.265669,0 -76.337575,3.265689,0 -76.338756,3.265893,0 -76.339323,3.265992,0 -76.339948,3.266100,0 -76.340852,3.266257,0 -76.341183,3.266314,0 -76.342275,3.266504,0 -76.342287,3.266506,0 -76.343625,3.266738,0 -76.343802,3.266768,0 -76.344951,3.266968,0 -76.346008,3.267151,0 -76.346578,3.267250,0 -76.347412,3.267387,0 -76.347674,3.267430,0 -76.348084,3.267491,0 -76.348377,3.267534,0 -76.348696,3.267599,0 -76.348791,3.267628,0 -76.350117,3.268030,0 -76.351417,3.268423,0 -76.351472,3.268440,0 -76.352758,3.268829,0 -76.352800,3.268842,0 -76.354136,3.269246,0 -76.355361,3.269639,0 -76.355451,3.269667,0 -76.355498,3.269681,0 -76.356815,3.270085,0 -76.356948,3.270126,0 -76.358389,3.270568,0 -76.359505,3.270887,0 -76.359900,3.271000,0 -76.360658,3.271208,0 -76.360857,3.271283,0 -76.361088,3.271369,0 -76.361190,3.271408,0 -76.361582,3.271555,0 -76.361864,3.271151,0 -76.361987,3.270974,0 -76.362311,3.270510,0 -76.362680,3.269978,0 -76.362733,3.269902,0 -76.362748,3.269880,0 -76.363054,3.269439,0 -76.363409,3.268926,0 -76.363484,3.268815,0 -76.363520,3.268762,0 -76.363540,3.268733,0 -76.364057,3.267981,0 -76.364414,3.267463,0 -76.364913,3.266736,0 -76.366060,3.265069,0 -76.366416,3.264551,0 -76.366564,3.264320,0 -76.367335,3.263215,0 -76.367403,3.263114,0 -76.368614,3.261313,0 -76.369580,3.259918,0 -76.369616,3.259865,0 -76.370547,3.258498,0 -76.370799,3.258128,0 -76.370814,3.258107,0 -76.371048,3.257755,0 -76.371318,3.257363,0 -76.372013,3.256345,0 -76.372343,3.255861,0 -76.373072,3.254791,0 -76.373681,3.253891,0 -76.373935,3.253524,0 -76.374542,3.252648,0 -76.374998,3.251983,0 -76.375620,3.251032,0 -76.376174,3.250217,0 -76.376671,3.249486,0 -76.376937,3.249121,0 -76.377797,3.247843,0 -76.378152,3.247346,0 -76.378765,3.246457,0 -76.378939,3.246232,0 -76.379159,3.245873,0 -76.379512,3.245338,0 -76.379788,3.244965,0 -76.380121,3.244471,0 -76.380604,3.243790,0 -76.381132,3.242976,0 -76.381412,3.242575,0 -76.382190,3.241439,0 -76.383018,3.240215,0 -76.383570,3.239408,0 -76.383627,3.239325,0 -76.383787,3.239069,0 -76.384439,3.238184,0 -76.384992,3.237312,0 -76.385261,3.236930,0 -76.385544,3.236504,0 -76.385883,3.236004,0 -76.386160,3.235621,0 -76.386331,3.235410,0 -76.386555,3.235181,0 -76.386771,3.235012,0 -76.386934,3.234905,0 -76.387187,3.234771,0 -76.387470,3.234661,0 -76.387722,3.234587,0 -76.388009,3.234545,0 -76.388616,3.234477,0 -76.390319,3.234279,0 -76.391272,3.234194,0 -76.391529,3.234171,0 -76.392039,3.234125,0 -76.392324,3.234091,0 -76.392708,3.234059,0 -76.393095,3.234027,0 -76.394297,3.233880,0 -76.394412,3.233868,0 -76.394551,3.233852,0 -76.395149,3.233793,0 -76.396289,3.233664,0 -76.397649,3.233523,0 -76.397890,3.233499,0 -76.399563,3.233339,0 -76.400116,3.233277,0 -76.401568,3.233113,0 -76.401661,3.233103,0 -76.401747,3.233094,0 -76.403475,3.232909,0 -76.405060,3.232740,0 -76.406955,3.232557,0 -76.407330,3.232511,0 -76.407941,3.232435,0 -76.407983,3.232430,0 -76.408006,3.232429,0 -76.408015,3.232427,0 -76.408066,3.232420,0 -76.408620,3.232366,0 -76.408909,3.232335,0 -76.408999,3.232325,0 -76.409197,3.232310,0 -76.409413,3.232282,0 -76.409810,3.232240,0 -76.409990,3.232224,0 -76.410339,3.232184,0 -76.410536,3.232164,0 -76.410964,3.232120,0 -76.411097,3.232103,0 -76.411391,3.232072,0 -76.411793,3.232018,0 -76.412105,3.231952,0 -76.412263,3.231916,0 -76.412468,3.231860,0 -76.413279,3.231642,0 -76.414106,3.231436,0 -76.414920,3.231233,0 -76.415623,3.231058,0 -76.415750,3.231026,0 -76.416618,3.230810,0 -76.417444,3.230604,0 -76.418271,3.230398,0 -76.418817,3.230262,0 -76.419110,3.230189,0 -76.419957,3.229986,0 -76.420619,3.229805,0 -76.420650,3.229797,0 -76.420693,3.229786,0 -76.420744,3.229775,0 -76.420833,3.229784,0 -76.420937,3.229848,0 -76.420978,3.229900,0 -76.421231,3.230223,0 -76.421604,3.230725,0 -76.421630,3.230768,0 -76.421887,3.231192,0 -76.421935,3.231271,0 -76.421961,3.231319,0 -76.421987,3.231358,0 -76.422000,3.231378,0 -76.422016,3.231407,0 -76.422264,3.231872,0 -76.422273,3.231983,0 -76.422279,3.232099,0 -76.422296,3.232462,0 -76.422298,3.232514,0 -76.422307,3.232944,0 -76.422311,3.233276,0 -76.422317,3.233773,0 -76.422323,3.234086,0 -76.422330,3.234252,0 -76.422330,3.234429,0 -76.422337,3.234777,0 -76.422344,3.235037,0 -76.422354,3.235434,0 -76.422361,3.235676,0 -76.422364,3.235800,0 -76.422371,3.236076,0 -76.422378,3.236271,0 -76.422385,3.236414,0 -76.422391,3.236520,0 -76.422402,3.236656,0 -76.422426,3.236791,0 -76.422438,3.236861,0 -76.422458,3.236976,0 -76.422472,3.237053,0 -76.422521,3.237278,0 -76.422530,3.237313,0 -76.422539,3.237345,0 -76.422606,3.237632,0 -76.422694,3.237960,0 -76.422777,3.238277,0 -76.422898,3.238531,0 -76.423267,3.239414,0 -76.423316,3.239490,0 -76.423726,3.240118,0 -76.424293,3.240836,0 -76.425823,3.242741,0 -76.427431,3.244758,0 -76.428546,3.246161,0 -76.429359,3.247173,0 -76.429895,3.247840,0 -76.434632,3.253703,0 -76.434751,3.253851,0 -76.436249,3.255722,0 -76.442173,3.263101,0 -76.442335,3.262969,0 -76.442378,3.262977,0 -76.442423,3.263012,0 -76.442662,3.263317,0 -76.443043,3.263794,0 -76.443472,3.264332,0 -76.443712,3.264639,0 -76.444138,3.265183,0 -76.444178,3.265205,0 -76.444213,3.265212,0 -76.444249,3.265207,0 -76.445701,3.264086,0 -76.446313,3.263614,0 -76.447022,3.263041,0 -76.447777,3.262484,0 -76.448185,3.262174,0 -76.448851,3.263053,0 -76.449444,3.263844,0 -76.449203,3.264025,0 -76.448427,3.264608,0 -76.448278,3.264717,0 -76.447521,3.265264,0 -76.446765,3.265845,0 -76.445474,3.266820,0 -76.444923,3.266128,0 -76.444213,3.265212,0 -76.444178,3.265205,0 -76.444138,3.265183,0 -76.443712,3.264639,0 -76.443472,3.264332,0 -76.443043,3.263794,0 -76.442662,3.263317,0 -76.442423,3.263012,0 -76.442378,3.262977,0 -76.442335,3.262969,0 -76.442173,3.263101,0 -76.436249,3.255722,0 -76.434751,3.253851,0 -76.434632,3.253703,0 -76.429895,3.247840,0 -76.429359,3.247173,0 -76.428546,3.246161,0 -76.427431,3.244758,0 -76.425823,3.242741,0 -76.424293,3.240836,0 -76.423726,3.240118,0 -76.423316,3.239490,0 -76.423267,3.239414,0 -76.422898,3.238531,0 -76.422777,3.238277,0 -76.422694,3.237960,0 -76.422606,3.237632,0 -76.422539,3.237345,0 -76.422530,3.237313,0 -76.422521,3.237278,0 -76.422472,3.237053,0 -76.422458,3.236976,0 -76.422438,3.236861,0 -76.422426,3.236791,0 -76.422402,3.236656,0 -76.422391,3.236520,0 -76.422385,3.236414,0 -76.422378,3.236271,0 -76.422371,3.236076,0 -76.422364,3.235800,0 -76.422361,3.235676,0 -76.422354,3.235434,0 -76.422344,3.235037,0 -76.422337,3.234777,0 -76.422330,3.234429,0 -76.422330,3.234252,0 -76.422323,3.234086,0 -76.422317,3.233773,0 -76.422311,3.233276,0 -76.422307,3.232944,0 -76.422298,3.232514,0 -76.422296,3.232462,0 -76.422279,3.232099,0 -76.422273,3.231983,0 -76.422264,3.231872,0 -76.422016,3.231407,0 -76.422000,3.231378,0 -76.421987,3.231358,0 -76.421961,3.231319,0 -76.421935,3.231271,0 -76.421887,3.231192,0 -76.421630,3.230768,0 -76.421604,3.230725,0 -76.421231,3.230223,0 -76.420978,3.229900,0 -76.420937,3.229848,0 -76.420833,3.229784,0 -76.420744,3.229775,0 -76.420693,3.229786,0 -76.420650,3.229797,0 -76.420619,3.229805,0 -76.419957,3.229986,0 -76.419110,3.230189,0 -76.418817,3.230262,0 -76.418271,3.230398,0 -76.417444,3.230604,0 -76.416618,3.230810,0 -76.415750,3.231026,0 -76.415623,3.231058,0 -76.414920,3.231233,0 -76.414106,3.231436,0 -76.413279,3.231642,0 -76.412468,3.231860,0 -76.412263,3.231916,0 -76.412105,3.231952,0 -76.411793,3.232018,0 -76.411391,3.232072,0 -76.411097,3.232103,0 -76.410964,3.232120,0 -76.410536,3.232164,0 -76.410339,3.232184,0 -76.409990,3.232224,0 -76.409810,3.232240,0 -76.409413,3.232282,0 -76.409197,3.232310,0 -76.408999,3.232325,0 -76.408909,3.232335,0 -76.408620,3.232366,0 -76.408066,3.232420,0 -76.408015,3.232427,0 -76.408006,3.232429,0 -76.407983,3.232430,0 -76.407941,3.232435,0 -76.407330,3.232511,0 -76.406955,3.232557,0 -76.405060,3.232740,0 -76.403475,3.232909,0 -76.401747,3.233094,0 -76.401661,3.233103,0 -76.401568,3.233113,0 -76.400116,3.233277,0 -76.399563,3.233339,0 -76.397890,3.233499,0 -76.397649,3.233523,0 -76.396289,3.233664,0 -76.396103,3.233649,0 -76.395973,3.233638,0 -76.395852,3.233626,0 -76.395734,3.233591,0 -76.395613,3.233517,0 -76.395503,3.233422,0 -76.395399,3.233295,0 -76.395348,3.233188,0 -76.395310,3.233070,0 -76.395275,3.232949,0 -76.395257,3.232829,0 -76.395115,3.232170,0 -76.395088,3.232073,0 -76.395038,3.231985,0 -76.394968,3.231913,0 -76.394881,3.231860,0 -76.394785,3.231829,0 -76.394684,3.231824,0 -76.394585,3.231844,0 -76.394493,3.231887,0 -76.394415,3.231952,0 -76.394334,3.232093,0 -76.394042,3.232650,0 -76.393785,3.233159,0 -76.393683,3.233334,0 -76.393549,3.233481,0 -76.393402,3.233614,0 -76.393243,3.233734,0 -76.393074,3.233839,0 -76.392896,3.233927,0 -76.392710,3.233999,0 -76.392519,3.234054,0 -76.392324,3.234091,0 -76.392039,3.234125,0 -76.391529,3.234171,0 -76.391272,3.234194,0 -76.390319,3.234279,0 -76.388616,3.234477,0 -76.388009,3.234545,0 -76.387722,3.234587,0 -76.387470,3.234661,0 -76.387187,3.234771,0 -76.386934,3.234905,0 -76.386771,3.235012,0 -76.386555,3.235181,0 -76.386331,3.235410,0 -76.386160,3.235621,0 -76.385883,3.236004,0 -76.385544,3.236504,0 -76.385261,3.236930,0 -76.384992,3.237312,0 -76.384439,3.238184,0 -76.383787,3.239069,0 -76.383627,3.239325,0 -76.383570,3.239408,0 -76.383018,3.240215,0 -76.382190,3.241439,0 -76.381412,3.242575,0 -76.381132,3.242976,0 -76.380604,3.243790,0 -76.380121,3.244471,0 -76.379788,3.244965,0 -76.379512,3.245338,0 -76.379159,3.245873,0 -76.378939,3.246232,0 -76.378765,3.246457,0 -76.378152,3.247346,0 -76.377797,3.247843,0 -76.376937,3.249121,0 -76.376671,3.249486,0 -76.376174,3.250217,0 -76.375620,3.251032,0 -76.374998,3.251983,0 -76.374542,3.252648,0 -76.373935,3.253524,0 -76.373681,3.253891,0 -76.373072,3.254791,0 -76.372343,3.255861,0 -76.372013,3.256345,0 -76.371318,3.257363,0 -76.371048,3.257755,0 -76.370814,3.258107,0 -76.370799,3.258128,0 -76.370547,3.258498,0 -76.369616,3.259865,0 -76.369580,3.259918,0 -76.368614,3.261313,0 -76.367403,3.263114,0 -76.367335,3.263215,0 -76.366564,3.264320,0 -76.366416,3.264551,0 -76.366060,3.265069,0 -76.364913,3.266736,0 -76.364414,3.267463,0 -76.364057,3.267981,0 -76.363540,3.268733,0 -76.363520,3.268762,0 -76.363484,3.268815,0 -76.363409,3.268926,0 -76.363054,3.269439,0 -76.362748,3.269880,0 -76.362733,3.269902,0 -76.362680,3.269978,0 -76.362311,3.270510,0 -76.361987,3.270974,0 -76.361864,3.271151,0 -76.361582,3.271555,0 -76.361331,3.271923,0 -76.361247,3.272044,0 -76.360422,3.273234,0 -76.359647,3.274351,0 -76.359476,3.274597,0 -76.358634,3.275811,0 -76.357495,3.277454,0 -76.357405,3.277582,0 -76.356783,3.278466,0 -76.356284,3.279180,0 -76.355091,3.280899,0 -76.354667,3.281496,0 -76.354506,3.281722,0 -76.353409,3.283301,0 -76.352508,3.284603,0 -76.351740,3.285704,0 -76.351519,3.286035,0 -76.351505,3.286055,0 -76.351477,3.286095,0 -76.351279,3.286375,0 -76.350509,3.287486,0 -76.349648,3.288755,0 -76.349254,3.289339,0 -76.348696,3.290164,0 -76.348181,3.290921,0 -76.348026,3.291180,0 -76.347544,3.291870,0 -76.347334,3.292170,0 -76.347243,3.292306,0 -76.347418,3.292391,0 -76.347621,3.292457,0 -76.349122,3.292843,0 -76.350846,3.293300,0 -76.352362,3.293719,0 -76.354401,3.294357,0 -76.354830,3.294417,0 -76.355305,3.294511,0 -76.359942,3.295628,0 -76.359720,3.299910,0 -76.359712,3.300053,0 -76.359559,3.302989,0 -76.359479,3.304542,0 -76.359548,3.304983,0 -76.359802,3.305995,0 -76.360872,3.310250,0 -76.360885,3.310368,0 -76.360878,3.310433,0 -76.360868,3.310516,0 -76.360545,3.313558,0 -76.360508,3.314045,0 -76.360483,3.314372,0 -76.360452,3.314784,0 -76.360401,3.315017,0 -76.360350,3.315105,0 -76.360258,3.315141,0 -76.360124,3.315163,0 -76.359932,3.315170,0 -76.359568,3.315172,0 -76.359420,3.315198,0 -76.359319,3.315254,0 -76.359044,3.315567,0 -76.358156,3.316779,0 -76.357486,3.317684,0 -76.357175,3.318134,0 -76.357027,3.318404,0 -76.356869,3.318766,0 -76.356705,3.319392,0 -76.356638,3.319839,0 -76.356603,3.320206,0 -76.356579,3.320284,0 -76.356469,3.320431,0 -76.355713,3.321269,0 -76.355254,3.321754,0 -76.355144,3.321845,0 -76.354994,3.321899,0 -76.354581,3.321933,0 -76.354026,3.321950,0 -76.353654,3.321976,0 -76.353366,3.322011,0 -76.353154,3.322038,0 -76.352907,3.322090,0 -76.352655,3.322169,0 -76.352424,3.322260,0 -76.352062,3.322426,0 -76.351762,3.322563,0 -76.351600,3.322654,0 -76.351525,3.322780,0 -76.351457,3.322911,0 -76.351393,3.323055,0 -76.351327,3.323244,0 -76.351647,3.323483,0 -76.351840,3.323653,0 -76.352027,3.323845,0 -76.352172,3.324033,0 -76.352284,3.324224,0 -76.352388,3.324404,0 -76.352459,3.324597,0 -76.352533,3.324781,0 -76.352577,3.324981,0 -76.352608,3.325149,0 -76.352623,3.325335,0 -76.352615,3.325508,0 -76.352612,3.325722,0 -76.352607,3.325937,0 -76.352596,3.326219,0 -76.352585,3.326528,0 -76.352577,3.326776,0 -76.352567,3.326979,0 -76.352564,3.327251,0 -76.352548,3.327606,0 -76.352532,3.327925,0 -76.352516,3.328237,0 -76.352490,3.328439,0 -76.352461,3.328579,0 -76.352428,3.328707,0 -76.352378,3.328848,0 -76.352317,3.329006,0 -76.352235,3.329223,0 -76.352128,3.329517,0 -76.351898,3.330182,0 -76.351594,3.330935,0 -76.351348,3.331642,0 -76.351272,3.331873,0 -76.351205,3.332141,0 -76.351154,3.332426,0 -76.351148,3.332480,0 -76.350477,3.332427,0 -76.350075,3.332390,0 -76.349740,3.332293,0 -76.348841,3.331945,0 -76.347968,3.331302,0 -76.347547,3.330955,0 -76.347404,3.330919,0 -76.347116,3.331015,0 -76.346373,3.331287,0 -76.346143,3.331433,0 -76.346017,3.331549,0 -76.345826,3.331885,0 -76.345467,3.332357,0 -76.345019,3.332709,0 -76.344128,3.333259,0 -76.343801,3.333607,0 -76.343656,3.333651,0 -76.343340,3.333532,0 -76.343165,3.333536,0 -76.342326,3.333851,0 -76.341926,3.333942,0 -76.340781,3.333804,0 -76.340656,3.333833,0 -76.340569,3.334610,0 -76.340457,3.335119,0 -76.340325,3.335724,0 -76.340290,3.336026,0 -76.340207,3.336173,0 -76.340073,3.336305,0 -76.339137,3.337161,0 -76.339064,3.337242,0 -76.338893,3.337718,0 -76.338429,3.338314,0 -76.338394,3.338411,0 -76.338398,3.338815,0 -76.338374,3.338958,0 -76.338016,3.339573,0 -76.337997,3.339670,0 -76.338131,3.340072,0 -76.338244,3.340190,0 -76.338450,3.340225,0 -76.338852,3.340217,0 -76.339197,3.340119,0 -76.339300,3.340118,0 -76.339370,3.340162,0 -76.339422,3.340249,0 -76.339341,3.341431,0 -76.339402,3.341534,0 -76.339566,3.341566,0 -76.340856,3.341483,0 -76.341178,3.341451,0 -76.343946,3.341194,0 -76.347365,3.340920,0 -76.348624,3.340819,0 -76.352249,3.340507,0 -76.352345,3.341028,0 -76.352439,3.341467,0 -76.352523,3.341874,0 -76.352561,3.342032,0 -76.352650,3.342260,0 -76.352795,3.342596,0 -76.352964,3.342984,0 -76.353304,3.343747,0 -76.353894,3.345043,0 -76.354038,3.345365,0 -76.354441,3.346272,0 -76.354570,3.346591,0 -76.354691,3.346924,0 -76.354755,3.347177,0 -76.354801,3.347398,0 -76.354836,3.347628,0 -76.354852,3.347866,0 -76.354857,3.348113,0 -76.354855,3.348338,0 -76.354846,3.348571,0 -76.354825,3.348849,0 -76.354785,3.349247,0 -76.354699,3.349941,0 -76.354684,3.350088,0 -76.354460,3.351866,0 -76.354310,3.353085,0 -76.354197,3.353966,0 -76.354144,3.354426,0 -76.354077,3.355086,0 -76.354018,3.355519,0 -76.353948,3.356058,0 -76.353822,3.357139,0 -76.353664,3.358422,0 -76.353503,3.359711,0 -76.353366,3.360841,0 -76.353269,3.361705,0 -76.353236,3.361962,0 -76.353216,3.362118,0 -76.353125,3.362821,0 -76.352918,3.364444,0 -76.352762,3.365673,0 -76.352676,3.366311,0 -76.352639,3.366748,0 -76.352599,3.367144,0 -76.352583,3.367461,0 -76.352585,3.367815,0 -76.352587,3.368056,0 -76.352588,3.368329,0 -76.352577,3.368901,0 -76.352569,3.369673,0 -76.352569,3.370152,0 -76.352580,3.370722,0 -76.352580,3.370977,0 -76.352567,3.371221,0 -76.352545,3.371576,0 -76.352542,3.371827,0 -76.352540,3.372779,0 -76.352540,3.373269,0 -76.352529,3.374738,0 -76.352526,3.375300,0 -76.352518,3.376040,0 -76.352502,3.376687,0 -76.352505,3.377161,0 -76.352516,3.377806,0 -76.352521,3.378677,0 -76.352526,3.379089,0 -76.352518,3.379458,0 -76.352504,3.380021,0 -76.352502,3.380340,0 -76.352505,3.381023,0 -76.352492,3.381816,0 -76.352489,3.382448,0 -76.352516,3.382769,0 -76.352553,3.383108,0 -76.352583,3.383440,0 -76.352631,3.383877,0 -76.352712,3.384538,0 -76.352764,3.385005,0 -76.352850,3.385803,0 -76.352889,3.386102,0 -76.353047,3.387476,0 -76.353192,3.388938,0 -76.353244,3.389467,0 -76.353311,3.390038,0 -76.353367,3.390516,0 -76.353488,3.391552,0 -76.353539,3.391995,0 -76.353557,3.392147,0 -76.353597,3.392486,0 -76.353652,3.393311,0 -76.353746,3.393911,0 -76.353751,3.394063,0 -76.353744,3.394130,0 -76.353721,3.394232,0 -76.353673,3.394351,0 -76.353620,3.394442,0 -76.353519,3.394560,0 -76.353403,3.394651,0 -76.353305,3.394726,0 -76.353195,3.394821,0 -76.353088,3.394952,0 -76.353017,3.395079,0 -76.352959,3.395174,0 -76.352889,3.395249,0 -76.352792,3.395314,0 -76.352675,3.395356,0 -76.352586,3.395368,0 -76.352492,3.395363,0 -76.352346,3.395317,0 -76.352061,3.395237,0 -76.351934,3.395191,0 -76.351714,3.395108,0 -76.351322,3.394930,0 -76.349820,3.394213,0 -76.348777,3.393712,0 -76.348165,3.393419,0 -76.347759,3.393218,0 -76.347263,3.392989,0 -76.347195,3.392960,0 -76.347022,3.392886,0 -76.346393,3.392661,0 -76.345733,3.392448,0 -76.344638,3.392090,0 -76.343750,3.391808,0 -76.342423,3.391379,0 -76.341500,3.391085,0 -76.340762,3.390843,0 -76.340544,3.390769,0 -76.340179,3.390649,0 -76.339795,3.390504,0 -76.339422,3.390330,0 -76.339109,3.390163,0 -76.338879,3.390016,0 -76.338658,3.389856,0 -76.338300,3.389561,0 -76.337705,3.389081,0 -76.336814,3.388336,0 -76.336361,3.387958,0 -76.335870,3.387538,0 -76.335551,3.387235,0 -76.335239,3.386890,0 -76.334867,3.386440,0 -76.334435,3.385856,0 -76.334000,3.385265,0 -76.333351,3.384389,0 -76.332721,3.383538,0 -76.332333,3.383030,0 -76.332047,3.382630,0 -76.331611,3.382022,0 -76.331444,3.381789,0 -76.330924,3.380983,0 -76.330898,3.380948,0 -76.330497,3.380399,0 -76.330154,3.379869,0 -76.329950,3.379604,0 -76.329816,3.379441,0 -76.329642,3.379287,0 -76.329435,3.379125,0 -76.328746,3.378655,0 -76.328338,3.378387,0 -76.328147,3.378256,0 -76.327692,3.377947,0 -76.327567,3.377861,0 -76.327421,3.377754,0 -76.327320,3.377687,0 -76.326672,3.377241,0 -76.325999,3.376774,0 -76.325836,3.376662,0 -76.325350,3.376346,0 -76.325133,3.376240,0 -76.324900,3.376139,0 -76.324662,3.376071,0 -76.323851,3.375809,0 -76.322612,3.375465,0 -76.322238,3.375345,0 -76.322065,3.375289,0 -76.321667,3.375117,0 -76.321449,3.375013,0 -76.321129,3.374861,0 -76.320155,3.374329,0 -76.319083,3.373723,0 -76.318631,3.373476,0 -76.318544,3.373429,0 -76.317749,3.373004,0 -76.316298,3.372199,0 -76.315979,3.371993,0 -76.315705,3.371796,0 -76.315458,3.371593,0 -76.315010,3.371132,0 -76.314104,3.370203,0 -76.313379,3.369440,0 -76.313114,3.369178,0 -76.312878,3.368945,0 -76.312481,3.368541,0 -76.312170,3.368210,0 -76.311795,3.367816,0 -76.311718,3.367736,0 -76.311419,3.367423,0 -76.310925,3.366923,0 -76.310083,3.366012,0 -76.309918,3.365846,0 -76.309864,3.365792,0 -76.308786,3.364710,0 -76.308612,3.364536,0 -76.308181,3.364074,0 -76.307356,3.363232,0 -76.306812,3.362660,0 -76.304959,3.360740,0 -76.304502,3.360267,0 -76.304196,3.359953,0 -76.304108,3.359860,0 -76.303864,3.359602,0 -76.303509,3.359273,0 -76.303261,3.359050,0 -76.302889,3.358854,0 -76.302752,3.358782,0 -76.302541,3.358695,0 -76.301062,3.358242,0 -76.299763,3.357837,0 -76.298997,3.357603,0 -76.297194,3.357047,0 -76.296909,3.356955,0 -76.296443,3.356805,0 -76.296130,3.356674,0 -76.295823,3.356528,0 -76.295464,3.356309,0 -76.295061,3.356754,0 -76.294746,3.357097,0 -76.294047,3.357856,0 -76.293966,3.357956,0 -76.293610,3.358357,0 -76.293043,3.358996,0 -76.293002,3.359044,0 -76.292923,3.359131,0 -76.292824,3.359360,0 -76.292708,3.359558,0 -76.292576,3.359765,0 -76.291934,3.360455,0 -76.291068,3.361385,0 -76.290977,3.361495,0 -76.290912,3.361622,0 -76.290876,3.361761,0 -76.290666,3.363704,0 -76.290403,3.366269,0 -76.290312,3.366275,0 -76.290110,3.366293,0 -76.289335,3.366370,0 -76.288847,3.366437,0 -76.288859,3.366551,0 -76.288845,3.367668,0 -76.288065,3.368321,0 -76.287901,3.368380,0 -76.287901,3.368380,0</coordinates></LineString></Placemark><Placemark><name>Ruta día 12</name><styleUrl>#dia12</styleUrl><ExtendedData><Data name="INGENIO"><value>Castilla</value></Data><Data name="DIA"><value>12</value></Data><Data name="PUNTOS"><value>CC-037, CC-027</value></Data><Data name="N_PUNTOS"><value>2</value></Data><Data name="KM"><value>85.6</value></Data><Data name="HORAS_TOTALES"><value>6.57</value></Data><Data name="REGRESO"><value>13:04</value></Data><Data name="PEAJES"><value>0</value></Data><Data name="COSTO_COP"><value>521205</value></Data></ExtendedData><LineString><tessellate>1</tessellate><coordinates>-76.287901,3.368380,0 -76.287901,3.368380,0 -76.288065,3.368321,0 -76.288845,3.367668,0 -76.288859,3.366551,0 -76.289351,3.366508,0 -76.289568,3.366499,0 -76.290107,3.366450,0 -76.290313,3.366434,0 -76.290385,3.366430,0 -76.290403,3.366269,0 -76.290666,3.363704,0 -76.290876,3.361761,0 -76.290912,3.361622,0 -76.290977,3.361495,0 -76.291068,3.361385,0 -76.291934,3.360455,0 -76.292576,3.359765,0 -76.292708,3.359558,0 -76.292824,3.359360,0 -76.292923,3.359131,0 -76.293002,3.359044,0 -76.293043,3.358996,0 -76.293610,3.358357,0 -76.293966,3.357956,0 -76.294047,3.357856,0 -76.294746,3.357097,0 -76.295061,3.356754,0 -76.295464,3.356309,0 -76.294712,3.355699,0 -76.294234,3.355316,0 -76.294167,3.355255,0 -76.292512,3.353908,0 -76.292019,3.353501,0 -76.291007,3.352668,0 -76.289352,3.351337,0 -76.288765,3.350861,0 -76.288446,3.350638,0 -76.287917,3.350380,0 -76.286391,3.349768,0 -76.285152,3.349316,0 -76.284652,3.349126,0 -76.284139,3.348973,0 -76.283617,3.348855,0 -76.283088,3.348773,0 -76.280233,3.348407,0 -76.278668,3.348207,0 -76.277906,3.348092,0 -76.277142,3.347891,0 -76.271614,3.345063,0 -76.270852,3.344698,0 -76.269885,3.344236,0 -76.269437,3.344131,0 -76.268975,3.344062,0 -76.268380,3.344118,0 -76.268047,3.344190,0 -76.267754,3.344303,0 -76.267254,3.344565,0 -76.266449,3.345210,0 -76.265210,3.346253,0 -76.264880,3.346376,0 -76.264758,3.346431,0 -76.264629,3.346470,0 -76.264580,3.346462,0 -76.264531,3.346463,0 -76.264482,3.346472,0 -76.264436,3.346489,0 -76.264310,3.346455,0 -76.264193,3.346402,0 -76.263889,3.346237,0 -76.263637,3.346040,0 -76.262736,3.344921,0 -76.262272,3.344425,0 -76.261774,3.344013,0 -76.261327,3.343699,0 -76.258828,3.341936,0 -76.257920,3.341306,0 -76.257612,3.341091,0 -76.256981,3.340640,0 -76.254273,3.338701,0 -76.253972,3.338444,0 -76.253368,3.337611,0 -76.252642,3.336670,0 -76.252089,3.335906,0 -76.251998,3.335776,0 -76.251546,3.335150,0 -76.250916,3.334343,0 -76.250367,3.333645,0 -76.250261,3.333536,0 -76.250102,3.333369,0 -76.250022,3.333292,0 -76.249939,3.333207,0 -76.249888,3.333160,0 -76.249280,3.332567,0 -76.248596,3.331920,0 -76.248101,3.331462,0 -76.247912,3.331238,0 -76.247827,3.331138,0 -76.247811,3.331099,0 -76.247785,3.331067,0 -76.247750,3.331044,0 -76.247710,3.331032,0 -76.247489,3.330858,0 -76.247027,3.330407,0 -76.246762,3.330152,0 -76.244911,3.328371,0 -76.244564,3.328077,0 -76.244396,3.327935,0 -76.243582,3.327179,0 -76.242737,3.326319,0 -76.240522,3.323892,0 -76.240231,3.323564,0 -76.239945,3.323255,0 -76.239666,3.322953,0 -76.239381,3.322621,0 -76.239116,3.322318,0 -76.238841,3.322000,0 -76.238696,3.321833,0 -76.238661,3.321793,0 -76.238550,3.321660,0 -76.238339,3.321427,0 -76.238161,3.321208,0 -76.238089,3.321102,0 -76.237995,3.320929,0 -76.237877,3.320657,0 -76.237808,3.320487,0 -76.237727,3.320183,0 -76.237604,3.318911,0 -76.237591,3.318700,0 -76.237563,3.317973,0 -76.237453,3.317354,0 -76.237346,3.317004,0 -76.238096,3.316014,0 -76.238418,3.315580,0 -76.238865,3.314965,0 -76.239204,3.314470,0 -76.239236,3.314424,0 -76.239841,3.313557,0 -76.240709,3.312379,0 -76.241265,3.311757,0 -76.241648,3.311354,0 -76.242006,3.310970,0 -76.242900,3.310000,0 -76.243592,3.309242,0 -76.244627,3.308093,0 -76.245224,3.307471,0 -76.247587,3.304937,0 -76.248757,3.303666,0 -76.249939,3.302396,0 -76.250526,3.301777,0 -76.252339,3.299914,0 -76.252942,3.299296,0 -76.253020,3.299199,0 -76.253848,3.298186,0 -76.254175,3.297785,0 -76.254292,3.297643,0 -76.254453,3.297375,0 -76.254763,3.296716,0 -76.255131,3.295876,0 -76.255257,3.295688,0 -76.255321,3.295615,0 -76.255399,3.295563,0 -76.255564,3.295505,0 -76.255762,3.295467,0 -76.256037,3.295425,0 -76.256577,3.295355,0 -76.257145,3.295266,0 -76.257790,3.295151,0 -76.258490,3.295017,0 -76.259899,3.294781,0 -76.261120,3.294547,0 -76.262143,3.294366,0 -76.262471,3.294325,0 -76.262816,3.294301,0 -76.263374,3.294273,0 -76.263874,3.294245,0 -76.264455,3.294188,0 -76.265347,3.294107,0 -76.266159,3.294012,0 -76.266498,3.293964,0 -76.266949,3.293877,0 -76.267222,3.293769,0 -76.267556,3.293594,0 -76.267591,3.293572,0 -76.267832,3.293426,0 -76.267927,3.293376,0 -76.268898,3.292898,0 -76.269108,3.292779,0 -76.269300,3.292651,0 -76.269461,3.292461,0 -76.269536,3.292280,0 -76.269590,3.292098,0 -76.269893,3.291268,0 -76.270062,3.290866,0 -76.270419,3.290071,0 -76.270585,3.289739,0 -76.270649,3.289618,0 -76.270807,3.289426,0 -76.271140,3.289126,0 -76.272183,3.288439,0 -76.273012,3.287803,0 -76.274427,3.286637,0 -76.276366,3.285062,0 -76.276575,3.285024,0 -76.276750,3.285031,0 -76.276961,3.285055,0 -76.277739,3.285242,0 -76.279260,3.285607,0 -76.280754,3.285936,0 -76.281795,3.286167,0 -76.282683,3.286376,0 -76.283128,3.286457,0 -76.283736,3.286569,0 -76.284533,3.286707,0 -76.284856,3.286756,0 -76.285096,3.286835,0 -76.285285,3.286902,0 -76.285917,3.287224,0 -76.286962,3.287776,0 -76.287946,3.288314,0 -76.288316,3.288438,0 -76.288505,3.288479,0 -76.288720,3.288511,0 -76.290987,3.288669,0 -76.291749,3.288736,0 -76.292202,3.288838,0 -76.292837,3.289020,0 -76.293004,3.289060,0 -76.293188,3.289069,0 -76.293712,3.289068,0 -76.294623,3.289010,0 -76.294765,3.288978,0 -76.294882,3.288945,0 -76.295027,3.288894,0 -76.295188,3.288826,0 -76.296777,3.287984,0 -76.297158,3.287830,0 -76.297523,3.287705,0 -76.297900,3.287575,0 -76.298328,3.287452,0 -76.298469,3.287417,0 -76.298770,3.287352,0 -76.298979,3.287314,0 -76.299044,3.287303,0 -76.299402,3.287254,0 -76.299534,3.287239,0 -76.299797,3.287218,0 -76.300272,3.287182,0 -76.300579,3.287184,0 -76.301379,3.287227,0 -76.301835,3.287262,0 -76.302111,3.287257,0 -76.302187,3.287235,0 -76.302392,3.287140,0 -76.302774,3.286933,0 -76.302899,3.286878,0 -76.303033,3.286845,0 -76.304228,3.286708,0 -76.306103,3.286501,0 -76.306374,3.286548,0 -76.306856,3.286667,0 -76.307421,3.286669,0 -76.310189,3.285635,0 -76.313531,3.284463,0 -76.317737,3.282920,0 -76.319230,3.282423,0 -76.319357,3.282381,0 -76.319860,3.282288,0 -76.320029,3.281974,0 -76.319967,3.281731,0 -76.319958,3.281672,0 -76.319935,3.281520,0 -76.319771,3.280411,0 -76.319820,3.280363,0 -76.319859,3.280303,0 -76.319868,3.280249,0 -76.319851,3.280118,0 -76.319839,3.280051,0 -76.319827,3.279989,0 -76.319851,3.279960,0 -76.320123,3.279908,0 -76.320524,3.279842,0 -76.320639,3.279823,0 -76.321061,3.279765,0 -76.321244,3.279692,0 -76.322491,3.279421,0 -76.323259,3.279301,0 -76.323739,3.279226,0 -76.324046,3.279142,0 -76.324525,3.278892,0 -76.324967,3.278516,0 -76.325036,3.278411,0 -76.325172,3.278205,0 -76.325574,3.277361,0 -76.326088,3.276281,0 -76.326862,3.274655,0 -76.328835,3.270500,0 -76.329294,3.269618,0 -76.329316,3.269576,0 -76.329367,3.269482,0 -76.329408,3.269394,0 -76.330493,3.267105,0 -76.331062,3.265902,0 -76.331353,3.265577,0 -76.331672,3.265282,0 -76.332130,3.265063,0 -76.332180,3.265038,0 -76.332552,3.264929,0 -76.333019,3.264894,0 -76.333345,3.264958,0 -76.333425,3.264969,0 -76.334158,3.265096,0 -76.334910,3.265226,0 -76.336374,3.265480,0 -76.336401,3.265485,0 -76.337460,3.265669,0 -76.337575,3.265689,0 -76.338756,3.265893,0 -76.339323,3.265992,0 -76.339948,3.266100,0 -76.340852,3.266257,0 -76.341183,3.266314,0 -76.342275,3.266504,0 -76.342287,3.266506,0 -76.343625,3.266738,0 -76.343802,3.266768,0 -76.344951,3.266968,0 -76.346008,3.267151,0 -76.346578,3.267250,0 -76.347412,3.267387,0 -76.347674,3.267430,0 -76.348084,3.267491,0 -76.348377,3.267534,0 -76.348696,3.267599,0 -76.348791,3.267628,0 -76.350117,3.268030,0 -76.351417,3.268423,0 -76.351472,3.268440,0 -76.352758,3.268829,0 -76.352800,3.268842,0 -76.354136,3.269246,0 -76.355361,3.269639,0 -76.355451,3.269667,0 -76.355498,3.269681,0 -76.356815,3.270085,0 -76.356948,3.270126,0 -76.358389,3.270568,0 -76.359505,3.270887,0 -76.359900,3.271000,0 -76.360658,3.271208,0 -76.360857,3.271283,0 -76.361088,3.271369,0 -76.361190,3.271408,0 -76.361582,3.271555,0 -76.361864,3.271151,0 -76.361987,3.270974,0 -76.362311,3.270510,0 -76.362680,3.269978,0 -76.362733,3.269902,0 -76.362748,3.269880,0 -76.363054,3.269439,0 -76.363409,3.268926,0 -76.363484,3.268815,0 -76.363520,3.268762,0 -76.363540,3.268733,0 -76.364057,3.267981,0 -76.364414,3.267463,0 -76.364913,3.266736,0 -76.366060,3.265069,0 -76.366416,3.264551,0 -76.366564,3.264320,0 -76.367335,3.263215,0 -76.367403,3.263114,0 -76.368614,3.261313,0 -76.369580,3.259918,0 -76.369616,3.259865,0 -76.370547,3.258498,0 -76.370799,3.258128,0 -76.370814,3.258107,0 -76.371048,3.257755,0 -76.371318,3.257363,0 -76.372013,3.256345,0 -76.372343,3.255861,0 -76.373072,3.254791,0 -76.373681,3.253891,0 -76.373935,3.253524,0 -76.374542,3.252648,0 -76.374998,3.251983,0 -76.375620,3.251032,0 -76.376174,3.250217,0 -76.376671,3.249486,0 -76.376937,3.249121,0 -76.377797,3.247843,0 -76.378152,3.247346,0 -76.378765,3.246457,0 -76.378939,3.246232,0 -76.379159,3.245873,0 -76.379512,3.245338,0 -76.379788,3.244965,0 -76.380121,3.244471,0 -76.380604,3.243790,0 -76.381132,3.242976,0 -76.381412,3.242575,0 -76.382190,3.241439,0 -76.383018,3.240215,0 -76.383570,3.239408,0 -76.383627,3.239325,0 -76.383787,3.239069,0 -76.384439,3.238184,0 -76.384992,3.237312,0 -76.385261,3.236930,0 -76.385544,3.236504,0 -76.385883,3.236004,0 -76.386160,3.235621,0 -76.386331,3.235410,0 -76.386555,3.235181,0 -76.386771,3.235012,0 -76.386934,3.234905,0 -76.387187,3.234771,0 -76.387470,3.234661,0 -76.387722,3.234587,0 -76.388009,3.234545,0 -76.388616,3.234477,0 -76.390319,3.234279,0 -76.391272,3.234194,0 -76.391529,3.234171,0 -76.392039,3.234125,0 -76.392324,3.234091,0 -76.392708,3.234059,0 -76.393095,3.234027,0 -76.394297,3.233880,0 -76.394412,3.233868,0 -76.394551,3.233852,0 -76.395149,3.233793,0 -76.396289,3.233664,0 -76.397649,3.233523,0 -76.397890,3.233499,0 -76.399563,3.233339,0 -76.400116,3.233277,0 -76.401568,3.233113,0 -76.401661,3.233103,0 -76.401747,3.233094,0 -76.403475,3.232909,0 -76.405060,3.232740,0 -76.406955,3.232557,0 -76.407330,3.232511,0 -76.407941,3.232435,0 -76.407983,3.232430,0 -76.408006,3.232429,0 -76.408015,3.232427,0 -76.408066,3.232420,0 -76.408620,3.232366,0 -76.408909,3.232335,0 -76.408999,3.232325,0 -76.409197,3.232310,0 -76.409413,3.232282,0 -76.409810,3.232240,0 -76.409990,3.232224,0 -76.410339,3.232184,0 -76.410536,3.232164,0 -76.410964,3.232120,0 -76.411097,3.232103,0 -76.411391,3.232072,0 -76.411793,3.232018,0 -76.412105,3.231952,0 -76.412263,3.231916,0 -76.412468,3.231860,0 -76.413279,3.231642,0 -76.414106,3.231436,0 -76.414920,3.231233,0 -76.415623,3.231058,0 -76.415750,3.231026,0 -76.416618,3.230810,0 -76.417444,3.230604,0 -76.418271,3.230398,0 -76.418817,3.230262,0 -76.419110,3.230189,0 -76.419957,3.229986,0 -76.420619,3.229805,0 -76.420650,3.229797,0 -76.420693,3.229786,0 -76.420744,3.229775,0 -76.420833,3.229784,0 -76.420937,3.229848,0 -76.420978,3.229900,0 -76.421231,3.230223,0 -76.421604,3.230725,0 -76.421630,3.230768,0 -76.421887,3.231192,0 -76.421935,3.231271,0 -76.421961,3.231319,0 -76.421987,3.231358,0 -76.422000,3.231378,0 -76.422016,3.231407,0 -76.422264,3.231872,0 -76.422273,3.231983,0 -76.422279,3.232099,0 -76.422296,3.232462,0 -76.422298,3.232514,0 -76.422307,3.232944,0 -76.422311,3.233276,0 -76.422317,3.233773,0 -76.422323,3.234086,0 -76.422330,3.234252,0 -76.422330,3.234429,0 -76.422337,3.234777,0 -76.422344,3.235037,0 -76.422354,3.235434,0 -76.422361,3.235676,0 -76.422364,3.235800,0 -76.422371,3.236076,0 -76.422378,3.236271,0 -76.422385,3.236414,0 -76.422391,3.236520,0 -76.422402,3.236656,0 -76.422426,3.236791,0 -76.422438,3.236861,0 -76.422458,3.236976,0 -76.422472,3.237053,0 -76.422521,3.237278,0 -76.422530,3.237313,0 -76.422539,3.237345,0 -76.422606,3.237632,0 -76.422694,3.237960,0 -76.422777,3.238277,0 -76.422898,3.238531,0 -76.423267,3.239414,0 -76.423316,3.239490,0 -76.423726,3.240118,0 -76.424293,3.240836,0 -76.425823,3.242741,0 -76.427431,3.244758,0 -76.428546,3.246161,0 -76.429359,3.247173,0 -76.429895,3.247840,0 -76.434632,3.253703,0 -76.434751,3.253851,0 -76.436249,3.255722,0 -76.442173,3.263101,0 -76.442650,3.263694,0 -76.446436,3.268410,0 -76.446802,3.268869,0 -76.447847,3.270187,0 -76.447958,3.270299,0 -76.449038,3.271621,0 -76.450176,3.273013,0 -76.450277,3.273127,0 -76.450328,3.273185,0 -76.450380,3.273231,0 -76.452619,3.275639,0 -76.453024,3.276094,0 -76.457892,3.281298,0 -76.458646,3.282068,0 -76.459479,3.282962,0 -76.460858,3.284448,0 -76.461905,3.285584,0 -76.461828,3.285749,0 -76.461802,3.285805,0 -76.461148,3.286594,0 -76.461125,3.286622,0 -76.460465,3.287476,0 -76.460428,3.287524,0 -76.460357,3.287605,0 -76.460349,3.287614,0 -76.460091,3.287951,0 -76.459943,3.288265,0 -76.459917,3.288350,0 -76.459863,3.288610,0 -76.459562,3.289814,0 -76.459060,3.291868,0 -76.459006,3.291998,0 -76.458999,3.292009,0 -76.458985,3.292026,0 -76.458960,3.292052,0 -76.458933,3.292077,0 -76.458915,3.292085,0 -76.458897,3.292091,0 -76.458723,3.292145,0 -76.458535,3.292116,0 -76.458395,3.292119,0 -76.458182,3.292095,0 -76.458116,3.292087,0 -76.457676,3.292036,0 -76.457173,3.291978,0 -76.457189,3.292192,0 -76.458548,3.297612,0 -76.458718,3.298289,0 -76.458888,3.298929,0 -76.459015,3.299406,0 -76.459141,3.300003,0 -76.459140,3.300058,0 -76.459139,3.300092,0 -76.459136,3.300203,0 -76.459133,3.300324,0 -76.458385,3.300795,0 -76.457814,3.300805,0 -76.457596,3.300809,0 -76.457438,3.301101,0 -76.457446,3.301261,0 -76.457634,3.301569,0 -76.458101,3.302089,0 -76.458377,3.302209,0 -76.458557,3.302308,0 -76.458594,3.302466,0 -76.458463,3.302897,0 -76.458350,3.303361,0 -76.458358,3.303586,0 -76.458511,3.304169,0 -76.458972,3.305286,0 -76.458989,3.305591,0 -76.459284,3.306371,0 -76.459493,3.307474,0 -76.459463,3.307530,0 -76.459377,3.307774,0 -76.459361,3.308015,0 -76.459407,3.308210,0 -76.459520,3.308400,0 -76.459643,3.308590,0 -76.459828,3.308689,0 -76.460080,3.308797,0 -76.460196,3.308976,0 -76.460222,3.309155,0 -76.460289,3.309297,0 -76.460319,3.309600,0 -76.460214,3.310143,0 -76.460238,3.310577,0 -76.460322,3.310730,0 -76.459359,3.310613,0 -76.458339,3.310489,0 -76.458283,3.310559,0 -76.458023,3.312741,0 -76.457765,3.314978,0 -76.457733,3.314974,0 -76.457580,3.316433,0 -76.457531,3.317209,0 -76.457354,3.317188,0 -76.456577,3.317096,0 -76.456049,3.317034,0 -76.455896,3.318333,0 -76.455748,3.319589,0 -76.454157,3.319382,0 -76.454260,3.318455,0 -76.454452,3.316847,0 -76.454466,3.316664,0 -76.454973,3.312347,0 -76.455101,3.311262,0 -76.455235,3.310113,0 -76.455251,3.309977,0 -76.454297,3.309870,0 -76.453323,3.309760,0 -76.452463,3.309653,0 -76.451427,3.309495,0 -76.450240,3.309401,0 -76.449066,3.309279,0 -76.449001,3.309272,0 -76.447898,3.309158,0 -76.446670,3.309007,0 -76.445611,3.308876,0 -76.444335,3.308718,0 -76.443080,3.308564,0 -76.442596,3.306555,0 -76.442181,3.304833,0 -76.441876,3.303569,0 -76.441360,3.301429,0 -76.440182,3.301292,0 -76.438973,3.301151,0 -76.437765,3.301011,0 -76.436902,3.300911,0 -76.436217,3.300831,0 -76.435817,3.299288,0 -76.435211,3.296843,0 -76.435150,3.296593,0 -76.435135,3.296529,0 -76.434803,3.295159,0 -76.434326,3.293276,0 -76.434108,3.292369,0 -76.434089,3.292336,0 -76.434190,3.292237,0 -76.434133,3.292006,0 -76.434057,3.291695,0 -76.434044,3.291640,0 -76.433730,3.290419,0 -76.433700,3.290303,0 -76.433549,3.289716,0 -76.433411,3.289154,0 -76.433265,3.288560,0 -76.433193,3.288262,0 -76.433083,3.288211,0 -76.432664,3.288075,0 -76.432432,3.288016,0 -76.432250,3.287970,0 -76.431406,3.287815,0 -76.431045,3.287769,0 -76.430313,3.287676,0 -76.429502,3.287627,0 -76.429457,3.287624,0 -76.429398,3.287621,0 -76.429375,3.287621,0 -76.429238,3.287619,0 -76.428385,3.287740,0 -76.427167,3.287913,0 -76.425830,3.288102,0 -76.424446,3.288299,0 -76.424057,3.288376,0 -76.423953,3.288375,0 -76.423378,3.288368,0 -76.423254,3.288340,0 -76.423062,3.288302,0 -76.422147,3.288080,0 -76.420629,3.287717,0 -76.420561,3.287700,0 -76.419960,3.287557,0 -76.419017,3.287319,0 -76.418899,3.287289,0 -76.418250,3.287119,0 -76.418027,3.287061,0 -76.416952,3.286796,0 -76.416867,3.286786,0 -76.416626,3.286775,0 -76.416608,3.286776,0 -76.416413,3.286847,0 -76.415439,3.287309,0 -76.414935,3.287506,0 -76.413559,3.288460,0 -76.413274,3.288658,0 -76.413011,3.288831,0 -76.412727,3.288915,0 -76.412452,3.288919,0 -76.412255,3.288866,0 -76.412108,3.288800,0 -76.412061,3.288779,0 -76.411907,3.288686,0 -76.409506,3.286975,0 -76.408390,3.286204,0 -76.407435,3.285544,0 -76.407249,3.285415,0 -76.407177,3.285377,0 -76.405904,3.284806,0 -76.405479,3.284615,0 -76.404603,3.284220,0 -76.404354,3.284109,0 -76.404138,3.284011,0 -76.402885,3.283447,0 -76.402794,3.283406,0 -76.401480,3.282814,0 -76.401418,3.282786,0 -76.400082,3.282184,0 -76.400015,3.282154,0 -76.398741,3.281580,0 -76.398578,3.281507,0 -76.397391,3.280972,0 -76.397026,3.280808,0 -76.396042,3.280364,0 -76.395770,3.280242,0 -76.395310,3.280035,0 -76.394508,3.279674,0 -76.394081,3.279481,0 -76.393243,3.279101,0 -76.392862,3.278929,0 -76.391839,3.278460,0 -76.391646,3.278372,0 -76.390754,3.277962,0 -76.390137,3.277679,0 -76.388782,3.277058,0 -76.388617,3.277055,0 -76.388507,3.277112,0 -76.388463,3.277134,0 -76.387936,3.277898,0 -76.387293,3.278828,0 -76.386601,3.279830,0 -76.385823,3.280966,0 -76.383132,3.284895,0 -76.380968,3.288055,0 -76.380365,3.288935,0 -76.379947,3.289546,0 -76.379869,3.289658,0 -76.379234,3.290519,0 -76.379154,3.290675,0 -76.379136,3.290713,0 -76.377428,3.294355,0 -76.376348,3.296602,0 -76.375755,3.297836,0 -76.374218,3.301035,0 -76.374083,3.301334,0 -76.372693,3.300675,0 -76.371408,3.300066,0 -76.370217,3.299502,0 -76.368892,3.298875,0 -76.367627,3.298275,0 -76.367413,3.298174,0 -76.367222,3.298035,0 -76.366621,3.297306,0 -76.366423,3.297188,0 -76.363237,3.296421,0 -76.359942,3.295628,0 -76.359720,3.299910,0 -76.359712,3.300053,0 -76.359559,3.302989,0 -76.359479,3.304542,0 -76.359548,3.304983,0 -76.359802,3.305995,0 -76.360872,3.310250,0 -76.360885,3.310368,0 -76.360878,3.310433,0 -76.360868,3.310516,0 -76.360545,3.313558,0 -76.360508,3.314045,0 -76.360483,3.314372,0 -76.360452,3.314784,0 -76.360401,3.315017,0 -76.360350,3.315105,0 -76.360258,3.315141,0 -76.360124,3.315163,0 -76.359932,3.315170,0 -76.359568,3.315172,0 -76.359420,3.315198,0 -76.359319,3.315254,0 -76.359044,3.315567,0 -76.358156,3.316779,0 -76.357486,3.317684,0 -76.357175,3.318134,0 -76.357027,3.318404,0 -76.356869,3.318766,0 -76.356705,3.319392,0 -76.356638,3.319839,0 -76.356603,3.320206,0 -76.356579,3.320284,0 -76.356469,3.320431,0 -76.355713,3.321269,0 -76.355254,3.321754,0 -76.355144,3.321845,0 -76.354994,3.321899,0 -76.354581,3.321933,0 -76.354026,3.321950,0 -76.353654,3.321976,0 -76.353366,3.322011,0 -76.353154,3.322038,0 -76.352907,3.322090,0 -76.352655,3.322169,0 -76.352424,3.322260,0 -76.352062,3.322426,0 -76.351762,3.322563,0 -76.351600,3.322654,0 -76.351525,3.322780,0 -76.351457,3.322911,0 -76.351393,3.323055,0 -76.351327,3.323244,0 -76.351647,3.323483,0 -76.351840,3.323653,0 -76.352027,3.323845,0 -76.352172,3.324033,0 -76.352284,3.324224,0 -76.352388,3.324404,0 -76.352459,3.324597,0 -76.352533,3.324781,0 -76.352577,3.324981,0 -76.352608,3.325149,0 -76.352623,3.325335,0 -76.352615,3.325508,0 -76.352612,3.325722,0 -76.352607,3.325937,0 -76.352596,3.326219,0 -76.352585,3.326528,0 -76.352577,3.326776,0 -76.352567,3.326979,0 -76.352564,3.327251,0 -76.352548,3.327606,0 -76.352532,3.327925,0 -76.352516,3.328237,0 -76.352490,3.328439,0 -76.352461,3.328579,0 -76.352428,3.328707,0 -76.352378,3.328848,0 -76.352317,3.329006,0 -76.352235,3.329223,0 -76.352128,3.329517,0 -76.351898,3.330182,0 -76.351594,3.330935,0 -76.351348,3.331642,0 -76.351272,3.331873,0 -76.351205,3.332141,0 -76.351154,3.332426,0 -76.351148,3.332480,0 -76.351125,3.332673,0 -76.351114,3.332834,0 -76.351109,3.332940,0 -76.351104,3.333231,0 -76.351112,3.333445,0 -76.351138,3.333757,0 -76.351179,3.334023,0 -76.351281,3.334634,0 -76.351388,3.335234,0 -76.351605,3.336538,0 -76.351687,3.337037,0 -76.351793,3.337669,0 -76.351858,3.338104,0 -76.352048,3.339249,0 -76.352249,3.340507,0 -76.352345,3.341028,0 -76.352439,3.341467,0 -76.352523,3.341874,0 -76.352561,3.342032,0 -76.352650,3.342260,0 -76.352795,3.342596,0 -76.352964,3.342984,0 -76.353304,3.343747,0 -76.353894,3.345043,0 -76.354038,3.345365,0 -76.354441,3.346272,0 -76.354570,3.346591,0 -76.354691,3.346924,0 -76.354755,3.347177,0 -76.354801,3.347398,0 -76.354836,3.347628,0 -76.354852,3.347866,0 -76.354857,3.348113,0 -76.354855,3.348338,0 -76.354846,3.348571,0 -76.354825,3.348849,0 -76.354785,3.349247,0 -76.354699,3.349941,0 -76.354684,3.350088,0 -76.354460,3.351866,0 -76.354310,3.353085,0 -76.354197,3.353966,0 -76.354144,3.354426,0 -76.354077,3.355086,0 -76.354018,3.355519,0 -76.353948,3.356058,0 -76.353822,3.357139,0 -76.353664,3.358422,0 -76.353503,3.359711,0 -76.353366,3.360841,0 -76.353269,3.361705,0 -76.353236,3.361962,0 -76.353216,3.362118,0 -76.353125,3.362821,0 -76.352918,3.364444,0 -76.352762,3.365673,0 -76.352676,3.366311,0 -76.352639,3.366748,0 -76.352599,3.367144,0 -76.352583,3.367461,0 -76.352585,3.367815,0 -76.352587,3.368056,0 -76.352588,3.368329,0 -76.352577,3.368901,0 -76.352569,3.369673,0 -76.352569,3.370152,0 -76.352580,3.370722,0 -76.352580,3.370977,0 -76.352567,3.371221,0 -76.352545,3.371576,0 -76.352542,3.371827,0 -76.352540,3.372779,0 -76.352540,3.373269,0 -76.352529,3.374738,0 -76.352526,3.375300,0 -76.352518,3.376040,0 -76.352502,3.376687,0 -76.352505,3.377161,0 -76.352516,3.377806,0 -76.352521,3.378677,0 -76.352526,3.379089,0 -76.352518,3.379458,0 -76.352504,3.380021,0 -76.352502,3.380340,0 -76.352505,3.381023,0 -76.352492,3.381816,0 -76.352489,3.382448,0 -76.352516,3.382769,0 -76.352553,3.383108,0 -76.352583,3.383440,0 -76.352631,3.383877,0 -76.352712,3.384538,0 -76.352764,3.385005,0 -76.352850,3.385803,0 -76.352889,3.386102,0 -76.353047,3.387476,0 -76.353192,3.388938,0 -76.353244,3.389467,0 -76.353311,3.390038,0 -76.353367,3.390516,0 -76.353488,3.391552,0 -76.353539,3.391995,0 -76.353557,3.392147,0 -76.353597,3.392486,0 -76.353652,3.393311,0 -76.353746,3.393911,0 -76.353751,3.394063,0 -76.353744,3.394130,0 -76.353721,3.394232,0 -76.353673,3.394351,0 -76.353620,3.394442,0 -76.353519,3.394560,0 -76.353403,3.394651,0 -76.353305,3.394726,0 -76.353195,3.394821,0 -76.353088,3.394952,0 -76.353017,3.395079,0 -76.352959,3.395174,0 -76.352889,3.395249,0 -76.352792,3.395314,0 -76.352675,3.395356,0 -76.352586,3.395368,0 -76.352492,3.395363,0 -76.352346,3.395317,0 -76.352061,3.395237,0 -76.351934,3.395191,0 -76.351714,3.395108,0 -76.351322,3.394930,0 -76.349820,3.394213,0 -76.348777,3.393712,0 -76.348165,3.393419,0 -76.347759,3.393218,0 -76.347263,3.392989,0 -76.347195,3.392960,0 -76.347022,3.392886,0 -76.346393,3.392661,0 -76.345733,3.392448,0 -76.344638,3.392090,0 -76.343750,3.391808,0 -76.342423,3.391379,0 -76.341500,3.391085,0 -76.340762,3.390843,0 -76.340544,3.390769,0 -76.340179,3.390649,0 -76.339795,3.390504,0 -76.339422,3.390330,0 -76.339109,3.390163,0 -76.338879,3.390016,0 -76.338658,3.389856,0 -76.338300,3.389561,0 -76.337705,3.389081,0 -76.336814,3.388336,0 -76.336361,3.387958,0 -76.335870,3.387538,0 -76.335551,3.387235,0 -76.335239,3.386890,0 -76.334867,3.386440,0 -76.334435,3.385856,0 -76.334000,3.385265,0 -76.333351,3.384389,0 -76.332721,3.383538,0 -76.332333,3.383030,0 -76.332047,3.382630,0 -76.331611,3.382022,0 -76.331444,3.381789,0 -76.330924,3.380983,0 -76.330898,3.380948,0 -76.330497,3.380399,0 -76.330154,3.379869,0 -76.329950,3.379604,0 -76.329816,3.379441,0 -76.329642,3.379287,0 -76.329435,3.379125,0 -76.328746,3.378655,0 -76.328338,3.378387,0 -76.328147,3.378256,0 -76.327692,3.377947,0 -76.327567,3.377861,0 -76.327421,3.377754,0 -76.327320,3.377687,0 -76.326672,3.377241,0 -76.325999,3.376774,0 -76.325836,3.376662,0 -76.325350,3.376346,0 -76.325133,3.376240,0 -76.324900,3.376139,0 -76.324662,3.376071,0 -76.323851,3.375809,0 -76.322612,3.375465,0 -76.322238,3.375345,0 -76.322065,3.375289,0 -76.321667,3.375117,0 -76.321449,3.375013,0 -76.321129,3.374861,0 -76.320155,3.374329,0 -76.319083,3.373723,0 -76.318631,3.373476,0 -76.318544,3.373429,0 -76.317749,3.373004,0 -76.316298,3.372199,0 -76.315979,3.371993,0 -76.315705,3.371796,0 -76.315458,3.371593,0 -76.315010,3.371132,0 -76.314104,3.370203,0 -76.313379,3.369440,0 -76.313114,3.369178,0 -76.312878,3.368945,0 -76.312481,3.368541,0 -76.312170,3.368210,0 -76.311795,3.367816,0 -76.311718,3.367736,0 -76.311419,3.367423,0 -76.310925,3.366923,0 -76.310083,3.366012,0 -76.309918,3.365846,0 -76.309864,3.365792,0 -76.308786,3.364710,0 -76.308612,3.364536,0 -76.308181,3.364074,0 -76.307356,3.363232,0 -76.306812,3.362660,0 -76.304959,3.360740,0 -76.304502,3.360267,0 -76.304196,3.359953,0 -76.304108,3.359860,0 -76.303864,3.359602,0 -76.303509,3.359273,0 -76.303261,3.359050,0 -76.302889,3.358854,0 -76.302752,3.358782,0 -76.302541,3.358695,0 -76.301062,3.358242,0 -76.299763,3.357837,0 -76.298997,3.357603,0 -76.297194,3.357047,0 -76.296909,3.356955,0 -76.296443,3.356805,0 -76.296130,3.356674,0 -76.295823,3.356528,0 -76.295464,3.356309,0 -76.295061,3.356754,0 -76.294746,3.357097,0 -76.294047,3.357856,0 -76.293966,3.357956,0 -76.293610,3.358357,0 -76.293043,3.358996,0 -76.293002,3.359044,0 -76.292923,3.359131,0 -76.292824,3.359360,0 -76.292708,3.359558,0 -76.292576,3.359765,0 -76.291934,3.360455,0 -76.291068,3.361385,0 -76.290977,3.361495,0 -76.290912,3.361622,0 -76.290876,3.361761,0 -76.290666,3.363704,0 -76.290403,3.366269,0 -76.290312,3.366275,0 -76.290110,3.366293,0 -76.289335,3.366370,0 -76.288847,3.366437,0 -76.288859,3.366551,0 -76.288845,3.367668,0 -76.288065,3.368321,0 -76.287901,3.368380,0 -76.287901,3.368380,0</coordinates></LineString></Placemark><Placemark><name>Ruta día 13</name><styleUrl>#dia13</styleUrl><ExtendedData><Data name="INGENIO"><value>Castilla</value></Data><Data name="DIA"><value>13</value></Data><Data name="PUNTOS"><value>CC-001, CC-031</value></Data><Data name="N_PUNTOS"><value>2</value></Data><Data name="KM"><value>113.6</value></Data><Data name="HORAS_TOTALES"><value>6.96</value></Data><Data name="REGRESO"><value>13:27</value></Data><Data name="PEAJES"><value>0</value></Data><Data name="COSTO_COP"><value>530312</value></Data></ExtendedData><LineString><tessellate>1</tessellate><coordinates>-76.287901,3.368380,0 -76.287901,3.368380,0 -76.288065,3.368321,0 -76.288845,3.367668,0 -76.288859,3.366551,0 -76.289351,3.366508,0 -76.289568,3.366499,0 -76.290107,3.366450,0 -76.290313,3.366434,0 -76.290385,3.366430,0 -76.290403,3.366269,0 -76.290666,3.363704,0 -76.290876,3.361761,0 -76.290912,3.361622,0 -76.290977,3.361495,0 -76.291068,3.361385,0 -76.291934,3.360455,0 -76.292576,3.359765,0 -76.292708,3.359558,0 -76.292824,3.359360,0 -76.292923,3.359131,0 -76.293002,3.359044,0 -76.293043,3.358996,0 -76.293610,3.358357,0 -76.293966,3.357956,0 -76.294047,3.357856,0 -76.294746,3.357097,0 -76.295061,3.356754,0 -76.295464,3.356309,0 -76.294712,3.355699,0 -76.294234,3.355316,0 -76.294167,3.355255,0 -76.292512,3.353908,0 -76.292019,3.353501,0 -76.291007,3.352668,0 -76.289352,3.351337,0 -76.288765,3.350861,0 -76.288446,3.350638,0 -76.287917,3.350380,0 -76.286391,3.349768,0 -76.285152,3.349316,0 -76.284652,3.349126,0 -76.284139,3.348973,0 -76.283617,3.348855,0 -76.283088,3.348773,0 -76.280233,3.348407,0 -76.278668,3.348207,0 -76.277906,3.348092,0 -76.277142,3.347891,0 -76.271614,3.345063,0 -76.270852,3.344698,0 -76.269885,3.344236,0 -76.269437,3.344131,0 -76.268975,3.344062,0 -76.268380,3.344118,0 -76.268047,3.344190,0 -76.267754,3.344303,0 -76.267254,3.344565,0 -76.266449,3.345210,0 -76.265210,3.346253,0 -76.264880,3.346376,0 -76.264758,3.346431,0 -76.264629,3.346470,0 -76.264580,3.346462,0 -76.264531,3.346463,0 -76.264482,3.346472,0 -76.264436,3.346489,0 -76.264310,3.346455,0 -76.264193,3.346402,0 -76.263889,3.346237,0 -76.263637,3.346040,0 -76.262736,3.344921,0 -76.262272,3.344425,0 -76.261774,3.344013,0 -76.261327,3.343699,0 -76.258828,3.341936,0 -76.257920,3.341306,0 -76.257612,3.341091,0 -76.256981,3.340640,0 -76.254273,3.338701,0 -76.253972,3.338444,0 -76.253368,3.337611,0 -76.252642,3.336670,0 -76.252089,3.335906,0 -76.251998,3.335776,0 -76.251546,3.335150,0 -76.250916,3.334343,0 -76.250367,3.333645,0 -76.250261,3.333536,0 -76.250102,3.333369,0 -76.250022,3.333292,0 -76.249939,3.333207,0 -76.249888,3.333160,0 -76.249280,3.332567,0 -76.248596,3.331920,0 -76.248101,3.331462,0 -76.247912,3.331238,0 -76.247827,3.331138,0 -76.247811,3.331099,0 -76.247785,3.331067,0 -76.247750,3.331044,0 -76.247710,3.331032,0 -76.247489,3.330858,0 -76.247027,3.330407,0 -76.246762,3.330152,0 -76.244911,3.328371,0 -76.244564,3.328077,0 -76.244396,3.327935,0 -76.243582,3.327179,0 -76.242737,3.326319,0 -76.240522,3.323892,0 -76.240231,3.323564,0 -76.239945,3.323255,0 -76.239666,3.322953,0 -76.239381,3.322621,0 -76.239116,3.322318,0 -76.238841,3.322000,0 -76.238696,3.321833,0 -76.238661,3.321793,0 -76.238550,3.321660,0 -76.238339,3.321427,0 -76.238161,3.321208,0 -76.238089,3.321102,0 -76.237995,3.320929,0 -76.237877,3.320657,0 -76.237808,3.320487,0 -76.237727,3.320183,0 -76.237604,3.318911,0 -76.237591,3.318700,0 -76.237563,3.317973,0 -76.237453,3.317354,0 -76.237346,3.317004,0 -76.238096,3.316014,0 -76.238418,3.315580,0 -76.238865,3.314965,0 -76.239204,3.314470,0 -76.239236,3.314424,0 -76.239841,3.313557,0 -76.240709,3.312379,0 -76.241265,3.311757,0 -76.241648,3.311354,0 -76.242006,3.310970,0 -76.242900,3.310000,0 -76.243592,3.309242,0 -76.244627,3.308093,0 -76.245224,3.307471,0 -76.247587,3.304937,0 -76.248757,3.303666,0 -76.249939,3.302396,0 -76.250526,3.301777,0 -76.252339,3.299914,0 -76.252942,3.299296,0 -76.253020,3.299199,0 -76.253848,3.298186,0 -76.254175,3.297785,0 -76.254292,3.297643,0 -76.254453,3.297375,0 -76.254763,3.296716,0 -76.255131,3.295876,0 -76.255257,3.295688,0 -76.255321,3.295615,0 -76.255399,3.295563,0 -76.255564,3.295505,0 -76.255762,3.295467,0 -76.256037,3.295425,0 -76.256577,3.295355,0 -76.257145,3.295266,0 -76.257790,3.295151,0 -76.258490,3.295017,0 -76.259899,3.294781,0 -76.261120,3.294547,0 -76.262143,3.294366,0 -76.262471,3.294325,0 -76.262816,3.294301,0 -76.263374,3.294273,0 -76.263874,3.294245,0 -76.264455,3.294188,0 -76.265347,3.294107,0 -76.266159,3.294012,0 -76.266498,3.293964,0 -76.266949,3.293877,0 -76.267222,3.293769,0 -76.267556,3.293594,0 -76.267591,3.293572,0 -76.267832,3.293426,0 -76.267927,3.293376,0 -76.268898,3.292898,0 -76.269108,3.292779,0 -76.269300,3.292651,0 -76.269461,3.292461,0 -76.269536,3.292280,0 -76.269590,3.292098,0 -76.269893,3.291268,0 -76.270062,3.290866,0 -76.270419,3.290071,0 -76.270585,3.289739,0 -76.270649,3.289618,0 -76.270807,3.289426,0 -76.271140,3.289126,0 -76.272183,3.288439,0 -76.273012,3.287803,0 -76.274427,3.286637,0 -76.276366,3.285062,0 -76.276575,3.285024,0 -76.276750,3.285031,0 -76.276961,3.285055,0 -76.277739,3.285242,0 -76.279260,3.285607,0 -76.280754,3.285936,0 -76.281795,3.286167,0 -76.282683,3.286376,0 -76.283128,3.286457,0 -76.283736,3.286569,0 -76.284533,3.286707,0 -76.284856,3.286756,0 -76.285096,3.286835,0 -76.285285,3.286902,0 -76.285917,3.287224,0 -76.286962,3.287776,0 -76.287946,3.288314,0 -76.288316,3.288438,0 -76.288505,3.288479,0 -76.288720,3.288511,0 -76.290987,3.288669,0 -76.291749,3.288736,0 -76.292202,3.288838,0 -76.292837,3.289020,0 -76.293004,3.289060,0 -76.293188,3.289069,0 -76.293712,3.289068,0 -76.294623,3.289010,0 -76.294765,3.288978,0 -76.294882,3.288945,0 -76.295027,3.288894,0 -76.295188,3.288826,0 -76.296777,3.287984,0 -76.297158,3.287830,0 -76.297523,3.287705,0 -76.297900,3.287575,0 -76.298328,3.287452,0 -76.298469,3.287417,0 -76.298770,3.287352,0 -76.298979,3.287314,0 -76.299044,3.287303,0 -76.299402,3.287254,0 -76.299534,3.287239,0 -76.299797,3.287218,0 -76.300272,3.287182,0 -76.300579,3.287184,0 -76.301379,3.287227,0 -76.301835,3.287262,0 -76.302111,3.287257,0 -76.302187,3.287235,0 -76.302392,3.287140,0 -76.302774,3.286933,0 -76.302899,3.286878,0 -76.303033,3.286845,0 -76.304228,3.286708,0 -76.306103,3.286501,0 -76.306374,3.286548,0 -76.306856,3.286667,0 -76.307421,3.286669,0 -76.310189,3.285635,0 -76.313531,3.284463,0 -76.317737,3.282920,0 -76.319230,3.282423,0 -76.319357,3.282381,0 -76.319860,3.282288,0 -76.320029,3.281974,0 -76.319967,3.281731,0 -76.319958,3.281672,0 -76.319935,3.281520,0 -76.319771,3.280411,0 -76.319820,3.280363,0 -76.319859,3.280303,0 -76.319868,3.280249,0 -76.319851,3.280118,0 -76.319839,3.280051,0 -76.319827,3.279989,0 -76.319851,3.279960,0 -76.320123,3.279908,0 -76.320524,3.279842,0 -76.320639,3.279823,0 -76.321061,3.279765,0 -76.321244,3.279692,0 -76.322491,3.279421,0 -76.323259,3.279301,0 -76.323739,3.279226,0 -76.324046,3.279142,0 -76.324525,3.278892,0 -76.324967,3.278516,0 -76.325036,3.278411,0 -76.325172,3.278205,0 -76.325574,3.277361,0 -76.326088,3.276281,0 -76.326862,3.274655,0 -76.328835,3.270500,0 -76.329294,3.269618,0 -76.329316,3.269576,0 -76.329367,3.269482,0 -76.329408,3.269394,0 -76.330493,3.267105,0 -76.331062,3.265902,0 -76.331353,3.265577,0 -76.331672,3.265282,0 -76.332130,3.265063,0 -76.332180,3.265038,0 -76.332552,3.264929,0 -76.333019,3.264894,0 -76.333345,3.264958,0 -76.333425,3.264969,0 -76.334158,3.265096,0 -76.334910,3.265226,0 -76.336374,3.265480,0 -76.336401,3.265485,0 -76.337460,3.265669,0 -76.337575,3.265689,0 -76.338756,3.265893,0 -76.339323,3.265992,0 -76.339948,3.266100,0 -76.340852,3.266257,0 -76.341183,3.266314,0 -76.342275,3.266504,0 -76.342287,3.266506,0 -76.343625,3.266738,0 -76.343802,3.266768,0 -76.344951,3.266968,0 -76.346008,3.267151,0 -76.346578,3.267250,0 -76.347412,3.267387,0 -76.347674,3.267430,0 -76.348084,3.267491,0 -76.348377,3.267534,0 -76.348696,3.267599,0 -76.348791,3.267628,0 -76.350117,3.268030,0 -76.351417,3.268423,0 -76.351472,3.268440,0 -76.352758,3.268829,0 -76.352800,3.268842,0 -76.354136,3.269246,0 -76.355361,3.269639,0 -76.355451,3.269667,0 -76.355498,3.269681,0 -76.356815,3.270085,0 -76.356948,3.270126,0 -76.358389,3.270568,0 -76.359505,3.270887,0 -76.359900,3.271000,0 -76.360658,3.271208,0 -76.360857,3.271283,0 -76.361088,3.271369,0 -76.361190,3.271408,0 -76.361582,3.271555,0 -76.361864,3.271151,0 -76.361987,3.270974,0 -76.362311,3.270510,0 -76.362680,3.269978,0 -76.362733,3.269902,0 -76.362748,3.269880,0 -76.363054,3.269439,0 -76.363409,3.268926,0 -76.363484,3.268815,0 -76.363520,3.268762,0 -76.363540,3.268733,0 -76.364057,3.267981,0 -76.364414,3.267463,0 -76.364913,3.266736,0 -76.366060,3.265069,0 -76.366416,3.264551,0 -76.366564,3.264320,0 -76.367335,3.263215,0 -76.367403,3.263114,0 -76.368614,3.261313,0 -76.369580,3.259918,0 -76.369616,3.259865,0 -76.370547,3.258498,0 -76.370799,3.258128,0 -76.370814,3.258107,0 -76.371048,3.257755,0 -76.371318,3.257363,0 -76.372013,3.256345,0 -76.372343,3.255861,0 -76.373072,3.254791,0 -76.373681,3.253891,0 -76.373935,3.253524,0 -76.374542,3.252648,0 -76.374998,3.251983,0 -76.375620,3.251032,0 -76.376174,3.250217,0 -76.376671,3.249486,0 -76.376937,3.249121,0 -76.377797,3.247843,0 -76.378152,3.247346,0 -76.378765,3.246457,0 -76.378939,3.246232,0 -76.379159,3.245873,0 -76.379512,3.245338,0 -76.379788,3.244965,0 -76.380121,3.244471,0 -76.380604,3.243790,0 -76.381132,3.242976,0 -76.381412,3.242575,0 -76.382190,3.241439,0 -76.383018,3.240215,0 -76.383570,3.239408,0 -76.383627,3.239325,0 -76.383787,3.239069,0 -76.384439,3.238184,0 -76.384992,3.237312,0 -76.385261,3.236930,0 -76.385544,3.236504,0 -76.385883,3.236004,0 -76.386160,3.235621,0 -76.386331,3.235410,0 -76.386555,3.235181,0 -76.386771,3.235012,0 -76.386934,3.234905,0 -76.387187,3.234771,0 -76.387470,3.234661,0 -76.387722,3.234587,0 -76.388009,3.234545,0 -76.388616,3.234477,0 -76.390319,3.234279,0 -76.391272,3.234194,0 -76.391529,3.234171,0 -76.392039,3.234125,0 -76.392324,3.234091,0 -76.392708,3.234059,0 -76.393095,3.234027,0 -76.394297,3.233880,0 -76.394412,3.233868,0 -76.394551,3.233852,0 -76.395149,3.233793,0 -76.396289,3.233664,0 -76.397649,3.233523,0 -76.397890,3.233499,0 -76.399563,3.233339,0 -76.400116,3.233277,0 -76.401568,3.233113,0 -76.401661,3.233103,0 -76.401747,3.233094,0 -76.403475,3.232909,0 -76.405060,3.232740,0 -76.406955,3.232557,0 -76.407330,3.232511,0 -76.407941,3.232435,0 -76.407983,3.232430,0 -76.408006,3.232429,0 -76.408015,3.232427,0 -76.408066,3.232420,0 -76.408620,3.232366,0 -76.408909,3.232335,0 -76.408999,3.232325,0 -76.409197,3.232310,0 -76.409413,3.232282,0 -76.409810,3.232240,0 -76.409990,3.232224,0 -76.410339,3.232184,0 -76.410536,3.232164,0 -76.410964,3.232120,0 -76.411097,3.232103,0 -76.411391,3.232072,0 -76.411793,3.232018,0 -76.412105,3.231952,0 -76.412263,3.231916,0 -76.412468,3.231860,0 -76.413279,3.231642,0 -76.414106,3.231436,0 -76.414920,3.231233,0 -76.415623,3.231058,0 -76.415750,3.231026,0 -76.416618,3.230810,0 -76.417444,3.230604,0 -76.418271,3.230398,0 -76.418817,3.230262,0 -76.419110,3.230189,0 -76.419957,3.229986,0 -76.420619,3.229805,0 -76.420650,3.229797,0 -76.420693,3.229786,0 -76.420744,3.229775,0 -76.420833,3.229784,0 -76.420937,3.229848,0 -76.420978,3.229900,0 -76.421231,3.230223,0 -76.421604,3.230725,0 -76.421630,3.230768,0 -76.421887,3.231192,0 -76.421935,3.231271,0 -76.421977,3.231300,0 -76.422036,3.231314,0 -76.422107,3.231308,0 -76.422174,3.231285,0 -76.422234,3.231246,0 -76.422283,3.231194,0 -76.422279,3.231043,0 -76.422264,3.230443,0 -76.422264,3.229864,0 -76.422280,3.229289,0 -76.422288,3.228916,0 -76.422293,3.228464,0 -76.422317,3.228271,0 -76.422360,3.228132,0 -76.422384,3.228043,0 -76.422430,3.227893,0 -76.422508,3.227639,0 -76.422776,3.226905,0 -76.422835,3.226739,0 -76.422917,3.226474,0 -76.422965,3.226309,0 -76.423207,3.225572,0 -76.423397,3.225015,0 -76.423529,3.224610,0 -76.423636,3.224284,0 -76.423752,3.223978,0 -76.423771,3.223918,0 -76.423833,3.223745,0 -76.423869,3.223607,0 -76.423904,3.223515,0 -76.424051,3.223034,0 -76.424220,3.222508,0 -76.424240,3.222438,0 -76.424279,3.222313,0 -76.424576,3.221453,0 -76.424662,3.221166,0 -76.424779,3.220804,0 -76.424840,3.220607,0 -76.424978,3.220315,0 -76.425177,3.220003,0 -76.425445,3.219578,0 -76.425694,3.219242,0 -76.425793,3.219110,0 -76.426001,3.218823,0 -76.426294,3.218426,0 -76.426553,3.218059,0 -76.426931,3.217526,0 -76.427380,3.216894,0 -76.428674,3.215069,0 -76.428903,3.214747,0 -76.429558,3.213824,0 -76.429798,3.213485,0 -76.429822,3.213452,0 -76.430205,3.212913,0 -76.430336,3.212727,0 -76.430589,3.212362,0 -76.430684,3.212224,0 -76.431188,3.211515,0 -76.431464,3.211127,0 -76.432029,3.210333,0 -76.432087,3.210252,0 -76.432680,3.209417,0 -76.433544,3.208203,0 -76.433975,3.207597,0 -76.434542,3.206804,0 -76.435082,3.206040,0 -76.435578,3.205337,0 -76.435978,3.204780,0 -76.437126,3.203165,0 -76.437326,3.202893,0 -76.437605,3.202492,0 -76.437764,3.202262,0 -76.437905,3.202070,0 -76.437993,3.201946,0 -76.438588,3.201110,0 -76.438959,3.200588,0 -76.439018,3.200505,0 -76.439036,3.200480,0 -76.439054,3.200454,0 -76.439249,3.200173,0 -76.439406,3.199951,0 -76.439538,3.199772,0 -76.439683,3.199570,0 -76.439987,3.199146,0 -76.440279,3.198741,0 -76.440326,3.198675,0 -76.440484,3.198456,0 -76.440625,3.198259,0 -76.441099,3.197599,0 -76.441243,3.197384,0 -76.441474,3.197079,0 -76.441685,3.196776,0 -76.442078,3.196238,0 -76.442080,3.196236,0 -76.442179,3.196098,0 -76.442200,3.196069,0 -76.442294,3.195934,0 -76.442501,3.195651,0 -76.442733,3.195328,0 -76.442956,3.195017,0 -76.443001,3.194954,0 -76.443141,3.194759,0 -76.443354,3.194464,0 -76.443951,3.193634,0 -76.443987,3.193583,0 -76.444112,3.193410,0 -76.444145,3.193363,0 -76.444312,3.193131,0 -76.444504,3.192858,0 -76.444789,3.192458,0 -76.444932,3.192258,0 -76.445074,3.192059,0 -76.445558,3.191379,0 -76.446166,3.190478,0 -76.446271,3.190328,0 -76.446486,3.190091,0 -76.446620,3.189894,0 -76.446977,3.189425,0 -76.447095,3.189254,0 -76.447223,3.189063,0 -76.447617,3.188519,0 -76.447939,3.188049,0 -76.448273,3.187565,0 -76.448483,3.187261,0 -76.448973,3.186593,0 -76.449062,3.186470,0 -76.449074,3.186450,0 -76.449471,3.185879,0 -76.449600,3.185696,0 -76.449784,3.185442,0 -76.449958,3.185192,0 -76.450241,3.184810,0 -76.450756,3.184086,0 -76.451031,3.183705,0 -76.452151,3.182137,0 -76.453621,3.180076,0 -76.453646,3.180035,0 -76.453719,3.179926,0 -76.453995,3.179559,0 -76.454528,3.178817,0 -76.455045,3.178072,0 -76.455472,3.177468,0 -76.455859,3.176961,0 -76.455901,3.176902,0 -76.456954,3.175427,0 -76.457176,3.175116,0 -76.457248,3.175015,0 -76.457547,3.174596,0 -76.457636,3.174441,0 -76.457721,3.174258,0 -76.457752,3.174172,0 -76.457805,3.173977,0 -76.457836,3.173742,0 -76.457898,3.173725,0 -76.457932,3.173728,0 -76.457956,3.173690,0 -76.458187,3.173352,0 -76.458534,3.173581,0 -76.458935,3.173844,0 -76.459092,3.173947,0 -76.459612,3.174289,0 -76.460303,3.174743,0 -76.461086,3.175257,0 -76.461790,3.175720,0 -76.462482,3.176174,0 -76.463182,3.176634,0 -76.463925,3.177123,0 -76.464623,3.177581,0 -76.465337,3.178051,0 -76.466079,3.178538,0 -76.466788,3.179004,0 -76.467297,3.178295,0 -76.467970,3.178730,0 -76.468483,3.179001,0 -76.468707,3.179097,0 -76.468854,3.179140,0 -76.469836,3.179316,0 -76.469910,3.179338,0 -76.469953,3.179350,0 -76.470651,3.179568,0 -76.470859,3.179643,0 -76.471169,3.179763,0 -76.472110,3.180192,0 -76.473092,3.180753,0 -76.473473,3.181007,0 -76.473797,3.181240,0 -76.474302,3.181658,0 -76.474466,3.181793,0 -76.474682,3.181971,0 -76.474712,3.182062,0 -76.474975,3.182750,0 -76.475369,3.183690,0 -76.475690,3.184472,0 -76.475938,3.185013,0 -76.476194,3.185520,0 -76.476497,3.186024,0 -76.476617,3.186198,0 -76.476713,3.186339,0 -76.476949,3.186670,0 -76.477294,3.187132,0 -76.477808,3.187774,0 -76.479187,3.189533,0 -76.479320,3.189702,0 -76.480342,3.190941,0 -76.481515,3.192407,0 -76.481723,3.192661,0 -76.482104,3.193126,0 -76.482685,3.193852,0 -76.484537,3.196178,0 -76.485389,3.197272,0 -76.485926,3.197962,0 -76.486656,3.198883,0 -76.486947,3.199204,0 -76.487419,3.199781,0 -76.487754,3.200199,0 -76.488053,3.200545,0 -76.488286,3.200784,0 -76.488438,3.200934,0 -76.488502,3.200999,0 -76.488850,3.201272,0 -76.489177,3.201479,0 -76.489586,3.201702,0 -76.491491,3.202578,0 -76.492423,3.202966,0 -76.492784,3.203140,0 -76.493117,3.203361,0 -76.493415,3.203628,0 -76.493674,3.203933,0 -76.493888,3.204271,0 -76.494052,3.204635,0 -76.494668,3.205867,0 -76.495254,3.207044,0 -76.495566,3.206891,0 -76.498444,3.204181,0 -76.499117,3.203561,0 -76.500070,3.202783,0 -76.500952,3.202148,0 -76.501097,3.202021,0 -76.501204,3.201843,0 -76.501585,3.201091,0 -76.501767,3.200942,0 -76.501985,3.200821,0 -76.501762,3.200399,0 -76.501590,3.200218,0 -76.501326,3.200073,0 -76.501106,3.199951,0 -76.500967,3.199830,0 -76.500846,3.199665,0 -76.500757,3.199486,0 -76.500627,3.199151,0 -76.500556,3.198809,0 -76.500411,3.198448,0 -76.500243,3.198170,0 -76.499985,3.197893,0 -76.499851,3.197765,0 -76.499460,3.197575,0 -76.498585,3.196966,0 -76.498037,3.196572,0 -76.497533,3.196179,0 -76.496630,3.195305,0 -76.496435,3.195161,0 -76.495536,3.194694,0 -76.495253,3.194508,0 -76.495013,3.194290,0 -76.494827,3.194077,0 -76.494661,3.193847,0 -76.494525,3.193564,0 -76.494451,3.193367,0 -76.494384,3.193087,0 -76.494295,3.192849,0 -76.493969,3.192295,0 -76.493635,3.191798,0 -76.493562,3.191645,0 -76.493518,3.191492,0 -76.493470,3.191351,0 -76.493397,3.191259,0 -76.493311,3.191201,0 -76.492681,3.191072,0 -76.492579,3.191005,0 -76.492367,3.190545,0 -76.492174,3.190164,0 -76.492086,3.189947,0 -76.492080,3.189899,0 -76.492086,3.189840,0 -76.492239,3.189345,0 -76.492295,3.189243,0 -76.492467,3.189096,0 -76.492561,3.188979,0 -76.492795,3.188452,0 -76.493038,3.188067,0 -76.493175,3.187749,0 -76.493247,3.187615,0 -76.493597,3.187293,0 -76.493604,3.187221,0 -76.493532,3.186301,0 -76.493519,3.186234,0 -76.493467,3.186125,0 -76.493396,3.186023,0 -76.493281,3.185847,0 -76.493180,3.185646,0 -76.493150,3.185537,0 -76.493136,3.185407,0 -76.493140,3.185201,0 -76.493161,3.185064,0 -76.493196,3.184924,0 -76.493504,3.184106,0 -76.493551,3.184022,0 -76.493635,3.183914,0 -76.493896,3.183639,0 -76.494166,3.183351,0 -76.494309,3.183191,0 -76.494510,3.182954,0 -76.494749,3.182707,0 -76.494813,3.182628,0 -76.494888,3.182488,0 -76.494946,3.182323,0 -76.494996,3.182109,0 -76.495005,3.181971,0 -76.495003,3.181856,0 -76.494996,3.181801,0 -76.494989,3.181747,0 -76.494843,3.180822,0 -76.494809,3.180686,0 -76.494783,3.180609,0 -76.494654,3.180284,0 -76.494619,3.180154,0 -76.494602,3.180037,0 -76.494604,3.179881,0 -76.494625,3.179798,0 -76.494655,3.179716,0 -76.494767,3.179472,0 -76.494835,3.179295,0 -76.494904,3.179081,0 -76.495095,3.178626,0 -76.495247,3.178337,0 -76.495449,3.178006,0 -76.495719,3.177551,0 -76.495981,3.177075,0 -76.496280,3.176635,0 -76.496576,3.176190,0 -76.496677,3.176065,0 -76.496793,3.175969,0 -76.496907,3.175906,0 -76.497786,3.175519,0 -76.497882,3.175460,0 -76.497989,3.175370,0 -76.498071,3.175285,0 -76.498147,3.175182,0 -76.498237,3.175024,0 -76.498322,3.174834,0 -76.498504,3.174428,0 -76.498526,3.174345,0 -76.498528,3.174282,0 -76.498548,3.174031,0 -76.498572,3.173967,0 -76.498612,3.173916,0 -76.498760,3.173808,0 -76.498872,3.173713,0 -76.498952,3.173631,0 -76.499028,3.173504,0 -76.499055,3.173440,0 -76.499073,3.173375,0 -76.499106,3.173189,0 -76.499118,3.173078,0 -76.499128,3.172985,0 -76.499128,3.172872,0 -76.499118,3.172582,0 -76.499093,3.172234,0 -76.499078,3.172006,0 -76.499077,3.171935,0 -76.499090,3.171876,0 -76.499113,3.171806,0 -76.499540,3.171020,0 -76.499564,3.170951,0 -76.499570,3.170870,0 -76.499565,3.170790,0 -76.499548,3.170723,0 -76.499534,3.170684,0 -76.499365,3.170454,0 -76.498889,3.169903,0 -76.498777,3.169806,0 -76.498448,3.169525,0 -76.498412,3.169467,0 -76.498392,3.169436,0 -76.498383,3.169409,0 -76.498378,3.169381,0 -76.498431,3.168874,0 -76.498461,3.168799,0 -76.498520,3.168737,0 -76.498618,3.168663,0 -76.499413,3.168228,0 -76.499604,3.168138,0 -76.499684,3.168106,0 -76.499745,3.168092,0 -76.499879,3.168088,0 -76.500020,3.168094,0 -76.500187,3.168118,0 -76.500458,3.168159,0 -76.500696,3.168178,0 -76.500773,3.168197,0 -76.500834,3.168218,0 -76.500996,3.168293,0 -76.501065,3.168316,0 -76.501134,3.168330,0 -76.501264,3.168337,0 -76.501379,3.168333,0 -76.501456,3.168319,0 -76.501574,3.168282,0 -76.501624,3.168265,0 -76.501687,3.168252,0 -76.501798,3.168243,0 -76.501978,3.168235,0 -76.502131,3.168187,0 -76.502399,3.168045,0 -76.502646,3.167936,0 -76.503056,3.167830,0 -76.503158,3.167765,0 -76.503158,3.167765,0 -76.503234,3.167652,0 -76.503532,3.166510,0 -76.503599,3.166323,0 -76.503730,3.166036,0 -76.503756,3.165968,0 -76.503936,3.165826,0 -76.504213,3.165667,0 -76.505013,3.165061,0 -76.505760,3.164428,0 -76.505889,3.164340,0 -76.506041,3.164269,0 -76.506420,3.164175,0 -76.507384,3.164016,0 -76.507495,3.163987,0 -76.507592,3.163936,0 -76.508188,3.163557,0 -76.509098,3.162982,0 -76.509158,3.162954,0 -76.509227,3.162940,0 -76.510171,3.162893,0 -76.510213,3.162895,0 -76.510486,3.162936,0 -76.510668,3.162967,0 -76.510661,3.162979,0 -76.510174,3.164389,0 -76.510168,3.164438,0 -76.510188,3.164464,0 -76.510365,3.164485,0 -76.516105,3.165179,0 -76.517382,3.165308,0 -76.517422,3.165341,0 -76.517452,3.165406,0 -76.517435,3.165856,0 -76.517349,3.165970,0 -76.517281,3.166017,0 -76.516952,3.166473,0 -76.516900,3.166561,0 -76.516826,3.167263,0 -76.516708,3.168464,0 -76.516677,3.168528,0 -76.516618,3.168555,0 -76.515734,3.168546,0 -76.515692,3.168556,0 -76.515669,3.168594,0 -76.515017,3.170281,0 -76.514990,3.170333,0 -76.514937,3.170377,0 -76.514229,3.170790,0 -76.514163,3.170830,0 -76.514126,3.170875,0 -76.513915,3.171944,0 -76.513883,3.172035,0 -76.511997,3.174033,0 -76.511957,3.174078,0 -76.511710,3.174057,0 -76.509237,3.173846,0 -76.508384,3.173672,0 -76.505026,3.173329,0 -76.504595,3.173173,0 -76.503610,3.172817,0 -76.503054,3.172580,0 -76.501088,3.171741,0 -76.501007,3.171731,0 -76.500839,3.171738,0 -76.500734,3.171726,0 -76.500661,3.171707,0 -76.499570,3.170870,0 -76.499564,3.170951,0 -76.499540,3.171020,0 -76.499113,3.171806,0 -76.499090,3.171876,0 -76.499077,3.171935,0 -76.499078,3.172006,0 -76.499093,3.172234,0 -76.499118,3.172582,0 -76.499128,3.172872,0 -76.499128,3.172985,0 -76.499118,3.173078,0 -76.499106,3.173189,0 -76.499073,3.173375,0 -76.499055,3.173440,0 -76.499028,3.173504,0 -76.498952,3.173631,0 -76.498872,3.173713,0 -76.498760,3.173808,0 -76.498612,3.173916,0 -76.498572,3.173967,0 -76.498548,3.174031,0 -76.498528,3.174282,0 -76.498526,3.174345,0 -76.498504,3.174428,0 -76.498322,3.174834,0 -76.498237,3.175024,0 -76.498147,3.175182,0 -76.498071,3.175285,0 -76.497989,3.175370,0 -76.497882,3.175460,0 -76.497786,3.175519,0 -76.496907,3.175906,0 -76.496793,3.175969,0 -76.496677,3.176065,0 -76.496576,3.176190,0 -76.496280,3.176635,0 -76.495981,3.177075,0 -76.495719,3.177551,0 -76.495449,3.178006,0 -76.495247,3.178337,0 -76.495095,3.178626,0 -76.494904,3.179081,0 -76.494835,3.179295,0 -76.494767,3.179472,0 -76.494655,3.179716,0 -76.494625,3.179798,0 -76.494604,3.179881,0 -76.494602,3.180037,0 -76.494619,3.180154,0 -76.494654,3.180284,0 -76.494783,3.180609,0 -76.494809,3.180686,0 -76.494843,3.180822,0 -76.494989,3.181747,0 -76.494996,3.181801,0 -76.495003,3.181856,0 -76.495005,3.181971,0 -76.494996,3.182109,0 -76.494946,3.182323,0 -76.494888,3.182488,0 -76.494813,3.182628,0 -76.494749,3.182707,0 -76.494510,3.182954,0 -76.494309,3.183191,0 -76.494166,3.183351,0 -76.493896,3.183639,0 -76.493635,3.183914,0 -76.493551,3.184022,0 -76.493504,3.184106,0 -76.493196,3.184924,0 -76.493161,3.185064,0 -76.493140,3.185201,0 -76.493136,3.185407,0 -76.493150,3.185537,0 -76.493180,3.185646,0 -76.493281,3.185847,0 -76.493396,3.186023,0 -76.493467,3.186125,0 -76.493519,3.186234,0 -76.493532,3.186301,0 -76.493604,3.187221,0 -76.493597,3.187293,0 -76.493247,3.187615,0 -76.493175,3.187749,0 -76.493038,3.188067,0 -76.492795,3.188452,0 -76.492561,3.188979,0 -76.492467,3.189096,0 -76.492295,3.189243,0 -76.492239,3.189345,0 -76.492086,3.189840,0 -76.492080,3.189899,0 -76.492086,3.189947,0 -76.492174,3.190164,0 -76.492367,3.190545,0 -76.492579,3.191005,0 -76.492681,3.191072,0 -76.493311,3.191201,0 -76.493397,3.191259,0 -76.493470,3.191351,0 -76.493518,3.191492,0 -76.493562,3.191645,0 -76.493635,3.191798,0 -76.493969,3.192295,0 -76.494295,3.192849,0 -76.494384,3.193087,0 -76.494451,3.193367,0 -76.494525,3.193564,0 -76.494661,3.193847,0 -76.494827,3.194077,0 -76.495013,3.194290,0 -76.495253,3.194508,0 -76.495536,3.194694,0 -76.496435,3.195161,0 -76.496630,3.195305,0 -76.497533,3.196179,0 -76.498037,3.196572,0 -76.498585,3.196966,0 -76.499460,3.197575,0 -76.499851,3.197765,0 -76.499985,3.197893,0 -76.500243,3.198170,0 -76.500411,3.198448,0 -76.500556,3.198809,0 -76.500627,3.199151,0 -76.500757,3.199486,0 -76.500846,3.199665,0 -76.500967,3.199830,0 -76.501106,3.199951,0 -76.501326,3.200073,0 -76.501590,3.200218,0 -76.501762,3.200399,0 -76.501985,3.200821,0 -76.501767,3.200942,0 -76.501585,3.201091,0 -76.501204,3.201843,0 -76.501097,3.202021,0 -76.500952,3.202148,0 -76.500070,3.202783,0 -76.499117,3.203561,0 -76.498444,3.204181,0 -76.495566,3.206891,0 -76.495254,3.207044,0 -76.494668,3.205867,0 -76.494052,3.204635,0 -76.493888,3.204271,0 -76.493674,3.203933,0 -76.493415,3.203628,0 -76.493117,3.203361,0 -76.492784,3.203140,0 -76.492423,3.202966,0 -76.491491,3.202578,0 -76.489586,3.201702,0 -76.489177,3.201479,0 -76.488850,3.201272,0 -76.488502,3.200999,0 -76.488438,3.200934,0 -76.488286,3.200784,0 -76.488053,3.200545,0 -76.487754,3.200199,0 -76.487419,3.199781,0 -76.486947,3.199204,0 -76.486656,3.198883,0 -76.485926,3.197962,0 -76.485389,3.197272,0 -76.484537,3.196178,0 -76.482685,3.193852,0 -76.482104,3.193126,0 -76.481723,3.192661,0 -76.481515,3.192407,0 -76.480342,3.190941,0 -76.479320,3.189702,0 -76.479187,3.189533,0 -76.477808,3.187774,0 -76.477294,3.187132,0 -76.476949,3.186670,0 -76.476713,3.186339,0 -76.476617,3.186198,0 -76.476497,3.186024,0 -76.476194,3.185520,0 -76.475938,3.185013,0 -76.475690,3.184472,0 -76.475369,3.183690,0 -76.474975,3.182750,0 -76.474712,3.182062,0 -76.474682,3.181971,0 -76.474497,3.181518,0 -76.474484,3.181588,0 -76.474438,3.181642,0 -76.474372,3.181668,0 -76.474302,3.181658,0 -76.473797,3.181240,0 -76.473473,3.181007,0 -76.473092,3.180753,0 -76.472110,3.180192,0 -76.471169,3.179763,0 -76.470859,3.179643,0 -76.470651,3.179568,0 -76.469953,3.179350,0 -76.469910,3.179338,0 -76.469836,3.179316,0 -76.468854,3.179140,0 -76.468707,3.179097,0 -76.468483,3.179001,0 -76.467970,3.178730,0 -76.467297,3.178295,0 -76.466554,3.177796,0 -76.465850,3.177323,0 -76.465135,3.176849,0 -76.464437,3.176385,0 -76.463712,3.175902,0 -76.463006,3.175441,0 -76.462292,3.174978,0 -76.461550,3.174506,0 -76.460793,3.173990,0 -76.460094,3.173546,0 -76.459388,3.173126,0 -76.458664,3.172630,0 -76.457966,3.172150,0 -76.457727,3.172473,0 -76.457653,3.172575,0 -76.457668,3.172654,0 -76.457782,3.173086,0 -76.457818,3.173451,0 -76.457839,3.173655,0 -76.457836,3.173742,0 -76.457805,3.173977,0 -76.457752,3.174172,0 -76.457721,3.174258,0 -76.457636,3.174441,0 -76.457547,3.174596,0 -76.457248,3.175015,0 -76.457176,3.175116,0 -76.456954,3.175427,0 -76.455901,3.176902,0 -76.455859,3.176961,0 -76.455472,3.177468,0 -76.455045,3.178072,0 -76.454528,3.178817,0 -76.453995,3.179559,0 -76.453719,3.179926,0 -76.453646,3.180035,0 -76.453621,3.180076,0 -76.452151,3.182137,0 -76.451031,3.183705,0 -76.450756,3.184086,0 -76.450241,3.184810,0 -76.449958,3.185192,0 -76.449784,3.185442,0 -76.449600,3.185696,0 -76.449471,3.185879,0 -76.449074,3.186450,0 -76.449062,3.186470,0 -76.448901,3.186524,0 -76.448810,3.186553,0 -76.448721,3.186553,0 -76.448649,3.186542,0 -76.448579,3.186516,0 -76.448506,3.186470,0 -76.448404,3.186379,0 -76.448297,3.186202,0 -76.448237,3.186092,0 -76.448197,3.186015,0 -76.448145,3.185948,0 -76.448080,3.185892,0 -76.448006,3.185849,0 -76.447925,3.185821,0 -76.447840,3.185809,0 -76.447754,3.185813,0 -76.447671,3.185833,0 -76.447593,3.185868,0 -76.447523,3.185918,0 -76.447464,3.185979,0 -76.447451,3.186014,0 -76.447352,3.186293,0 -76.447338,3.186342,0 -76.447324,3.186392,0 -76.447321,3.186404,0 -76.447225,3.186796,0 -76.447145,3.187191,0 -76.447082,3.187590,0 -76.447036,3.187991,0 -76.447022,3.188174,0 -76.446998,3.188387,0 -76.446995,3.188411,0 -76.446980,3.188532,0 -76.446909,3.188926,0 -76.446867,3.189088,0 -76.446816,3.189249,0 -76.446757,3.189440,0 -76.446668,3.189678,0 -76.446557,3.189908,0 -76.446426,3.190126,0 -76.446271,3.190328,0 -76.446166,3.190478,0 -76.445558,3.191379,0 -76.445074,3.192059,0 -76.444932,3.192258,0 -76.444789,3.192458,0 -76.444504,3.192858,0 -76.444312,3.193131,0 -76.444145,3.193363,0 -76.444112,3.193410,0 -76.443987,3.193583,0 -76.443951,3.193634,0 -76.443354,3.194464,0 -76.443141,3.194759,0 -76.443001,3.194954,0 -76.442956,3.195017,0 -76.442733,3.195328,0 -76.442501,3.195651,0 -76.442294,3.195934,0 -76.442200,3.196069,0 -76.442179,3.196098,0 -76.442080,3.196236,0 -76.442078,3.196238,0 -76.441685,3.196776,0 -76.441474,3.197079,0 -76.441243,3.197384,0 -76.441099,3.197599,0 -76.440625,3.198259,0 -76.440484,3.198456,0 -76.440326,3.198675,0 -76.440279,3.198741,0 -76.439987,3.199146,0 -76.439683,3.199570,0 -76.439538,3.199772,0 -76.439406,3.199951,0 -76.439249,3.200173,0 -76.439054,3.200454,0 -76.439036,3.200480,0 -76.439018,3.200505,0 -76.438959,3.200588,0 -76.438588,3.201110,0 -76.437993,3.201946,0 -76.437905,3.202070,0 -76.437764,3.202262,0 -76.437605,3.202492,0 -76.437326,3.202893,0 -76.437126,3.203165,0 -76.435978,3.204780,0 -76.435578,3.205337,0 -76.435082,3.206040,0 -76.434542,3.206804,0 -76.433975,3.207597,0 -76.433544,3.208203,0 -76.432680,3.209417,0 -76.432087,3.210252,0 -76.432029,3.210333,0 -76.431464,3.211127,0 -76.431188,3.211515,0 -76.430684,3.212224,0 -76.430589,3.212362,0 -76.430336,3.212727,0 -76.430283,3.212772,0 -76.430218,3.212835,0 -76.430125,3.212903,0 -76.430002,3.212964,0 -76.429942,3.212970,0 -76.429857,3.212981,0 -76.429768,3.212999,0 -76.429593,3.213057,0 -76.429520,3.213091,0 -76.429432,3.213141,0 -76.429193,3.213401,0 -76.429162,3.213434,0 -76.429102,3.213530,0 -76.428573,3.214281,0 -76.428066,3.214970,0 -76.427768,3.215398,0 -76.427508,3.215767,0 -76.427328,3.215984,0 -76.427132,3.216190,0 -76.426907,3.216391,0 -76.426703,3.216547,0 -76.426483,3.216700,0 -76.426317,3.216779,0 -76.426059,3.216891,0 -76.425785,3.216981,0 -76.425752,3.216989,0 -76.425571,3.217037,0 -76.425217,3.217096,0 -76.424887,3.217112,0 -76.424637,3.217096,0 -76.424377,3.217054,0 -76.424055,3.216979,0 -76.423900,3.216951,0 -76.423101,3.216681,0 -76.423021,3.216651,0 -76.422712,3.216536,0 -76.422452,3.216449,0 -76.422197,3.216368,0 -76.422079,3.216337,0 -76.421928,3.216306,0 -76.421628,3.216263,0 -76.421488,3.216253,0 -76.421333,3.216248,0 -76.421132,3.216254,0 -76.420944,3.216270,0 -76.420733,3.216302,0 -76.420152,3.216465,0 -76.418729,3.216853,0 -76.418550,3.216896,0 -76.417732,3.217084,0 -76.416436,3.217384,0 -76.416084,3.217465,0 -76.415472,3.217606,0 -76.414658,3.217794,0 -76.414554,3.217819,0 -76.414271,3.217870,0 -76.413796,3.217964,0 -76.413309,3.218056,0 -76.413096,3.218089,0 -76.412831,3.218143,0 -76.412504,3.218192,0 -76.412174,3.218248,0 -76.411744,3.218330,0 -76.411352,3.218405,0 -76.410049,3.218684,0 -76.409789,3.218765,0 -76.409691,3.218799,0 -76.409529,3.218865,0 -76.409279,3.218980,0 -76.409030,3.219123,0 -76.408788,3.219313,0 -76.408563,3.219528,0 -76.408338,3.219785,0 -76.408140,3.220032,0 -76.408070,3.220148,0 -76.407643,3.220729,0 -76.407115,3.221458,0 -76.406956,3.221659,0 -76.406920,3.221698,0 -76.406879,3.221755,0 -76.406790,3.221867,0 -76.406549,3.222125,0 -76.406313,3.222329,0 -76.406095,3.222481,0 -76.405983,3.222543,0 -76.405867,3.222607,0 -76.405767,3.222651,0 -76.405597,3.222727,0 -76.405358,3.222810,0 -76.405124,3.222871,0 -76.404808,3.222939,0 -76.404524,3.222982,0 -76.404162,3.223030,0 -76.403825,3.223073,0 -76.403110,3.223154,0 -76.402552,3.223220,0 -76.402241,3.223279,0 -76.401997,3.223346,0 -76.401436,3.223599,0 -76.400879,3.223915,0 -76.400148,3.224335,0 -76.399617,3.224674,0 -76.399316,3.224899,0 -76.399038,3.225152,0 -76.398784,3.225429,0 -76.398557,3.225728,0 -76.398359,3.226047,0 -76.398180,3.226372,0 -76.398038,3.226603,0 -76.397554,3.227387,0 -76.396234,3.229471,0 -76.396183,3.229551,0 -76.395553,3.230534,0 -76.395266,3.230891,0 -76.394952,3.231282,0 -76.394920,3.231322,0 -76.394677,3.231624,0 -76.394415,3.231952,0 -76.394334,3.232093,0 -76.394042,3.232650,0 -76.393785,3.233159,0 -76.393683,3.233334,0 -76.393549,3.233481,0 -76.393402,3.233614,0 -76.393243,3.233734,0 -76.393074,3.233839,0 -76.392896,3.233927,0 -76.392710,3.233999,0 -76.392519,3.234054,0 -76.392324,3.234091,0 -76.392039,3.234125,0 -76.391529,3.234171,0 -76.391272,3.234194,0 -76.390319,3.234279,0 -76.388616,3.234477,0 -76.388009,3.234545,0 -76.387722,3.234587,0 -76.387470,3.234661,0 -76.387187,3.234771,0 -76.386934,3.234905,0 -76.386771,3.235012,0 -76.386555,3.235181,0 -76.386331,3.235410,0 -76.386160,3.235621,0 -76.385883,3.236004,0 -76.385544,3.236504,0 -76.385261,3.236930,0 -76.384992,3.237312,0 -76.384439,3.238184,0 -76.383787,3.239069,0 -76.383627,3.239325,0 -76.383570,3.239408,0 -76.383018,3.240215,0 -76.382190,3.241439,0 -76.381412,3.242575,0 -76.381132,3.242976,0 -76.380604,3.243790,0 -76.380121,3.244471,0 -76.379788,3.244965,0 -76.379512,3.245338,0 -76.379159,3.245873,0 -76.378939,3.246232,0 -76.378765,3.246457,0 -76.378152,3.247346,0 -76.377797,3.247843,0 -76.376937,3.249121,0 -76.376671,3.249486,0 -76.376174,3.250217,0 -76.375620,3.251032,0 -76.374998,3.251983,0 -76.374542,3.252648,0 -76.373935,3.253524,0 -76.373681,3.253891,0 -76.373072,3.254791,0 -76.372343,3.255861,0 -76.372013,3.256345,0 -76.371318,3.257363,0 -76.371048,3.257755,0 -76.370814,3.258107,0 -76.370799,3.258128,0 -76.370547,3.258498,0 -76.369616,3.259865,0 -76.369580,3.259918,0 -76.368614,3.261313,0 -76.367403,3.263114,0 -76.367335,3.263215,0 -76.366564,3.264320,0 -76.366416,3.264551,0 -76.366060,3.265069,0 -76.364913,3.266736,0 -76.364414,3.267463,0 -76.364057,3.267981,0 -76.363540,3.268733,0 -76.363520,3.268762,0 -76.363484,3.268815,0 -76.363409,3.268926,0 -76.363054,3.269439,0 -76.362748,3.269880,0 -76.362733,3.269902,0 -76.362680,3.269978,0 -76.362311,3.270510,0 -76.361987,3.270974,0 -76.361864,3.271151,0 -76.361582,3.271555,0 -76.361331,3.271923,0 -76.361247,3.272044,0 -76.360422,3.273234,0 -76.359647,3.274351,0 -76.359476,3.274597,0 -76.358634,3.275811,0 -76.357495,3.277454,0 -76.357405,3.277582,0 -76.356783,3.278466,0 -76.356284,3.279180,0 -76.355091,3.280899,0 -76.354667,3.281496,0 -76.354506,3.281722,0 -76.353409,3.283301,0 -76.352508,3.284603,0 -76.351740,3.285704,0 -76.351519,3.286035,0 -76.351505,3.286055,0 -76.351477,3.286095,0 -76.351279,3.286375,0 -76.350509,3.287486,0 -76.349648,3.288755,0 -76.349254,3.289339,0 -76.348696,3.290164,0 -76.348181,3.290921,0 -76.348026,3.291180,0 -76.347544,3.291870,0 -76.347334,3.292170,0 -76.347243,3.292306,0 -76.347418,3.292391,0 -76.347621,3.292457,0 -76.349122,3.292843,0 -76.350846,3.293300,0 -76.352362,3.293719,0 -76.354401,3.294357,0 -76.354830,3.294417,0 -76.355305,3.294511,0 -76.359942,3.295628,0 -76.359720,3.299910,0 -76.359712,3.300053,0 -76.359559,3.302989,0 -76.359479,3.304542,0 -76.359548,3.304983,0 -76.359802,3.305995,0 -76.360872,3.310250,0 -76.360885,3.310368,0 -76.360878,3.310433,0 -76.360868,3.310516,0 -76.360545,3.313558,0 -76.360508,3.314045,0 -76.360483,3.314372,0 -76.360452,3.314784,0 -76.360401,3.315017,0 -76.360350,3.315105,0 -76.360258,3.315141,0 -76.360124,3.315163,0 -76.359932,3.315170,0 -76.359568,3.315172,0 -76.359420,3.315198,0 -76.359319,3.315254,0 -76.359044,3.315567,0 -76.358156,3.316779,0 -76.357486,3.317684,0 -76.357175,3.318134,0 -76.357027,3.318404,0 -76.356869,3.318766,0 -76.356705,3.319392,0 -76.356638,3.319839,0 -76.356603,3.320206,0 -76.356579,3.320284,0 -76.356469,3.320431,0 -76.355713,3.321269,0 -76.355254,3.321754,0 -76.355144,3.321845,0 -76.354994,3.321899,0 -76.354581,3.321933,0 -76.354026,3.321950,0 -76.353654,3.321976,0 -76.353366,3.322011,0 -76.353154,3.322038,0 -76.352907,3.322090,0 -76.352655,3.322169,0 -76.352424,3.322260,0 -76.352062,3.322426,0 -76.351762,3.322563,0 -76.351600,3.322654,0 -76.351525,3.322780,0 -76.351457,3.322911,0 -76.351393,3.323055,0 -76.351327,3.323244,0 -76.351647,3.323483,0 -76.351840,3.323653,0 -76.352027,3.323845,0 -76.352172,3.324033,0 -76.352284,3.324224,0 -76.352388,3.324404,0 -76.352459,3.324597,0 -76.352533,3.324781,0 -76.352577,3.324981,0 -76.352608,3.325149,0 -76.352623,3.325335,0 -76.352615,3.325508,0 -76.352612,3.325722,0 -76.352607,3.325937,0 -76.352596,3.326219,0 -76.352585,3.326528,0 -76.352577,3.326776,0 -76.352567,3.326979,0 -76.352564,3.327251,0 -76.352548,3.327606,0 -76.352532,3.327925,0 -76.352516,3.328237,0 -76.352490,3.328439,0 -76.352461,3.328579,0 -76.352428,3.328707,0 -76.352378,3.328848,0 -76.352317,3.329006,0 -76.352235,3.329223,0 -76.352128,3.329517,0 -76.351898,3.330182,0 -76.351594,3.330935,0 -76.351348,3.331642,0 -76.351272,3.331873,0 -76.351205,3.332141,0 -76.351154,3.332426,0 -76.351148,3.332480,0 -76.351125,3.332673,0 -76.351114,3.332834,0 -76.351109,3.332940,0 -76.351104,3.333231,0 -76.351112,3.333445,0 -76.351138,3.333757,0 -76.351179,3.334023,0 -76.351281,3.334634,0 -76.351388,3.335234,0 -76.351605,3.336538,0 -76.351687,3.337037,0 -76.351793,3.337669,0 -76.351858,3.338104,0 -76.352048,3.339249,0 -76.352249,3.340507,0 -76.352345,3.341028,0 -76.352439,3.341467,0 -76.352523,3.341874,0 -76.352561,3.342032,0 -76.352650,3.342260,0 -76.352795,3.342596,0 -76.352964,3.342984,0 -76.353304,3.343747,0 -76.353894,3.345043,0 -76.354038,3.345365,0 -76.354441,3.346272,0 -76.354570,3.346591,0 -76.354691,3.346924,0 -76.354755,3.347177,0 -76.354801,3.347398,0 -76.354836,3.347628,0 -76.354852,3.347866,0 -76.354857,3.348113,0 -76.354855,3.348338,0 -76.354846,3.348571,0 -76.354825,3.348849,0 -76.354785,3.349247,0 -76.354699,3.349941,0 -76.354684,3.350088,0 -76.354460,3.351866,0 -76.354310,3.353085,0 -76.354197,3.353966,0 -76.354144,3.354426,0 -76.354077,3.355086,0 -76.354018,3.355519,0 -76.353948,3.356058,0 -76.353822,3.357139,0 -76.353664,3.358422,0 -76.353503,3.359711,0 -76.353366,3.360841,0 -76.353269,3.361705,0 -76.353236,3.361962,0 -76.353216,3.362118,0 -76.353125,3.362821,0 -76.352918,3.364444,0 -76.352762,3.365673,0 -76.352676,3.366311,0 -76.352639,3.366748,0 -76.352599,3.367144,0 -76.352583,3.367461,0 -76.352585,3.367815,0 -76.352587,3.368056,0 -76.352588,3.368329,0 -76.352577,3.368901,0 -76.352569,3.369673,0 -76.352569,3.370152,0 -76.352580,3.370722,0 -76.352580,3.370977,0 -76.352567,3.371221,0 -76.352545,3.371576,0 -76.352542,3.371827,0 -76.352540,3.372779,0 -76.352540,3.373269,0 -76.352529,3.374738,0 -76.352526,3.375300,0 -76.352518,3.376040,0 -76.352502,3.376687,0 -76.352505,3.377161,0 -76.352516,3.377806,0 -76.352521,3.378677,0 -76.352526,3.379089,0 -76.352518,3.379458,0 -76.352504,3.380021,0 -76.352502,3.380340,0 -76.352505,3.381023,0 -76.352492,3.381816,0 -76.352489,3.382448,0 -76.352516,3.382769,0 -76.352553,3.383108,0 -76.352583,3.383440,0 -76.352631,3.383877,0 -76.352712,3.384538,0 -76.352764,3.385005,0 -76.352850,3.385803,0 -76.352889,3.386102,0 -76.353047,3.387476,0 -76.353192,3.388938,0 -76.353244,3.389467,0 -76.353311,3.390038,0 -76.353367,3.390516,0 -76.353488,3.391552,0 -76.353539,3.391995,0 -76.353557,3.392147,0 -76.353597,3.392486,0 -76.353652,3.393311,0 -76.353746,3.393911,0 -76.353751,3.394063,0 -76.353744,3.394130,0 -76.353721,3.394232,0 -76.353673,3.394351,0 -76.353620,3.394442,0 -76.353519,3.394560,0 -76.353403,3.394651,0 -76.353305,3.394726,0 -76.353195,3.394821,0 -76.353088,3.394952,0 -76.353017,3.395079,0 -76.352959,3.395174,0 -76.352889,3.395249,0 -76.352792,3.395314,0 -76.352675,3.395356,0 -76.352586,3.395368,0 -76.352492,3.395363,0 -76.352346,3.395317,0 -76.352061,3.395237,0 -76.351934,3.395191,0 -76.351714,3.395108,0 -76.351322,3.394930,0 -76.349820,3.394213,0 -76.348777,3.393712,0 -76.348165,3.393419,0 -76.347759,3.393218,0 -76.347263,3.392989,0 -76.347195,3.392960,0 -76.347022,3.392886,0 -76.346393,3.392661,0 -76.345733,3.392448,0 -76.344638,3.392090,0 -76.343750,3.391808,0 -76.342423,3.391379,0 -76.341500,3.391085,0 -76.340762,3.390843,0 -76.340544,3.390769,0 -76.340179,3.390649,0 -76.339795,3.390504,0 -76.339422,3.390330,0 -76.339109,3.390163,0 -76.338879,3.390016,0 -76.338658,3.389856,0 -76.338300,3.389561,0 -76.337705,3.389081,0 -76.336814,3.388336,0 -76.336361,3.387958,0 -76.335870,3.387538,0 -76.335551,3.387235,0 -76.335239,3.386890,0 -76.334867,3.386440,0 -76.334435,3.385856,0 -76.334000,3.385265,0 -76.333351,3.384389,0 -76.332721,3.383538,0 -76.332333,3.383030,0 -76.332047,3.382630,0 -76.331611,3.382022,0 -76.331444,3.381789,0 -76.330924,3.380983,0 -76.330898,3.380948,0 -76.330497,3.380399,0 -76.330154,3.379869,0 -76.329950,3.379604,0 -76.329816,3.379441,0 -76.329642,3.379287,0 -76.329435,3.379125,0 -76.328746,3.378655,0 -76.328338,3.378387,0 -76.328147,3.378256,0 -76.327692,3.377947,0 -76.327567,3.377861,0 -76.327421,3.377754,0 -76.327320,3.377687,0 -76.326672,3.377241,0 -76.325999,3.376774,0 -76.325836,3.376662,0 -76.325350,3.376346,0 -76.325133,3.376240,0 -76.324900,3.376139,0 -76.324662,3.376071,0 -76.323851,3.375809,0 -76.322612,3.375465,0 -76.322238,3.375345,0 -76.322065,3.375289,0 -76.321667,3.375117,0 -76.321449,3.375013,0 -76.321129,3.374861,0 -76.320155,3.374329,0 -76.319083,3.373723,0 -76.318631,3.373476,0 -76.318544,3.373429,0 -76.317749,3.373004,0 -76.316298,3.372199,0 -76.315979,3.371993,0 -76.315705,3.371796,0 -76.315458,3.371593,0 -76.315010,3.371132,0 -76.314104,3.370203,0 -76.313379,3.369440,0 -76.313114,3.369178,0 -76.312878,3.368945,0 -76.312481,3.368541,0 -76.312170,3.368210,0 -76.311795,3.367816,0 -76.311718,3.367736,0 -76.311419,3.367423,0 -76.310925,3.366923,0 -76.310083,3.366012,0 -76.309918,3.365846,0 -76.309864,3.365792,0 -76.308786,3.364710,0 -76.308612,3.364536,0 -76.308181,3.364074,0 -76.307356,3.363232,0 -76.306812,3.362660,0 -76.304959,3.360740,0 -76.304502,3.360267,0 -76.304196,3.359953,0 -76.304108,3.359860,0 -76.303864,3.359602,0 -76.303509,3.359273,0 -76.303261,3.359050,0 -76.302889,3.358854,0 -76.302752,3.358782,0 -76.302541,3.358695,0 -76.301062,3.358242,0 -76.299763,3.357837,0 -76.298997,3.357603,0 -76.297194,3.357047,0 -76.296909,3.356955,0 -76.296443,3.356805,0 -76.296130,3.356674,0 -76.295823,3.356528,0 -76.295464,3.356309,0 -76.295061,3.356754,0 -76.294746,3.357097,0 -76.294047,3.357856,0 -76.293966,3.357956,0 -76.293610,3.358357,0 -76.293043,3.358996,0 -76.293002,3.359044,0 -76.292923,3.359131,0 -76.292824,3.359360,0 -76.292708,3.359558,0 -76.292576,3.359765,0 -76.291934,3.360455,0 -76.291068,3.361385,0 -76.290977,3.361495,0 -76.290912,3.361622,0 -76.290876,3.361761,0 -76.290666,3.363704,0 -76.290403,3.366269,0 -76.290312,3.366275,0 -76.290110,3.366293,0 -76.289335,3.366370,0 -76.288847,3.366437,0 -76.288859,3.366551,0 -76.288845,3.367668,0 -76.288065,3.368321,0 -76.287901,3.368380,0 -76.287901,3.368380,0</coordinates></LineString></Placemark><Placemark><name>Ruta día 14</name><styleUrl>#dia14</styleUrl><ExtendedData><Data name="INGENIO"><value>Castilla</value></Data><Data name="DIA"><value>14</value></Data><Data name="PUNTOS"><value>CC-010, CC-036</value></Data><Data name="N_PUNTOS"><value>2</value></Data><Data name="KM"><value>126.4</value></Data><Data name="HORAS_TOTALES"><value>7.05</value></Data><Data name="REGRESO"><value>13:32</value></Data><Data name="PEAJES"><value>2</value></Data><Data name="COSTO_COP"><value>562489</value></Data></ExtendedData><LineString><tessellate>1</tessellate><coordinates>-76.287901,3.368380,0 -76.287901,3.368380,0 -76.288065,3.368321,0 -76.288845,3.367668,0 -76.288859,3.366551,0 -76.289351,3.366508,0 -76.289568,3.366499,0 -76.290107,3.366450,0 -76.290313,3.366434,0 -76.290385,3.366430,0 -76.290403,3.366269,0 -76.290666,3.363704,0 -76.290876,3.361761,0 -76.290912,3.361622,0 -76.290977,3.361495,0 -76.291068,3.361385,0 -76.291934,3.360455,0 -76.292576,3.359765,0 -76.292708,3.359558,0 -76.292824,3.359360,0 -76.292923,3.359131,0 -76.293002,3.359044,0 -76.293043,3.358996,0 -76.293610,3.358357,0 -76.293966,3.357956,0 -76.294047,3.357856,0 -76.294746,3.357097,0 -76.295061,3.356754,0 -76.295464,3.356309,0 -76.294712,3.355699,0 -76.294234,3.355316,0 -76.294167,3.355255,0 -76.292512,3.353908,0 -76.292019,3.353501,0 -76.291007,3.352668,0 -76.289352,3.351337,0 -76.288765,3.350861,0 -76.288446,3.350638,0 -76.287917,3.350380,0 -76.286391,3.349768,0 -76.285152,3.349316,0 -76.284652,3.349126,0 -76.284139,3.348973,0 -76.283617,3.348855,0 -76.283088,3.348773,0 -76.280233,3.348407,0 -76.278668,3.348207,0 -76.277906,3.348092,0 -76.277142,3.347891,0 -76.271614,3.345063,0 -76.270852,3.344698,0 -76.269885,3.344236,0 -76.269437,3.344131,0 -76.268975,3.344062,0 -76.268380,3.344118,0 -76.268047,3.344190,0 -76.267754,3.344303,0 -76.267254,3.344565,0 -76.266449,3.345210,0 -76.265210,3.346253,0 -76.264880,3.346376,0 -76.264758,3.346431,0 -76.264629,3.346470,0 -76.264580,3.346462,0 -76.264531,3.346463,0 -76.264482,3.346472,0 -76.264436,3.346489,0 -76.264310,3.346455,0 -76.264193,3.346402,0 -76.263889,3.346237,0 -76.263637,3.346040,0 -76.262736,3.344921,0 -76.262272,3.344425,0 -76.261774,3.344013,0 -76.261327,3.343699,0 -76.258828,3.341936,0 -76.257920,3.341306,0 -76.257612,3.341091,0 -76.256981,3.340640,0 -76.254273,3.338701,0 -76.253972,3.338444,0 -76.253368,3.337611,0 -76.252642,3.336670,0 -76.252089,3.335906,0 -76.251998,3.335776,0 -76.251546,3.335150,0 -76.250916,3.334343,0 -76.250367,3.333645,0 -76.250261,3.333536,0 -76.250102,3.333369,0 -76.250022,3.333292,0 -76.249939,3.333207,0 -76.249888,3.333160,0 -76.249280,3.332567,0 -76.248596,3.331920,0 -76.248101,3.331462,0 -76.247912,3.331238,0 -76.247827,3.331138,0 -76.247811,3.331099,0 -76.247785,3.331067,0 -76.247750,3.331044,0 -76.247710,3.331032,0 -76.247489,3.330858,0 -76.247027,3.330407,0 -76.246762,3.330152,0 -76.244911,3.328371,0 -76.244564,3.328077,0 -76.244396,3.327935,0 -76.243582,3.327179,0 -76.242737,3.326319,0 -76.240522,3.323892,0 -76.240231,3.323564,0 -76.239945,3.323255,0 -76.239666,3.322953,0 -76.239381,3.322621,0 -76.239116,3.322318,0 -76.238841,3.322000,0 -76.238696,3.321833,0 -76.238661,3.321793,0 -76.238550,3.321660,0 -76.238339,3.321427,0 -76.238161,3.321208,0 -76.238089,3.321102,0 -76.237995,3.320929,0 -76.237877,3.320657,0 -76.237808,3.320487,0 -76.237727,3.320183,0 -76.237604,3.318911,0 -76.237591,3.318700,0 -76.237563,3.317973,0 -76.237453,3.317354,0 -76.237346,3.317004,0 -76.238096,3.316014,0 -76.238418,3.315580,0 -76.238865,3.314965,0 -76.239204,3.314470,0 -76.239236,3.314424,0 -76.239841,3.313557,0 -76.240709,3.312379,0 -76.241265,3.311757,0 -76.241648,3.311354,0 -76.242006,3.310970,0 -76.242900,3.310000,0 -76.243592,3.309242,0 -76.244627,3.308093,0 -76.245224,3.307471,0 -76.247587,3.304937,0 -76.248757,3.303666,0 -76.249939,3.302396,0 -76.250526,3.301777,0 -76.252339,3.299914,0 -76.252942,3.299296,0 -76.253020,3.299199,0 -76.253848,3.298186,0 -76.254175,3.297785,0 -76.254292,3.297643,0 -76.254453,3.297375,0 -76.254763,3.296716,0 -76.255131,3.295876,0 -76.255257,3.295688,0 -76.255321,3.295615,0 -76.255399,3.295563,0 -76.255564,3.295505,0 -76.255762,3.295467,0 -76.256037,3.295425,0 -76.256577,3.295355,0 -76.257145,3.295266,0 -76.257790,3.295151,0 -76.258490,3.295017,0 -76.259899,3.294781,0 -76.261120,3.294547,0 -76.262143,3.294366,0 -76.262471,3.294325,0 -76.262816,3.294301,0 -76.263374,3.294273,0 -76.263874,3.294245,0 -76.264455,3.294188,0 -76.265347,3.294107,0 -76.266159,3.294012,0 -76.266498,3.293964,0 -76.266949,3.293877,0 -76.267222,3.293769,0 -76.267556,3.293594,0 -76.267591,3.293572,0 -76.267832,3.293426,0 -76.267927,3.293376,0 -76.268898,3.292898,0 -76.269108,3.292779,0 -76.269300,3.292651,0 -76.269461,3.292461,0 -76.269536,3.292280,0 -76.269590,3.292098,0 -76.269893,3.291268,0 -76.270062,3.290866,0 -76.270419,3.290071,0 -76.270585,3.289739,0 -76.270649,3.289618,0 -76.270807,3.289426,0 -76.271140,3.289126,0 -76.272183,3.288439,0 -76.273012,3.287803,0 -76.274427,3.286637,0 -76.276366,3.285062,0 -76.276575,3.285024,0 -76.276750,3.285031,0 -76.276961,3.285055,0 -76.277739,3.285242,0 -76.279260,3.285607,0 -76.280754,3.285936,0 -76.281795,3.286167,0 -76.282683,3.286376,0 -76.283128,3.286457,0 -76.283736,3.286569,0 -76.284533,3.286707,0 -76.284856,3.286756,0 -76.285096,3.286835,0 -76.285285,3.286902,0 -76.285917,3.287224,0 -76.286962,3.287776,0 -76.287946,3.288314,0 -76.288316,3.288438,0 -76.288505,3.288479,0 -76.288720,3.288511,0 -76.290987,3.288669,0 -76.291749,3.288736,0 -76.292202,3.288838,0 -76.292837,3.289020,0 -76.293004,3.289060,0 -76.293188,3.289069,0 -76.293712,3.289068,0 -76.294623,3.289010,0 -76.294765,3.288978,0 -76.294882,3.288945,0 -76.295027,3.288894,0 -76.295188,3.288826,0 -76.296777,3.287984,0 -76.297158,3.287830,0 -76.297523,3.287705,0 -76.297900,3.287575,0 -76.298328,3.287452,0 -76.298469,3.287417,0 -76.298770,3.287352,0 -76.298979,3.287314,0 -76.299044,3.287303,0 -76.299402,3.287254,0 -76.299534,3.287239,0 -76.299797,3.287218,0 -76.300272,3.287182,0 -76.300579,3.287184,0 -76.301379,3.287227,0 -76.301835,3.287262,0 -76.302111,3.287257,0 -76.302187,3.287235,0 -76.302392,3.287140,0 -76.302774,3.286933,0 -76.302899,3.286878,0 -76.303033,3.286845,0 -76.304228,3.286708,0 -76.306103,3.286501,0 -76.306374,3.286548,0 -76.306856,3.286667,0 -76.307421,3.286669,0 -76.310189,3.285635,0 -76.313531,3.284463,0 -76.317737,3.282920,0 -76.319230,3.282423,0 -76.319357,3.282381,0 -76.319860,3.282288,0 -76.320029,3.281974,0 -76.319967,3.281731,0 -76.319958,3.281672,0 -76.319935,3.281520,0 -76.319771,3.280411,0 -76.319820,3.280363,0 -76.319859,3.280303,0 -76.319868,3.280249,0 -76.319851,3.280118,0 -76.319839,3.280051,0 -76.319827,3.279989,0 -76.319851,3.279960,0 -76.320123,3.279908,0 -76.320524,3.279842,0 -76.320639,3.279823,0 -76.321061,3.279765,0 -76.321244,3.279692,0 -76.322491,3.279421,0 -76.323259,3.279301,0 -76.323739,3.279226,0 -76.324046,3.279142,0 -76.324525,3.278892,0 -76.324967,3.278516,0 -76.325036,3.278411,0 -76.325172,3.278205,0 -76.325574,3.277361,0 -76.326088,3.276281,0 -76.326862,3.274655,0 -76.328835,3.270500,0 -76.329294,3.269618,0 -76.329316,3.269576,0 -76.329367,3.269482,0 -76.329408,3.269394,0 -76.330493,3.267105,0 -76.331062,3.265902,0 -76.331353,3.265577,0 -76.331672,3.265282,0 -76.332130,3.265063,0 -76.332180,3.265038,0 -76.332552,3.264929,0 -76.333019,3.264894,0 -76.333345,3.264958,0 -76.333425,3.264969,0 -76.334158,3.265096,0 -76.334910,3.265226,0 -76.336374,3.265480,0 -76.336401,3.265485,0 -76.337460,3.265669,0 -76.337575,3.265689,0 -76.338756,3.265893,0 -76.339323,3.265992,0 -76.339948,3.266100,0 -76.340852,3.266257,0 -76.341183,3.266314,0 -76.342275,3.266504,0 -76.342287,3.266506,0 -76.343625,3.266738,0 -76.343802,3.266768,0 -76.344951,3.266968,0 -76.346008,3.267151,0 -76.346578,3.267250,0 -76.347412,3.267387,0 -76.347674,3.267430,0 -76.348084,3.267491,0 -76.348377,3.267534,0 -76.348696,3.267599,0 -76.348791,3.267628,0 -76.350117,3.268030,0 -76.351417,3.268423,0 -76.351472,3.268440,0 -76.352758,3.268829,0 -76.352800,3.268842,0 -76.354136,3.269246,0 -76.355361,3.269639,0 -76.355451,3.269667,0 -76.355498,3.269681,0 -76.356815,3.270085,0 -76.356948,3.270126,0 -76.358389,3.270568,0 -76.359505,3.270887,0 -76.359900,3.271000,0 -76.360658,3.271208,0 -76.360857,3.271283,0 -76.361088,3.271369,0 -76.361190,3.271408,0 -76.361582,3.271555,0 -76.361864,3.271151,0 -76.361987,3.270974,0 -76.362311,3.270510,0 -76.362680,3.269978,0 -76.362733,3.269902,0 -76.362748,3.269880,0 -76.363054,3.269439,0 -76.363409,3.268926,0 -76.363484,3.268815,0 -76.363520,3.268762,0 -76.363540,3.268733,0 -76.364057,3.267981,0 -76.364414,3.267463,0 -76.364913,3.266736,0 -76.366060,3.265069,0 -76.366416,3.264551,0 -76.366564,3.264320,0 -76.367335,3.263215,0 -76.367403,3.263114,0 -76.368614,3.261313,0 -76.369580,3.259918,0 -76.369616,3.259865,0 -76.370547,3.258498,0 -76.370799,3.258128,0 -76.370814,3.258107,0 -76.371048,3.257755,0 -76.371318,3.257363,0 -76.372013,3.256345,0 -76.372343,3.255861,0 -76.373072,3.254791,0 -76.373681,3.253891,0 -76.373935,3.253524,0 -76.374542,3.252648,0 -76.374998,3.251983,0 -76.375620,3.251032,0 -76.376174,3.250217,0 -76.376671,3.249486,0 -76.376937,3.249121,0 -76.377797,3.247843,0 -76.378152,3.247346,0 -76.378765,3.246457,0 -76.378939,3.246232,0 -76.379159,3.245873,0 -76.379512,3.245338,0 -76.379788,3.244965,0 -76.380121,3.244471,0 -76.380604,3.243790,0 -76.381132,3.242976,0 -76.381412,3.242575,0 -76.382190,3.241439,0 -76.383018,3.240215,0 -76.383570,3.239408,0 -76.383627,3.239325,0 -76.383787,3.239069,0 -76.384439,3.238184,0 -76.384992,3.237312,0 -76.385261,3.236930,0 -76.385544,3.236504,0 -76.385883,3.236004,0 -76.386160,3.235621,0 -76.386331,3.235410,0 -76.386555,3.235181,0 -76.386771,3.235012,0 -76.386934,3.234905,0 -76.387187,3.234771,0 -76.387470,3.234661,0 -76.387722,3.234587,0 -76.388009,3.234545,0 -76.388616,3.234477,0 -76.390319,3.234279,0 -76.391272,3.234194,0 -76.391529,3.234171,0 -76.392039,3.234125,0 -76.392324,3.234091,0 -76.392708,3.234059,0 -76.393095,3.234027,0 -76.394297,3.233880,0 -76.394412,3.233868,0 -76.394551,3.233852,0 -76.395149,3.233793,0 -76.396289,3.233664,0 -76.397649,3.233523,0 -76.397890,3.233499,0 -76.399563,3.233339,0 -76.400116,3.233277,0 -76.401568,3.233113,0 -76.401661,3.233103,0 -76.401747,3.233094,0 -76.403475,3.232909,0 -76.405060,3.232740,0 -76.406955,3.232557,0 -76.407330,3.232511,0 -76.407941,3.232435,0 -76.407983,3.232430,0 -76.408006,3.232429,0 -76.408015,3.232427,0 -76.408066,3.232420,0 -76.408620,3.232366,0 -76.408909,3.232335,0 -76.408999,3.232325,0 -76.409197,3.232310,0 -76.409413,3.232282,0 -76.409810,3.232240,0 -76.409990,3.232224,0 -76.410339,3.232184,0 -76.410536,3.232164,0 -76.410964,3.232120,0 -76.411097,3.232103,0 -76.411391,3.232072,0 -76.411793,3.232018,0 -76.412105,3.231952,0 -76.412263,3.231916,0 -76.412468,3.231860,0 -76.413279,3.231642,0 -76.414106,3.231436,0 -76.414920,3.231233,0 -76.415623,3.231058,0 -76.415750,3.231026,0 -76.416618,3.230810,0 -76.417444,3.230604,0 -76.418271,3.230398,0 -76.418817,3.230262,0 -76.419110,3.230189,0 -76.419957,3.229986,0 -76.420619,3.229805,0 -76.420650,3.229797,0 -76.420693,3.229786,0 -76.420744,3.229775,0 -76.420833,3.229784,0 -76.420937,3.229848,0 -76.420978,3.229900,0 -76.421231,3.230223,0 -76.421604,3.230725,0 -76.421630,3.230768,0 -76.421887,3.231192,0 -76.421935,3.231271,0 -76.421977,3.231300,0 -76.422036,3.231314,0 -76.422107,3.231308,0 -76.422174,3.231285,0 -76.422234,3.231246,0 -76.422283,3.231194,0 -76.422279,3.231043,0 -76.422264,3.230443,0 -76.422264,3.229864,0 -76.422280,3.229289,0 -76.422288,3.228916,0 -76.422293,3.228464,0 -76.422317,3.228271,0 -76.422360,3.228132,0 -76.422384,3.228043,0 -76.422430,3.227893,0 -76.422508,3.227639,0 -76.422776,3.226905,0 -76.422835,3.226739,0 -76.422917,3.226474,0 -76.422965,3.226309,0 -76.423207,3.225572,0 -76.423397,3.225015,0 -76.423529,3.224610,0 -76.423636,3.224284,0 -76.423752,3.223978,0 -76.423771,3.223918,0 -76.423833,3.223745,0 -76.423869,3.223607,0 -76.423904,3.223515,0 -76.424051,3.223034,0 -76.424220,3.222508,0 -76.424240,3.222438,0 -76.424279,3.222313,0 -76.424576,3.221453,0 -76.424662,3.221166,0 -76.424779,3.220804,0 -76.424840,3.220607,0 -76.424978,3.220315,0 -76.425177,3.220003,0 -76.425445,3.219578,0 -76.425694,3.219242,0 -76.425793,3.219110,0 -76.426001,3.218823,0 -76.426294,3.218426,0 -76.426553,3.218059,0 -76.426931,3.217526,0 -76.427380,3.216894,0 -76.428674,3.215069,0 -76.428903,3.214747,0 -76.429558,3.213824,0 -76.429798,3.213485,0 -76.429822,3.213452,0 -76.430205,3.212913,0 -76.430336,3.212727,0 -76.430589,3.212362,0 -76.430684,3.212224,0 -76.431188,3.211515,0 -76.431464,3.211127,0 -76.432029,3.210333,0 -76.432087,3.210252,0 -76.432680,3.209417,0 -76.433544,3.208203,0 -76.433975,3.207597,0 -76.434542,3.206804,0 -76.435082,3.206040,0 -76.435578,3.205337,0 -76.435978,3.204780,0 -76.437126,3.203165,0 -76.437326,3.202893,0 -76.437605,3.202492,0 -76.437764,3.202262,0 -76.437905,3.202070,0 -76.437993,3.201946,0 -76.438588,3.201110,0 -76.438959,3.200588,0 -76.439018,3.200505,0 -76.439036,3.200480,0 -76.439054,3.200454,0 -76.439249,3.200173,0 -76.439406,3.199951,0 -76.439538,3.199772,0 -76.439683,3.199570,0 -76.439987,3.199146,0 -76.440279,3.198741,0 -76.440326,3.198675,0 -76.440484,3.198456,0 -76.440625,3.198259,0 -76.441099,3.197599,0 -76.441243,3.197384,0 -76.441474,3.197079,0 -76.441685,3.196776,0 -76.442078,3.196238,0 -76.442080,3.196236,0 -76.442179,3.196098,0 -76.442200,3.196069,0 -76.442294,3.195934,0 -76.442501,3.195651,0 -76.442733,3.195328,0 -76.442956,3.195017,0 -76.443001,3.194954,0 -76.443141,3.194759,0 -76.443354,3.194464,0 -76.443951,3.193634,0 -76.443987,3.193583,0 -76.444112,3.193410,0 -76.444145,3.193363,0 -76.444312,3.193131,0 -76.444504,3.192858,0 -76.444789,3.192458,0 -76.444932,3.192258,0 -76.445074,3.192059,0 -76.445558,3.191379,0 -76.446166,3.190478,0 -76.446271,3.190328,0 -76.446486,3.190091,0 -76.446620,3.189894,0 -76.446977,3.189425,0 -76.447095,3.189254,0 -76.447223,3.189063,0 -76.447617,3.188519,0 -76.447939,3.188049,0 -76.448273,3.187565,0 -76.448483,3.187261,0 -76.448973,3.186593,0 -76.449062,3.186470,0 -76.449074,3.186450,0 -76.449471,3.185879,0 -76.449600,3.185696,0 -76.449784,3.185442,0 -76.449958,3.185192,0 -76.450241,3.184810,0 -76.450756,3.184086,0 -76.451031,3.183705,0 -76.452151,3.182137,0 -76.453621,3.180076,0 -76.453646,3.180035,0 -76.453719,3.179926,0 -76.453995,3.179559,0 -76.454528,3.178817,0 -76.455045,3.178072,0 -76.455472,3.177468,0 -76.455859,3.176961,0 -76.455901,3.176902,0 -76.456954,3.175427,0 -76.457176,3.175116,0 -76.457248,3.175015,0 -76.457547,3.174596,0 -76.457636,3.174441,0 -76.457721,3.174258,0 -76.457752,3.174172,0 -76.457805,3.173977,0 -76.457836,3.173742,0 -76.457839,3.173655,0 -76.457818,3.173451,0 -76.457782,3.173086,0 -76.457668,3.172654,0 -76.457653,3.172575,0 -76.457540,3.171978,0 -76.457514,3.171839,0 -76.457421,3.171347,0 -76.457288,3.170641,0 -76.457230,3.170261,0 -76.457231,3.170000,0 -76.457174,3.169426,0 -76.457203,3.169331,0 -76.457244,3.169014,0 -76.457483,3.167795,0 -76.457534,3.167544,0 -76.457571,3.167291,0 -76.457593,3.167037,0 -76.457705,3.166418,0 -76.457919,3.165202,0 -76.457975,3.164841,0 -76.458111,3.164145,0 -76.458239,3.163414,0 -76.458464,3.162354,0 -76.458526,3.161984,0 -76.458575,3.161723,0 -76.458636,3.161439,0 -76.458716,3.161124,0 -76.458769,3.160948,0 -76.459080,3.160027,0 -76.459324,3.159451,0 -76.459782,3.158521,0 -76.459983,3.158030,0 -76.460042,3.157843,0 -76.460118,3.157308,0 -76.460139,3.156968,0 -76.460115,3.156585,0 -76.460070,3.156233,0 -76.459981,3.155797,0 -76.459927,3.155529,0 -76.459909,3.155436,0 -76.459836,3.154953,0 -76.459846,3.154640,0 -76.459880,3.154298,0 -76.459933,3.153911,0 -76.459904,3.153751,0 -76.460140,3.152703,0 -76.460189,3.152489,0 -76.460246,3.152174,0 -76.460319,3.151768,0 -76.460432,3.151145,0 -76.460443,3.151079,0 -76.460455,3.151008,0 -76.460538,3.150528,0 -76.460734,3.149422,0 -76.460823,3.148576,0 -76.460958,3.147789,0 -76.461012,3.147473,0 -76.461869,3.142327,0 -76.462131,3.140794,0 -76.462759,3.137267,0 -76.462831,3.136742,0 -76.463262,3.134218,0 -76.463484,3.133005,0 -76.463589,3.132652,0 -76.463668,3.132217,0 -76.463778,3.131585,0 -76.463867,3.131061,0 -76.464024,3.130118,0 -76.464252,3.128783,0 -76.465019,3.124582,0 -76.465659,3.120658,0 -76.465779,3.119947,0 -76.465911,3.119176,0 -76.466046,3.118567,0 -76.466093,3.118334,0 -76.466169,3.117788,0 -76.466209,3.117539,0 -76.466362,3.116538,0 -76.466528,3.115395,0 -76.466570,3.115159,0 -76.466856,3.113495,0 -76.468230,3.105513,0 -76.468511,3.105547,0 -76.468941,3.105642,0 -76.469536,3.105794,0 -76.470368,3.105934,0 -76.470587,3.105971,0 -76.471486,3.106160,0 -76.471796,3.106198,0 -76.472214,3.106186,0 -76.472669,3.106154,0 -76.473150,3.106122,0 -76.473524,3.106135,0 -76.474416,3.106280,0 -76.474479,3.106243,0 -76.474631,3.106179,0 -76.475011,3.106129,0 -76.476473,3.105863,0 -76.476473,3.105863,0 -76.477681,3.105685,0 -76.478353,3.105585,0 -76.477681,3.105685,0 -76.476473,3.105863,0 -76.475011,3.106129,0 -76.474631,3.106179,0 -76.474479,3.106243,0 -76.474416,3.106280,0 -76.473524,3.106135,0 -76.473150,3.106122,0 -76.472669,3.106154,0 -76.472214,3.106186,0 -76.471796,3.106198,0 -76.471486,3.106160,0 -76.470587,3.105971,0 -76.470368,3.105934,0 -76.469536,3.105794,0 -76.468941,3.105642,0 -76.468511,3.105547,0 -76.468230,3.105513,0 -76.468588,3.103431,0 -76.469627,3.097433,0 -76.469788,3.096547,0 -76.469961,3.095957,0 -76.470047,3.095578,0 -76.470107,3.094936,0 -76.470137,3.094574,0 -76.470193,3.094166,0 -76.470326,3.093380,0 -76.470582,3.091898,0 -76.470788,3.090708,0 -76.470895,3.090090,0 -76.470998,3.089590,0 -76.471176,3.088965,0 -76.471384,3.088389,0 -76.472473,3.085792,0 -76.472578,3.085809,0 -76.472574,3.085869,0 -76.472593,3.085892,0 -76.472691,3.085936,0 -76.473442,3.086145,0 -76.473580,3.086195,0 -76.473660,3.086249,0 -76.473699,3.086330,0 -76.473743,3.086489,0 -76.473761,3.086659,0 -76.473829,3.087119,0 -76.473864,3.087818,0 -76.473887,3.088736,0 -76.473904,3.089798,0 -76.473919,3.090108,0 -76.473946,3.090239,0 -76.474076,3.090574,0 -76.474388,3.091524,0 -76.474563,3.092039,0 -76.474639,3.092240,0 -76.474984,3.092831,0 -76.475066,3.092913,0 -76.476766,3.093237,0 -76.476887,3.093267,0 -76.476989,3.093267,0 -76.477184,3.093155,0 -76.477592,3.092921,0 -76.480057,3.091295,0 -76.480267,3.091140,0 -76.480326,3.091033,0 -76.480347,3.090931,0 -76.480390,3.090824,0 -76.480481,3.090738,0 -76.480690,3.090744,0 -76.481098,3.090776,0 -76.481388,3.090840,0 -76.481699,3.091011,0 -76.482149,3.091344,0 -76.482450,3.091574,0 -76.482654,3.091660,0 -76.482809,3.091649,0 -76.482809,3.091649,0 -76.483061,3.091515,0 -76.483394,3.091370,0 -76.483823,3.091253,0 -76.484451,3.090931,0 -76.485888,3.089951,0 -76.486731,3.089437,0 -76.487235,3.089046,0 -76.487390,3.088981,0 -76.487610,3.088992,0 -76.487820,3.089180,0 -76.489241,3.090176,0 -76.489504,3.090272,0 -76.489794,3.090272,0 -76.490303,3.090171,0 -76.490547,3.090141,0 -76.490665,3.090152,0 -76.490765,3.090195,0 -76.490845,3.090259,0 -76.490918,3.090473,0 -76.491400,3.091863,0 -76.491510,3.092158,0 -76.491639,3.092286,0 -76.491706,3.092394,0 -76.491945,3.093143,0 -76.492567,3.094890,0 -76.493136,3.095511,0 -76.493651,3.095886,0 -76.494080,3.096293,0 -76.495056,3.097536,0 -76.495485,3.097997,0 -76.496236,3.098339,0 -76.498468,3.099293,0 -76.499584,3.099850,0 -76.499831,3.100118,0 -76.500474,3.101328,0 -76.500501,3.101484,0 -76.500464,3.101634,0 -76.500254,3.101816,0 -76.498307,3.103299,0 -76.497929,3.103613,0 -76.497883,3.103707,0 -76.497875,3.103819,0 -76.497921,3.103948,0 -76.498025,3.104307,0 -76.498801,3.106738,0 -76.499251,3.107788,0 -76.499895,3.108517,0 -76.501000,3.109492,0 -76.502727,3.110863,0 -76.504476,3.111891,0 -76.506085,3.112545,0 -76.506568,3.112706,0 -76.506826,3.112684,0 -76.507233,3.112716,0 -76.508210,3.113188,0 -76.508982,3.113370,0 -76.509712,3.113102,0 -76.510563,3.112288,0 -76.510588,3.111998,0 -76.510624,3.111471,0 -76.510577,3.111231,0 -76.510435,3.110533,0 -76.510374,3.110298,0 -76.510215,3.109786,0 -76.510142,3.109500,0 -76.510136,3.109434,0 -76.510141,3.109359,0 -76.510101,3.109089,0 -76.509790,3.108217,0 -76.509580,3.107612,0 -76.509629,3.107022,0 -76.509717,3.106221,0 -76.509680,3.105710,0 -76.509543,3.105308,0 -76.509422,3.104923,0 -76.509208,3.104207,0 -76.508974,3.103841,0 -76.508800,3.103546,0 -76.508041,3.102223,0 -76.507976,3.102108,0 -76.507958,3.102011,0 -76.507909,3.099839,0 -76.507883,3.099309,0 -76.507942,3.099036,0 -76.508542,3.097943,0 -76.509299,3.096588,0 -76.509937,3.095382,0 -76.509846,3.093497,0 -76.509812,3.092901,0 -76.509712,3.092344,0 -76.509560,3.092021,0 -76.509350,3.091687,0 -76.509304,3.091622,0 -76.509265,3.091553,0 -76.509100,3.091255,0 -76.508859,3.090805,0 -76.508730,3.090563,0 -76.508601,3.090294,0 -76.508548,3.090168,0 -76.508509,3.089995,0 -76.508490,3.089655,0 -76.508463,3.089438,0 -76.508382,3.089295,0 -76.508191,3.089033,0 -76.508073,3.088877,0 -76.507909,3.088615,0 -76.507832,3.088450,0 -76.507756,3.088272,0 -76.507646,3.088164,0 -76.507493,3.088020,0 -76.507449,3.087958,0 -76.507406,3.087872,0 -76.507384,3.087799,0 -76.507371,3.087727,0 -76.507438,3.087368,0 -76.507524,3.086946,0 -76.507569,3.086677,0 -76.507659,3.085978,0 -76.507716,3.085182,0 -76.507739,3.085062,0 -76.507774,3.085000,0 -76.508277,3.084440,0 -76.508475,3.084064,0 -76.508662,3.083584,0 -76.508111,3.082660,0 -76.507531,3.081828,0 -76.506727,3.080728,0 -76.506562,3.080383,0 -76.506372,3.080103,0 -76.506018,3.079752,0 -76.505545,3.079212,0 -76.505321,3.078837,0 -76.505222,3.078611,0 -76.505157,3.078283,0 -76.505132,3.078089,0 -76.505058,3.077908,0 -76.504624,3.077269,0 -76.504042,3.076664,0 -76.503264,3.075895,0 -76.502875,3.075319,0 -76.502411,3.074709,0 -76.501542,3.073600,0 -76.500386,3.072129,0 -76.499849,3.071537,0 -76.499171,3.071079,0 -76.498290,3.070502,0 -76.498059,3.070312,0 -76.497932,3.070110,0 -76.497164,3.068573,0 -76.496568,3.067421,0 -76.495916,3.066084,0 -76.495440,3.066372,0 -76.493788,3.072994,0 -76.493777,3.073182,0 -76.493833,3.074272,0 -76.493889,3.076474,0 -76.493962,3.077585,0 -76.494064,3.078678,0 -76.494013,3.079406,0 -76.494007,3.079479,0 -76.493981,3.079562,0 -76.493753,3.080162,0 -76.493715,3.080279,0 -76.493758,3.080408,0 -76.493785,3.080494,0 -76.493822,3.080582,0 -76.493833,3.080638,0 -76.493809,3.080711,0 -76.493763,3.080767,0 -76.493664,3.080815,0 -76.493554,3.080855,0 -76.493479,3.080895,0 -76.493163,3.081059,0 -76.493114,3.081080,0 -76.493058,3.081086,0 -76.493018,3.081080,0 -76.492980,3.081059,0 -76.492355,3.080708,0 -76.492235,3.080689,0 -76.492133,3.080708,0 -76.492055,3.080770,0 -76.491561,3.081241,0 -76.490435,3.082655,0 -76.490285,3.082832,0 -76.489043,3.082677,0 -76.488887,3.082634,0 -76.488705,3.082532,0 -76.488361,3.082302,0 -76.487313,3.081552,0 -76.486900,3.081260,0 -76.486757,3.081134,0 -76.486648,3.081080,0 -76.486393,3.081032,0 -76.486264,3.080995,0 -76.486119,3.080904,0 -76.485336,3.080309,0 -76.485153,3.080196,0 -76.484987,3.080127,0 -76.484816,3.080100,0 -76.484274,3.080020,0 -76.483635,3.079896,0 -76.483448,3.079795,0 -76.483249,3.079639,0 -76.483136,3.079463,0 -76.483088,3.078830,0 -76.483045,3.078713,0 -76.482922,3.078563,0 -76.482101,3.077963,0 -76.481962,3.077898,0 -76.481795,3.077866,0 -76.481141,3.077781,0 -76.481001,3.077786,0 -76.480857,3.077813,0 -76.480460,3.078075,0 -76.480240,3.078231,0 -76.480036,3.078343,0 -76.479585,3.078520,0 -76.479376,3.078552,0 -76.479140,3.078531,0 -76.478856,3.078423,0 -76.478566,3.078284,0 -76.478223,3.078145,0 -76.477761,3.077989,0 -76.477413,3.077834,0 -76.477032,3.077625,0 -76.475980,3.077004,0 -76.475849,3.076934,0 -76.475656,3.076878,0 -76.475445,3.076859,0 -76.475439,3.076527,0 -76.475398,3.074369,0 -76.475425,3.073017,0 -76.475396,3.072961,0 -76.475397,3.072933,0 -76.475393,3.072906,0 -76.475384,3.072880,0 -76.475370,3.072857,0 -76.475351,3.072837,0 -76.475329,3.072821,0 -76.475304,3.072810,0 -76.475277,3.072804,0 -76.475249,3.072804,0 -76.475222,3.072809,0 -76.475197,3.072819,0 -76.475174,3.072835,0 -76.475155,3.072854,0 -76.475140,3.072878,0 -76.475131,3.072903,0 -76.475126,3.072930,0 -76.475127,3.072958,0 -76.475134,3.072984,0 -76.475119,3.073034,0 -76.475136,3.073179,0 -76.475202,3.073742,0 -76.475257,3.074681,0 -76.475272,3.076431,0 -76.475306,3.077405,0 -76.475312,3.077725,0 -76.475310,3.078086,0 -76.475260,3.078422,0 -76.475177,3.078750,0 -76.474951,3.079507,0 -76.474689,3.080139,0 -76.473514,3.082939,0 -76.473190,3.083712,0 -76.473008,3.084141,0 -76.472776,3.084691,0 -76.472402,3.085575,0 -76.471926,3.086700,0 -76.471513,3.087677,0 -76.471241,3.088371,0 -76.471067,3.088803,0 -76.470931,3.089234,0 -76.470806,3.089761,0 -76.470721,3.090253,0 -76.470582,3.091070,0 -76.470276,3.092917,0 -76.470190,3.093367,0 -76.470077,3.093748,0 -76.469811,3.094353,0 -76.469658,3.094806,0 -76.469619,3.094916,0 -76.469529,3.095223,0 -76.469462,3.095685,0 -76.469446,3.095931,0 -76.469472,3.096377,0 -76.469509,3.096844,0 -76.469509,3.097175,0 -76.469365,3.098130,0 -76.468708,3.101961,0 -76.468061,3.105496,0 -76.467699,3.107830,0 -76.466881,3.112589,0 -76.466456,3.115144,0 -76.466406,3.115381,0 -76.466260,3.116032,0 -76.466187,3.116262,0 -76.465780,3.117202,0 -76.465679,3.117460,0 -76.465619,3.117616,0 -76.465551,3.117898,0 -76.465526,3.118454,0 -76.465537,3.118759,0 -76.465576,3.119733,0 -76.465576,3.119937,0 -76.465450,3.120986,0 -76.465383,3.121331,0 -76.465337,3.121611,0 -76.464940,3.123869,0 -76.464936,3.123892,0 -76.464527,3.126282,0 -76.464192,3.128081,0 -76.464152,3.128301,0 -76.463859,3.129878,0 -76.463585,3.131240,0 -76.463272,3.133025,0 -76.463087,3.134117,0 -76.462636,3.136767,0 -76.461844,3.141166,0 -76.461538,3.143012,0 -76.461216,3.144953,0 -76.460831,3.147262,0 -76.460632,3.148218,0 -76.460518,3.148807,0 -76.460471,3.149011,0 -76.460346,3.149434,0 -76.460227,3.149746,0 -76.460074,3.150077,0 -76.460004,3.150262,0 -76.459892,3.150613,0 -76.459807,3.150970,0 -76.459747,3.151333,0 -76.459734,3.151414,0 -76.459729,3.151476,0 -76.459701,3.151849,0 -76.459702,3.152223,0 -76.459730,3.152596,0 -76.459762,3.152974,0 -76.459749,3.153303,0 -76.459637,3.154083,0 -76.459497,3.155035,0 -76.459441,3.155830,0 -76.459431,3.156505,0 -76.459372,3.156833,0 -76.459318,3.157158,0 -76.459299,3.157274,0 -76.459244,3.157614,0 -76.459234,3.157665,0 -76.459208,3.157801,0 -76.459126,3.158231,0 -76.459053,3.158660,0 -76.458845,3.159842,0 -76.458655,3.160903,0 -76.458568,3.161391,0 -76.458507,3.161824,0 -76.458459,3.162117,0 -76.458464,3.162354,0 -76.458239,3.163414,0 -76.458111,3.164145,0 -76.457975,3.164841,0 -76.457919,3.165202,0 -76.457705,3.166418,0 -76.457593,3.167037,0 -76.457451,3.167432,0 -76.457296,3.167783,0 -76.457240,3.167908,0 -76.457159,3.168046,0 -76.457068,3.168194,0 -76.456845,3.168528,0 -76.456664,3.168792,0 -76.456454,3.169104,0 -76.456279,3.169437,0 -76.456143,3.169788,0 -76.455756,3.170655,0 -76.455591,3.171024,0 -76.455488,3.171169,0 -76.455310,3.171432,0 -76.455227,3.171554,0 -76.454131,3.173165,0 -76.451991,3.176390,0 -76.451820,3.176621,0 -76.451484,3.177095,0 -76.451290,3.177401,0 -76.451149,3.177641,0 -76.451013,3.177891,0 -76.450801,3.178319,0 -76.450513,3.179017,0 -76.450102,3.179938,0 -76.449481,3.181345,0 -76.449281,3.181797,0 -76.448654,3.183274,0 -76.448186,3.184308,0 -76.448145,3.184388,0 -76.447885,3.184962,0 -76.447790,3.185206,0 -76.447743,3.185316,0 -76.447506,3.185861,0 -76.447464,3.185979,0 -76.447451,3.186014,0 -76.447352,3.186293,0 -76.447338,3.186342,0 -76.447324,3.186392,0 -76.447321,3.186404,0 -76.447225,3.186796,0 -76.447145,3.187191,0 -76.447082,3.187590,0 -76.447036,3.187991,0 -76.447022,3.188174,0 -76.446998,3.188387,0 -76.446995,3.188411,0 -76.446980,3.188532,0 -76.446909,3.188926,0 -76.446867,3.189088,0 -76.446816,3.189249,0 -76.446757,3.189440,0 -76.446668,3.189678,0 -76.446557,3.189908,0 -76.446426,3.190126,0 -76.446271,3.190328,0 -76.446166,3.190478,0 -76.445558,3.191379,0 -76.445074,3.192059,0 -76.444932,3.192258,0 -76.444789,3.192458,0 -76.444504,3.192858,0 -76.444312,3.193131,0 -76.444145,3.193363,0 -76.444112,3.193410,0 -76.443987,3.193583,0 -76.443951,3.193634,0 -76.443354,3.194464,0 -76.443141,3.194759,0 -76.443001,3.194954,0 -76.442956,3.195017,0 -76.442733,3.195328,0 -76.442501,3.195651,0 -76.442294,3.195934,0 -76.442200,3.196069,0 -76.442179,3.196098,0 -76.442080,3.196236,0 -76.442078,3.196238,0 -76.441685,3.196776,0 -76.441474,3.197079,0 -76.441243,3.197384,0 -76.441099,3.197599,0 -76.440625,3.198259,0 -76.440484,3.198456,0 -76.440326,3.198675,0 -76.440279,3.198741,0 -76.439987,3.199146,0 -76.439683,3.199570,0 -76.439538,3.199772,0 -76.439406,3.199951,0 -76.439249,3.200173,0 -76.439054,3.200454,0 -76.439036,3.200480,0 -76.439018,3.200505,0 -76.438959,3.200588,0 -76.438588,3.201110,0 -76.437993,3.201946,0 -76.437905,3.202070,0 -76.437764,3.202262,0 -76.437605,3.202492,0 -76.437326,3.202893,0 -76.437126,3.203165,0 -76.435978,3.204780,0 -76.435578,3.205337,0 -76.435082,3.206040,0 -76.434542,3.206804,0 -76.433975,3.207597,0 -76.433544,3.208203,0 -76.432680,3.209417,0 -76.432087,3.210252,0 -76.432029,3.210333,0 -76.431464,3.211127,0 -76.431188,3.211515,0 -76.430684,3.212224,0 -76.430589,3.212362,0 -76.430336,3.212727,0 -76.430283,3.212772,0 -76.430218,3.212835,0 -76.430125,3.212903,0 -76.430002,3.212964,0 -76.429942,3.212970,0 -76.429857,3.212981,0 -76.429768,3.212999,0 -76.429593,3.213057,0 -76.429520,3.213091,0 -76.429432,3.213141,0 -76.429193,3.213401,0 -76.429162,3.213434,0 -76.429102,3.213530,0 -76.428573,3.214281,0 -76.428066,3.214970,0 -76.427768,3.215398,0 -76.427508,3.215767,0 -76.427328,3.215984,0 -76.427132,3.216190,0 -76.426907,3.216391,0 -76.426703,3.216547,0 -76.426483,3.216700,0 -76.426317,3.216779,0 -76.426059,3.216891,0 -76.425785,3.216981,0 -76.425752,3.216989,0 -76.425571,3.217037,0 -76.425217,3.217096,0 -76.424887,3.217112,0 -76.424637,3.217096,0 -76.424377,3.217054,0 -76.424055,3.216979,0 -76.423900,3.216951,0 -76.423101,3.216681,0 -76.423021,3.216651,0 -76.422712,3.216536,0 -76.422452,3.216449,0 -76.422197,3.216368,0 -76.422079,3.216337,0 -76.421928,3.216306,0 -76.421628,3.216263,0 -76.421488,3.216253,0 -76.421333,3.216248,0 -76.421132,3.216254,0 -76.420944,3.216270,0 -76.420733,3.216302,0 -76.420152,3.216465,0 -76.418729,3.216853,0 -76.418550,3.216896,0 -76.417732,3.217084,0 -76.416436,3.217384,0 -76.416084,3.217465,0 -76.415472,3.217606,0 -76.414658,3.217794,0 -76.414554,3.217819,0 -76.414271,3.217870,0 -76.413796,3.217964,0 -76.413309,3.218056,0 -76.413096,3.218089,0 -76.412831,3.218143,0 -76.412504,3.218192,0 -76.412174,3.218248,0 -76.411744,3.218330,0 -76.411352,3.218405,0 -76.410049,3.218684,0 -76.409789,3.218765,0 -76.409691,3.218799,0 -76.409529,3.218865,0 -76.409279,3.218980,0 -76.409030,3.219123,0 -76.408788,3.219313,0 -76.408563,3.219528,0 -76.408338,3.219785,0 -76.408140,3.220032,0 -76.408070,3.220148,0 -76.407643,3.220729,0 -76.407115,3.221458,0 -76.406956,3.221659,0 -76.406920,3.221698,0 -76.406879,3.221755,0 -76.406790,3.221867,0 -76.406549,3.222125,0 -76.406313,3.222329,0 -76.406095,3.222481,0 -76.405983,3.222543,0 -76.405867,3.222607,0 -76.405767,3.222651,0 -76.405597,3.222727,0 -76.405358,3.222810,0 -76.405124,3.222871,0 -76.404808,3.222939,0 -76.404524,3.222982,0 -76.404162,3.223030,0 -76.403825,3.223073,0 -76.403110,3.223154,0 -76.402552,3.223220,0 -76.402241,3.223279,0 -76.401997,3.223346,0 -76.401436,3.223599,0 -76.400879,3.223915,0 -76.400148,3.224335,0 -76.399617,3.224674,0 -76.399316,3.224899,0 -76.399038,3.225152,0 -76.398784,3.225429,0 -76.398557,3.225728,0 -76.398359,3.226047,0 -76.398180,3.226372,0 -76.398038,3.226603,0 -76.397554,3.227387,0 -76.396234,3.229471,0 -76.396183,3.229551,0 -76.395553,3.230534,0 -76.395266,3.230891,0 -76.394952,3.231282,0 -76.394920,3.231322,0 -76.394677,3.231624,0 -76.394415,3.231952,0 -76.394334,3.232093,0 -76.394042,3.232650,0 -76.393785,3.233159,0 -76.393683,3.233334,0 -76.393549,3.233481,0 -76.393402,3.233614,0 -76.393243,3.233734,0 -76.393074,3.233839,0 -76.392896,3.233927,0 -76.392710,3.233999,0 -76.392519,3.234054,0 -76.392324,3.234091,0 -76.392039,3.234125,0 -76.391529,3.234171,0 -76.391272,3.234194,0 -76.390319,3.234279,0 -76.388616,3.234477,0 -76.388009,3.234545,0 -76.387722,3.234587,0 -76.387470,3.234661,0 -76.387187,3.234771,0 -76.386934,3.234905,0 -76.386771,3.235012,0 -76.386555,3.235181,0 -76.386331,3.235410,0 -76.386160,3.235621,0 -76.385883,3.236004,0 -76.385544,3.236504,0 -76.385261,3.236930,0 -76.384992,3.237312,0 -76.384439,3.238184,0 -76.383787,3.239069,0 -76.383627,3.239325,0 -76.383570,3.239408,0 -76.383018,3.240215,0 -76.382190,3.241439,0 -76.381412,3.242575,0 -76.381132,3.242976,0 -76.380604,3.243790,0 -76.380121,3.244471,0 -76.379788,3.244965,0 -76.379512,3.245338,0 -76.379159,3.245873,0 -76.378939,3.246232,0 -76.378765,3.246457,0 -76.378152,3.247346,0 -76.377797,3.247843,0 -76.376937,3.249121,0 -76.376671,3.249486,0 -76.376174,3.250217,0 -76.375620,3.251032,0 -76.374998,3.251983,0 -76.374542,3.252648,0 -76.373935,3.253524,0 -76.373681,3.253891,0 -76.373072,3.254791,0 -76.372343,3.255861,0 -76.372013,3.256345,0 -76.371318,3.257363,0 -76.371048,3.257755,0 -76.370814,3.258107,0 -76.370799,3.258128,0 -76.370547,3.258498,0 -76.369616,3.259865,0 -76.369580,3.259918,0 -76.368614,3.261313,0 -76.367403,3.263114,0 -76.367335,3.263215,0 -76.366564,3.264320,0 -76.366416,3.264551,0 -76.366060,3.265069,0 -76.364913,3.266736,0 -76.364414,3.267463,0 -76.364057,3.267981,0 -76.363540,3.268733,0 -76.363520,3.268762,0 -76.363484,3.268815,0 -76.363409,3.268926,0 -76.363054,3.269439,0 -76.362748,3.269880,0 -76.362733,3.269902,0 -76.362680,3.269978,0 -76.362311,3.270510,0 -76.361987,3.270974,0 -76.361864,3.271151,0 -76.361582,3.271555,0 -76.361331,3.271923,0 -76.361247,3.272044,0 -76.360422,3.273234,0 -76.359647,3.274351,0 -76.359476,3.274597,0 -76.358634,3.275811,0 -76.357495,3.277454,0 -76.357405,3.277582,0 -76.356783,3.278466,0 -76.356284,3.279180,0 -76.355091,3.280899,0 -76.354667,3.281496,0 -76.354506,3.281722,0 -76.353409,3.283301,0 -76.352508,3.284603,0 -76.351740,3.285704,0 -76.351519,3.286035,0 -76.351505,3.286055,0 -76.351477,3.286095,0 -76.351279,3.286375,0 -76.350509,3.287486,0 -76.349648,3.288755,0 -76.349254,3.289339,0 -76.348696,3.290164,0 -76.348181,3.290921,0 -76.348026,3.291180,0 -76.347544,3.291870,0 -76.347334,3.292170,0 -76.347243,3.292306,0 -76.347418,3.292391,0 -76.347621,3.292457,0 -76.349122,3.292843,0 -76.350846,3.293300,0 -76.352362,3.293719,0 -76.354401,3.294357,0 -76.354830,3.294417,0 -76.355305,3.294511,0 -76.359942,3.295628,0 -76.359720,3.299910,0 -76.359712,3.300053,0 -76.359559,3.302989,0 -76.359479,3.304542,0 -76.359548,3.304983,0 -76.359802,3.305995,0 -76.360872,3.310250,0 -76.360885,3.310368,0 -76.360878,3.310433,0 -76.360868,3.310516,0 -76.360545,3.313558,0 -76.360508,3.314045,0 -76.360483,3.314372,0 -76.360452,3.314784,0 -76.360401,3.315017,0 -76.360350,3.315105,0 -76.360258,3.315141,0 -76.360124,3.315163,0 -76.359932,3.315170,0 -76.359568,3.315172,0 -76.359420,3.315198,0 -76.359319,3.315254,0 -76.359044,3.315567,0 -76.358156,3.316779,0 -76.357486,3.317684,0 -76.357175,3.318134,0 -76.357027,3.318404,0 -76.356869,3.318766,0 -76.356705,3.319392,0 -76.356638,3.319839,0 -76.356603,3.320206,0 -76.356579,3.320284,0 -76.356469,3.320431,0 -76.355713,3.321269,0 -76.355254,3.321754,0 -76.355144,3.321845,0 -76.354994,3.321899,0 -76.354581,3.321933,0 -76.354026,3.321950,0 -76.353654,3.321976,0 -76.353366,3.322011,0 -76.353154,3.322038,0 -76.352907,3.322090,0 -76.352655,3.322169,0 -76.352424,3.322260,0 -76.352062,3.322426,0 -76.351762,3.322563,0 -76.351600,3.322654,0 -76.351525,3.322780,0 -76.351457,3.322911,0 -76.351393,3.323055,0 -76.351327,3.323244,0 -76.351647,3.323483,0 -76.351840,3.323653,0 -76.352027,3.323845,0 -76.352172,3.324033,0 -76.352284,3.324224,0 -76.352388,3.324404,0 -76.352459,3.324597,0 -76.352533,3.324781,0 -76.352577,3.324981,0 -76.352608,3.325149,0 -76.352623,3.325335,0 -76.352615,3.325508,0 -76.352612,3.325722,0 -76.352607,3.325937,0 -76.352596,3.326219,0 -76.352585,3.326528,0 -76.352577,3.326776,0 -76.352567,3.326979,0 -76.352564,3.327251,0 -76.352548,3.327606,0 -76.352532,3.327925,0 -76.352516,3.328237,0 -76.352490,3.328439,0 -76.352461,3.328579,0 -76.352428,3.328707,0 -76.352378,3.328848,0 -76.352317,3.329006,0 -76.352235,3.329223,0 -76.352128,3.329517,0 -76.351898,3.330182,0 -76.351594,3.330935,0 -76.351348,3.331642,0 -76.351272,3.331873,0 -76.351205,3.332141,0 -76.351154,3.332426,0 -76.351148,3.332480,0 -76.351125,3.332673,0 -76.351114,3.332834,0 -76.351109,3.332940,0 -76.351104,3.333231,0 -76.351112,3.333445,0 -76.351138,3.333757,0 -76.351179,3.334023,0 -76.351281,3.334634,0 -76.351388,3.335234,0 -76.351605,3.336538,0 -76.351687,3.337037,0 -76.351793,3.337669,0 -76.351858,3.338104,0 -76.352048,3.339249,0 -76.352249,3.340507,0 -76.352345,3.341028,0 -76.352439,3.341467,0 -76.352523,3.341874,0 -76.352561,3.342032,0 -76.352650,3.342260,0 -76.352795,3.342596,0 -76.352964,3.342984,0 -76.353304,3.343747,0 -76.353894,3.345043,0 -76.354038,3.345365,0 -76.354441,3.346272,0 -76.354570,3.346591,0 -76.354691,3.346924,0 -76.354755,3.347177,0 -76.354801,3.347398,0 -76.354836,3.347628,0 -76.354852,3.347866,0 -76.354857,3.348113,0 -76.354855,3.348338,0 -76.354846,3.348571,0 -76.354825,3.348849,0 -76.354785,3.349247,0 -76.354699,3.349941,0 -76.354684,3.350088,0 -76.354460,3.351866,0 -76.354310,3.353085,0 -76.354197,3.353966,0 -76.354144,3.354426,0 -76.354077,3.355086,0 -76.354018,3.355519,0 -76.353948,3.356058,0 -76.353822,3.357139,0 -76.353664,3.358422,0 -76.353503,3.359711,0 -76.353366,3.360841,0 -76.353269,3.361705,0 -76.353236,3.361962,0 -76.353216,3.362118,0 -76.353125,3.362821,0 -76.352918,3.364444,0 -76.352762,3.365673,0 -76.352676,3.366311,0 -76.352639,3.366748,0 -76.352599,3.367144,0 -76.352583,3.367461,0 -76.352585,3.367815,0 -76.352587,3.368056,0 -76.352588,3.368329,0 -76.352577,3.368901,0 -76.352569,3.369673,0 -76.352569,3.370152,0 -76.352580,3.370722,0 -76.352580,3.370977,0 -76.352567,3.371221,0 -76.352545,3.371576,0 -76.352542,3.371827,0 -76.352540,3.372779,0 -76.352540,3.373269,0 -76.352529,3.374738,0 -76.352526,3.375300,0 -76.352518,3.376040,0 -76.352502,3.376687,0 -76.352505,3.377161,0 -76.352516,3.377806,0 -76.352521,3.378677,0 -76.352526,3.379089,0 -76.352518,3.379458,0 -76.352504,3.380021,0 -76.352502,3.380340,0 -76.352505,3.381023,0 -76.352492,3.381816,0 -76.352489,3.382448,0 -76.352516,3.382769,0 -76.352553,3.383108,0 -76.352583,3.383440,0 -76.352631,3.383877,0 -76.352712,3.384538,0 -76.352764,3.385005,0 -76.352850,3.385803,0 -76.352889,3.386102,0 -76.353047,3.387476,0 -76.353192,3.388938,0 -76.353244,3.389467,0 -76.353311,3.390038,0 -76.353367,3.390516,0 -76.353488,3.391552,0 -76.353539,3.391995,0 -76.353557,3.392147,0 -76.353597,3.392486,0 -76.353652,3.393311,0 -76.353746,3.393911,0 -76.353751,3.394063,0 -76.353744,3.394130,0 -76.353721,3.394232,0 -76.353673,3.394351,0 -76.353620,3.394442,0 -76.353519,3.394560,0 -76.353403,3.394651,0 -76.353305,3.394726,0 -76.353195,3.394821,0 -76.353088,3.394952,0 -76.353017,3.395079,0 -76.352959,3.395174,0 -76.352889,3.395249,0 -76.352792,3.395314,0 -76.352675,3.395356,0 -76.352586,3.395368,0 -76.352492,3.395363,0 -76.352346,3.395317,0 -76.352061,3.395237,0 -76.351934,3.395191,0 -76.351714,3.395108,0 -76.351322,3.394930,0 -76.349820,3.394213,0 -76.348777,3.393712,0 -76.348165,3.393419,0 -76.347759,3.393218,0 -76.347263,3.392989,0 -76.347195,3.392960,0 -76.347022,3.392886,0 -76.346393,3.392661,0 -76.345733,3.392448,0 -76.344638,3.392090,0 -76.343750,3.391808,0 -76.342423,3.391379,0 -76.341500,3.391085,0 -76.340762,3.390843,0 -76.340544,3.390769,0 -76.340179,3.390649,0 -76.339795,3.390504,0 -76.339422,3.390330,0 -76.339109,3.390163,0 -76.338879,3.390016,0 -76.338658,3.389856,0 -76.338300,3.389561,0 -76.337705,3.389081,0 -76.336814,3.388336,0 -76.336361,3.387958,0 -76.335870,3.387538,0 -76.335551,3.387235,0 -76.335239,3.386890,0 -76.334867,3.386440,0 -76.334435,3.385856,0 -76.334000,3.385265,0 -76.333351,3.384389,0 -76.332721,3.383538,0 -76.332333,3.383030,0 -76.332047,3.382630,0 -76.331611,3.382022,0 -76.331444,3.381789,0 -76.330924,3.380983,0 -76.330898,3.380948,0 -76.330497,3.380399,0 -76.330154,3.379869,0 -76.329950,3.379604,0 -76.329816,3.379441,0 -76.329642,3.379287,0 -76.329435,3.379125,0 -76.328746,3.378655,0 -76.328338,3.378387,0 -76.328147,3.378256,0 -76.327692,3.377947,0 -76.327567,3.377861,0 -76.327421,3.377754,0 -76.327320,3.377687,0 -76.326672,3.377241,0 -76.325999,3.376774,0 -76.325836,3.376662,0 -76.325350,3.376346,0 -76.325133,3.376240,0 -76.324900,3.376139,0 -76.324662,3.376071,0 -76.323851,3.375809,0 -76.322612,3.375465,0 -76.322238,3.375345,0 -76.322065,3.375289,0 -76.321667,3.375117,0 -76.321449,3.375013,0 -76.321129,3.374861,0 -76.320155,3.374329,0 -76.319083,3.373723,0 -76.318631,3.373476,0 -76.318544,3.373429,0 -76.317749,3.373004,0 -76.316298,3.372199,0 -76.315979,3.371993,0 -76.315705,3.371796,0 -76.315458,3.371593,0 -76.315010,3.371132,0 -76.314104,3.370203,0 -76.313379,3.369440,0 -76.313114,3.369178,0 -76.312878,3.368945,0 -76.312481,3.368541,0 -76.312170,3.368210,0 -76.311795,3.367816,0 -76.311718,3.367736,0 -76.311419,3.367423,0 -76.310925,3.366923,0 -76.310083,3.366012,0 -76.309918,3.365846,0 -76.309864,3.365792,0 -76.308786,3.364710,0 -76.308612,3.364536,0 -76.308181,3.364074,0 -76.307356,3.363232,0 -76.306812,3.362660,0 -76.304959,3.360740,0 -76.304502,3.360267,0 -76.304196,3.359953,0 -76.304108,3.359860,0 -76.303864,3.359602,0 -76.303509,3.359273,0 -76.303261,3.359050,0 -76.302889,3.358854,0 -76.302752,3.358782,0 -76.302541,3.358695,0 -76.301062,3.358242,0 -76.299763,3.357837,0 -76.298997,3.357603,0 -76.297194,3.357047,0 -76.296909,3.356955,0 -76.296443,3.356805,0 -76.296130,3.356674,0 -76.295823,3.356528,0 -76.295464,3.356309,0 -76.295061,3.356754,0 -76.294746,3.357097,0 -76.294047,3.357856,0 -76.293966,3.357956,0 -76.293610,3.358357,0 -76.293043,3.358996,0 -76.293002,3.359044,0 -76.292923,3.359131,0 -76.292824,3.359360,0 -76.292708,3.359558,0 -76.292576,3.359765,0 -76.291934,3.360455,0 -76.291068,3.361385,0 -76.290977,3.361495,0 -76.290912,3.361622,0 -76.290876,3.361761,0 -76.290666,3.363704,0 -76.290403,3.366269,0 -76.290312,3.366275,0 -76.290110,3.366293,0 -76.289335,3.366370,0 -76.288847,3.366437,0 -76.288859,3.366551,0 -76.288845,3.367668,0 -76.288065,3.368321,0 -76.287901,3.368380,0 -76.287901,3.368380,0</coordinates></LineString></Placemark><Placemark><name>Ruta día 15</name><styleUrl>#dia15</styleUrl><ExtendedData><Data name="INGENIO"><value>Castilla</value></Data><Data name="DIA"><value>15</value></Data><Data name="PUNTOS"><value>CC-042, CC-026</value></Data><Data name="N_PUNTOS"><value>2</value></Data><Data name="KM"><value>128.1</value></Data><Data name="HORAS_TOTALES"><value>7.27</value></Data><Data name="REGRESO"><value>13:46</value></Data><Data name="PEAJES"><value>0</value></Data><Data name="COSTO_COP"><value>535043</value></Data></ExtendedData><LineString><tessellate>1</tessellate><coordinates>-76.287901,3.368380,0 -76.287901,3.368380,0 -76.288065,3.368321,0 -76.288845,3.367668,0 -76.288859,3.366551,0 -76.289351,3.366508,0 -76.289568,3.366499,0 -76.290107,3.366450,0 -76.290313,3.366434,0 -76.290385,3.366430,0 -76.290403,3.366269,0 -76.290666,3.363704,0 -76.290876,3.361761,0 -76.290912,3.361622,0 -76.290977,3.361495,0 -76.291068,3.361385,0 -76.291934,3.360455,0 -76.292576,3.359765,0 -76.292708,3.359558,0 -76.292824,3.359360,0 -76.292923,3.359131,0 -76.293002,3.359044,0 -76.293043,3.358996,0 -76.293610,3.358357,0 -76.293966,3.357956,0 -76.294047,3.357856,0 -76.294746,3.357097,0 -76.295061,3.356754,0 -76.295464,3.356309,0 -76.294712,3.355699,0 -76.294234,3.355316,0 -76.294167,3.355255,0 -76.292512,3.353908,0 -76.292019,3.353501,0 -76.291007,3.352668,0 -76.289352,3.351337,0 -76.288765,3.350861,0 -76.288446,3.350638,0 -76.287917,3.350380,0 -76.286391,3.349768,0 -76.285152,3.349316,0 -76.284652,3.349126,0 -76.284139,3.348973,0 -76.283617,3.348855,0 -76.283088,3.348773,0 -76.280233,3.348407,0 -76.278668,3.348207,0 -76.277906,3.348092,0 -76.277142,3.347891,0 -76.271614,3.345063,0 -76.270852,3.344698,0 -76.269885,3.344236,0 -76.269437,3.344131,0 -76.268975,3.344062,0 -76.268380,3.344118,0 -76.268047,3.344190,0 -76.267754,3.344303,0 -76.267254,3.344565,0 -76.266449,3.345210,0 -76.265210,3.346253,0 -76.264880,3.346376,0 -76.264758,3.346431,0 -76.264629,3.346470,0 -76.264580,3.346462,0 -76.264531,3.346463,0 -76.264482,3.346472,0 -76.264436,3.346489,0 -76.264310,3.346455,0 -76.264193,3.346402,0 -76.263889,3.346237,0 -76.263637,3.346040,0 -76.262736,3.344921,0 -76.262272,3.344425,0 -76.261774,3.344013,0 -76.261327,3.343699,0 -76.258828,3.341936,0 -76.257920,3.341306,0 -76.257612,3.341091,0 -76.256981,3.340640,0 -76.254273,3.338701,0 -76.253972,3.338444,0 -76.253368,3.337611,0 -76.252642,3.336670,0 -76.252089,3.335906,0 -76.251998,3.335776,0 -76.251546,3.335150,0 -76.250916,3.334343,0 -76.250367,3.333645,0 -76.250261,3.333536,0 -76.250102,3.333369,0 -76.250022,3.333292,0 -76.249939,3.333207,0 -76.249888,3.333160,0 -76.249280,3.332567,0 -76.248596,3.331920,0 -76.248101,3.331462,0 -76.247912,3.331238,0 -76.247827,3.331138,0 -76.247811,3.331099,0 -76.247785,3.331067,0 -76.247750,3.331044,0 -76.247710,3.331032,0 -76.247489,3.330858,0 -76.247027,3.330407,0 -76.246762,3.330152,0 -76.244911,3.328371,0 -76.244564,3.328077,0 -76.244396,3.327935,0 -76.243582,3.327179,0 -76.242737,3.326319,0 -76.240522,3.323892,0 -76.240231,3.323564,0 -76.239945,3.323255,0 -76.239666,3.322953,0 -76.239381,3.322621,0 -76.239116,3.322318,0 -76.238841,3.322000,0 -76.238696,3.321833,0 -76.238661,3.321793,0 -76.238550,3.321660,0 -76.238339,3.321427,0 -76.238161,3.321208,0 -76.238089,3.321102,0 -76.237995,3.320929,0 -76.237877,3.320657,0 -76.237808,3.320487,0 -76.237727,3.320183,0 -76.237604,3.318911,0 -76.237591,3.318700,0 -76.237563,3.317973,0 -76.237453,3.317354,0 -76.237346,3.317004,0 -76.238096,3.316014,0 -76.238418,3.315580,0 -76.238865,3.314965,0 -76.239204,3.314470,0 -76.239236,3.314424,0 -76.239841,3.313557,0 -76.240709,3.312379,0 -76.241265,3.311757,0 -76.241648,3.311354,0 -76.242006,3.310970,0 -76.242900,3.310000,0 -76.243592,3.309242,0 -76.244627,3.308093,0 -76.245224,3.307471,0 -76.247587,3.304937,0 -76.248757,3.303666,0 -76.249939,3.302396,0 -76.250526,3.301777,0 -76.252339,3.299914,0 -76.252942,3.299296,0 -76.253020,3.299199,0 -76.253848,3.298186,0 -76.254175,3.297785,0 -76.254292,3.297643,0 -76.254453,3.297375,0 -76.254763,3.296716,0 -76.255131,3.295876,0 -76.255257,3.295688,0 -76.255321,3.295615,0 -76.255399,3.295563,0 -76.255564,3.295505,0 -76.255762,3.295467,0 -76.256037,3.295425,0 -76.256577,3.295355,0 -76.257145,3.295266,0 -76.257790,3.295151,0 -76.258490,3.295017,0 -76.259899,3.294781,0 -76.261120,3.294547,0 -76.262143,3.294366,0 -76.262471,3.294325,0 -76.262816,3.294301,0 -76.263374,3.294273,0 -76.263874,3.294245,0 -76.264455,3.294188,0 -76.265347,3.294107,0 -76.266159,3.294012,0 -76.266498,3.293964,0 -76.266949,3.293877,0 -76.267222,3.293769,0 -76.267556,3.293594,0 -76.267591,3.293572,0 -76.267832,3.293426,0 -76.267927,3.293376,0 -76.268898,3.292898,0 -76.269108,3.292779,0 -76.269300,3.292651,0 -76.269461,3.292461,0 -76.269536,3.292280,0 -76.269590,3.292098,0 -76.269893,3.291268,0 -76.270062,3.290866,0 -76.270419,3.290071,0 -76.270585,3.289739,0 -76.270649,3.289618,0 -76.270807,3.289426,0 -76.271140,3.289126,0 -76.272183,3.288439,0 -76.273012,3.287803,0 -76.274427,3.286637,0 -76.276366,3.285062,0 -76.276575,3.285024,0 -76.276750,3.285031,0 -76.276961,3.285055,0 -76.277739,3.285242,0 -76.279260,3.285607,0 -76.280754,3.285936,0 -76.281795,3.286167,0 -76.282683,3.286376,0 -76.283128,3.286457,0 -76.283736,3.286569,0 -76.284533,3.286707,0 -76.284856,3.286756,0 -76.285096,3.286835,0 -76.285285,3.286902,0 -76.285917,3.287224,0 -76.286962,3.287776,0 -76.287946,3.288314,0 -76.288316,3.288438,0 -76.288505,3.288479,0 -76.288720,3.288511,0 -76.290987,3.288669,0 -76.291749,3.288736,0 -76.292202,3.288838,0 -76.292837,3.289020,0 -76.293004,3.289060,0 -76.293188,3.289069,0 -76.293712,3.289068,0 -76.294623,3.289010,0 -76.294765,3.288978,0 -76.294882,3.288945,0 -76.295027,3.288894,0 -76.295188,3.288826,0 -76.296777,3.287984,0 -76.297158,3.287830,0 -76.297523,3.287705,0 -76.297900,3.287575,0 -76.298328,3.287452,0 -76.298469,3.287417,0 -76.298770,3.287352,0 -76.298979,3.287314,0 -76.299044,3.287303,0 -76.299402,3.287254,0 -76.299534,3.287239,0 -76.299797,3.287218,0 -76.300272,3.287182,0 -76.300579,3.287184,0 -76.301379,3.287227,0 -76.301835,3.287262,0 -76.302111,3.287257,0 -76.302187,3.287235,0 -76.302392,3.287140,0 -76.302774,3.286933,0 -76.302899,3.286878,0 -76.303033,3.286845,0 -76.304228,3.286708,0 -76.306103,3.286501,0 -76.306374,3.286548,0 -76.306856,3.286667,0 -76.307421,3.286669,0 -76.310189,3.285635,0 -76.313531,3.284463,0 -76.317737,3.282920,0 -76.319230,3.282423,0 -76.319357,3.282381,0 -76.319860,3.282288,0 -76.320029,3.281974,0 -76.319967,3.281731,0 -76.319958,3.281672,0 -76.319935,3.281520,0 -76.319771,3.280411,0 -76.319820,3.280363,0 -76.319859,3.280303,0 -76.319868,3.280249,0 -76.319851,3.280118,0 -76.319839,3.280051,0 -76.319827,3.279989,0 -76.319851,3.279960,0 -76.320123,3.279908,0 -76.320524,3.279842,0 -76.320639,3.279823,0 -76.321061,3.279765,0 -76.321244,3.279692,0 -76.322491,3.279421,0 -76.323259,3.279301,0 -76.323739,3.279226,0 -76.324046,3.279142,0 -76.324525,3.278892,0 -76.324967,3.278516,0 -76.325036,3.278411,0 -76.325172,3.278205,0 -76.325574,3.277361,0 -76.326088,3.276281,0 -76.326862,3.274655,0 -76.328835,3.270500,0 -76.329294,3.269618,0 -76.329316,3.269576,0 -76.329367,3.269482,0 -76.329408,3.269394,0 -76.330493,3.267105,0 -76.331062,3.265902,0 -76.331353,3.265577,0 -76.331672,3.265282,0 -76.332130,3.265063,0 -76.332180,3.265038,0 -76.332552,3.264929,0 -76.333019,3.264894,0 -76.333345,3.264958,0 -76.333425,3.264969,0 -76.334158,3.265096,0 -76.334910,3.265226,0 -76.336374,3.265480,0 -76.336401,3.265485,0 -76.337460,3.265669,0 -76.337575,3.265689,0 -76.338756,3.265893,0 -76.339323,3.265992,0 -76.339948,3.266100,0 -76.340852,3.266257,0 -76.341183,3.266314,0 -76.342275,3.266504,0 -76.342287,3.266506,0 -76.343625,3.266738,0 -76.343802,3.266768,0 -76.344951,3.266968,0 -76.346008,3.267151,0 -76.346578,3.267250,0 -76.347412,3.267387,0 -76.347674,3.267430,0 -76.348084,3.267491,0 -76.348377,3.267534,0 -76.348696,3.267599,0 -76.348791,3.267628,0 -76.350117,3.268030,0 -76.351417,3.268423,0 -76.351472,3.268440,0 -76.352758,3.268829,0 -76.352800,3.268842,0 -76.354136,3.269246,0 -76.355361,3.269639,0 -76.355451,3.269667,0 -76.355498,3.269681,0 -76.356815,3.270085,0 -76.356948,3.270126,0 -76.358389,3.270568,0 -76.359505,3.270887,0 -76.359900,3.271000,0 -76.360658,3.271208,0 -76.360857,3.271283,0 -76.361088,3.271369,0 -76.361190,3.271408,0 -76.361582,3.271555,0 -76.361864,3.271151,0 -76.361987,3.270974,0 -76.362311,3.270510,0 -76.362680,3.269978,0 -76.362733,3.269902,0 -76.362748,3.269880,0 -76.363054,3.269439,0 -76.363409,3.268926,0 -76.363484,3.268815,0 -76.363520,3.268762,0 -76.363540,3.268733,0 -76.364057,3.267981,0 -76.364414,3.267463,0 -76.364913,3.266736,0 -76.366060,3.265069,0 -76.366416,3.264551,0 -76.366564,3.264320,0 -76.367335,3.263215,0 -76.367403,3.263114,0 -76.368614,3.261313,0 -76.369580,3.259918,0 -76.369616,3.259865,0 -76.370547,3.258498,0 -76.370799,3.258128,0 -76.370814,3.258107,0 -76.371048,3.257755,0 -76.371318,3.257363,0 -76.372013,3.256345,0 -76.372343,3.255861,0 -76.373072,3.254791,0 -76.373681,3.253891,0 -76.373935,3.253524,0 -76.374542,3.252648,0 -76.374998,3.251983,0 -76.375620,3.251032,0 -76.376174,3.250217,0 -76.376671,3.249486,0 -76.376937,3.249121,0 -76.377797,3.247843,0 -76.378152,3.247346,0 -76.378765,3.246457,0 -76.378939,3.246232,0 -76.379159,3.245873,0 -76.379512,3.245338,0 -76.379788,3.244965,0 -76.380121,3.244471,0 -76.380604,3.243790,0 -76.381132,3.242976,0 -76.381412,3.242575,0 -76.382190,3.241439,0 -76.383018,3.240215,0 -76.383570,3.239408,0 -76.383627,3.239325,0 -76.383787,3.239069,0 -76.384439,3.238184,0 -76.384992,3.237312,0 -76.385261,3.236930,0 -76.385544,3.236504,0 -76.385883,3.236004,0 -76.386160,3.235621,0 -76.386331,3.235410,0 -76.386555,3.235181,0 -76.386771,3.235012,0 -76.386934,3.234905,0 -76.387187,3.234771,0 -76.387470,3.234661,0 -76.387722,3.234587,0 -76.388009,3.234545,0 -76.388616,3.234477,0 -76.390319,3.234279,0 -76.391272,3.234194,0 -76.391529,3.234171,0 -76.392039,3.234125,0 -76.392324,3.234091,0 -76.392708,3.234059,0 -76.393095,3.234027,0 -76.394297,3.233880,0 -76.394412,3.233868,0 -76.394551,3.233852,0 -76.395149,3.233793,0 -76.396289,3.233664,0 -76.397649,3.233523,0 -76.397890,3.233499,0 -76.399563,3.233339,0 -76.400116,3.233277,0 -76.401568,3.233113,0 -76.401661,3.233103,0 -76.401747,3.233094,0 -76.403475,3.232909,0 -76.405060,3.232740,0 -76.406955,3.232557,0 -76.407330,3.232511,0 -76.407941,3.232435,0 -76.407983,3.232430,0 -76.408006,3.232429,0 -76.408015,3.232427,0 -76.408066,3.232420,0 -76.408620,3.232366,0 -76.408909,3.232335,0 -76.408999,3.232325,0 -76.409197,3.232310,0 -76.409413,3.232282,0 -76.409810,3.232240,0 -76.409990,3.232224,0 -76.410339,3.232184,0 -76.410536,3.232164,0 -76.410964,3.232120,0 -76.411097,3.232103,0 -76.411391,3.232072,0 -76.411793,3.232018,0 -76.412105,3.231952,0 -76.412263,3.231916,0 -76.412468,3.231860,0 -76.413279,3.231642,0 -76.414106,3.231436,0 -76.414920,3.231233,0 -76.415623,3.231058,0 -76.415750,3.231026,0 -76.416618,3.230810,0 -76.417444,3.230604,0 -76.418271,3.230398,0 -76.418817,3.230262,0 -76.419110,3.230189,0 -76.419957,3.229986,0 -76.420619,3.229805,0 -76.420650,3.229797,0 -76.420693,3.229786,0 -76.420744,3.229775,0 -76.420833,3.229784,0 -76.420937,3.229848,0 -76.420978,3.229900,0 -76.421231,3.230223,0 -76.421604,3.230725,0 -76.421630,3.230768,0 -76.421887,3.231192,0 -76.421935,3.231271,0 -76.421977,3.231300,0 -76.422036,3.231314,0 -76.422107,3.231308,0 -76.422174,3.231285,0 -76.422234,3.231246,0 -76.422283,3.231194,0 -76.422279,3.231043,0 -76.422264,3.230443,0 -76.422264,3.229864,0 -76.422280,3.229289,0 -76.422288,3.228916,0 -76.422293,3.228464,0 -76.422317,3.228271,0 -76.422360,3.228132,0 -76.422384,3.228043,0 -76.422430,3.227893,0 -76.422508,3.227639,0 -76.422776,3.226905,0 -76.422835,3.226739,0 -76.422917,3.226474,0 -76.422965,3.226309,0 -76.423207,3.225572,0 -76.423397,3.225015,0 -76.423529,3.224610,0 -76.423636,3.224284,0 -76.423752,3.223978,0 -76.423771,3.223918,0 -76.423833,3.223745,0 -76.423869,3.223607,0 -76.423904,3.223515,0 -76.424051,3.223034,0 -76.424220,3.222508,0 -76.424240,3.222438,0 -76.424279,3.222313,0 -76.424576,3.221453,0 -76.424662,3.221166,0 -76.424779,3.220804,0 -76.424840,3.220607,0 -76.424978,3.220315,0 -76.425177,3.220003,0 -76.425445,3.219578,0 -76.425694,3.219242,0 -76.425793,3.219110,0 -76.426001,3.218823,0 -76.426294,3.218426,0 -76.426553,3.218059,0 -76.426931,3.217526,0 -76.427380,3.216894,0 -76.428674,3.215069,0 -76.428903,3.214747,0 -76.429558,3.213824,0 -76.429798,3.213485,0 -76.429822,3.213452,0 -76.430205,3.212913,0 -76.430336,3.212727,0 -76.430589,3.212362,0 -76.430684,3.212224,0 -76.431188,3.211515,0 -76.431464,3.211127,0 -76.432029,3.210333,0 -76.432087,3.210252,0 -76.432680,3.209417,0 -76.433544,3.208203,0 -76.433975,3.207597,0 -76.434542,3.206804,0 -76.435082,3.206040,0 -76.435578,3.205337,0 -76.435978,3.204780,0 -76.437126,3.203165,0 -76.437326,3.202893,0 -76.437605,3.202492,0 -76.437764,3.202262,0 -76.437905,3.202070,0 -76.437993,3.201946,0 -76.438588,3.201110,0 -76.438959,3.200588,0 -76.439018,3.200505,0 -76.439036,3.200480,0 -76.439054,3.200454,0 -76.439249,3.200173,0 -76.439406,3.199951,0 -76.439538,3.199772,0 -76.439683,3.199570,0 -76.439987,3.199146,0 -76.440279,3.198741,0 -76.440326,3.198675,0 -76.440484,3.198456,0 -76.440625,3.198259,0 -76.441099,3.197599,0 -76.441243,3.197384,0 -76.441474,3.197079,0 -76.441685,3.196776,0 -76.442078,3.196238,0 -76.442080,3.196236,0 -76.442179,3.196098,0 -76.442200,3.196069,0 -76.442294,3.195934,0 -76.442501,3.195651,0 -76.442733,3.195328,0 -76.442956,3.195017,0 -76.443001,3.194954,0 -76.443141,3.194759,0 -76.443354,3.194464,0 -76.443951,3.193634,0 -76.443987,3.193583,0 -76.444112,3.193410,0 -76.444145,3.193363,0 -76.444312,3.193131,0 -76.444504,3.192858,0 -76.444789,3.192458,0 -76.444932,3.192258,0 -76.445074,3.192059,0 -76.445558,3.191379,0 -76.446166,3.190478,0 -76.446271,3.190328,0 -76.446486,3.190091,0 -76.446620,3.189894,0 -76.446977,3.189425,0 -76.447095,3.189254,0 -76.447223,3.189063,0 -76.447617,3.188519,0 -76.447939,3.188049,0 -76.448273,3.187565,0 -76.448483,3.187261,0 -76.448973,3.186593,0 -76.449062,3.186470,0 -76.449074,3.186450,0 -76.449471,3.185879,0 -76.449600,3.185696,0 -76.449784,3.185442,0 -76.449958,3.185192,0 -76.450241,3.184810,0 -76.450756,3.184086,0 -76.451031,3.183705,0 -76.452151,3.182137,0 -76.453621,3.180076,0 -76.453646,3.180035,0 -76.453719,3.179926,0 -76.453995,3.179559,0 -76.454528,3.178817,0 -76.455045,3.178072,0 -76.455472,3.177468,0 -76.455859,3.176961,0 -76.455901,3.176902,0 -76.456954,3.175427,0 -76.457176,3.175116,0 -76.457248,3.175015,0 -76.457547,3.174596,0 -76.457636,3.174441,0 -76.457721,3.174258,0 -76.457752,3.174172,0 -76.457805,3.173977,0 -76.457836,3.173742,0 -76.457898,3.173725,0 -76.457932,3.173728,0 -76.457956,3.173690,0 -76.458187,3.173352,0 -76.458534,3.173581,0 -76.458935,3.173844,0 -76.459092,3.173947,0 -76.459612,3.174289,0 -76.460303,3.174743,0 -76.461086,3.175257,0 -76.461790,3.175720,0 -76.462482,3.176174,0 -76.463182,3.176634,0 -76.463925,3.177123,0 -76.464623,3.177581,0 -76.465337,3.178051,0 -76.466079,3.178538,0 -76.466788,3.179004,0 -76.467297,3.178295,0 -76.467970,3.178730,0 -76.468483,3.179001,0 -76.468707,3.179097,0 -76.468854,3.179140,0 -76.469836,3.179316,0 -76.469910,3.179338,0 -76.469953,3.179350,0 -76.470651,3.179568,0 -76.470859,3.179643,0 -76.471169,3.179763,0 -76.472110,3.180192,0 -76.473092,3.180753,0 -76.473473,3.181007,0 -76.473797,3.181240,0 -76.474302,3.181658,0 -76.474466,3.181793,0 -76.474682,3.181971,0 -76.474712,3.182062,0 -76.474975,3.182750,0 -76.475369,3.183690,0 -76.475690,3.184472,0 -76.475938,3.185013,0 -76.476194,3.185520,0 -76.476497,3.186024,0 -76.476617,3.186198,0 -76.476713,3.186339,0 -76.476949,3.186670,0 -76.477294,3.187132,0 -76.477808,3.187774,0 -76.479187,3.189533,0 -76.479320,3.189702,0 -76.480342,3.190941,0 -76.481515,3.192407,0 -76.481723,3.192661,0 -76.482104,3.193126,0 -76.482685,3.193852,0 -76.484537,3.196178,0 -76.485389,3.197272,0 -76.485926,3.197962,0 -76.486656,3.198883,0 -76.486947,3.199204,0 -76.487419,3.199781,0 -76.487754,3.200199,0 -76.488053,3.200545,0 -76.488286,3.200784,0 -76.488438,3.200934,0 -76.488502,3.200999,0 -76.488850,3.201272,0 -76.489177,3.201479,0 -76.489586,3.201702,0 -76.491491,3.202578,0 -76.492423,3.202966,0 -76.492784,3.203140,0 -76.493117,3.203361,0 -76.493415,3.203628,0 -76.493674,3.203933,0 -76.493888,3.204271,0 -76.494052,3.204635,0 -76.494668,3.205867,0 -76.495254,3.207044,0 -76.495566,3.206891,0 -76.498444,3.204181,0 -76.499117,3.203561,0 -76.500070,3.202783,0 -76.500952,3.202148,0 -76.501097,3.202021,0 -76.501204,3.201843,0 -76.501585,3.201091,0 -76.501767,3.200942,0 -76.501985,3.200821,0 -76.503004,3.200539,0 -76.503846,3.200384,0 -76.504079,3.200315,0 -76.505155,3.199865,0 -76.505324,3.199823,0 -76.505520,3.199820,0 -76.505769,3.199878,0 -76.506513,3.200154,0 -76.506732,3.200187,0 -76.506938,3.200191,0 -76.507180,3.200128,0 -76.507389,3.200018,0 -76.507530,3.199891,0 -76.507885,3.199838,0 -76.508267,3.199877,0 -76.509154,3.200127,0 -76.509225,3.200081,0 -76.509536,3.199886,0 -76.509712,3.199690,0 -76.510013,3.199373,0 -76.510232,3.199188,0 -76.510452,3.199064,0 -76.512861,3.198628,0 -76.513070,3.198541,0 -76.518074,3.194491,0 -76.518377,3.194227,0 -76.518469,3.194093,0 -76.518524,3.193920,0 -76.518818,3.188777,0 -76.518798,3.188568,0 -76.518410,3.187354,0 -76.518377,3.187182,0 -76.518418,3.186987,0 -76.519907,3.184686,0 -76.520210,3.184437,0 -76.520457,3.184137,0 -76.520661,3.183950,0 -76.524106,3.181860,0 -76.524159,3.181504,0 -76.524105,3.180934,0 -76.524064,3.180763,0 -76.523835,3.179374,0 -76.523669,3.178661,0 -76.523725,3.178194,0 -76.523873,3.177578,0 -76.524127,3.176759,0 -76.524389,3.176018,0 -76.524784,3.175184,0 -76.525979,3.172929,0 -76.526000,3.172745,0 -76.525967,3.172567,0 -76.525347,3.169394,0 -76.523987,3.162415,0 -76.523928,3.162067,0 -76.523740,3.161141,0 -76.523765,3.161054,0 -76.523838,3.160971,0 -76.525333,3.160128,0 -76.526747,3.159443,0 -76.527090,3.159309,0 -76.527420,3.159261,0 -76.529732,3.159033,0 -76.531106,3.158987,0 -76.531979,3.159025,0 -76.532304,3.158990,0 -76.532690,3.158851,0 -76.533240,3.158591,0 -76.534608,3.157777,0 -76.534986,3.157640,0 -76.535330,3.157643,0 -76.541418,3.158623,0 -76.541863,3.158714,0 -76.542280,3.158740,0 -76.541091,3.154225,0 -76.541069,3.154049,0 -76.541118,3.153917,0 -76.542390,3.152230,0 -76.543397,3.150895,0 -76.543516,3.150629,0 -76.543563,3.150369,0 -76.543577,3.149939,0 -76.543653,3.149292,0 -76.543753,3.148902,0 -76.543777,3.148719,0 -76.543716,3.145217,0 -76.543856,3.144229,0 -76.543860,3.143943,0 -76.543767,3.142188,0 -76.543795,3.142018,0 -76.544324,3.141055,0 -76.544363,3.140939,0 -76.544379,3.140830,0 -76.544370,3.140703,0 -76.544584,3.140635,0 -76.544961,3.140874,0 -76.545435,3.141334,0 -76.545515,3.141375,0 -76.545600,3.141377,0 -76.546288,3.141213,0 -76.546361,3.141218,0 -76.546428,3.141242,0 -76.546705,3.141545,0 -76.546906,3.141702,0 -76.547176,3.141838,0 -76.547381,3.141883,0 -76.547890,3.141890,0 -76.548302,3.141948,0 -76.548428,3.141931,0 -76.548514,3.141876,0 -76.548611,3.141768,0 -76.548716,3.141731,0 -76.549216,3.141760,0 -76.549307,3.141728,0 -76.549444,3.141567,0 -76.549578,3.141507,0 -76.549771,3.141470,0 -76.550053,3.141354,0 -76.550825,3.141325,0 -76.551119,3.141314,0 -76.551686,3.141601,0 -76.552387,3.141917,0 -76.552702,3.138674,0 -76.552713,3.138042,0 -76.552606,3.136606,0 -76.552584,3.136156,0 -76.552670,3.135267,0 -76.553067,3.132042,0 -76.553196,3.130950,0 -76.553324,3.130502,0 -76.553654,3.130497,0 -76.553880,3.130623,0 -76.554558,3.131306,0 -76.554717,3.131402,0 -76.554910,3.131421,0 -76.555350,3.131437,0 -76.555414,3.131421,0 -76.555414,3.131421,0 -76.555452,3.131357,0 -76.555486,3.130838,0 -76.555496,3.130720,0 -76.555531,3.130680,0 -76.555588,3.130662,0 -76.555642,3.130676,0 -76.555765,3.130762,0 -76.556055,3.130859,0 -76.556699,3.130928,0 -76.558501,3.131084,0 -76.558667,3.131132,0 -76.558705,3.131212,0 -76.558625,3.132128,0 -76.558378,3.134260,0 -76.558271,3.135203,0 -76.558045,3.135878,0 -76.557723,3.136638,0 -76.557552,3.137163,0 -76.557283,3.137763,0 -76.557026,3.138491,0 -76.557283,3.137763,0 -76.557552,3.137163,0 -76.557723,3.136638,0 -76.558045,3.135878,0 -76.558271,3.135203,0 -76.558378,3.134260,0 -76.558625,3.132128,0 -76.558705,3.131212,0 -76.558667,3.131132,0 -76.558501,3.131084,0 -76.556699,3.130928,0 -76.556055,3.130859,0 -76.555765,3.130762,0 -76.555642,3.130676,0 -76.555588,3.130662,0 -76.555531,3.130680,0 -76.555496,3.130720,0 -76.555486,3.130838,0 -76.555452,3.131357,0 -76.555414,3.131421,0 -76.555350,3.131437,0 -76.554910,3.131421,0 -76.554717,3.131402,0 -76.554558,3.131306,0 -76.553880,3.130623,0 -76.553654,3.130497,0 -76.553324,3.130502,0 -76.553196,3.130950,0 -76.553067,3.132042,0 -76.552670,3.135267,0 -76.552584,3.136156,0 -76.552606,3.136606,0 -76.552704,3.137915,0 -76.552713,3.138042,0 -76.552702,3.138674,0 -76.552387,3.141917,0 -76.551686,3.141601,0 -76.551119,3.141314,0 -76.550825,3.141325,0 -76.550053,3.141354,0 -76.549771,3.141470,0 -76.549578,3.141507,0 -76.549444,3.141567,0 -76.549307,3.141728,0 -76.549216,3.141760,0 -76.548716,3.141731,0 -76.548611,3.141768,0 -76.548514,3.141876,0 -76.548428,3.141931,0 -76.548302,3.141948,0 -76.547890,3.141890,0 -76.547381,3.141883,0 -76.547176,3.141838,0 -76.546906,3.141702,0 -76.546705,3.141545,0 -76.546428,3.141242,0 -76.546361,3.141218,0 -76.546288,3.141213,0 -76.545600,3.141377,0 -76.545515,3.141375,0 -76.545435,3.141334,0 -76.544961,3.140874,0 -76.544584,3.140635,0 -76.544370,3.140703,0 -76.544379,3.140830,0 -76.544363,3.140939,0 -76.544324,3.141055,0 -76.543795,3.142018,0 -76.543767,3.142188,0 -76.543860,3.143943,0 -76.543856,3.144229,0 -76.543716,3.145217,0 -76.543777,3.148719,0 -76.543753,3.148902,0 -76.543653,3.149292,0 -76.543577,3.149939,0 -76.543563,3.150369,0 -76.543516,3.150629,0 -76.543397,3.150895,0 -76.542390,3.152230,0 -76.541118,3.153917,0 -76.541069,3.154049,0 -76.541091,3.154225,0 -76.542280,3.158740,0 -76.541863,3.158714,0 -76.541418,3.158623,0 -76.535330,3.157643,0 -76.534986,3.157640,0 -76.534608,3.157777,0 -76.533240,3.158591,0 -76.532690,3.158851,0 -76.532304,3.158990,0 -76.531979,3.159025,0 -76.531106,3.158987,0 -76.529732,3.159033,0 -76.527420,3.159261,0 -76.527090,3.159309,0 -76.526747,3.159443,0 -76.525333,3.160128,0 -76.523838,3.160971,0 -76.523765,3.161054,0 -76.523740,3.161141,0 -76.523928,3.162067,0 -76.523987,3.162415,0 -76.525347,3.169394,0 -76.525967,3.172567,0 -76.526000,3.172745,0 -76.525979,3.172929,0 -76.524784,3.175184,0 -76.524389,3.176018,0 -76.524127,3.176759,0 -76.523873,3.177578,0 -76.523725,3.178194,0 -76.523669,3.178661,0 -76.523835,3.179374,0 -76.524064,3.180763,0 -76.524105,3.180934,0 -76.524159,3.181504,0 -76.524106,3.181860,0 -76.520661,3.183950,0 -76.520457,3.184137,0 -76.520210,3.184437,0 -76.519907,3.184686,0 -76.518418,3.186987,0 -76.518377,3.187182,0 -76.518410,3.187354,0 -76.518798,3.188568,0 -76.518818,3.188777,0 -76.518524,3.193920,0 -76.518469,3.194093,0 -76.518377,3.194227,0 -76.518074,3.194491,0 -76.513070,3.198541,0 -76.512861,3.198628,0 -76.510452,3.199064,0 -76.510232,3.199188,0 -76.510013,3.199373,0 -76.509712,3.199690,0 -76.509536,3.199886,0 -76.509225,3.200081,0 -76.509154,3.200127,0 -76.508267,3.199877,0 -76.507885,3.199838,0 -76.507530,3.199891,0 -76.507389,3.200018,0 -76.507180,3.200128,0 -76.506938,3.200191,0 -76.506732,3.200187,0 -76.506513,3.200154,0 -76.505769,3.199878,0 -76.505520,3.199820,0 -76.505324,3.199823,0 -76.505155,3.199865,0 -76.504079,3.200315,0 -76.503846,3.200384,0 -76.503004,3.200539,0 -76.501985,3.200821,0 -76.501767,3.200942,0 -76.501585,3.201091,0 -76.501204,3.201843,0 -76.501097,3.202021,0 -76.500952,3.202148,0 -76.500070,3.202783,0 -76.499117,3.203561,0 -76.498444,3.204181,0 -76.495566,3.206891,0 -76.495254,3.207044,0 -76.494668,3.205867,0 -76.494052,3.204635,0 -76.493888,3.204271,0 -76.493674,3.203933,0 -76.493415,3.203628,0 -76.493117,3.203361,0 -76.492784,3.203140,0 -76.492423,3.202966,0 -76.491491,3.202578,0 -76.489586,3.201702,0 -76.489177,3.201479,0 -76.488850,3.201272,0 -76.488502,3.200999,0 -76.488438,3.200934,0 -76.488286,3.200784,0 -76.488053,3.200545,0 -76.487754,3.200199,0 -76.487419,3.199781,0 -76.486947,3.199204,0 -76.486656,3.198883,0 -76.485926,3.197962,0 -76.485389,3.197272,0 -76.484537,3.196178,0 -76.482685,3.193852,0 -76.482104,3.193126,0 -76.481723,3.192661,0 -76.481515,3.192407,0 -76.480342,3.190941,0 -76.479320,3.189702,0 -76.479187,3.189533,0 -76.477808,3.187774,0 -76.477294,3.187132,0 -76.476949,3.186670,0 -76.476713,3.186339,0 -76.476617,3.186198,0 -76.476497,3.186024,0 -76.476194,3.185520,0 -76.475938,3.185013,0 -76.475690,3.184472,0 -76.475369,3.183690,0 -76.474975,3.182750,0 -76.474712,3.182062,0 -76.474682,3.181971,0 -76.474497,3.181518,0 -76.474484,3.181588,0 -76.474438,3.181642,0 -76.474372,3.181668,0 -76.474302,3.181658,0 -76.473797,3.181240,0 -76.473473,3.181007,0 -76.473092,3.180753,0 -76.472110,3.180192,0 -76.471169,3.179763,0 -76.470859,3.179643,0 -76.470651,3.179568,0 -76.469953,3.179350,0 -76.469910,3.179338,0 -76.469836,3.179316,0 -76.468854,3.179140,0 -76.468707,3.179097,0 -76.468483,3.179001,0 -76.467970,3.178730,0 -76.467297,3.178295,0 -76.466554,3.177796,0 -76.465850,3.177323,0 -76.465135,3.176849,0 -76.464437,3.176385,0 -76.463712,3.175902,0 -76.463006,3.175441,0 -76.462292,3.174978,0 -76.461550,3.174506,0 -76.460793,3.173990,0 -76.460094,3.173546,0 -76.459388,3.173126,0 -76.458664,3.172630,0 -76.457966,3.172150,0 -76.457727,3.172473,0 -76.457653,3.172575,0 -76.457668,3.172654,0 -76.457782,3.173086,0 -76.457818,3.173451,0 -76.457839,3.173655,0 -76.457836,3.173742,0 -76.457805,3.173977,0 -76.457752,3.174172,0 -76.457721,3.174258,0 -76.457636,3.174441,0 -76.457547,3.174596,0 -76.457248,3.175015,0 -76.457176,3.175116,0 -76.456954,3.175427,0 -76.455901,3.176902,0 -76.455859,3.176961,0 -76.455472,3.177468,0 -76.455045,3.178072,0 -76.454528,3.178817,0 -76.453995,3.179559,0 -76.453719,3.179926,0 -76.453646,3.180035,0 -76.453621,3.180076,0 -76.452151,3.182137,0 -76.451031,3.183705,0 -76.450756,3.184086,0 -76.450241,3.184810,0 -76.449958,3.185192,0 -76.449784,3.185442,0 -76.449600,3.185696,0 -76.449471,3.185879,0 -76.449074,3.186450,0 -76.449062,3.186470,0 -76.448901,3.186524,0 -76.448810,3.186553,0 -76.448721,3.186553,0 -76.448649,3.186542,0 -76.448579,3.186516,0 -76.448506,3.186470,0 -76.448404,3.186379,0 -76.448297,3.186202,0 -76.448237,3.186092,0 -76.448197,3.186015,0 -76.448145,3.185948,0 -76.448080,3.185892,0 -76.448006,3.185849,0 -76.447925,3.185821,0 -76.447840,3.185809,0 -76.447754,3.185813,0 -76.447671,3.185833,0 -76.447593,3.185868,0 -76.447523,3.185918,0 -76.447464,3.185979,0 -76.447451,3.186014,0 -76.447352,3.186293,0 -76.447338,3.186342,0 -76.447324,3.186392,0 -76.447321,3.186404,0 -76.447225,3.186796,0 -76.447145,3.187191,0 -76.447082,3.187590,0 -76.447036,3.187991,0 -76.447022,3.188174,0 -76.446998,3.188387,0 -76.446995,3.188411,0 -76.446980,3.188532,0 -76.446909,3.188926,0 -76.446867,3.189088,0 -76.446816,3.189249,0 -76.446757,3.189440,0 -76.446668,3.189678,0 -76.446557,3.189908,0 -76.446426,3.190126,0 -76.446271,3.190328,0 -76.446166,3.190478,0 -76.445558,3.191379,0 -76.445074,3.192059,0 -76.444932,3.192258,0 -76.444789,3.192458,0 -76.444504,3.192858,0 -76.444312,3.193131,0 -76.444145,3.193363,0 -76.444112,3.193410,0 -76.443987,3.193583,0 -76.443951,3.193634,0 -76.443354,3.194464,0 -76.443141,3.194759,0 -76.443001,3.194954,0 -76.442956,3.195017,0 -76.442733,3.195328,0 -76.442501,3.195651,0 -76.442294,3.195934,0 -76.442200,3.196069,0 -76.442179,3.196098,0 -76.442080,3.196236,0 -76.442078,3.196238,0 -76.441685,3.196776,0 -76.441474,3.197079,0 -76.441243,3.197384,0 -76.441099,3.197599,0 -76.440625,3.198259,0 -76.440484,3.198456,0 -76.440326,3.198675,0 -76.440279,3.198741,0 -76.439987,3.199146,0 -76.439683,3.199570,0 -76.439538,3.199772,0 -76.439406,3.199951,0 -76.439249,3.200173,0 -76.439054,3.200454,0 -76.439036,3.200480,0 -76.439018,3.200505,0 -76.438959,3.200588,0 -76.438588,3.201110,0 -76.437993,3.201946,0 -76.437905,3.202070,0 -76.437764,3.202262,0 -76.437605,3.202492,0 -76.437326,3.202893,0 -76.437126,3.203165,0 -76.435978,3.204780,0 -76.435578,3.205337,0 -76.435082,3.206040,0 -76.434542,3.206804,0 -76.433975,3.207597,0 -76.433544,3.208203,0 -76.432680,3.209417,0 -76.432087,3.210252,0 -76.432029,3.210333,0 -76.431464,3.211127,0 -76.431188,3.211515,0 -76.430684,3.212224,0 -76.430589,3.212362,0 -76.430336,3.212727,0 -76.430283,3.212772,0 -76.430218,3.212835,0 -76.430125,3.212903,0 -76.430002,3.212964,0 -76.429942,3.212970,0 -76.429857,3.212981,0 -76.429768,3.212999,0 -76.429593,3.213057,0 -76.429520,3.213091,0 -76.429432,3.213141,0 -76.429193,3.213401,0 -76.429162,3.213434,0 -76.429102,3.213530,0 -76.428573,3.214281,0 -76.428066,3.214970,0 -76.427768,3.215398,0 -76.427508,3.215767,0 -76.427328,3.215984,0 -76.427132,3.216190,0 -76.426907,3.216391,0 -76.426703,3.216547,0 -76.426483,3.216700,0 -76.426317,3.216779,0 -76.426059,3.216891,0 -76.425785,3.216981,0 -76.425752,3.216989,0 -76.425571,3.217037,0 -76.425217,3.217096,0 -76.424887,3.217112,0 -76.424637,3.217096,0 -76.424377,3.217054,0 -76.424055,3.216979,0 -76.423900,3.216951,0 -76.423101,3.216681,0 -76.423021,3.216651,0 -76.422712,3.216536,0 -76.422452,3.216449,0 -76.422197,3.216368,0 -76.422079,3.216337,0 -76.421928,3.216306,0 -76.421628,3.216263,0 -76.421488,3.216253,0 -76.421333,3.216248,0 -76.421132,3.216254,0 -76.420944,3.216270,0 -76.420733,3.216302,0 -76.420152,3.216465,0 -76.418729,3.216853,0 -76.418550,3.216896,0 -76.417732,3.217084,0 -76.416436,3.217384,0 -76.416084,3.217465,0 -76.415472,3.217606,0 -76.414658,3.217794,0 -76.414554,3.217819,0 -76.414271,3.217870,0 -76.413796,3.217964,0 -76.413309,3.218056,0 -76.413096,3.218089,0 -76.412831,3.218143,0 -76.412504,3.218192,0 -76.412174,3.218248,0 -76.411744,3.218330,0 -76.411352,3.218405,0 -76.410049,3.218684,0 -76.409789,3.218765,0 -76.409691,3.218799,0 -76.409529,3.218865,0 -76.409279,3.218980,0 -76.409030,3.219123,0 -76.408788,3.219313,0 -76.408563,3.219528,0 -76.408338,3.219785,0 -76.408140,3.220032,0 -76.408070,3.220148,0 -76.407643,3.220729,0 -76.407115,3.221458,0 -76.406956,3.221659,0 -76.406920,3.221698,0 -76.406879,3.221755,0 -76.406790,3.221867,0 -76.406549,3.222125,0 -76.406313,3.222329,0 -76.406095,3.222481,0 -76.405983,3.222543,0 -76.405867,3.222607,0 -76.405767,3.222651,0 -76.405597,3.222727,0 -76.405358,3.222810,0 -76.405124,3.222871,0 -76.404808,3.222939,0 -76.404524,3.222982,0 -76.404162,3.223030,0 -76.403825,3.223073,0 -76.403110,3.223154,0 -76.402552,3.223220,0 -76.402241,3.223279,0 -76.401997,3.223346,0 -76.401436,3.223599,0 -76.400879,3.223915,0 -76.400148,3.224335,0 -76.399617,3.224674,0 -76.399316,3.224899,0 -76.399038,3.225152,0 -76.398784,3.225429,0 -76.398557,3.225728,0 -76.398359,3.226047,0 -76.398180,3.226372,0 -76.398038,3.226603,0 -76.397554,3.227387,0 -76.396234,3.229471,0 -76.396183,3.229551,0 -76.395553,3.230534,0 -76.395266,3.230891,0 -76.394952,3.231282,0 -76.394920,3.231322,0 -76.394677,3.231624,0 -76.394415,3.231952,0 -76.394334,3.232093,0 -76.394042,3.232650,0 -76.393785,3.233159,0 -76.393683,3.233334,0 -76.393549,3.233481,0 -76.393402,3.233614,0 -76.393243,3.233734,0 -76.393074,3.233839,0 -76.392896,3.233927,0 -76.392710,3.233999,0 -76.392519,3.234054,0 -76.392324,3.234091,0 -76.392039,3.234125,0 -76.391529,3.234171,0 -76.391272,3.234194,0 -76.390319,3.234279,0 -76.388616,3.234477,0 -76.388009,3.234545,0 -76.387722,3.234587,0 -76.387470,3.234661,0 -76.387187,3.234771,0 -76.386934,3.234905,0 -76.386771,3.235012,0 -76.386555,3.235181,0 -76.386331,3.235410,0 -76.386160,3.235621,0 -76.385883,3.236004,0 -76.385544,3.236504,0 -76.385261,3.236930,0 -76.384992,3.237312,0 -76.384439,3.238184,0 -76.383787,3.239069,0 -76.383627,3.239325,0 -76.383570,3.239408,0 -76.383018,3.240215,0 -76.382190,3.241439,0 -76.381412,3.242575,0 -76.381132,3.242976,0 -76.380604,3.243790,0 -76.380121,3.244471,0 -76.379788,3.244965,0 -76.379512,3.245338,0 -76.379159,3.245873,0 -76.378939,3.246232,0 -76.378765,3.246457,0 -76.378152,3.247346,0 -76.377797,3.247843,0 -76.376937,3.249121,0 -76.376671,3.249486,0 -76.376174,3.250217,0 -76.375620,3.251032,0 -76.374998,3.251983,0 -76.374542,3.252648,0 -76.373935,3.253524,0 -76.373681,3.253891,0 -76.373072,3.254791,0 -76.372343,3.255861,0 -76.372013,3.256345,0 -76.371318,3.257363,0 -76.371048,3.257755,0 -76.370814,3.258107,0 -76.370799,3.258128,0 -76.370547,3.258498,0 -76.369616,3.259865,0 -76.369580,3.259918,0 -76.368614,3.261313,0 -76.367403,3.263114,0 -76.367335,3.263215,0 -76.366564,3.264320,0 -76.366416,3.264551,0 -76.366060,3.265069,0 -76.364913,3.266736,0 -76.364414,3.267463,0 -76.364057,3.267981,0 -76.363540,3.268733,0 -76.363520,3.268762,0 -76.363484,3.268815,0 -76.363409,3.268926,0 -76.363054,3.269439,0 -76.362748,3.269880,0 -76.362733,3.269902,0 -76.362680,3.269978,0 -76.362311,3.270510,0 -76.361987,3.270974,0 -76.361864,3.271151,0 -76.361582,3.271555,0 -76.361331,3.271923,0 -76.361247,3.272044,0 -76.360422,3.273234,0 -76.359647,3.274351,0 -76.359476,3.274597,0 -76.358634,3.275811,0 -76.357495,3.277454,0 -76.357405,3.277582,0 -76.356783,3.278466,0 -76.356284,3.279180,0 -76.355091,3.280899,0 -76.354667,3.281496,0 -76.354506,3.281722,0 -76.353409,3.283301,0 -76.352508,3.284603,0 -76.351740,3.285704,0 -76.351519,3.286035,0 -76.351505,3.286055,0 -76.351477,3.286095,0 -76.351279,3.286375,0 -76.350509,3.287486,0 -76.349648,3.288755,0 -76.349254,3.289339,0 -76.348696,3.290164,0 -76.348181,3.290921,0 -76.348026,3.291180,0 -76.347544,3.291870,0 -76.347334,3.292170,0 -76.347243,3.292306,0 -76.347418,3.292391,0 -76.347621,3.292457,0 -76.349122,3.292843,0 -76.350846,3.293300,0 -76.352362,3.293719,0 -76.354401,3.294357,0 -76.354830,3.294417,0 -76.355305,3.294511,0 -76.359942,3.295628,0 -76.359720,3.299910,0 -76.359712,3.300053,0 -76.359559,3.302989,0 -76.359479,3.304542,0 -76.359548,3.304983,0 -76.359802,3.305995,0 -76.360872,3.310250,0 -76.360885,3.310368,0 -76.360878,3.310433,0 -76.360868,3.310516,0 -76.360545,3.313558,0 -76.360508,3.314045,0 -76.360483,3.314372,0 -76.360452,3.314784,0 -76.360401,3.315017,0 -76.360350,3.315105,0 -76.360258,3.315141,0 -76.360124,3.315163,0 -76.359932,3.315170,0 -76.359568,3.315172,0 -76.359420,3.315198,0 -76.359319,3.315254,0 -76.359044,3.315567,0 -76.358156,3.316779,0 -76.357486,3.317684,0 -76.357175,3.318134,0 -76.357027,3.318404,0 -76.356869,3.318766,0 -76.356705,3.319392,0 -76.356638,3.319839,0 -76.356603,3.320206,0 -76.356579,3.320284,0 -76.356469,3.320431,0 -76.355713,3.321269,0 -76.355254,3.321754,0 -76.355144,3.321845,0 -76.354994,3.321899,0 -76.354581,3.321933,0 -76.354026,3.321950,0 -76.353654,3.321976,0 -76.353366,3.322011,0 -76.353154,3.322038,0 -76.352907,3.322090,0 -76.352655,3.322169,0 -76.352424,3.322260,0 -76.352062,3.322426,0 -76.351762,3.322563,0 -76.351600,3.322654,0 -76.351525,3.322780,0 -76.351457,3.322911,0 -76.351393,3.323055,0 -76.351327,3.323244,0 -76.351647,3.323483,0 -76.351840,3.323653,0 -76.352027,3.323845,0 -76.352172,3.324033,0 -76.352284,3.324224,0 -76.352388,3.324404,0 -76.352459,3.324597,0 -76.352533,3.324781,0 -76.352577,3.324981,0 -76.352608,3.325149,0 -76.352623,3.325335,0 -76.352615,3.325508,0 -76.352612,3.325722,0 -76.352607,3.325937,0 -76.352596,3.326219,0 -76.352585,3.326528,0 -76.352577,3.326776,0 -76.352567,3.326979,0 -76.352564,3.327251,0 -76.352548,3.327606,0 -76.352532,3.327925,0 -76.352516,3.328237,0 -76.352490,3.328439,0 -76.352461,3.328579,0 -76.352428,3.328707,0 -76.352378,3.328848,0 -76.352317,3.329006,0 -76.352235,3.329223,0 -76.352128,3.329517,0 -76.351898,3.330182,0 -76.351594,3.330935,0 -76.351348,3.331642,0 -76.351272,3.331873,0 -76.351205,3.332141,0 -76.351154,3.332426,0 -76.351148,3.332480,0 -76.351125,3.332673,0 -76.351114,3.332834,0 -76.351109,3.332940,0 -76.351104,3.333231,0 -76.351112,3.333445,0 -76.351138,3.333757,0 -76.351179,3.334023,0 -76.351281,3.334634,0 -76.351388,3.335234,0 -76.351605,3.336538,0 -76.351687,3.337037,0 -76.351793,3.337669,0 -76.351858,3.338104,0 -76.352048,3.339249,0 -76.352249,3.340507,0 -76.352345,3.341028,0 -76.352439,3.341467,0 -76.352523,3.341874,0 -76.352561,3.342032,0 -76.352650,3.342260,0 -76.352795,3.342596,0 -76.352964,3.342984,0 -76.353304,3.343747,0 -76.353894,3.345043,0 -76.354038,3.345365,0 -76.354441,3.346272,0 -76.354570,3.346591,0 -76.354691,3.346924,0 -76.354755,3.347177,0 -76.354801,3.347398,0 -76.354836,3.347628,0 -76.354852,3.347866,0 -76.354857,3.348113,0 -76.354855,3.348338,0 -76.354846,3.348571,0 -76.354825,3.348849,0 -76.354785,3.349247,0 -76.354699,3.349941,0 -76.354684,3.350088,0 -76.354460,3.351866,0 -76.354310,3.353085,0 -76.354197,3.353966,0 -76.354144,3.354426,0 -76.354077,3.355086,0 -76.354018,3.355519,0 -76.353948,3.356058,0 -76.353822,3.357139,0 -76.353664,3.358422,0 -76.353503,3.359711,0 -76.353366,3.360841,0 -76.353269,3.361705,0 -76.353236,3.361962,0 -76.353216,3.362118,0 -76.353125,3.362821,0 -76.352918,3.364444,0 -76.352762,3.365673,0 -76.352676,3.366311,0 -76.352639,3.366748,0 -76.352599,3.367144,0 -76.352583,3.367461,0 -76.352585,3.367815,0 -76.352587,3.368056,0 -76.352588,3.368329,0 -76.352577,3.368901,0 -76.352569,3.369673,0 -76.352569,3.370152,0 -76.352580,3.370722,0 -76.352580,3.370977,0 -76.352567,3.371221,0 -76.352545,3.371576,0 -76.352542,3.371827,0 -76.352540,3.372779,0 -76.352540,3.373269,0 -76.352529,3.374738,0 -76.352526,3.375300,0 -76.352518,3.376040,0 -76.352502,3.376687,0 -76.352505,3.377161,0 -76.352516,3.377806,0 -76.352521,3.378677,0 -76.352526,3.379089,0 -76.352518,3.379458,0 -76.352504,3.380021,0 -76.352502,3.380340,0 -76.352505,3.381023,0 -76.352492,3.381816,0 -76.352489,3.382448,0 -76.352516,3.382769,0 -76.352553,3.383108,0 -76.352583,3.383440,0 -76.352631,3.383877,0 -76.352712,3.384538,0 -76.352764,3.385005,0 -76.352850,3.385803,0 -76.352889,3.386102,0 -76.353047,3.387476,0 -76.353192,3.388938,0 -76.353244,3.389467,0 -76.353311,3.390038,0 -76.353367,3.390516,0 -76.353488,3.391552,0 -76.353539,3.391995,0 -76.353557,3.392147,0 -76.353597,3.392486,0 -76.353652,3.393311,0 -76.353746,3.393911,0 -76.353751,3.394063,0 -76.353744,3.394130,0 -76.353721,3.394232,0 -76.353673,3.394351,0 -76.353620,3.394442,0 -76.353519,3.394560,0 -76.353403,3.394651,0 -76.353305,3.394726,0 -76.353195,3.394821,0 -76.353088,3.394952,0 -76.353017,3.395079,0 -76.352959,3.395174,0 -76.352889,3.395249,0 -76.352792,3.395314,0 -76.352675,3.395356,0 -76.352586,3.395368,0 -76.352492,3.395363,0 -76.352346,3.395317,0 -76.352061,3.395237,0 -76.351934,3.395191,0 -76.351714,3.395108,0 -76.351322,3.394930,0 -76.349820,3.394213,0 -76.348777,3.393712,0 -76.348165,3.393419,0 -76.347759,3.393218,0 -76.347263,3.392989,0 -76.347195,3.392960,0 -76.347022,3.392886,0 -76.346393,3.392661,0 -76.345733,3.392448,0 -76.344638,3.392090,0 -76.343750,3.391808,0 -76.342423,3.391379,0 -76.341500,3.391085,0 -76.340762,3.390843,0 -76.340544,3.390769,0 -76.340179,3.390649,0 -76.339795,3.390504,0 -76.339422,3.390330,0 -76.339109,3.390163,0 -76.338879,3.390016,0 -76.338658,3.389856,0 -76.338300,3.389561,0 -76.337705,3.389081,0 -76.336814,3.388336,0 -76.336361,3.387958,0 -76.335870,3.387538,0 -76.335551,3.387235,0 -76.335239,3.386890,0 -76.334867,3.386440,0 -76.334435,3.385856,0 -76.334000,3.385265,0 -76.333351,3.384389,0 -76.332721,3.383538,0 -76.332333,3.383030,0 -76.332047,3.382630,0 -76.331611,3.382022,0 -76.331444,3.381789,0 -76.330924,3.380983,0 -76.330898,3.380948,0 -76.330497,3.380399,0 -76.330154,3.379869,0 -76.329950,3.379604,0 -76.329816,3.379441,0 -76.329642,3.379287,0 -76.329435,3.379125,0 -76.328746,3.378655,0 -76.328338,3.378387,0 -76.328147,3.378256,0 -76.327692,3.377947,0 -76.327567,3.377861,0 -76.327421,3.377754,0 -76.327320,3.377687,0 -76.326672,3.377241,0 -76.325999,3.376774,0 -76.325836,3.376662,0 -76.325350,3.376346,0 -76.325133,3.376240,0 -76.324900,3.376139,0 -76.324662,3.376071,0 -76.323851,3.375809,0 -76.322612,3.375465,0 -76.322238,3.375345,0 -76.322065,3.375289,0 -76.321667,3.375117,0 -76.321449,3.375013,0 -76.321129,3.374861,0 -76.320155,3.374329,0 -76.319083,3.373723,0 -76.318631,3.373476,0 -76.318544,3.373429,0 -76.317749,3.373004,0 -76.316298,3.372199,0 -76.315979,3.371993,0 -76.315705,3.371796,0 -76.315458,3.371593,0 -76.315010,3.371132,0 -76.314104,3.370203,0 -76.313379,3.369440,0 -76.313114,3.369178,0 -76.312878,3.368945,0 -76.312481,3.368541,0 -76.312170,3.368210,0 -76.311795,3.367816,0 -76.311718,3.367736,0 -76.311419,3.367423,0 -76.310925,3.366923,0 -76.310083,3.366012,0 -76.309918,3.365846,0 -76.309864,3.365792,0 -76.308786,3.364710,0 -76.308612,3.364536,0 -76.308181,3.364074,0 -76.307356,3.363232,0 -76.306812,3.362660,0 -76.304959,3.360740,0 -76.304502,3.360267,0 -76.304196,3.359953,0 -76.304108,3.359860,0 -76.303864,3.359602,0 -76.303509,3.359273,0 -76.303261,3.359050,0 -76.302889,3.358854,0 -76.302752,3.358782,0 -76.302541,3.358695,0 -76.301062,3.358242,0 -76.299763,3.357837,0 -76.298997,3.357603,0 -76.297194,3.357047,0 -76.296909,3.356955,0 -76.296443,3.356805,0 -76.296130,3.356674,0 -76.295823,3.356528,0 -76.295464,3.356309,0 -76.295061,3.356754,0 -76.294746,3.357097,0 -76.294047,3.357856,0 -76.293966,3.357956,0 -76.293610,3.358357,0 -76.293043,3.358996,0 -76.293002,3.359044,0 -76.292923,3.359131,0 -76.292824,3.359360,0 -76.292708,3.359558,0 -76.292576,3.359765,0 -76.291934,3.360455,0 -76.291068,3.361385,0 -76.290977,3.361495,0 -76.290912,3.361622,0 -76.290876,3.361761,0 -76.290666,3.363704,0 -76.290403,3.366269,0 -76.290312,3.366275,0 -76.290110,3.366293,0 -76.289335,3.366370,0 -76.288847,3.366437,0 -76.288859,3.366551,0 -76.288845,3.367668,0 -76.288065,3.368321,0 -76.287901,3.368380,0 -76.287901,3.368380,0</coordinates></LineString></Placemark><Placemark><name>Ruta día 16</name><styleUrl>#dia16</styleUrl><ExtendedData><Data name="INGENIO"><value>Castilla</value></Data><Data name="DIA"><value>16</value></Data><Data name="PUNTOS"><value>CC-034, CC-009</value></Data><Data name="N_PUNTOS"><value>2</value></Data><Data name="KM"><value>129.7</value></Data><Data name="HORAS_TOTALES"><value>7.36</value></Data><Data name="REGRESO"><value>13:51</value></Data><Data name="PEAJES"><value>0</value></Data><Data name="COSTO_COP"><value>535562</value></Data></ExtendedData><LineString><tessellate>1</tessellate><coordinates>-76.287901,3.368380,0 -76.287901,3.368380,0 -76.288065,3.368321,0 -76.288845,3.367668,0 -76.288859,3.366551,0 -76.289351,3.366508,0 -76.289568,3.366499,0 -76.290107,3.366450,0 -76.290313,3.366434,0 -76.290385,3.366430,0 -76.290403,3.366269,0 -76.290666,3.363704,0 -76.290876,3.361761,0 -76.290912,3.361622,0 -76.290977,3.361495,0 -76.291068,3.361385,0 -76.291934,3.360455,0 -76.292576,3.359765,0 -76.292708,3.359558,0 -76.292824,3.359360,0 -76.292923,3.359131,0 -76.293002,3.359044,0 -76.293043,3.358996,0 -76.293610,3.358357,0 -76.293966,3.357956,0 -76.294047,3.357856,0 -76.294746,3.357097,0 -76.295061,3.356754,0 -76.295464,3.356309,0 -76.294712,3.355699,0 -76.294234,3.355316,0 -76.294167,3.355255,0 -76.292512,3.353908,0 -76.292019,3.353501,0 -76.291007,3.352668,0 -76.289352,3.351337,0 -76.288765,3.350861,0 -76.288446,3.350638,0 -76.287917,3.350380,0 -76.286391,3.349768,0 -76.285152,3.349316,0 -76.284652,3.349126,0 -76.284139,3.348973,0 -76.283617,3.348855,0 -76.283088,3.348773,0 -76.280233,3.348407,0 -76.278668,3.348207,0 -76.277906,3.348092,0 -76.277142,3.347891,0 -76.271614,3.345063,0 -76.270852,3.344698,0 -76.269885,3.344236,0 -76.269437,3.344131,0 -76.268975,3.344062,0 -76.268380,3.344118,0 -76.268047,3.344190,0 -76.267754,3.344303,0 -76.267254,3.344565,0 -76.266449,3.345210,0 -76.265210,3.346253,0 -76.264880,3.346376,0 -76.264758,3.346431,0 -76.264629,3.346470,0 -76.264580,3.346462,0 -76.264531,3.346463,0 -76.264482,3.346472,0 -76.264436,3.346489,0 -76.264310,3.346455,0 -76.264193,3.346402,0 -76.263889,3.346237,0 -76.263637,3.346040,0 -76.262736,3.344921,0 -76.262272,3.344425,0 -76.261774,3.344013,0 -76.261327,3.343699,0 -76.258828,3.341936,0 -76.257920,3.341306,0 -76.257612,3.341091,0 -76.256981,3.340640,0 -76.254273,3.338701,0 -76.253972,3.338444,0 -76.253368,3.337611,0 -76.252642,3.336670,0 -76.252089,3.335906,0 -76.251998,3.335776,0 -76.251546,3.335150,0 -76.250916,3.334343,0 -76.250367,3.333645,0 -76.250261,3.333536,0 -76.250102,3.333369,0 -76.250022,3.333292,0 -76.249939,3.333207,0 -76.249888,3.333160,0 -76.249280,3.332567,0 -76.248596,3.331920,0 -76.248101,3.331462,0 -76.247912,3.331238,0 -76.247827,3.331138,0 -76.247811,3.331099,0 -76.247785,3.331067,0 -76.247750,3.331044,0 -76.247710,3.331032,0 -76.247489,3.330858,0 -76.247027,3.330407,0 -76.246762,3.330152,0 -76.244911,3.328371,0 -76.244564,3.328077,0 -76.244396,3.327935,0 -76.243582,3.327179,0 -76.242737,3.326319,0 -76.240522,3.323892,0 -76.240231,3.323564,0 -76.239945,3.323255,0 -76.239666,3.322953,0 -76.239381,3.322621,0 -76.239116,3.322318,0 -76.238841,3.322000,0 -76.238696,3.321833,0 -76.238661,3.321793,0 -76.238550,3.321660,0 -76.238339,3.321427,0 -76.238161,3.321208,0 -76.238089,3.321102,0 -76.237995,3.320929,0 -76.237877,3.320657,0 -76.237808,3.320487,0 -76.237727,3.320183,0 -76.237604,3.318911,0 -76.237591,3.318700,0 -76.237563,3.317973,0 -76.237453,3.317354,0 -76.237346,3.317004,0 -76.238096,3.316014,0 -76.238418,3.315580,0 -76.238865,3.314965,0 -76.239204,3.314470,0 -76.239236,3.314424,0 -76.239841,3.313557,0 -76.240709,3.312379,0 -76.241265,3.311757,0 -76.241648,3.311354,0 -76.242006,3.310970,0 -76.242900,3.310000,0 -76.243592,3.309242,0 -76.244627,3.308093,0 -76.245224,3.307471,0 -76.247587,3.304937,0 -76.248757,3.303666,0 -76.249939,3.302396,0 -76.250526,3.301777,0 -76.252339,3.299914,0 -76.252942,3.299296,0 -76.253020,3.299199,0 -76.253848,3.298186,0 -76.254175,3.297785,0 -76.254292,3.297643,0 -76.254453,3.297375,0 -76.254763,3.296716,0 -76.255131,3.295876,0 -76.255257,3.295688,0 -76.255321,3.295615,0 -76.255399,3.295563,0 -76.255564,3.295505,0 -76.255762,3.295467,0 -76.256037,3.295425,0 -76.256577,3.295355,0 -76.257145,3.295266,0 -76.257790,3.295151,0 -76.258490,3.295017,0 -76.259899,3.294781,0 -76.261120,3.294547,0 -76.262143,3.294366,0 -76.262471,3.294325,0 -76.262816,3.294301,0 -76.263374,3.294273,0 -76.263874,3.294245,0 -76.264455,3.294188,0 -76.265347,3.294107,0 -76.266159,3.294012,0 -76.266498,3.293964,0 -76.266949,3.293877,0 -76.267222,3.293769,0 -76.267556,3.293594,0 -76.267591,3.293572,0 -76.267832,3.293426,0 -76.267927,3.293376,0 -76.268898,3.292898,0 -76.269108,3.292779,0 -76.269300,3.292651,0 -76.269461,3.292461,0 -76.269536,3.292280,0 -76.269590,3.292098,0 -76.269893,3.291268,0 -76.270062,3.290866,0 -76.270419,3.290071,0 -76.270585,3.289739,0 -76.270649,3.289618,0 -76.270807,3.289426,0 -76.271140,3.289126,0 -76.272183,3.288439,0 -76.273012,3.287803,0 -76.274427,3.286637,0 -76.276366,3.285062,0 -76.276575,3.285024,0 -76.276750,3.285031,0 -76.276961,3.285055,0 -76.277739,3.285242,0 -76.279260,3.285607,0 -76.280754,3.285936,0 -76.281795,3.286167,0 -76.282683,3.286376,0 -76.283128,3.286457,0 -76.283736,3.286569,0 -76.284533,3.286707,0 -76.284856,3.286756,0 -76.285096,3.286835,0 -76.285285,3.286902,0 -76.285917,3.287224,0 -76.286962,3.287776,0 -76.287946,3.288314,0 -76.288316,3.288438,0 -76.288505,3.288479,0 -76.288720,3.288511,0 -76.290987,3.288669,0 -76.291749,3.288736,0 -76.292202,3.288838,0 -76.292837,3.289020,0 -76.293004,3.289060,0 -76.293188,3.289069,0 -76.293712,3.289068,0 -76.294623,3.289010,0 -76.294765,3.288978,0 -76.294882,3.288945,0 -76.295027,3.288894,0 -76.295188,3.288826,0 -76.296777,3.287984,0 -76.297158,3.287830,0 -76.297523,3.287705,0 -76.297900,3.287575,0 -76.298328,3.287452,0 -76.298469,3.287417,0 -76.298770,3.287352,0 -76.298979,3.287314,0 -76.299044,3.287303,0 -76.299402,3.287254,0 -76.299534,3.287239,0 -76.299797,3.287218,0 -76.300272,3.287182,0 -76.300579,3.287184,0 -76.301379,3.287227,0 -76.301835,3.287262,0 -76.302111,3.287257,0 -76.302187,3.287235,0 -76.302392,3.287140,0 -76.302774,3.286933,0 -76.302899,3.286878,0 -76.303033,3.286845,0 -76.304228,3.286708,0 -76.306103,3.286501,0 -76.306374,3.286548,0 -76.306856,3.286667,0 -76.307421,3.286669,0 -76.310189,3.285635,0 -76.313531,3.284463,0 -76.317737,3.282920,0 -76.319230,3.282423,0 -76.319357,3.282381,0 -76.319860,3.282288,0 -76.320029,3.281974,0 -76.319967,3.281731,0 -76.319958,3.281672,0 -76.319935,3.281520,0 -76.319771,3.280411,0 -76.319820,3.280363,0 -76.319859,3.280303,0 -76.319868,3.280249,0 -76.319851,3.280118,0 -76.319839,3.280051,0 -76.319827,3.279989,0 -76.319851,3.279960,0 -76.320123,3.279908,0 -76.320524,3.279842,0 -76.320639,3.279823,0 -76.321061,3.279765,0 -76.321244,3.279692,0 -76.322491,3.279421,0 -76.323259,3.279301,0 -76.323739,3.279226,0 -76.324046,3.279142,0 -76.324525,3.278892,0 -76.324967,3.278516,0 -76.325036,3.278411,0 -76.325172,3.278205,0 -76.325574,3.277361,0 -76.326088,3.276281,0 -76.326862,3.274655,0 -76.328835,3.270500,0 -76.329294,3.269618,0 -76.329316,3.269576,0 -76.329367,3.269482,0 -76.329408,3.269394,0 -76.330493,3.267105,0 -76.331062,3.265902,0 -76.331353,3.265577,0 -76.331672,3.265282,0 -76.332130,3.265063,0 -76.332180,3.265038,0 -76.332552,3.264929,0 -76.333019,3.264894,0 -76.333345,3.264958,0 -76.333425,3.264969,0 -76.334158,3.265096,0 -76.334910,3.265226,0 -76.336374,3.265480,0 -76.336401,3.265485,0 -76.337460,3.265669,0 -76.337575,3.265689,0 -76.338756,3.265893,0 -76.339323,3.265992,0 -76.339948,3.266100,0 -76.340852,3.266257,0 -76.341183,3.266314,0 -76.342275,3.266504,0 -76.342287,3.266506,0 -76.343625,3.266738,0 -76.343802,3.266768,0 -76.344951,3.266968,0 -76.346008,3.267151,0 -76.346578,3.267250,0 -76.347412,3.267387,0 -76.347674,3.267430,0 -76.348084,3.267491,0 -76.348377,3.267534,0 -76.348696,3.267599,0 -76.348791,3.267628,0 -76.350117,3.268030,0 -76.351417,3.268423,0 -76.351472,3.268440,0 -76.352758,3.268829,0 -76.352800,3.268842,0 -76.354136,3.269246,0 -76.355361,3.269639,0 -76.355451,3.269667,0 -76.355498,3.269681,0 -76.356815,3.270085,0 -76.356948,3.270126,0 -76.358389,3.270568,0 -76.359505,3.270887,0 -76.359900,3.271000,0 -76.360658,3.271208,0 -76.360857,3.271283,0 -76.361088,3.271369,0 -76.361190,3.271408,0 -76.361582,3.271555,0 -76.361864,3.271151,0 -76.361987,3.270974,0 -76.362311,3.270510,0 -76.362680,3.269978,0 -76.362733,3.269902,0 -76.362748,3.269880,0 -76.363054,3.269439,0 -76.363409,3.268926,0 -76.363484,3.268815,0 -76.363520,3.268762,0 -76.363540,3.268733,0 -76.364057,3.267981,0 -76.364414,3.267463,0 -76.364913,3.266736,0 -76.366060,3.265069,0 -76.366416,3.264551,0 -76.366564,3.264320,0 -76.367335,3.263215,0 -76.367403,3.263114,0 -76.368614,3.261313,0 -76.369580,3.259918,0 -76.369616,3.259865,0 -76.370547,3.258498,0 -76.370799,3.258128,0 -76.370814,3.258107,0 -76.371048,3.257755,0 -76.371318,3.257363,0 -76.372013,3.256345,0 -76.372343,3.255861,0 -76.373072,3.254791,0 -76.373681,3.253891,0 -76.373935,3.253524,0 -76.374542,3.252648,0 -76.374998,3.251983,0 -76.375620,3.251032,0 -76.376174,3.250217,0 -76.376671,3.249486,0 -76.376937,3.249121,0 -76.377797,3.247843,0 -76.378152,3.247346,0 -76.378765,3.246457,0 -76.378939,3.246232,0 -76.379159,3.245873,0 -76.379512,3.245338,0 -76.379788,3.244965,0 -76.380121,3.244471,0 -76.380604,3.243790,0 -76.381132,3.242976,0 -76.381412,3.242575,0 -76.382190,3.241439,0 -76.383018,3.240215,0 -76.383570,3.239408,0 -76.383627,3.239325,0 -76.383787,3.239069,0 -76.384439,3.238184,0 -76.384992,3.237312,0 -76.385261,3.236930,0 -76.385544,3.236504,0 -76.385883,3.236004,0 -76.386160,3.235621,0 -76.386331,3.235410,0 -76.386555,3.235181,0 -76.386771,3.235012,0 -76.386934,3.234905,0 -76.387187,3.234771,0 -76.387470,3.234661,0 -76.387722,3.234587,0 -76.388009,3.234545,0 -76.388616,3.234477,0 -76.390319,3.234279,0 -76.391272,3.234194,0 -76.391529,3.234171,0 -76.392039,3.234125,0 -76.392324,3.234091,0 -76.392708,3.234059,0 -76.393095,3.234027,0 -76.394297,3.233880,0 -76.394412,3.233868,0 -76.394551,3.233852,0 -76.395149,3.233793,0 -76.396289,3.233664,0 -76.397649,3.233523,0 -76.397890,3.233499,0 -76.399563,3.233339,0 -76.400116,3.233277,0 -76.401568,3.233113,0 -76.401661,3.233103,0 -76.401747,3.233094,0 -76.403475,3.232909,0 -76.405060,3.232740,0 -76.406955,3.232557,0 -76.407330,3.232511,0 -76.407941,3.232435,0 -76.407983,3.232430,0 -76.408006,3.232429,0 -76.408015,3.232427,0 -76.408066,3.232420,0 -76.408620,3.232366,0 -76.408909,3.232335,0 -76.408999,3.232325,0 -76.409197,3.232310,0 -76.409413,3.232282,0 -76.409810,3.232240,0 -76.409990,3.232224,0 -76.410339,3.232184,0 -76.410536,3.232164,0 -76.410964,3.232120,0 -76.411097,3.232103,0 -76.411391,3.232072,0 -76.411793,3.232018,0 -76.412105,3.231952,0 -76.412263,3.231916,0 -76.412468,3.231860,0 -76.413279,3.231642,0 -76.414106,3.231436,0 -76.414920,3.231233,0 -76.415623,3.231058,0 -76.415750,3.231026,0 -76.416618,3.230810,0 -76.417444,3.230604,0 -76.418271,3.230398,0 -76.418817,3.230262,0 -76.419110,3.230189,0 -76.419957,3.229986,0 -76.420619,3.229805,0 -76.420650,3.229797,0 -76.420693,3.229786,0 -76.420744,3.229775,0 -76.420833,3.229784,0 -76.420937,3.229848,0 -76.420978,3.229900,0 -76.421231,3.230223,0 -76.421604,3.230725,0 -76.421630,3.230768,0 -76.421887,3.231192,0 -76.421935,3.231271,0 -76.421977,3.231300,0 -76.422036,3.231314,0 -76.422107,3.231308,0 -76.422174,3.231285,0 -76.422234,3.231246,0 -76.422283,3.231194,0 -76.422279,3.231043,0 -76.422264,3.230443,0 -76.422264,3.229864,0 -76.422280,3.229289,0 -76.422288,3.228916,0 -76.422293,3.228464,0 -76.422317,3.228271,0 -76.422360,3.228132,0 -76.422384,3.228043,0 -76.422430,3.227893,0 -76.422508,3.227639,0 -76.422776,3.226905,0 -76.422835,3.226739,0 -76.422917,3.226474,0 -76.422965,3.226309,0 -76.423207,3.225572,0 -76.423397,3.225015,0 -76.423529,3.224610,0 -76.423636,3.224284,0 -76.423752,3.223978,0 -76.423771,3.223918,0 -76.423833,3.223745,0 -76.423869,3.223607,0 -76.423904,3.223515,0 -76.424051,3.223034,0 -76.424220,3.222508,0 -76.424240,3.222438,0 -76.424279,3.222313,0 -76.424576,3.221453,0 -76.424662,3.221166,0 -76.424779,3.220804,0 -76.424840,3.220607,0 -76.424978,3.220315,0 -76.425177,3.220003,0 -76.425445,3.219578,0 -76.425694,3.219242,0 -76.425793,3.219110,0 -76.426001,3.218823,0 -76.426294,3.218426,0 -76.426553,3.218059,0 -76.426931,3.217526,0 -76.427380,3.216894,0 -76.428674,3.215069,0 -76.428903,3.214747,0 -76.429558,3.213824,0 -76.429798,3.213485,0 -76.429822,3.213452,0 -76.430205,3.212913,0 -76.430336,3.212727,0 -76.430589,3.212362,0 -76.430684,3.212224,0 -76.431188,3.211515,0 -76.431464,3.211127,0 -76.432029,3.210333,0 -76.432087,3.210252,0 -76.432680,3.209417,0 -76.433544,3.208203,0 -76.433975,3.207597,0 -76.434542,3.206804,0 -76.435082,3.206040,0 -76.435578,3.205337,0 -76.435978,3.204780,0 -76.437126,3.203165,0 -76.437326,3.202893,0 -76.437605,3.202492,0 -76.437764,3.202262,0 -76.437905,3.202070,0 -76.437993,3.201946,0 -76.438588,3.201110,0 -76.438959,3.200588,0 -76.439018,3.200505,0 -76.439036,3.200480,0 -76.439054,3.200454,0 -76.439249,3.200173,0 -76.439406,3.199951,0 -76.439538,3.199772,0 -76.439683,3.199570,0 -76.439987,3.199146,0 -76.440279,3.198741,0 -76.440326,3.198675,0 -76.440484,3.198456,0 -76.440625,3.198259,0 -76.441099,3.197599,0 -76.441243,3.197384,0 -76.441474,3.197079,0 -76.441685,3.196776,0 -76.442078,3.196238,0 -76.442080,3.196236,0 -76.442179,3.196098,0 -76.442200,3.196069,0 -76.442294,3.195934,0 -76.442501,3.195651,0 -76.442733,3.195328,0 -76.442956,3.195017,0 -76.443001,3.194954,0 -76.443141,3.194759,0 -76.443354,3.194464,0 -76.443951,3.193634,0 -76.443987,3.193583,0 -76.444112,3.193410,0 -76.444145,3.193363,0 -76.444312,3.193131,0 -76.444504,3.192858,0 -76.444789,3.192458,0 -76.444932,3.192258,0 -76.445074,3.192059,0 -76.445558,3.191379,0 -76.446166,3.190478,0 -76.446271,3.190328,0 -76.446486,3.190091,0 -76.446620,3.189894,0 -76.446977,3.189425,0 -76.447095,3.189254,0 -76.447223,3.189063,0 -76.447617,3.188519,0 -76.447939,3.188049,0 -76.448273,3.187565,0 -76.448483,3.187261,0 -76.448973,3.186593,0 -76.449062,3.186470,0 -76.449074,3.186450,0 -76.449471,3.185879,0 -76.449600,3.185696,0 -76.449784,3.185442,0 -76.449958,3.185192,0 -76.450241,3.184810,0 -76.450756,3.184086,0 -76.451031,3.183705,0 -76.452151,3.182137,0 -76.453621,3.180076,0 -76.453646,3.180035,0 -76.453719,3.179926,0 -76.453995,3.179559,0 -76.454528,3.178817,0 -76.455045,3.178072,0 -76.455472,3.177468,0 -76.455859,3.176961,0 -76.455901,3.176902,0 -76.456954,3.175427,0 -76.457176,3.175116,0 -76.457248,3.175015,0 -76.457547,3.174596,0 -76.457636,3.174441,0 -76.457721,3.174258,0 -76.457752,3.174172,0 -76.457805,3.173977,0 -76.457836,3.173742,0 -76.457898,3.173725,0 -76.457932,3.173728,0 -76.457956,3.173690,0 -76.458187,3.173352,0 -76.458534,3.173581,0 -76.458935,3.173844,0 -76.459092,3.173947,0 -76.459612,3.174289,0 -76.460303,3.174743,0 -76.461086,3.175257,0 -76.461790,3.175720,0 -76.462482,3.176174,0 -76.463182,3.176634,0 -76.463925,3.177123,0 -76.464623,3.177581,0 -76.465337,3.178051,0 -76.466079,3.178538,0 -76.466788,3.179004,0 -76.467297,3.178295,0 -76.467970,3.178730,0 -76.468483,3.179001,0 -76.468707,3.179097,0 -76.468854,3.179140,0 -76.469836,3.179316,0 -76.469910,3.179338,0 -76.469953,3.179350,0 -76.470651,3.179568,0 -76.470859,3.179643,0 -76.471169,3.179763,0 -76.472110,3.180192,0 -76.473092,3.180753,0 -76.473473,3.181007,0 -76.473797,3.181240,0 -76.474302,3.181658,0 -76.474466,3.181793,0 -76.474682,3.181971,0 -76.474712,3.182062,0 -76.474975,3.182750,0 -76.475369,3.183690,0 -76.475690,3.184472,0 -76.475938,3.185013,0 -76.476194,3.185520,0 -76.476497,3.186024,0 -76.476617,3.186198,0 -76.476713,3.186339,0 -76.476949,3.186670,0 -76.477294,3.187132,0 -76.477808,3.187774,0 -76.479187,3.189533,0 -76.479320,3.189702,0 -76.480342,3.190941,0 -76.481515,3.192407,0 -76.481723,3.192661,0 -76.482104,3.193126,0 -76.482685,3.193852,0 -76.484537,3.196178,0 -76.485389,3.197272,0 -76.485926,3.197962,0 -76.486656,3.198883,0 -76.486947,3.199204,0 -76.487419,3.199781,0 -76.487754,3.200199,0 -76.488053,3.200545,0 -76.488286,3.200784,0 -76.488438,3.200934,0 -76.488502,3.200999,0 -76.488850,3.201272,0 -76.489177,3.201479,0 -76.489586,3.201702,0 -76.491491,3.202578,0 -76.492423,3.202966,0 -76.492784,3.203140,0 -76.493117,3.203361,0 -76.493415,3.203628,0 -76.493674,3.203933,0 -76.493888,3.204271,0 -76.494052,3.204635,0 -76.494668,3.205867,0 -76.495254,3.207044,0 -76.495566,3.206891,0 -76.498444,3.204181,0 -76.499117,3.203561,0 -76.500070,3.202783,0 -76.500952,3.202148,0 -76.501097,3.202021,0 -76.501204,3.201843,0 -76.501585,3.201091,0 -76.501767,3.200942,0 -76.501985,3.200821,0 -76.503004,3.200539,0 -76.503846,3.200384,0 -76.504079,3.200315,0 -76.505155,3.199865,0 -76.505324,3.199823,0 -76.505520,3.199820,0 -76.505769,3.199878,0 -76.506513,3.200154,0 -76.506732,3.200187,0 -76.506938,3.200191,0 -76.507180,3.200128,0 -76.507389,3.200018,0 -76.507530,3.199891,0 -76.507885,3.199838,0 -76.508267,3.199877,0 -76.509154,3.200127,0 -76.509225,3.200081,0 -76.509536,3.199886,0 -76.509712,3.199690,0 -76.510013,3.199373,0 -76.510232,3.199188,0 -76.510452,3.199064,0 -76.512861,3.198628,0 -76.513070,3.198541,0 -76.518074,3.194491,0 -76.518377,3.194227,0 -76.518469,3.194093,0 -76.518524,3.193920,0 -76.518818,3.188777,0 -76.518798,3.188568,0 -76.518410,3.187354,0 -76.518377,3.187182,0 -76.518418,3.186987,0 -76.519907,3.184686,0 -76.520210,3.184437,0 -76.520457,3.184137,0 -76.520661,3.183950,0 -76.524106,3.181860,0 -76.524159,3.181504,0 -76.524105,3.180934,0 -76.524064,3.180763,0 -76.523835,3.179374,0 -76.523669,3.178661,0 -76.523725,3.178194,0 -76.523873,3.177578,0 -76.524127,3.176759,0 -76.524389,3.176018,0 -76.524784,3.175184,0 -76.525979,3.172929,0 -76.526000,3.172745,0 -76.525967,3.172567,0 -76.525347,3.169394,0 -76.523987,3.162415,0 -76.523928,3.162067,0 -76.523740,3.161141,0 -76.523765,3.161054,0 -76.523838,3.160971,0 -76.525333,3.160128,0 -76.526747,3.159443,0 -76.527090,3.159309,0 -76.527420,3.159261,0 -76.529732,3.159033,0 -76.531106,3.158987,0 -76.531979,3.159025,0 -76.532304,3.158990,0 -76.532690,3.158851,0 -76.533240,3.158591,0 -76.534608,3.157777,0 -76.534986,3.157640,0 -76.535330,3.157643,0 -76.541418,3.158623,0 -76.541863,3.158714,0 -76.542280,3.158740,0 -76.541091,3.154225,0 -76.541069,3.154049,0 -76.541118,3.153917,0 -76.542390,3.152230,0 -76.543397,3.150895,0 -76.543516,3.150629,0 -76.543563,3.150369,0 -76.543577,3.149939,0 -76.543653,3.149292,0 -76.543753,3.148902,0 -76.543777,3.148719,0 -76.543716,3.145217,0 -76.543856,3.144229,0 -76.543860,3.143943,0 -76.543767,3.142188,0 -76.543795,3.142018,0 -76.544324,3.141055,0 -76.544363,3.140939,0 -76.544379,3.140830,0 -76.544370,3.140703,0 -76.544286,3.140401,0 -76.544124,3.139885,0 -76.543840,3.139246,0 -76.543763,3.138955,0 -76.543755,3.138664,0 -76.543891,3.137350,0 -76.543931,3.136967,0 -76.544001,3.136671,0 -76.544153,3.136100,0 -76.544282,3.135704,0 -76.544454,3.135180,0 -76.544507,3.134902,0 -76.544634,3.134297,0 -76.544713,3.133825,0 -76.544854,3.133032,0 -76.545027,3.132198,0 -76.545245,3.130769,0 -76.545318,3.130553,0 -76.545437,3.130383,0 -76.545615,3.130220,0 -76.548814,3.128169,0 -76.549363,3.127902,0 -76.549547,3.127830,0 -76.546193,3.126486,0 -76.540568,3.124233,0 -76.537628,3.122647,0 -76.538186,3.120119,0 -76.538548,3.118492,0 -76.538975,3.116573,0 -76.539023,3.116418,0 -76.539162,3.116284,0 -76.542109,3.114358,0 -76.542391,3.114245,0 -76.542633,3.114136,0 -76.542713,3.114084,0 -76.542891,3.114068,0 -76.543314,3.114189,0 -76.543471,3.114213,0 -76.543618,3.114200,0 -76.544399,3.114015,0 -76.544633,3.113998,0 -76.544766,3.113930,0 -76.545044,3.114043,0 -76.545233,3.114119,0 -76.545572,3.114365,0 -76.546357,3.114711,0 -76.546478,3.114803,0 -76.546640,3.114992,0 -76.546764,3.115230,0 -76.546889,3.115354,0 -76.547252,3.115616,0 -76.547678,3.115837,0 -76.547898,3.115900,0 -76.548602,3.116013,0 -76.548743,3.116076,0 -76.548865,3.116300,0 -76.548935,3.116348,0 -76.549015,3.116353,0 -76.549215,3.116304,0 -76.549413,3.116305,0 -76.549623,3.116397,0 -76.549879,3.116437,0 -76.550106,3.116395,0 -76.550276,3.116407,0 -76.550413,3.116499,0 -76.550553,3.116656,0 -76.550714,3.117012,0 -76.551229,3.117929,0 -76.551730,3.118668,0 -76.551927,3.118959,0 -76.552213,3.119474,0 -76.553787,3.121130,0 -76.554168,3.121521,0 -76.554827,3.122195,0 -76.555146,3.122611,0 -76.555282,3.122813,0 -76.555414,3.123218,0 -76.555790,3.124290,0 -76.556017,3.124646,0 -76.556123,3.124861,0 -76.556176,3.125109,0 -76.556174,3.125384,0 -76.556114,3.125947,0 -76.556069,3.126217,0 -76.555827,3.127151,0 -76.555577,3.128161,0 -76.554940,3.127901,0 -76.554719,3.127849,0 -76.551598,3.127492,0 -76.551066,3.127501,0 -76.550549,3.127562,0 -76.549834,3.127731,0 -76.549547,3.127830,0 -76.549363,3.127902,0 -76.548814,3.128169,0 -76.545615,3.130220,0 -76.545437,3.130383,0 -76.545318,3.130553,0 -76.545245,3.130769,0 -76.545027,3.132198,0 -76.544854,3.133032,0 -76.544713,3.133825,0 -76.544634,3.134297,0 -76.544507,3.134902,0 -76.544454,3.135180,0 -76.544282,3.135704,0 -76.544153,3.136100,0 -76.544001,3.136671,0 -76.543931,3.136967,0 -76.543891,3.137350,0 -76.543755,3.138664,0 -76.543763,3.138955,0 -76.543840,3.139246,0 -76.544124,3.139885,0 -76.544286,3.140401,0 -76.544370,3.140703,0 -76.544379,3.140830,0 -76.544363,3.140939,0 -76.544324,3.141055,0 -76.543795,3.142018,0 -76.543767,3.142188,0 -76.543860,3.143943,0 -76.543856,3.144229,0 -76.543716,3.145217,0 -76.543777,3.148719,0 -76.543753,3.148902,0 -76.543653,3.149292,0 -76.543577,3.149939,0 -76.543563,3.150369,0 -76.543516,3.150629,0 -76.543397,3.150895,0 -76.542390,3.152230,0 -76.541118,3.153917,0 -76.541069,3.154049,0 -76.541091,3.154225,0 -76.542280,3.158740,0 -76.541863,3.158714,0 -76.541418,3.158623,0 -76.535330,3.157643,0 -76.534986,3.157640,0 -76.534608,3.157777,0 -76.533240,3.158591,0 -76.532690,3.158851,0 -76.532304,3.158990,0 -76.531979,3.159025,0 -76.531106,3.158987,0 -76.529732,3.159033,0 -76.527420,3.159261,0 -76.527090,3.159309,0 -76.526747,3.159443,0 -76.525333,3.160128,0 -76.523838,3.160971,0 -76.523765,3.161054,0 -76.523740,3.161141,0 -76.523928,3.162067,0 -76.523987,3.162415,0 -76.525347,3.169394,0 -76.525967,3.172567,0 -76.526000,3.172745,0 -76.525979,3.172929,0 -76.524784,3.175184,0 -76.524389,3.176018,0 -76.524127,3.176759,0 -76.523873,3.177578,0 -76.523725,3.178194,0 -76.523669,3.178661,0 -76.523835,3.179374,0 -76.524064,3.180763,0 -76.524105,3.180934,0 -76.524159,3.181504,0 -76.524106,3.181860,0 -76.520661,3.183950,0 -76.520457,3.184137,0 -76.520210,3.184437,0 -76.519907,3.184686,0 -76.518418,3.186987,0 -76.518377,3.187182,0 -76.518410,3.187354,0 -76.518798,3.188568,0 -76.518818,3.188777,0 -76.518524,3.193920,0 -76.518469,3.194093,0 -76.518377,3.194227,0 -76.518074,3.194491,0 -76.513070,3.198541,0 -76.512861,3.198628,0 -76.510452,3.199064,0 -76.510232,3.199188,0 -76.510013,3.199373,0 -76.509712,3.199690,0 -76.509536,3.199886,0 -76.509225,3.200081,0 -76.509154,3.200127,0 -76.508267,3.199877,0 -76.507885,3.199838,0 -76.507530,3.199891,0 -76.507389,3.200018,0 -76.507180,3.200128,0 -76.506938,3.200191,0 -76.506732,3.200187,0 -76.506513,3.200154,0 -76.505769,3.199878,0 -76.505520,3.199820,0 -76.505324,3.199823,0 -76.505155,3.199865,0 -76.504079,3.200315,0 -76.503846,3.200384,0 -76.503004,3.200539,0 -76.501985,3.200821,0 -76.501767,3.200942,0 -76.501585,3.201091,0 -76.501204,3.201843,0 -76.501097,3.202021,0 -76.500952,3.202148,0 -76.500070,3.202783,0 -76.499117,3.203561,0 -76.498444,3.204181,0 -76.495566,3.206891,0 -76.495254,3.207044,0 -76.494668,3.205867,0 -76.494052,3.204635,0 -76.493888,3.204271,0 -76.493674,3.203933,0 -76.493415,3.203628,0 -76.493117,3.203361,0 -76.492784,3.203140,0 -76.492423,3.202966,0 -76.491491,3.202578,0 -76.489586,3.201702,0 -76.489177,3.201479,0 -76.488850,3.201272,0 -76.488502,3.200999,0 -76.488438,3.200934,0 -76.488286,3.200784,0 -76.488053,3.200545,0 -76.487754,3.200199,0 -76.487419,3.199781,0 -76.486947,3.199204,0 -76.486656,3.198883,0 -76.485926,3.197962,0 -76.485389,3.197272,0 -76.484537,3.196178,0 -76.482685,3.193852,0 -76.482104,3.193126,0 -76.481723,3.192661,0 -76.481515,3.192407,0 -76.480342,3.190941,0 -76.479320,3.189702,0 -76.479187,3.189533,0 -76.477808,3.187774,0 -76.477294,3.187132,0 -76.476949,3.186670,0 -76.476713,3.186339,0 -76.476617,3.186198,0 -76.476497,3.186024,0 -76.476194,3.185520,0 -76.475938,3.185013,0 -76.475690,3.184472,0 -76.475369,3.183690,0 -76.474975,3.182750,0 -76.474712,3.182062,0 -76.474682,3.181971,0 -76.474497,3.181518,0 -76.474484,3.181588,0 -76.474438,3.181642,0 -76.474372,3.181668,0 -76.474302,3.181658,0 -76.473797,3.181240,0 -76.473473,3.181007,0 -76.473092,3.180753,0 -76.472110,3.180192,0 -76.471169,3.179763,0 -76.470859,3.179643,0 -76.470651,3.179568,0 -76.469953,3.179350,0 -76.469910,3.179338,0 -76.469836,3.179316,0 -76.468854,3.179140,0 -76.468707,3.179097,0 -76.468483,3.179001,0 -76.467970,3.178730,0 -76.467297,3.178295,0 -76.466554,3.177796,0 -76.465850,3.177323,0 -76.465135,3.176849,0 -76.464437,3.176385,0 -76.463712,3.175902,0 -76.463006,3.175441,0 -76.462292,3.174978,0 -76.461550,3.174506,0 -76.460793,3.173990,0 -76.460094,3.173546,0 -76.459388,3.173126,0 -76.458664,3.172630,0 -76.457966,3.172150,0 -76.457727,3.172473,0 -76.457653,3.172575,0 -76.457668,3.172654,0 -76.457782,3.173086,0 -76.457818,3.173451,0 -76.457839,3.173655,0 -76.457836,3.173742,0 -76.457805,3.173977,0 -76.457752,3.174172,0 -76.457721,3.174258,0 -76.457636,3.174441,0 -76.457547,3.174596,0 -76.457248,3.175015,0 -76.457176,3.175116,0 -76.456954,3.175427,0 -76.455901,3.176902,0 -76.455859,3.176961,0 -76.455472,3.177468,0 -76.455045,3.178072,0 -76.454528,3.178817,0 -76.453995,3.179559,0 -76.453719,3.179926,0 -76.453646,3.180035,0 -76.453621,3.180076,0 -76.452151,3.182137,0 -76.451031,3.183705,0 -76.450756,3.184086,0 -76.450241,3.184810,0 -76.449958,3.185192,0 -76.449784,3.185442,0 -76.449600,3.185696,0 -76.449471,3.185879,0 -76.449074,3.186450,0 -76.449062,3.186470,0 -76.448901,3.186524,0 -76.448810,3.186553,0 -76.448721,3.186553,0 -76.448649,3.186542,0 -76.448579,3.186516,0 -76.448506,3.186470,0 -76.448404,3.186379,0 -76.448297,3.186202,0 -76.448237,3.186092,0 -76.448197,3.186015,0 -76.448145,3.185948,0 -76.448080,3.185892,0 -76.448006,3.185849,0 -76.447925,3.185821,0 -76.447840,3.185809,0 -76.447754,3.185813,0 -76.447671,3.185833,0 -76.447593,3.185868,0 -76.447523,3.185918,0 -76.447464,3.185979,0 -76.447451,3.186014,0 -76.447352,3.186293,0 -76.447338,3.186342,0 -76.447324,3.186392,0 -76.447321,3.186404,0 -76.447225,3.186796,0 -76.447145,3.187191,0 -76.447082,3.187590,0 -76.447036,3.187991,0 -76.447022,3.188174,0 -76.446998,3.188387,0 -76.446995,3.188411,0 -76.446980,3.188532,0 -76.446909,3.188926,0 -76.446867,3.189088,0 -76.446816,3.189249,0 -76.446757,3.189440,0 -76.446668,3.189678,0 -76.446557,3.189908,0 -76.446426,3.190126,0 -76.446271,3.190328,0 -76.446166,3.190478,0 -76.445558,3.191379,0 -76.445074,3.192059,0 -76.444932,3.192258,0 -76.444789,3.192458,0 -76.444504,3.192858,0 -76.444312,3.193131,0 -76.444145,3.193363,0 -76.444112,3.193410,0 -76.443987,3.193583,0 -76.443951,3.193634,0 -76.443354,3.194464,0 -76.443141,3.194759,0 -76.443001,3.194954,0 -76.442956,3.195017,0 -76.442733,3.195328,0 -76.442501,3.195651,0 -76.442294,3.195934,0 -76.442200,3.196069,0 -76.442179,3.196098,0 -76.442080,3.196236,0 -76.442078,3.196238,0 -76.441685,3.196776,0 -76.441474,3.197079,0 -76.441243,3.197384,0 -76.441099,3.197599,0 -76.440625,3.198259,0 -76.440484,3.198456,0 -76.440326,3.198675,0 -76.440279,3.198741,0 -76.439987,3.199146,0 -76.439683,3.199570,0 -76.439538,3.199772,0 -76.439406,3.199951,0 -76.439249,3.200173,0 -76.439054,3.200454,0 -76.439036,3.200480,0 -76.439018,3.200505,0 -76.438959,3.200588,0 -76.438588,3.201110,0 -76.437993,3.201946,0 -76.437905,3.202070,0 -76.437764,3.202262,0 -76.437605,3.202492,0 -76.437326,3.202893,0 -76.437126,3.203165,0 -76.435978,3.204780,0 -76.435578,3.205337,0 -76.435082,3.206040,0 -76.434542,3.206804,0 -76.433975,3.207597,0 -76.433544,3.208203,0 -76.432680,3.209417,0 -76.432087,3.210252,0 -76.432029,3.210333,0 -76.431464,3.211127,0 -76.431188,3.211515,0 -76.430684,3.212224,0 -76.430589,3.212362,0 -76.430336,3.212727,0 -76.430283,3.212772,0 -76.430218,3.212835,0 -76.430125,3.212903,0 -76.430002,3.212964,0 -76.429942,3.212970,0 -76.429857,3.212981,0 -76.429768,3.212999,0 -76.429593,3.213057,0 -76.429520,3.213091,0 -76.429432,3.213141,0 -76.429193,3.213401,0 -76.429162,3.213434,0 -76.429102,3.213530,0 -76.428573,3.214281,0 -76.428066,3.214970,0 -76.427768,3.215398,0 -76.427508,3.215767,0 -76.427328,3.215984,0 -76.427132,3.216190,0 -76.426907,3.216391,0 -76.426703,3.216547,0 -76.426483,3.216700,0 -76.426317,3.216779,0 -76.426059,3.216891,0 -76.425785,3.216981,0 -76.425752,3.216989,0 -76.425571,3.217037,0 -76.425217,3.217096,0 -76.424887,3.217112,0 -76.424637,3.217096,0 -76.424377,3.217054,0 -76.424055,3.216979,0 -76.423900,3.216951,0 -76.423101,3.216681,0 -76.423021,3.216651,0 -76.422712,3.216536,0 -76.422452,3.216449,0 -76.422197,3.216368,0 -76.422079,3.216337,0 -76.421928,3.216306,0 -76.421628,3.216263,0 -76.421488,3.216253,0 -76.421333,3.216248,0 -76.421132,3.216254,0 -76.420944,3.216270,0 -76.420733,3.216302,0 -76.420152,3.216465,0 -76.418729,3.216853,0 -76.418550,3.216896,0 -76.417732,3.217084,0 -76.416436,3.217384,0 -76.416084,3.217465,0 -76.415472,3.217606,0 -76.414658,3.217794,0 -76.414554,3.217819,0 -76.414271,3.217870,0 -76.413796,3.217964,0 -76.413309,3.218056,0 -76.413096,3.218089,0 -76.412831,3.218143,0 -76.412504,3.218192,0 -76.412174,3.218248,0 -76.411744,3.218330,0 -76.411352,3.218405,0 -76.410049,3.218684,0 -76.409789,3.218765,0 -76.409691,3.218799,0 -76.409529,3.218865,0 -76.409279,3.218980,0 -76.409030,3.219123,0 -76.408788,3.219313,0 -76.408563,3.219528,0 -76.408338,3.219785,0 -76.408140,3.220032,0 -76.408070,3.220148,0 -76.407643,3.220729,0 -76.407115,3.221458,0 -76.406956,3.221659,0 -76.406920,3.221698,0 -76.406879,3.221755,0 -76.406790,3.221867,0 -76.406549,3.222125,0 -76.406313,3.222329,0 -76.406095,3.222481,0 -76.405983,3.222543,0 -76.405867,3.222607,0 -76.405767,3.222651,0 -76.405597,3.222727,0 -76.405358,3.222810,0 -76.405124,3.222871,0 -76.404808,3.222939,0 -76.404524,3.222982,0 -76.404162,3.223030,0 -76.403825,3.223073,0 -76.403110,3.223154,0 -76.402552,3.223220,0 -76.402241,3.223279,0 -76.401997,3.223346,0 -76.401436,3.223599,0 -76.400879,3.223915,0 -76.400148,3.224335,0 -76.399617,3.224674,0 -76.399316,3.224899,0 -76.399038,3.225152,0 -76.398784,3.225429,0 -76.398557,3.225728,0 -76.398359,3.226047,0 -76.398180,3.226372,0 -76.398038,3.226603,0 -76.397554,3.227387,0 -76.396234,3.229471,0 -76.396183,3.229551,0 -76.395553,3.230534,0 -76.395266,3.230891,0 -76.394952,3.231282,0 -76.394920,3.231322,0 -76.394677,3.231624,0 -76.394415,3.231952,0 -76.394334,3.232093,0 -76.394042,3.232650,0 -76.393785,3.233159,0 -76.393683,3.233334,0 -76.393549,3.233481,0 -76.393402,3.233614,0 -76.393243,3.233734,0 -76.393074,3.233839,0 -76.392896,3.233927,0 -76.392710,3.233999,0 -76.392519,3.234054,0 -76.392324,3.234091,0 -76.392039,3.234125,0 -76.391529,3.234171,0 -76.391272,3.234194,0 -76.390319,3.234279,0 -76.388616,3.234477,0 -76.388009,3.234545,0 -76.387722,3.234587,0 -76.387470,3.234661,0 -76.387187,3.234771,0 -76.386934,3.234905,0 -76.386771,3.235012,0 -76.386555,3.235181,0 -76.386331,3.235410,0 -76.386160,3.235621,0 -76.385883,3.236004,0 -76.385544,3.236504,0 -76.385261,3.236930,0 -76.384992,3.237312,0 -76.384439,3.238184,0 -76.383787,3.239069,0 -76.383627,3.239325,0 -76.383570,3.239408,0 -76.383018,3.240215,0 -76.382190,3.241439,0 -76.381412,3.242575,0 -76.381132,3.242976,0 -76.380604,3.243790,0 -76.380121,3.244471,0 -76.379788,3.244965,0 -76.379512,3.245338,0 -76.379159,3.245873,0 -76.378939,3.246232,0 -76.378765,3.246457,0 -76.378152,3.247346,0 -76.377797,3.247843,0 -76.376937,3.249121,0 -76.376671,3.249486,0 -76.376174,3.250217,0 -76.375620,3.251032,0 -76.374998,3.251983,0 -76.374542,3.252648,0 -76.373935,3.253524,0 -76.373681,3.253891,0 -76.373072,3.254791,0 -76.372343,3.255861,0 -76.372013,3.256345,0 -76.371318,3.257363,0 -76.371048,3.257755,0 -76.370814,3.258107,0 -76.370799,3.258128,0 -76.370547,3.258498,0 -76.369616,3.259865,0 -76.369580,3.259918,0 -76.368614,3.261313,0 -76.367403,3.263114,0 -76.367335,3.263215,0 -76.366564,3.264320,0 -76.366416,3.264551,0 -76.366060,3.265069,0 -76.364913,3.266736,0 -76.364414,3.267463,0 -76.364057,3.267981,0 -76.363540,3.268733,0 -76.363520,3.268762,0 -76.363484,3.268815,0 -76.363409,3.268926,0 -76.363054,3.269439,0 -76.362748,3.269880,0 -76.362733,3.269902,0 -76.362680,3.269978,0 -76.362311,3.270510,0 -76.361987,3.270974,0 -76.361864,3.271151,0 -76.361582,3.271555,0 -76.361331,3.271923,0 -76.361247,3.272044,0 -76.360422,3.273234,0 -76.359647,3.274351,0 -76.359476,3.274597,0 -76.358634,3.275811,0 -76.357495,3.277454,0 -76.357405,3.277582,0 -76.356783,3.278466,0 -76.356284,3.279180,0 -76.355091,3.280899,0 -76.354667,3.281496,0 -76.354506,3.281722,0 -76.353409,3.283301,0 -76.352508,3.284603,0 -76.351740,3.285704,0 -76.351519,3.286035,0 -76.351505,3.286055,0 -76.351477,3.286095,0 -76.351279,3.286375,0 -76.350509,3.287486,0 -76.349648,3.288755,0 -76.349254,3.289339,0 -76.348696,3.290164,0 -76.348181,3.290921,0 -76.348026,3.291180,0 -76.347544,3.291870,0 -76.347334,3.292170,0 -76.347243,3.292306,0 -76.347418,3.292391,0 -76.347621,3.292457,0 -76.349122,3.292843,0 -76.350846,3.293300,0 -76.352362,3.293719,0 -76.354401,3.294357,0 -76.354830,3.294417,0 -76.355305,3.294511,0 -76.359942,3.295628,0 -76.359720,3.299910,0 -76.359712,3.300053,0 -76.359559,3.302989,0 -76.359479,3.304542,0 -76.359548,3.304983,0 -76.359802,3.305995,0 -76.360872,3.310250,0 -76.360885,3.310368,0 -76.360878,3.310433,0 -76.360868,3.310516,0 -76.360545,3.313558,0 -76.360508,3.314045,0 -76.360483,3.314372,0 -76.360452,3.314784,0 -76.360401,3.315017,0 -76.360350,3.315105,0 -76.360258,3.315141,0 -76.360124,3.315163,0 -76.359932,3.315170,0 -76.359568,3.315172,0 -76.359420,3.315198,0 -76.359319,3.315254,0 -76.359044,3.315567,0 -76.358156,3.316779,0 -76.357486,3.317684,0 -76.357175,3.318134,0 -76.357027,3.318404,0 -76.356869,3.318766,0 -76.356705,3.319392,0 -76.356638,3.319839,0 -76.356603,3.320206,0 -76.356579,3.320284,0 -76.356469,3.320431,0 -76.355713,3.321269,0 -76.355254,3.321754,0 -76.355144,3.321845,0 -76.354994,3.321899,0 -76.354581,3.321933,0 -76.354026,3.321950,0 -76.353654,3.321976,0 -76.353366,3.322011,0 -76.353154,3.322038,0 -76.352907,3.322090,0 -76.352655,3.322169,0 -76.352424,3.322260,0 -76.352062,3.322426,0 -76.351762,3.322563,0 -76.351600,3.322654,0 -76.351525,3.322780,0 -76.351457,3.322911,0 -76.351393,3.323055,0 -76.351327,3.323244,0 -76.351647,3.323483,0 -76.351840,3.323653,0 -76.352027,3.323845,0 -76.352172,3.324033,0 -76.352284,3.324224,0 -76.352388,3.324404,0 -76.352459,3.324597,0 -76.352533,3.324781,0 -76.352577,3.324981,0 -76.352608,3.325149,0 -76.352623,3.325335,0 -76.352615,3.325508,0 -76.352612,3.325722,0 -76.352607,3.325937,0 -76.352596,3.326219,0 -76.352585,3.326528,0 -76.352577,3.326776,0 -76.352567,3.326979,0 -76.352564,3.327251,0 -76.352548,3.327606,0 -76.352532,3.327925,0 -76.352516,3.328237,0 -76.352490,3.328439,0 -76.352461,3.328579,0 -76.352428,3.328707,0 -76.352378,3.328848,0 -76.352317,3.329006,0 -76.352235,3.329223,0 -76.352128,3.329517,0 -76.351898,3.330182,0 -76.351594,3.330935,0 -76.351348,3.331642,0 -76.351272,3.331873,0 -76.351205,3.332141,0 -76.351154,3.332426,0 -76.351148,3.332480,0 -76.351125,3.332673,0 -76.351114,3.332834,0 -76.351109,3.332940,0 -76.351104,3.333231,0 -76.351112,3.333445,0 -76.351138,3.333757,0 -76.351179,3.334023,0 -76.351281,3.334634,0 -76.351388,3.335234,0 -76.351605,3.336538,0 -76.351687,3.337037,0 -76.351793,3.337669,0 -76.351858,3.338104,0 -76.352048,3.339249,0 -76.352249,3.340507,0 -76.352345,3.341028,0 -76.352439,3.341467,0 -76.352523,3.341874,0 -76.352561,3.342032,0 -76.352650,3.342260,0 -76.352795,3.342596,0 -76.352964,3.342984,0 -76.353304,3.343747,0 -76.353894,3.345043,0 -76.354038,3.345365,0 -76.354441,3.346272,0 -76.354570,3.346591,0 -76.354691,3.346924,0 -76.354755,3.347177,0 -76.354801,3.347398,0 -76.354836,3.347628,0 -76.354852,3.347866,0 -76.354857,3.348113,0 -76.354855,3.348338,0 -76.354846,3.348571,0 -76.354825,3.348849,0 -76.354785,3.349247,0 -76.354699,3.349941,0 -76.354684,3.350088,0 -76.354460,3.351866,0 -76.354310,3.353085,0 -76.354197,3.353966,0 -76.354144,3.354426,0 -76.354077,3.355086,0 -76.354018,3.355519,0 -76.353948,3.356058,0 -76.353822,3.357139,0 -76.353664,3.358422,0 -76.353503,3.359711,0 -76.353366,3.360841,0 -76.353269,3.361705,0 -76.353236,3.361962,0 -76.353216,3.362118,0 -76.353125,3.362821,0 -76.352918,3.364444,0 -76.352762,3.365673,0 -76.352676,3.366311,0 -76.352639,3.366748,0 -76.352599,3.367144,0 -76.352583,3.367461,0 -76.352585,3.367815,0 -76.352587,3.368056,0 -76.352588,3.368329,0 -76.352577,3.368901,0 -76.352569,3.369673,0 -76.352569,3.370152,0 -76.352580,3.370722,0 -76.352580,3.370977,0 -76.352567,3.371221,0 -76.352545,3.371576,0 -76.352542,3.371827,0 -76.352540,3.372779,0 -76.352540,3.373269,0 -76.352529,3.374738,0 -76.352526,3.375300,0 -76.352518,3.376040,0 -76.352502,3.376687,0 -76.352505,3.377161,0 -76.352516,3.377806,0 -76.352521,3.378677,0 -76.352526,3.379089,0 -76.352518,3.379458,0 -76.352504,3.380021,0 -76.352502,3.380340,0 -76.352505,3.381023,0 -76.352492,3.381816,0 -76.352489,3.382448,0 -76.352516,3.382769,0 -76.352553,3.383108,0 -76.352583,3.383440,0 -76.352631,3.383877,0 -76.352712,3.384538,0 -76.352764,3.385005,0 -76.352850,3.385803,0 -76.352889,3.386102,0 -76.353047,3.387476,0 -76.353192,3.388938,0 -76.353244,3.389467,0 -76.353311,3.390038,0 -76.353367,3.390516,0 -76.353488,3.391552,0 -76.353539,3.391995,0 -76.353557,3.392147,0 -76.353597,3.392486,0 -76.353652,3.393311,0 -76.353746,3.393911,0 -76.353751,3.394063,0 -76.353744,3.394130,0 -76.353721,3.394232,0 -76.353673,3.394351,0 -76.353620,3.394442,0 -76.353519,3.394560,0 -76.353403,3.394651,0 -76.353305,3.394726,0 -76.353195,3.394821,0 -76.353088,3.394952,0 -76.353017,3.395079,0 -76.352959,3.395174,0 -76.352889,3.395249,0 -76.352792,3.395314,0 -76.352675,3.395356,0 -76.352586,3.395368,0 -76.352492,3.395363,0 -76.352346,3.395317,0 -76.352061,3.395237,0 -76.351934,3.395191,0 -76.351714,3.395108,0 -76.351322,3.394930,0 -76.349820,3.394213,0 -76.348777,3.393712,0 -76.348165,3.393419,0 -76.347759,3.393218,0 -76.347263,3.392989,0 -76.347195,3.392960,0 -76.347022,3.392886,0 -76.346393,3.392661,0 -76.345733,3.392448,0 -76.344638,3.392090,0 -76.343750,3.391808,0 -76.342423,3.391379,0 -76.341500,3.391085,0 -76.340762,3.390843,0 -76.340544,3.390769,0 -76.340179,3.390649,0 -76.339795,3.390504,0 -76.339422,3.390330,0 -76.339109,3.390163,0 -76.338879,3.390016,0 -76.338658,3.389856,0 -76.338300,3.389561,0 -76.337705,3.389081,0 -76.336814,3.388336,0 -76.336361,3.387958,0 -76.335870,3.387538,0 -76.335551,3.387235,0 -76.335239,3.386890,0 -76.334867,3.386440,0 -76.334435,3.385856,0 -76.334000,3.385265,0 -76.333351,3.384389,0 -76.332721,3.383538,0 -76.332333,3.383030,0 -76.332047,3.382630,0 -76.331611,3.382022,0 -76.331444,3.381789,0 -76.330924,3.380983,0 -76.330898,3.380948,0 -76.330497,3.380399,0 -76.330154,3.379869,0 -76.329950,3.379604,0 -76.329816,3.379441,0 -76.329642,3.379287,0 -76.329435,3.379125,0 -76.328746,3.378655,0 -76.328338,3.378387,0 -76.328147,3.378256,0 -76.327692,3.377947,0 -76.327567,3.377861,0 -76.327421,3.377754,0 -76.327320,3.377687,0 -76.326672,3.377241,0 -76.325999,3.376774,0 -76.325836,3.376662,0 -76.325350,3.376346,0 -76.325133,3.376240,0 -76.324900,3.376139,0 -76.324662,3.376071,0 -76.323851,3.375809,0 -76.322612,3.375465,0 -76.322238,3.375345,0 -76.322065,3.375289,0 -76.321667,3.375117,0 -76.321449,3.375013,0 -76.321129,3.374861,0 -76.320155,3.374329,0 -76.319083,3.373723,0 -76.318631,3.373476,0 -76.318544,3.373429,0 -76.317749,3.373004,0 -76.316298,3.372199,0 -76.315979,3.371993,0 -76.315705,3.371796,0 -76.315458,3.371593,0 -76.315010,3.371132,0 -76.314104,3.370203,0 -76.313379,3.369440,0 -76.313114,3.369178,0 -76.312878,3.368945,0 -76.312481,3.368541,0 -76.312170,3.368210,0 -76.311795,3.367816,0 -76.311718,3.367736,0 -76.311419,3.367423,0 -76.310925,3.366923,0 -76.310083,3.366012,0 -76.309918,3.365846,0 -76.309864,3.365792,0 -76.308786,3.364710,0 -76.308612,3.364536,0 -76.308181,3.364074,0 -76.307356,3.363232,0 -76.306812,3.362660,0 -76.304959,3.360740,0 -76.304502,3.360267,0 -76.304196,3.359953,0 -76.304108,3.359860,0 -76.303864,3.359602,0 -76.303509,3.359273,0 -76.303261,3.359050,0 -76.302889,3.358854,0 -76.302752,3.358782,0 -76.302541,3.358695,0 -76.301062,3.358242,0 -76.299763,3.357837,0 -76.298997,3.357603,0 -76.297194,3.357047,0 -76.296909,3.356955,0 -76.296443,3.356805,0 -76.296130,3.356674,0 -76.295823,3.356528,0 -76.295464,3.356309,0 -76.295061,3.356754,0 -76.294746,3.357097,0 -76.294047,3.357856,0 -76.293966,3.357956,0 -76.293610,3.358357,0 -76.293043,3.358996,0 -76.293002,3.359044,0 -76.292923,3.359131,0 -76.292824,3.359360,0 -76.292708,3.359558,0 -76.292576,3.359765,0 -76.291934,3.360455,0 -76.291068,3.361385,0 -76.290977,3.361495,0 -76.290912,3.361622,0 -76.290876,3.361761,0 -76.290666,3.363704,0 -76.290403,3.366269,0 -76.290312,3.366275,0 -76.290110,3.366293,0 -76.289335,3.366370,0 -76.288847,3.366437,0 -76.288859,3.366551,0 -76.288845,3.367668,0 -76.288065,3.368321,0 -76.287901,3.368380,0 -76.287901,3.368380,0</coordinates></LineString></Placemark></Folder><Folder><name>Puntos de muestreo</name><Placemark><name>CC-041</name><styleUrl>#dia1</styleUrl><ExtendedData><Data name="ID"><value>CC-041</value></Data><Data name="INGENIO"><value>Castilla</value></Data><Data name="DIA"><value>1</value></Data><Data name="ORDEN"><value>1</value></Data><Data name="HORA_LLEGADA"><value>06:48</value></Data><Data name="HORA_SALIDA"><value>08:32</value></Data><Data name="COD_SUERTE"><value>CC000436000050</value></Data><Data name="EDAD_MESES"><value>0.8</value></Data><Data name="KM_DESDE_ANTERIOR"><value>9.5</value></Data><Data name="ACCESO_PIE_M"><value>140.0</value></Data><Data name="LATITUD"><value>3.390107</value></Data><Data name="LONGITUD"><value>-76.23162</value></Data></ExtendedData>
<Point><coordinates>-76.231620,3.390107,0</coordinates></Point></Placemark><Placemark><name>CC-023</name><styleUrl>#dia1</styleUrl><ExtendedData><Data name="ID"><value>CC-023</value></Data><Data name="INGENIO"><value>Castilla</value></Data><Data name="DIA"><value>1</value></Data><Data name="ORDEN"><value>2</value></Data><Data name="HORA_LLEGADA"><value>08:35</value></Data><Data name="HORA_SALIDA"><value>10:17</value></Data><Data name="COD_SUERTE"><value>CC000434000060</value></Data><Data name="EDAD_MESES"><value>3.0</value></Data><Data name="KM_DESDE_ANTERIOR"><value>1.1</value></Data><Data name="ACCESO_PIE_M"><value>86.0</value></Data><Data name="LATITUD"><value>3.382202</value></Data><Data name="LONGITUD"><value>-76.23036</value></Data></ExtendedData>
<Point><coordinates>-76.230360,3.382202,0</coordinates></Point></Placemark><Placemark><name>CC-020</name><styleUrl>#dia1</styleUrl><ExtendedData><Data name="ID"><value>CC-020</value></Data><Data name="INGENIO"><value>Castilla</value></Data><Data name="DIA"><value>1</value></Data><Data name="ORDEN"><value>3</value></Data><Data name="HORA_LLEGADA"><value>10:19</value></Data><Data name="HORA_SALIDA"><value>12:15</value></Data><Data name="COD_SUERTE"><value>CC000434000050</value></Data><Data name="EDAD_MESES"><value>10.6</value></Data><Data name="KM_DESDE_ANTERIOR"><value>0.7</value></Data><Data name="ACCESO_PIE_M"><value>522.0</value></Data><Data name="LATITUD"><value>3.375554</value></Data><Data name="LONGITUD"><value>-76.234406</value></Data></ExtendedData>
<Point><coordinates>-76.234406,3.375554,0</coordinates></Point></Placemark><Placemark><name>CC-002</name><styleUrl>#dia1</styleUrl><ExtendedData><Data name="ID"><value>CC-002</value></Data><Data name="INGENIO"><value>Castilla</value></Data><Data name="DIA"><value>1</value></Data><Data name="ORDEN"><value>4</value></Data><Data name="HORA_LLEGADA"><value>12:33</value></Data><Data name="HORA_SALIDA"><value>14:15</value></Data><Data name="COD_SUERTE"><value>CC000108000031</value></Data><Data name="EDAD_MESES"><value>12.1</value></Data><Data name="KM_DESDE_ANTERIOR"><value>10.8</value></Data><Data name="ACCESO_PIE_M"><value>98.0</value></Data><Data name="LATITUD"><value>3.356959</value></Data><Data name="LONGITUD"><value>-76.29064</value></Data></ExtendedData>
<Point><coordinates>-76.290640,3.356959,0</coordinates></Point></Placemark><Placemark><name>CC-045</name><styleUrl>#dia2</styleUrl><ExtendedData><Data name="ID"><value>CC-045</value></Data><Data name="INGENIO"><value>Castilla</value></Data><Data name="DIA"><value>2</value></Data><Data name="ORDEN"><value>1</value></Data><Data name="HORA_LLEGADA"><value>06:52</value></Data><Data name="HORA_SALIDA"><value>08:52</value></Data><Data name="COD_SUERTE"><value>CC000493000030</value></Data><Data name="EDAD_MESES"><value>2.1</value></Data><Data name="KM_DESDE_ANTERIOR"><value>12.2</value></Data><Data name="ACCESO_PIE_M"><value>615.0</value></Data><Data name="LATITUD"><value>3.338274</value></Data><Data name="LONGITUD"><value>-76.23063</value></Data></ExtendedData>
<Point><coordinates>-76.230630,3.338274,0</coordinates></Point></Placemark><Placemark><name>CC-038</name><styleUrl>#dia2</styleUrl><ExtendedData><Data name="ID"><value>CC-038</value></Data><Data name="INGENIO"><value>Castilla</value></Data><Data name="DIA"><value>2</value></Data><Data name="ORDEN"><value>2</value></Data><Data name="HORA_LLEGADA"><value>08:54</value></Data><Data name="HORA_SALIDA"><value>10:35</value></Data><Data name="COD_SUERTE"><value>CC000466000050</value></Data><Data name="EDAD_MESES"><value>10.3</value></Data><Data name="KM_DESDE_ANTERIOR"><value>0.9</value></Data><Data name="ACCESO_PIE_M"><value>45.0</value></Data><Data name="LATITUD"><value>3.344922</value></Data><Data name="LONGITUD"><value>-76.22327</value></Data></ExtendedData>
<Point><coordinates>-76.223270,3.344922,0</coordinates></Point></Placemark><Placemark><name>CC-005</name><styleUrl>#dia2</styleUrl><ExtendedData><Data name="ID"><value>CC-005</value></Data><Data name="INGENIO"><value>Castilla</value></Data><Data name="DIA"><value>2</value></Data><Data name="ORDEN"><value>3</value></Data><Data name="HORA_LLEGADA"><value>10:35</value></Data><Data name="HORA_SALIDA"><value>12:16</value></Data><Data name="COD_SUERTE"><value>CC000445000090</value></Data><Data name="EDAD_MESES"><value>10.1</value></Data><Data name="KM_DESDE_ANTERIOR"><value>0.3</value></Data><Data name="ACCESO_PIE_M"><value>36.0</value></Data><Data name="LATITUD"><value>3.343934</value></Data><Data name="LONGITUD"><value>-76.22515</value></Data></ExtendedData>
<Point><coordinates>-76.225150,3.343934,0</coordinates></Point></Placemark><Placemark><name>CC-029</name><styleUrl>#dia2</styleUrl><ExtendedData><Data name="ID"><value>CC-029</value></Data><Data name="INGENIO"><value>Castilla</value></Data><Data name="DIA"><value>2</value></Data><Data name="ORDEN"><value>4</value></Data><Data name="HORA_LLEGADA"><value>12:18</value></Data><Data name="HORA_SALIDA"><value>14:03</value></Data><Data name="COD_SUERTE"><value>CC000445000150</value></Data><Data name="EDAD_MESES"><value>8.2</value></Data><Data name="KM_DESDE_ANTERIOR"><value>0.8</value></Data><Data name="ACCESO_PIE_M"><value>178.0</value></Data><Data name="LATITUD"><value>3.347886</value></Data><Data name="LONGITUD"><value>-76.2309</value></Data></ExtendedData>
<Point><coordinates>-76.230900,3.347886,0</coordinates></Point></Placemark><Placemark><name>CC-008</name><styleUrl>#dia3</styleUrl><ExtendedData><Data name="ID"><value>CC-008</value></Data><Data name="INGENIO"><value>Castilla</value></Data><Data name="DIA"><value>3</value></Data><Data name="ORDEN"><value>1</value></Data><Data name="HORA_LLEGADA"><value>06:50</value></Data><Data name="HORA_SALIDA"><value>08:52</value></Data><Data name="COD_SUERTE"><value>CC000484000112</value></Data><Data name="EDAD_MESES"><value>8.3</value></Data><Data name="KM_DESDE_ANTERIOR"><value>6.9</value></Data><Data name="ACCESO_PIE_M"><value>690.0</value></Data><Data name="LATITUD"><value>3.339891</value></Data><Data name="LONGITUD"><value>-76.237724</value></Data></ExtendedData>
<Point><coordinates>-76.237724,3.339891,0</coordinates></Point></Placemark><Placemark><name>CC-004</name><styleUrl>#dia3</styleUrl><ExtendedData><Data name="ID"><value>CC-004</value></Data><Data name="INGENIO"><value>Castilla</value></Data><Data name="DIA"><value>3</value></Data><Data name="ORDEN"><value>2</value></Data><Data name="HORA_LLEGADA"><value>08:53</value></Data><Data name="HORA_SALIDA"><value>10:39</value></Data><Data name="COD_SUERTE"><value>CC000447000120</value></Data><Data name="EDAD_MESES"><value>10.6</value></Data><Data name="KM_DESDE_ANTERIOR"><value>0.5</value></Data><Data name="ACCESO_PIE_M"><value>208.0</value></Data><Data name="LATITUD"><value>3.347258</value></Data><Data name="LONGITUD"><value>-76.244286</value></Data></ExtendedData>
<Point><coordinates>-76.244286,3.347258,0</coordinates></Point></Placemark><Placemark><name>CC-039</name><styleUrl>#dia3</styleUrl><ExtendedData><Data name="ID"><value>CC-039</value></Data><Data name="INGENIO"><value>Castilla</value></Data><Data name="DIA"><value>3</value></Data><Data name="ORDEN"><value>3</value></Data><Data name="HORA_LLEGADA"><value>10:59</value></Data><Data name="HORA_SALIDA"><value>12:43</value></Data><Data name="COD_SUERTE"><value>CC000315000050</value></Data><Data name="EDAD_MESES"><value>1.8</value></Data><Data name="KM_DESDE_ANTERIOR"><value>11.3</value></Data><Data name="ACCESO_PIE_M"><value>177.0</value></Data><Data name="LATITUD"><value>3.370434</value></Data><Data name="LONGITUD"><value>-76.30977</value></Data></ExtendedData>
<Point><coordinates>-76.309770,3.370434,0</coordinates></Point></Placemark><Placemark><name>CC-016</name><styleUrl>#dia4</styleUrl><ExtendedData><Data name="ID"><value>CC-016</value></Data><Data name="INGENIO"><value>Castilla</value></Data><Data name="DIA"><value>4</value></Data><Data name="ORDEN"><value>1</value></Data><Data name="HORA_LLEGADA"><value>06:59</value></Data><Data name="HORA_SALIDA"><value>08:40</value></Data><Data name="COD_SUERTE"><value>CC000486000024</value></Data><Data name="EDAD_MESES"><value>13.5</value></Data><Data name="KM_DESDE_ANTERIOR"><value>10.9</value></Data><Data name="ACCESO_PIE_M"><value>63.0</value></Data><Data name="LATITUD"><value>3.378519</value></Data><Data name="LONGITUD"><value>-76.217155</value></Data></ExtendedData>
<Point><coordinates>-76.217155,3.378519,0</coordinates></Point></Placemark><Placemark><name>CC-003</name><styleUrl>#dia4</styleUrl><ExtendedData><Data name="ID"><value>CC-003</value></Data><Data name="INGENIO"><value>Castilla</value></Data><Data name="DIA"><value>4</value></Data><Data name="ORDEN"><value>2</value></Data><Data name="HORA_LLEGADA"><value>08:46</value></Data><Data name="HORA_SALIDA"><value>10:31</value></Data><Data name="COD_SUERTE"><value>CC000486000030</value></Data><Data name="EDAD_MESES"><value>13.8</value></Data><Data name="KM_DESDE_ANTERIOR"><value>0.7</value></Data><Data name="ACCESO_PIE_M"><value>196.0</value></Data><Data name="LATITUD"><value>3.381034</value></Data><Data name="LONGITUD"><value>-76.21096</value></Data></ExtendedData>
<Point><coordinates>-76.210960,3.381034,0</coordinates></Point></Placemark><Placemark><name>CC-021</name><styleUrl>#dia4</styleUrl><ExtendedData><Data name="ID"><value>CC-021</value></Data><Data name="INGENIO"><value>Castilla</value></Data><Data name="DIA"><value>4</value></Data><Data name="ORDEN"><value>3</value></Data><Data name="HORA_LLEGADA"><value>10:37</value></Data><Data name="HORA_SALIDA"><value>12:18</value></Data><Data name="COD_SUERTE"><value>CC000486000110</value></Data><Data name="EDAD_MESES"><value>8.3</value></Data><Data name="KM_DESDE_ANTERIOR"><value>0.8</value></Data><Data name="ACCESO_PIE_M"><value>50.0</value></Data><Data name="LATITUD"><value>3.386873</value></Data><Data name="LONGITUD"><value>-76.21473</value></Data></ExtendedData>
<Point><coordinates>-76.214730,3.386873,0</coordinates></Point></Placemark><Placemark><name>CC-014</name><styleUrl>#dia5</styleUrl><ExtendedData><Data name="ID"><value>CC-014</value></Data><Data name="INGENIO"><value>Castilla</value></Data><Data name="DIA"><value>5</value></Data><Data name="ORDEN"><value>1</value></Data><Data name="HORA_LLEGADA"><value>06:55</value></Data><Data name="HORA_SALIDA"><value>08:54</value></Data><Data name="COD_SUERTE"><value>CC000290000040</value></Data><Data name="EDAD_MESES"><value>1.8</value></Data><Data name="KM_DESDE_ANTERIOR"><value>12.3</value></Data><Data name="ACCESO_PIE_M"><value>617.0</value></Data><Data name="LATITUD"><value>3.398282</value></Data><Data name="LONGITUD"><value>-76.229195</value></Data></ExtendedData>
<Point><coordinates>-76.229195,3.398282,0</coordinates></Point></Placemark><Placemark><name>CC-035</name><styleUrl>#dia5</styleUrl><ExtendedData><Data name="ID"><value>CC-035</value></Data><Data name="INGENIO"><value>Castilla</value></Data><Data name="DIA"><value>5</value></Data><Data name="ORDEN"><value>2</value></Data><Data name="HORA_LLEGADA"><value>09:03</value></Data><Data name="HORA_SALIDA"><value>10:47</value></Data><Data name="COD_SUERTE"><value>CC000436000130</value></Data><Data name="EDAD_MESES"><value>12.4</value></Data><Data name="KM_DESDE_ANTERIOR"><value>2.2</value></Data><Data name="ACCESO_PIE_M"><value>163.0</value></Data><Data name="LATITUD"><value>3.398372</value></Data><Data name="LONGITUD"><value>-76.22066</value></Data></ExtendedData>
<Point><coordinates>-76.220660,3.398372,0</coordinates></Point></Placemark><Placemark><name>CC-007</name><styleUrl>#dia5</styleUrl><ExtendedData><Data name="ID"><value>CC-007</value></Data><Data name="INGENIO"><value>Castilla</value></Data><Data name="DIA"><value>5</value></Data><Data name="ORDEN"><value>3</value></Data><Data name="HORA_LLEGADA"><value>10:49</value></Data><Data name="HORA_SALIDA"><value>12:40</value></Data><Data name="COD_SUERTE"><value>CC000434000140</value></Data><Data name="EDAD_MESES"><value>11.5</value></Data><Data name="KM_DESDE_ANTERIOR"><value>0.5</value></Data><Data name="ACCESO_PIE_M"><value>363.0</value></Data><Data name="LATITUD"><value>3.392892</value></Data><Data name="LONGITUD"><value>-76.22263</value></Data></ExtendedData>
<Point><coordinates>-76.222630,3.392892,0</coordinates></Point></Placemark><Placemark><name>CC-017</name><styleUrl>#dia6</styleUrl><ExtendedData><Data name="ID"><value>CC-017</value></Data><Data name="INGENIO"><value>Castilla</value></Data><Data name="DIA"><value>6</value></Data><Data name="ORDEN"><value>1</value></Data><Data name="HORA_LLEGADA"><value>07:07</value></Data><Data name="HORA_SALIDA"><value>08:47</value></Data><Data name="COD_SUERTE"><value>CC000456000060</value></Data><Data name="EDAD_MESES"><value>11.0</value></Data><Data name="KM_DESDE_ANTERIOR"><value>22.5</value></Data><Data name="ACCESO_PIE_M"><value>15.0</value></Data><Data name="LATITUD"><value>3.43637</value></Data><Data name="LONGITUD"><value>-76.40454</value></Data></ExtendedData>
<Point><coordinates>-76.404540,3.436370,0</coordinates></Point></Placemark><Placemark><name>CC-019</name><styleUrl>#dia6</styleUrl><ExtendedData><Data name="ID"><value>CC-019</value></Data><Data name="INGENIO"><value>Castilla</value></Data><Data name="DIA"><value>6</value></Data><Data name="ORDEN"><value>2</value></Data><Data name="HORA_LLEGADA"><value>08:58</value></Data><Data name="HORA_SALIDA"><value>10:41</value></Data><Data name="COD_SUERTE"><value>CC000420000240</value></Data><Data name="EDAD_MESES"><value>8.0</value></Data><Data name="KM_DESDE_ANTERIOR"><value>3.2</value></Data><Data name="ACCESO_PIE_M"><value>106.0</value></Data><Data name="LATITUD"><value>3.453888</value></Data><Data name="LONGITUD"><value>-76.41658</value></Data></ExtendedData>
<Point><coordinates>-76.416580,3.453888,0</coordinates></Point></Placemark><Placemark><name>CC-040</name><styleUrl>#dia6</styleUrl><ExtendedData><Data name="ID"><value>CC-040</value></Data><Data name="INGENIO"><value>Castilla</value></Data><Data name="DIA"><value>6</value></Data><Data name="ORDEN"><value>3</value></Data><Data name="HORA_LLEGADA"><value>10:52</value></Data><Data name="HORA_SALIDA"><value>12:33</value></Data><Data name="COD_SUERTE"><value>CC000412000210</value></Data><Data name="EDAD_MESES"><value>2.5</value></Data><Data name="KM_DESDE_ANTERIOR"><value>2.7</value></Data><Data name="ACCESO_PIE_M"><value>70.0</value></Data><Data name="LATITUD"><value>3.446342</value></Data><Data name="LONGITUD"><value>-76.39727</value></Data></ExtendedData>
<Point><coordinates>-76.397270,3.446342,0</coordinates></Point></Placemark><Placemark><name>CC-044</name><styleUrl>#dia7</styleUrl><ExtendedData><Data name="ID"><value>CC-044</value></Data><Data name="INGENIO"><value>Castilla</value></Data><Data name="DIA"><value>7</value></Data><Data name="ORDEN"><value>1</value></Data><Data name="HORA_LLEGADA"><value>06:48</value></Data><Data name="HORA_SALIDA"><value>08:30</value></Data><Data name="COD_SUERTE"><value>CC000438000010</value></Data><Data name="EDAD_MESES"><value>10.8</value></Data><Data name="KM_DESDE_ANTERIOR"><value>7.6</value></Data><Data name="ACCESO_PIE_M"><value>69.0</value></Data><Data name="LATITUD"><value>3.417146</value></Data><Data name="LONGITUD"><value>-76.28148</value></Data></ExtendedData>
<Point><coordinates>-76.281480,3.417146,0</coordinates></Point></Placemark><Placemark><name>CC-011</name><styleUrl>#dia7</styleUrl><ExtendedData><Data name="ID"><value>CC-011</value></Data><Data name="INGENIO"><value>Castilla</value></Data><Data name="DIA"><value>7</value></Data><Data name="ORDEN"><value>2</value></Data><Data name="HORA_LLEGADA"><value>09:06</value></Data><Data name="HORA_SALIDA"><value>10:53</value></Data><Data name="COD_SUERTE"><value>CC000300000080</value></Data><Data name="EDAD_MESES"><value>11.1</value></Data><Data name="KM_DESDE_ANTERIOR"><value>13.8</value></Data><Data name="ACCESO_PIE_M"><value>250.0</value></Data><Data name="LATITUD"><value>3.473471</value></Data><Data name="LONGITUD"><value>-76.26719</value></Data></ExtendedData>
<Point><coordinates>-76.267190,3.473471,0</coordinates></Point></Placemark><Placemark><name>CC-032</name><styleUrl>#dia7</styleUrl><ExtendedData><Data name="ID"><value>CC-032</value></Data><Data name="INGENIO"><value>Castilla</value></Data><Data name="DIA"><value>7</value></Data><Data name="ORDEN"><value>3</value></Data><Data name="HORA_LLEGADA"><value>11:07</value></Data><Data name="HORA_SALIDA"><value>12:51</value></Data><Data name="COD_SUERTE"><value>CC000300000121</value></Data><Data name="EDAD_MESES"><value>9.8</value></Data><Data name="KM_DESDE_ANTERIOR"><value>1.9</value></Data><Data name="ACCESO_PIE_M"><value>144.0</value></Data><Data name="LATITUD"><value>3.472573</value></Data><Data name="LONGITUD"><value>-76.25021</value></Data></ExtendedData>
<Point><coordinates>-76.250210,3.472573,0</coordinates></Point></Placemark><Placemark><name>CC-028</name><styleUrl>#dia8</styleUrl><ExtendedData><Data name="ID"><value>CC-028</value></Data><Data name="INGENIO"><value>Castilla</value></Data><Data name="DIA"><value>8</value></Data><Data name="ORDEN"><value>1</value></Data><Data name="HORA_LLEGADA"><value>07:11</value></Data><Data name="HORA_SALIDA"><value>09:03</value></Data><Data name="COD_SUERTE"><value>CC000473000040</value></Data><Data name="EDAD_MESES"><value>13.4</value></Data><Data name="KM_DESDE_ANTERIOR"><value>30.3</value></Data><Data name="ACCESO_PIE_M"><value>392.0</value></Data><Data name="LATITUD"><value>3.497456</value></Data><Data name="LONGITUD"><value>-76.41955</value></Data></ExtendedData>
<Point><coordinates>-76.419550,3.497456,0</coordinates></Point></Placemark><Placemark><name>CC-033</name><styleUrl>#dia8</styleUrl><ExtendedData><Data name="ID"><value>CC-033</value></Data><Data name="INGENIO"><value>Castilla</value></Data><Data name="DIA"><value>8</value></Data><Data name="ORDEN"><value>2</value></Data><Data name="HORA_LLEGADA"><value>09:23</value></Data><Data name="HORA_SALIDA"><value>11:11</value></Data><Data name="COD_SUERTE"><value>CC000412000330</value></Data><Data name="EDAD_MESES"><value>10.4</value></Data><Data name="KM_DESDE_ANTERIOR"><value>9.1</value></Data><Data name="ACCESO_PIE_M"><value>283.0</value></Data><Data name="LATITUD"><value>3.449216</value></Data><Data name="LONGITUD"><value>-76.390175</value></Data></ExtendedData>
<Point><coordinates>-76.390175,3.449216,0</coordinates></Point></Placemark><Placemark><name>CC-015</name><styleUrl>#dia8</styleUrl><ExtendedData><Data name="ID"><value>CC-015</value></Data><Data name="INGENIO"><value>Castilla</value></Data><Data name="DIA"><value>8</value></Data><Data name="ORDEN"><value>3</value></Data><Data name="HORA_LLEGADA"><value>11:21</value></Data><Data name="HORA_SALIDA"><value>13:02</value></Data><Data name="COD_SUERTE"><value>CC000412000190</value></Data><Data name="EDAD_MESES"><value>2.6</value></Data><Data name="KM_DESDE_ANTERIOR"><value>3.0</value></Data><Data name="ACCESO_PIE_M"><value>39.0</value></Data><Data name="LATITUD"><value>3.442748</value></Data><Data name="LONGITUD"><value>-76.4014</value></Data></ExtendedData>
<Point><coordinates>-76.401400,3.442748,0</coordinates></Point></Placemark><Placemark><name>CC-018</name><styleUrl>#dia9</styleUrl><ExtendedData><Data name="ID"><value>CC-018</value></Data><Data name="INGENIO"><value>Castilla</value></Data><Data name="DIA"><value>9</value></Data><Data name="ORDEN"><value>1</value></Data><Data name="HORA_LLEGADA"><value>07:00</value></Data><Data name="HORA_SALIDA"><value>08:41</value></Data><Data name="COD_SUERTE"><value>CC000461000061</value></Data><Data name="EDAD_MESES"><value>10.4</value></Data><Data name="KM_DESDE_ANTERIOR"><value>20.5</value></Data><Data name="ACCESO_PIE_M"><value>56.0</value></Data><Data name="LATITUD"><value>3.236226</value></Data><Data name="LONGITUD"><value>-76.234406</value></Data></ExtendedData>
<Point><coordinates>-76.234406,3.236226,0</coordinates></Point></Placemark><Placemark><name>CC-013</name><styleUrl>#dia9</styleUrl><ExtendedData><Data name="ID"><value>CC-013</value></Data><Data name="INGENIO"><value>Castilla</value></Data><Data name="DIA"><value>9</value></Data><Data name="ORDEN"><value>2</value></Data><Data name="HORA_LLEGADA"><value>09:14</value></Data><Data name="HORA_SALIDA"><value>10:54</value></Data><Data name="COD_SUERTE"><value>CC000310000080</value></Data><Data name="EDAD_MESES"><value>13.5</value></Data><Data name="KM_DESDE_ANTERIOR"><value>15.4</value></Data><Data name="ACCESO_PIE_M"><value>34.0</value></Data><Data name="LATITUD"><value>3.184842</value></Data><Data name="LONGITUD"><value>-76.31202</value></Data></ExtendedData>
<Point><coordinates>-76.312020,3.184842,0</coordinates></Point></Placemark><Placemark><name>CC-012</name><styleUrl>#dia9</styleUrl><ExtendedData><Data name="ID"><value>CC-012</value></Data><Data name="INGENIO"><value>Castilla</value></Data><Data name="DIA"><value>9</value></Data><Data name="ORDEN"><value>3</value></Data><Data name="HORA_LLEGADA"><value>11:48</value></Data><Data name="HORA_SALIDA"><value>13:28</value></Data><Data name="COD_SUERTE"><value>CC000409000020</value></Data><Data name="EDAD_MESES"><value>13.8</value></Data><Data name="KM_DESDE_ANTERIOR"><value>28.2</value></Data><Data name="ACCESO_PIE_M"><value>39.0</value></Data><Data name="LATITUD"><value>3.318332</value></Data><Data name="LONGITUD"><value>-76.21464</value></Data></ExtendedData>
<Point><coordinates>-76.214640,3.318332,0</coordinates></Point></Placemark><Placemark><name>CC-030</name><styleUrl>#dia10</styleUrl><ExtendedData><Data name="ID"><value>CC-030</value></Data><Data name="INGENIO"><value>Castilla</value></Data><Data name="DIA"><value>10</value></Data><Data name="ORDEN"><value>1</value></Data><Data name="HORA_LLEGADA"><value>07:10</value></Data><Data name="HORA_SALIDA"><value>09:03</value></Data><Data name="COD_SUERTE"><value>CC000311000010</value></Data><Data name="EDAD_MESES"><value>7.7</value></Data><Data name="KM_DESDE_ANTERIOR"><value>33.1</value></Data><Data name="ACCESO_PIE_M"><value>423.0</value></Data><Data name="LATITUD"><value>3.514614</value></Data><Data name="LONGITUD"><value>-76.404724</value></Data></ExtendedData>
<Point><coordinates>-76.404724,3.514614,0</coordinates></Point></Placemark><Placemark><name>CC-006</name><styleUrl>#dia10</styleUrl><ExtendedData><Data name="ID"><value>CC-006</value></Data><Data name="INGENIO"><value>Castilla</value></Data><Data name="DIA"><value>10</value></Data><Data name="ORDEN"><value>2</value></Data><Data name="HORA_LLEGADA"><value>09:15</value></Data><Data name="HORA_SALIDA"><value>11:16</value></Data><Data name="COD_SUERTE"><value>CC000473000070</value></Data><Data name="EDAD_MESES"><value>10.6</value></Data><Data name="KM_DESDE_ANTERIOR"><value>7.7</value></Data><Data name="ACCESO_PIE_M"><value>677.0</value></Data><Data name="LATITUD"><value>3.496737</value></Data><Data name="LONGITUD"><value>-76.41254</value></Data></ExtendedData>
<Point><coordinates>-76.412540,3.496737,0</coordinates></Point></Placemark><Placemark><name>CC-024</name><styleUrl>#dia10</styleUrl><ExtendedData><Data name="ID"><value>CC-024</value></Data><Data name="INGENIO"><value>Castilla</value></Data><Data name="DIA"><value>10</value></Data><Data name="ORDEN"><value>3</value></Data><Data name="HORA_LLEGADA"><value>11:19</value></Data><Data name="HORA_SALIDA"><value>13:10</value></Data><Data name="COD_SUERTE"><value>CC000473000010</value></Data><Data name="EDAD_MESES"><value>2.7</value></Data><Data name="KM_DESDE_ANTERIOR"><value>0.7</value></Data><Data name="ACCESO_PIE_M"><value>365.0</value></Data><Data name="LATITUD"><value>3.499881</value></Data><Data name="LONGITUD"><value>-76.415146</value></Data></ExtendedData>
<Point><coordinates>-76.415146,3.499881,0</coordinates></Point></Placemark><Placemark><name>CC-025</name><styleUrl>#dia11</styleUrl><ExtendedData><Data name="ID"><value>CC-025</value></Data><Data name="INGENIO"><value>Castilla</value></Data><Data name="DIA"><value>11</value></Data><Data name="ORDEN"><value>1</value></Data><Data name="HORA_LLEGADA"><value>07:14</value></Data><Data name="HORA_SALIDA"><value>08:54</value></Data><Data name="COD_SUERTE"><value>CC000479000012</value></Data><Data name="EDAD_MESES"><value>15.9</value></Data><Data name="KM_DESDE_ANTERIOR"><value>22.7</value></Data><Data name="ACCESO_PIE_M"><value>34.0</value></Data><Data name="LATITUD"><value>3.250239</value></Data><Data name="LONGITUD"><value>-76.307884</value></Data></ExtendedData>
<Point><coordinates>-76.307884,3.250239,0</coordinates></Point></Placemark><Placemark><name>CC-043</name><styleUrl>#dia11</styleUrl><ExtendedData><Data name="ID"><value>CC-043</value></Data><Data name="INGENIO"><value>Castilla</value></Data><Data name="DIA"><value>11</value></Data><Data name="ORDEN"><value>2</value></Data><Data name="HORA_LLEGADA"><value>09:35</value></Data><Data name="HORA_SALIDA"><value>11:15</value></Data><Data name="COD_SUERTE"><value>CC000441000012</value></Data><Data name="EDAD_MESES"><value>2.2</value></Data><Data name="KM_DESDE_ANTERIOR"><value>21.9</value></Data><Data name="ACCESO_PIE_M"><value>18.0</value></Data><Data name="LATITUD"><value>3.263894</value></Data><Data name="LONGITUD"><value>-76.449104</value></Data></ExtendedData>
<Point><coordinates>-76.449104,3.263894,0</coordinates></Point></Placemark><Placemark><name>CC-022</name><styleUrl>#dia11</styleUrl><ExtendedData><Data name="ID"><value>CC-022</value></Data><Data name="INGENIO"><value>Castilla</value></Data><Data name="DIA"><value>11</value></Data><Data name="ORDEN"><value>3</value></Data><Data name="HORA_LLEGADA"><value>12:01</value></Data><Data name="HORA_SALIDA"><value>13:50</value></Data><Data name="COD_SUERTE"><value>CC000321000030</value></Data><Data name="EDAD_MESES"><value>8.7</value></Data><Data name="KM_DESDE_ANTERIOR"><value>25.0</value></Data><Data name="ACCESO_PIE_M"><value>303.0</value></Data><Data name="LATITUD"><value>3.338185</value></Data><Data name="LONGITUD"><value>-76.347145</value></Data></ExtendedData>
<Point><coordinates>-76.347145,3.338185,0</coordinates></Point></Placemark><Placemark><name>CC-037</name><styleUrl>#dia12</styleUrl><ExtendedData><Data name="ID"><value>CC-037</value></Data><Data name="INGENIO"><value>Castilla</value></Data><Data name="DIA"><value>12</value></Data><Data name="ORDEN"><value>1</value></Data><Data name="HORA_LLEGADA"><value>08:02</value></Data><Data name="HORA_SALIDA"><value>09:44</value></Data><Data name="COD_SUERTE"><value>CC000488000270</value></Data><Data name="EDAD_MESES"><value>9.6</value></Data><Data name="KM_DESDE_ANTERIOR"><value>48.3</value></Data><Data name="ACCESO_PIE_M"><value>87.0</value></Data><Data name="LATITUD"><value>3.318242</value></Data><Data name="LONGITUD"><value>-76.45512</value></Data></ExtendedData>
<Point><coordinates>-76.455120,3.318242,0</coordinates></Point></Placemark><Placemark><name>CC-027</name><styleUrl>#dia12</styleUrl><ExtendedData><Data name="ID"><value>CC-027</value></Data><Data name="INGENIO"><value>Castilla</value></Data><Data name="DIA"><value>12</value></Data><Data name="ORDEN"><value>2</value></Data><Data name="HORA_LLEGADA"><value>10:03</value></Data><Data name="HORA_SALIDA"><value>11:44</value></Data><Data name="COD_SUERTE"><value>CC000488000210</value></Data><Data name="EDAD_MESES"><value>11.7</value></Data><Data name="KM_DESDE_ANTERIOR"><value>2.7</value></Data><Data name="ACCESO_PIE_M"><value>47.0</value></Data><Data name="LATITUD"><value>3.306654</value></Data><Data name="LONGITUD"><value>-76.442184</value></Data></ExtendedData>
<Point><coordinates>-76.442184,3.306654,0</coordinates></Point></Placemark><Placemark><name>CC-001</name><styleUrl>#dia13</styleUrl><ExtendedData><Data name="ID"><value>CC-001</value></Data><Data name="INGENIO"><value>Castilla</value></Data><Data name="DIA"><value>13</value></Data><Data name="ORDEN"><value>1</value></Data><Data name="HORA_LLEGADA"><value>08:04</value></Data><Data name="HORA_SALIDA"><value>09:54</value></Data><Data name="COD_SUERTE"><value>CC000236000110</value></Data><Data name="EDAD_MESES"><value>12.4</value></Data><Data name="KM_DESDE_ANTERIOR"><value>55.6</value></Data><Data name="ACCESO_PIE_M"><value>306.0</value></Data><Data name="LATITUD"><value>3.16984</value></Data><Data name="LONGITUD"><value>-76.504974</value></Data></ExtendedData>
<Point><coordinates>-76.504974,3.169840,0</coordinates></Point></Placemark><Placemark><name>CC-031</name><styleUrl>#dia13</styleUrl><ExtendedData><Data name="ID"><value>CC-031</value></Data><Data name="INGENIO"><value>Castilla</value></Data><Data name="DIA"><value>13</value></Data><Data name="ORDEN"><value>2</value></Data><Data name="HORA_LLEGADA"><value>09:58</value></Data><Data name="HORA_SALIDA"><value>11:48</value></Data><Data name="COD_SUERTE"><value>CC000236000010</value></Data><Data name="EDAD_MESES"><value>12.4</value></Data><Data name="KM_DESDE_ANTERIOR"><value>1.3</value></Data><Data name="ACCESO_PIE_M"><value>326.0</value></Data><Data name="LATITUD"><value>3.167415</value></Data><Data name="LONGITUD"><value>-76.51001</value></Data></ExtendedData>
<Point><coordinates>-76.510010,3.167415,0</coordinates></Point></Placemark><Placemark><name>CC-010</name><styleUrl>#dia14</styleUrl><ExtendedData><Data name="ID"><value>CC-010</value></Data><Data name="INGENIO"><value>Castilla</value></Data><Data name="DIA"><value>14</value></Data><Data name="ORDEN"><value>1</value></Data><Data name="HORA_LLEGADA"><value>07:47</value></Data><Data name="HORA_SALIDA"><value>09:41</value></Data><Data name="COD_SUERTE"><value>CC000494000057</value></Data><Data name="EDAD_MESES"><value>2.9</value></Data><Data name="KM_DESDE_ANTERIOR"><value>52.3</value></Data><Data name="ACCESO_PIE_M"><value>440.0</value></Data><Data name="LATITUD"><value>3.101928</value></Data><Data name="LONGITUD"><value>-76.47587</value></Data></ExtendedData>
<Point><coordinates>-76.475870,3.101928,0</coordinates></Point></Placemark><Placemark><name>CC-036</name><styleUrl>#dia14</styleUrl><ExtendedData><Data name="ID"><value>CC-036</value></Data><Data name="INGENIO"><value>Castilla</value></Data><Data name="DIA"><value>14</value></Data><Data name="ORDEN"><value>2</value></Data><Data name="HORA_LLEGADA"><value>10:04</value></Data><Data name="HORA_SALIDA"><value>12:01</value></Data><Data name="COD_SUERTE"><value>CC000597000130</value></Data><Data name="EDAD_MESES"><value>7.6</value></Data><Data name="KM_DESDE_ANTERIOR"><value>5.1</value></Data><Data name="ACCESO_PIE_M"><value>537.0</value></Data><Data name="LATITUD"><value>3.096268</value></Data><Data name="LONGITUD"><value>-76.484314</value></Data></ExtendedData>
<Point><coordinates>-76.484314,3.096268,0</coordinates></Point></Placemark><Placemark><name>CC-042</name><styleUrl>#dia15</styleUrl><ExtendedData><Data name="ID"><value>CC-042</value></Data><Data name="INGENIO"><value>Castilla</value></Data><Data name="DIA"><value>15</value></Data><Data name="ORDEN"><value>1</value></Data><Data name="HORA_LLEGADA"><value>08:24</value></Data><Data name="HORA_SALIDA"><value>10:06</value></Data><Data name="COD_SUERTE"><value>CC000482000121</value></Data><Data name="EDAD_MESES"><value>12.8</value></Data><Data name="KM_DESDE_ANTERIOR"><value>63.5</value></Data><Data name="ACCESO_PIE_M"><value>116.0</value></Data><Data name="LATITUD"><value>3.132381</value></Data><Data name="LONGITUD"><value>-76.555824</value></Data></ExtendedData>
<Point><coordinates>-76.555824,3.132381,0</coordinates></Point></Placemark><Placemark><name>CC-026</name><styleUrl>#dia15</styleUrl><ExtendedData><Data name="ID"><value>CC-026</value></Data><Data name="INGENIO"><value>Castilla</value></Data><Data name="DIA"><value>15</value></Data><Data name="ORDEN"><value>2</value></Data><Data name="HORA_LLEGADA"><value>10:14</value></Data><Data name="HORA_SALIDA"><value>12:00</value></Data><Data name="COD_SUERTE"><value>CC000482000100</value></Data><Data name="EDAD_MESES"><value>12.7</value></Data><Data name="KM_DESDE_ANTERIOR"><value>1.1</value></Data><Data name="ACCESO_PIE_M"><value>217.0</value></Data><Data name="LATITUD"><value>3.13777</value></Data><Data name="LONGITUD"><value>-76.55465</value></Data></ExtendedData>
<Point><coordinates>-76.554650,3.137770,0</coordinates></Point></Placemark><Placemark><name>CC-034</name><styleUrl>#dia16</styleUrl><ExtendedData><Data name="ID"><value>CC-034</value></Data><Data name="INGENIO"><value>Castilla</value></Data><Data name="DIA"><value>16</value></Data><Data name="ORDEN"><value>1</value></Data><Data name="HORA_LLEGADA"><value>08:14</value></Data><Data name="HORA_SALIDA"><value>10:06</value></Data><Data name="COD_SUERTE"><value>CC000483000050</value></Data><Data name="EDAD_MESES"><value>1.5</value></Data><Data name="KM_DESDE_ANTERIOR"><value>63.1</value></Data><Data name="ACCESO_PIE_M"><value>379.0</value></Data><Data name="LATITUD"><value>3.123308</value></Data><Data name="LONGITUD"><value>-76.54747</value></Data></ExtendedData>
<Point><coordinates>-76.547470,3.123308,0</coordinates></Point></Placemark><Placemark><name>CC-009</name><styleUrl>#dia16</styleUrl><ExtendedData><Data name="ID"><value>CC-009</value></Data><Data name="INGENIO"><value>Castilla</value></Data><Data name="DIA"><value>16</value></Data><Data name="ORDEN"><value>2</value></Data><Data name="HORA_LLEGADA"><value>10:17</value></Data><Data name="HORA_SALIDA"><value>11:56</value></Data><Data name="COD_SUERTE"><value>CC000483000111</value></Data><Data name="EDAD_MESES"><value>12.6</value></Data><Data name="KM_DESDE_ANTERIOR"><value>1.5</value></Data><Data name="ACCESO_PIE_M"><value>18.0</value></Data><Data name="LATITUD"><value>3.118457</value></Data><Data name="LONGITUD"><value>-76.53839</value></Data></ExtendedData>
<Point><coordinates>-76.538390,3.118457,0</coordinates></Point></Placemark></Folder></Document></kml>