<?xml version="1.0" encoding="UTF-8"?>
<kml xmlns="http://www.opengis.net/kml/2.2"><Document><name>Rutas de muestreo — Incauca</name>
<Style id="dia1"><IconStyle><color>ff912D5E</color><scale>1.1</scale>
<Icon><href>http://maps.google.com/mapfiles/kml/paddle/wht-blank.png</href></Icon></IconStyle>
<LabelStyle><scale>0.9</scale></LabelStyle><LineStyle><color>ff912D5E</color><width>4</width></LineStyle></Style><Style id="dia2"><IconStyle><color>ff7EC900</color><scale>1.1</scale>
<Icon><href>http://maps.google.com/mapfiles/kml/paddle/wht-blank.png</href></Icon></IconStyle>
<LabelStyle><scale>0.9</scale></LabelStyle><LineStyle><color>ff7EC900</color><width>4</width></LineStyle></Style><Style id="dia3"><IconStyle><color>ff963DEC</color><scale>1.1</scale>
<Icon><href>http://maps.google.com/mapfiles/kml/paddle/wht-blank.png</href></Icon></IconStyle>
<LabelStyle><scale>0.9</scale></LabelStyle><LineStyle><color>ff963DEC</color><width>4</width></LineStyle></Style><Style id="dia4"><IconStyle><color>ffE8CB59</color><scale>1.1</scale>
<Icon><href>http://maps.google.com/mapfiles/kml/paddle/wht-blank.png</href></Icon></IconStyle>
<LabelStyle><scale>0.9</scale></LabelStyle><LineStyle><color>ffE8CB59</color><width>4</width></LineStyle></Style><Style id="dia5"><IconStyle><color>ff0EC2FF</color><scale>1.1</scale>
<Icon><href>http://maps.google.com/mapfiles/kml/paddle/wht-blank.png</href></Icon></IconStyle>
<LabelStyle><scale>0.9</scale></LabelStyle><LineStyle><color>ff0EC2FF</color><width>4</width></LineStyle></Style><Style id="dia6"><IconStyle><color>ff57D97E</color><scale>1.1</scale>
<Icon><href>http://maps.google.com/mapfiles/kml/paddle/wht-blank.png</href></Icon></IconStyle>
<LabelStyle><scale>0.9</scale></LabelStyle><LineStyle><color>ff57D97E</color><width>4</width></LineStyle></Style><Style id="dia7"><IconStyle><color>ff912D5E</color><scale>1.1</scale>
<Icon><href>http://maps.google.com/mapfiles/kml/paddle/wht-blank.png</href></Icon></IconStyle>
<LabelStyle><scale>0.9</scale></LabelStyle><LineStyle><color>ff912D5E</color><width>4</width></LineStyle></Style><Style id="dia8"><IconStyle><color>ff7EC900</color><scale>1.1</scale>
<Icon><href>http://maps.google.com/mapfiles/kml/paddle/wht-blank.png</href></Icon></IconStyle>
<LabelStyle><scale>0.9</scale></LabelStyle><LineStyle><color>ff7EC900</color><width>4</width></LineStyle></Style><Style id="dia9"><IconStyle><color>ff963DEC</color><scale>1.1</scale>
<Icon><href>http://maps.google.com/mapfiles/kml/paddle/wht-blank.png</href></Icon></IconStyle>
<LabelStyle><scale>0.9</scale></LabelStyle><LineStyle><color>ff963DEC</color><width>4</width></LineStyle></Style><Style id="dia10"><IconStyle><color>ffE8CB59</color><scale>1.1</scale>
<Icon><href>http://maps.google.com/mapfiles/kml/paddle/wht-blank.png</href></Icon></IconStyle>
<LabelStyle><scale>0.9</scale></LabelStyle><LineStyle><color>ffE8CB59</color><width>4</width></LineStyle></Style><Style id="dia11"><IconStyle><color>ff0EC2FF</color><scale>1.1</scale>
<Icon><href>http://maps.google.com/mapfiles/kml/paddle/wht-blank.png</href></Icon></IconStyle>
<LabelStyle><scale>0.9</scale></LabelStyle><LineStyle><color>ff0EC2FF</color><width>4</width></LineStyle></Style><Style id="dia12"><IconStyle><color>ff57D97E</color><scale>1.1</scale>
<Icon><href>http://maps.google.com/mapfiles/kml/paddle/wht-blank.png</href></Icon></IconStyle>
<LabelStyle><scale>0.9</scale></LabelStyle><LineStyle><color>ff57D97E</color><width>4</width></LineStyle></Style><Style id="dia13"><IconStyle><color>ff912D5E</color><scale>1.1</scale>
<Icon><href>http://maps.google.com/mapfiles/kml/paddle/wht-blank.png</href></Icon></IconStyle>
<LabelStyle><scale>0.9</scale></LabelStyle><LineStyle><color>ff912D5E</color><width>4</width></LineStyle></Style><Style id="dia14"><IconStyle><color>ff7EC900</color><scale>1.1</scale>
<Icon><href>http://maps.google.com/mapfiles/kml/paddle/wht-blank.png</href></Icon></IconStyle>
<LabelStyle><scale>0.9</scale></LabelStyle><LineStyle><color>ff7EC900</color><width>4</width></LineStyle></Style><Style id="dia15"><IconStyle><color>ff963DEC</color><scale>1.1</scale>
<Icon><href>http://maps.google.com/mapfiles/kml/paddle/wht-blank.png</href></Icon></IconStyle>
<LabelStyle><scale>0.9</scale></LabelStyle><LineStyle><color>ff963DEC</color><width>4</width></LineStyle></Style><Folder><name>Sede</name><Placemark><name>Sede Incauca</name><ExtendedData><Data name="NOMBRE"><value>Sede Incauca (Miranda, Cauca)</value></Data><Data name="FUENTE"><value>OSM: pista aérea del ingenio (fábrica no mapeada) — aproximado</value></Data></ExtendedData>
<Style><IconStyle><scale>1.3</scale><Icon><href>http://maps.google.com/mapfiles/kml/pal2/icon10.png</href></Icon></IconStyle></Style>
<Point><coordinates>-76.333890,3.268890,0</coordinates></Point></Placemark></Folder><Folder><name>Rutas por día</name><Placemark><name>Ruta día 1</name><styleUrl>#dia1</styleUrl><ExtendedData><Data name="INGENIO"><value>Incauca</value></Data><Data name="DIA"><value>1</value></Data><Data name="PUNTOS"><value>INC-041, INC-032, INC-043, INC-022</value></Data><Data name="N_PUNTOS"><value>4</value></Data><Data name="KM"><value>9.8</value></Data><Data name="HORAS_TOTALES"><value>7.37</value></Data><Data name="REGRESO"><value>13:52</value></Data><Data name="PEAJES"><value>0</value></Data><Data name="COSTO_COP"><value>496591</value></Data></ExtendedData><LineString><tessellate>1</tessellate><coordinates>-76.333935,3.268799,0 -76.333568,3.268618,0 -76.332484,3.268085,0 -76.331930,3.267813,0 -76.331885,3.267793,0 -76.331629,3.267677,0 -76.330771,3.267269,0 -76.330493,3.267105,0 -76.331062,3.265902,0 -76.331695,3.264579,0 -76.332289,3.263331,0 -76.333992,3.259828,0 -76.333996,3.259815,0 -76.334041,3.259722,0 -76.334930,3.257863,0 -76.334947,3.257827,0 -76.335639,3.256400,0 -76.335706,3.256250,0 -76.336234,3.255147,0 -76.336571,3.254430,0 -76.336678,3.254215,0 -76.336752,3.253999,0 -76.336820,3.253129,0 -76.336823,3.253084,0 -76.336830,3.252945,0 -76.336833,3.252894,0 -76.336836,3.252832,0 -76.336539,3.252980,0 -76.336359,3.253057,0 -76.336225,3.253062,0 -76.336151,3.253036,0 -76.335793,3.252816,0 -76.335630,3.252750,0 -76.335155,3.252654,0 -76.335081,3.252637,0 -76.335034,3.252604,0 -76.334982,3.252552,0 -76.334722,3.252277,0 -76.334521,3.252137,0 -76.334370,3.252046,0 -76.333825,3.251798,0 -76.333733,3.251736,0 -76.333685,3.251657,0 -76.333662,3.251574,0 -76.333670,3.251502,0 -76.333764,3.251115,0 -76.333782,3.250962,0 -76.333789,3.250835,0 -76.333786,3.250782,0 -76.333772,3.250667,0 -76.333654,3.250444,0 -76.333362,3.250278,0 -76.332785,3.250027,0 -76.332670,3.249949,0 -76.332568,3.249788,0 -76.332353,3.249502,0 -76.332530,3.245929,0 -76.332551,3.245130,0 -76.332563,3.244674,0 -76.333899,3.244758,0 -76.335637,3.244866,0 -76.337330,3.244972,0 -76.337106,3.248634,0 -76.336869,3.252228,0 -76.336836,3.252832,0 -76.336833,3.252894,0 -76.336830,3.252945,0 -76.336823,3.253084,0 -76.336820,3.253129,0 -76.336752,3.253999,0 -76.336678,3.254215,0 -76.336571,3.254430,0 -76.336234,3.255147,0 -76.335706,3.256250,0 -76.335639,3.256400,0 -76.334947,3.257827,0 -76.334930,3.257863,0 -76.334041,3.259722,0 -76.334319,3.259776,0 -76.335795,3.260061,0 -76.336318,3.260162,0 -76.337255,3.260328,0 -76.338344,3.260520,0 -76.338473,3.260563,0 -76.338579,3.260627,0 -76.339495,3.261184,0 -76.339682,3.260083,0 -76.339836,3.259241,0 -76.340045,3.258096,0 -76.340867,3.258272,0 -76.341082,3.258352,0 -76.341194,3.258401,0 -76.341293,3.258422,0 -76.342238,3.258382,0 -76.342432,3.258393,0 -76.342513,3.258439,0 -76.342553,3.258496,0 -76.342594,3.258586,0 -76.342626,3.258624,0 -76.342709,3.258674,0 -76.342832,3.258723,0 -76.342887,3.258769,0 -76.342893,3.258865,0 -76.342914,3.258998,0 -76.342978,3.259069,0 -76.343102,3.259091,0 -76.343289,3.259079,0 -76.343395,3.259093,0 -76.343448,3.259129,0 -76.343475,3.259235,0 -76.343545,3.259354,0 -76.343659,3.259448,0 -76.343812,3.259518,0 -76.344137,3.259589,0 -76.344509,3.259663,0 -76.344647,3.259720,0 -76.344800,3.259813,0 -76.344899,3.259874,0 -76.345008,3.259894,0 -76.345155,3.259870,0 -76.345299,3.259803,0 -76.345384,3.259802,0 -76.345454,3.259855,0 -76.345530,3.259934,0 -76.345569,3.260026,0 -76.345602,3.260175,0 -76.345628,3.260276,0 -76.345651,3.260334,0 -76.345725,3.260383,0 -76.346108,3.260492,0 -76.345906,3.261625,0 -76.345530,3.263726,0 -76.345509,3.263844,0 -76.345207,3.265534,0 -76.344951,3.266968,0 -76.343802,3.266768,0 -76.343625,3.266738,0 -76.342287,3.266506,0 -76.342275,3.266504,0 -76.341183,3.266314,0 -76.340852,3.266257,0 -76.339948,3.266100,0 -76.339323,3.265992,0 -76.338756,3.265893,0 -76.337575,3.265689,0 -76.337460,3.265669,0 -76.336401,3.265485,0 -76.336374,3.265480,0 -76.334910,3.265226,0 -76.334158,3.265096,0 -76.333845,3.266834,0 -76.333736,3.267541,0 -76.333568,3.268618,0 -76.333935,3.268799,0</coordinates></LineString></Placemark><Placemark><name>Ruta día 2</name><styleUrl>#dia2</styleUrl><ExtendedData><Data name="INGENIO"><value>Incauca</value></Data><Data name="DIA"><value>2</value></Data><Data name="PUNTOS"><value>INC-038, INC-010, INC-020</value></Data><Data name="N_PUNTOS"><value>3</value></Data><Data name="KM"><value>6.5</value></Data><Data name="HORAS_TOTALES"><value>5.52</value></Data><Data name="REGRESO"><value>12:01</value></Data><Data name="PEAJES"><value>0</value></Data><Data name="COSTO_COP"><value>495505</value></Data></ExtendedData><LineString><tessellate>1</tessellate><coordinates>-76.333935,3.268799,0 -76.334601,3.269126,0 -76.335663,3.269648,0 -76.336717,3.270166,0 -76.336938,3.270275,0 -76.336921,3.270354,0 -76.336929,3.270413,0 -76.337248,3.272325,0 -76.337326,3.272791,0 -76.337436,3.273446,0 -76.337474,3.273672,0 -76.337556,3.274243,0 -76.337474,3.274311,0 -76.337314,3.274408,0 -76.337147,3.274446,0 -76.336996,3.274438,0 -76.336830,3.274376,0 -76.336567,3.274248,0 -76.336225,3.274000,0 -76.335647,3.273584,0 -76.335170,3.273185,0 -76.334877,3.272893,0 -76.334810,3.272786,0 -76.334773,3.272641,0 -76.334662,3.271973,0 -76.334521,3.271117,0 -76.334415,3.270507,0 -76.333914,3.270276,0 -76.332608,3.269658,0 -76.332312,3.270266,0 -76.332074,3.270756,0 -76.330764,3.270131,0 -76.329513,3.269539,0 -76.329408,3.269394,0 -76.329367,3.269482,0 -76.329316,3.269576,0 -76.329294,3.269618,0 -76.328835,3.270500,0 -76.328376,3.270863,0 -76.328183,3.270984,0 -76.328142,3.270998,0 -76.327968,3.271061,0 -76.327489,3.271145,0 -76.326940,3.271241,0 -76.326149,3.271380,0 -76.325512,3.269918,0 -76.325440,3.269770,0 -76.325362,3.269681,0 -76.325292,3.269653,0 -76.325215,3.269657,0 -76.324908,3.269694,0 -76.324655,3.269669,0 -76.324237,3.269567,0 -76.324061,3.269534,0 -76.324036,3.269389,0 -76.324023,3.269315,0 -76.324006,3.269219,0 -76.323894,3.268573,0 -76.323801,3.267963,0 -76.323572,3.267861,0 -76.322767,3.267473,0 -76.321675,3.266954,0 -76.321937,3.266396,0 -76.323231,3.263638,0 -76.323749,3.262578,0 -76.323686,3.262535,0 -76.323581,3.262492,0 -76.322970,3.262321,0 -76.322856,3.262231,0 -76.322785,3.262093,0 -76.322712,3.262013,0 -76.322547,3.261955,0 -76.322471,3.261875,0 -76.321985,3.261627,0 -76.322207,3.261185,0 -76.322342,3.260942,0 -76.322468,3.260709,0 -76.322596,3.260469,0 -76.322708,3.260244,0 -76.322825,3.259939,0 -76.322883,3.259802,0 -76.322933,3.259703,0 -76.323041,3.259553,0 -76.323147,3.259421,0 -76.323274,3.259224,0 -76.323443,3.258953,0 -76.323502,3.258982,0 -76.324867,3.259657,0 -76.326057,3.260247,0 -76.326247,3.260341,0 -76.328617,3.261514,0 -76.329619,3.262009,0 -76.329799,3.262099,0 -76.330940,3.262663,0 -76.331002,3.262694,0 -76.332289,3.263331,0 -76.331695,3.264579,0 -76.331062,3.265902,0 -76.330493,3.267105,0 -76.330771,3.267269,0 -76.331629,3.267677,0 -76.331885,3.267793,0 -76.331930,3.267813,0 -76.332484,3.268085,0 -76.333568,3.268618,0 -76.333935,3.268799,0</coordinates></LineString></Placemark><Placemark><name>Ruta día 3</name><styleUrl>#dia3</styleUrl><ExtendedData><Data name="INGENIO"><value>Incauca</value></Data><Data name="DIA"><value>3</value></Data><Data name="PUNTOS"><value>INC-012, INC-042, INC-015</value></Data><Data name="N_PUNTOS"><value>3</value></Data><Data name="KM"><value>36.8</value></Data><Data name="HORAS_TOTALES"><value>6.23</value></Data><Data name="REGRESO"><value>12:43</value></Data><Data name="PEAJES"><value>0</value></Data><Data name="COSTO_COP"><value>505369</value></Data></ExtendedData><LineString><tessellate>1</tessellate><coordinates>-76.333935,3.268799,0 -76.333568,3.268618,0 -76.333736,3.267541,0 -76.333845,3.266834,0 -76.334158,3.265096,0 -76.334910,3.265226,0 -76.336374,3.265480,0 -76.336401,3.265485,0 -76.337460,3.265669,0 -76.337575,3.265689,0 -76.338756,3.265893,0 -76.339323,3.265992,0 -76.339948,3.266100,0 -76.340852,3.266257,0 -76.341183,3.266314,0 -76.342275,3.266504,0 -76.342287,3.266506,0 -76.343625,3.266738,0 -76.343802,3.266768,0 -76.344951,3.266968,0 -76.346008,3.267151,0 -76.346578,3.267250,0 -76.347412,3.267387,0 -76.347674,3.267430,0 -76.348084,3.267491,0 -76.348377,3.267534,0 -76.348696,3.267599,0 -76.348791,3.267628,0 -76.350117,3.268030,0 -76.351417,3.268423,0 -76.351472,3.268440,0 -76.352758,3.268829,0 -76.352800,3.268842,0 -76.354136,3.269246,0 -76.355361,3.269639,0 -76.355451,3.269667,0 -76.355498,3.269681,0 -76.356815,3.270085,0 -76.356948,3.270126,0 -76.358389,3.270568,0 -76.359505,3.270887,0 -76.359900,3.271000,0 -76.360658,3.271208,0 -76.360857,3.271283,0 -76.361088,3.271369,0 -76.361190,3.271408,0 -76.361245,3.271467,0 -76.361289,3.271534,0 -76.361323,3.271607,0 -76.361344,3.271684,0 -76.361352,3.271764,0 -76.361348,3.271845,0 -76.361331,3.271923,0 -76.361247,3.272044,0 -76.360422,3.273234,0 -76.359647,3.274351,0 -76.359476,3.274597,0 -76.358634,3.275811,0 -76.357495,3.277454,0 -76.357405,3.277582,0 -76.356783,3.278466,0 -76.356284,3.279180,0 -76.355091,3.280899,0 -76.354667,3.281496,0 -76.354506,3.281722,0 -76.353409,3.283301,0 -76.352508,3.284603,0 -76.351740,3.285704,0 -76.351519,3.286035,0 -76.351505,3.286055,0 -76.351477,3.286095,0 -76.351279,3.286375,0 -76.350509,3.287486,0 -76.349648,3.288755,0 -76.349254,3.289339,0 -76.348696,3.290164,0 -76.348181,3.290921,0 -76.348026,3.291180,0 -76.347544,3.291870,0 -76.347334,3.292170,0 -76.347243,3.292306,0 -76.347418,3.292391,0 -76.347621,3.292457,0 -76.349122,3.292843,0 -76.350846,3.293300,0 -76.352362,3.293719,0 -76.354401,3.294357,0 -76.354830,3.294417,0 -76.355305,3.294511,0 -76.359942,3.295628,0 -76.363237,3.296421,0 -76.366423,3.297188,0 -76.366621,3.297306,0 -76.367222,3.298035,0 -76.367413,3.298174,0 -76.367627,3.298275,0 -76.368892,3.298875,0 -76.370217,3.299502,0 -76.371408,3.300066,0 -76.372693,3.300675,0 -76.374083,3.301334,0 -76.374218,3.301035,0 -76.375755,3.297836,0 -76.376103,3.297111,0 -76.376348,3.296602,0 -76.377428,3.294355,0 -76.378545,3.294900,0 -76.378769,3.295009,0 -76.379550,3.295389,0 -76.379968,3.295582,0 -76.380631,3.295888,0 -76.381164,3.296143,0 -76.381851,3.296472,0 -76.382320,3.296694,0 -76.383189,3.297105,0 -76.383476,3.297244,0 -76.384517,3.297748,0 -76.384678,3.297823,0 -76.385705,3.298302,0 -76.385744,3.298321,0 -76.385853,3.298374,0 -76.387022,3.298937,0 -76.387141,3.298989,0 -76.388200,3.299483,0 -76.389136,3.299976,0 -76.389592,3.300222,0 -76.389771,3.300292,0 -76.389903,3.300279,0 -76.390048,3.300236,0 -76.390131,3.300158,0 -76.390252,3.299976,0 -76.390580,3.299349,0 -76.390640,3.299234,0 -76.390846,3.298819,0 -76.390931,3.298646,0 -76.390957,3.298594,0 -76.391341,3.297796,0 -76.391475,3.297585,0 -76.391614,3.297443,0 -76.391703,3.297396,0 -76.391788,3.297352,0 -76.392075,3.297285,0 -76.392303,3.297285,0 -76.392564,3.297333,0 -76.393309,3.297598,0 -76.393918,3.297924,0 -76.396222,3.299416,0 -76.396366,3.299497,0 -76.396624,3.299641,0 -76.396664,3.299653,0 -76.396785,3.299690,0 -76.396936,3.299722,0 -76.397413,3.299813,0 -76.398258,3.299931,0 -76.398926,3.300016,0 -76.399181,3.300099,0 -76.399215,3.300121,0 -76.399242,3.300139,0 -76.399309,3.300182,0 -76.399334,3.300203,0 -76.399354,3.300220,0 -76.399454,3.300305,0 -76.400510,3.301430,0 -76.401179,3.302142,0 -76.403155,3.304362,0 -76.403591,3.304690,0 -76.404033,3.305023,0 -76.404825,3.305620,0 -76.406210,3.306663,0 -76.406509,3.306889,0 -76.407483,3.307622,0 -76.408177,3.308145,0 -76.408777,3.308598,0 -76.409301,3.308992,0 -76.409596,3.309260,0 -76.409692,3.309458,0 -76.409681,3.309827,0 -76.409494,3.311231,0 -76.409412,3.311723,0 -76.409070,3.313796,0 -76.409000,3.314230,0 -76.408973,3.314455,0 -76.409000,3.314578,0 -76.409124,3.314685,0 -76.409285,3.314765,0 -76.410461,3.315020,0 -76.410688,3.315069,0 -76.411805,3.315311,0 -76.412363,3.315432,0 -76.412696,3.315504,0 -76.413149,3.315609,0 -76.413640,3.315724,0 -76.413735,3.315765,0 -76.413864,3.315820,0 -76.414574,3.316126,0 -76.414621,3.316146,0 -76.415630,3.316581,0 -76.415928,3.316710,0 -76.416066,3.316769,0 -76.416715,3.317049,0 -76.417755,3.317497,0 -76.418802,3.317949,0 -76.420080,3.318499,0 -76.420201,3.318552,0 -76.420357,3.318648,0 -76.420380,3.318678,0 -76.420432,3.318744,0 -76.420448,3.318937,0 -76.420249,3.320362,0 -76.420141,3.321134,0 -76.420132,3.321200,0 -76.420088,3.321514,0 -76.420060,3.321719,0 -76.420039,3.321868,0 -76.419916,3.322749,0 -76.419761,3.323853,0 -76.419726,3.325875,0 -76.419724,3.325969,0 -76.419723,3.326063,0 -76.419719,3.326884,0 -76.419718,3.327281,0 -76.419716,3.327601,0 -76.419709,3.329107,0 -76.420818,3.328147,0 -76.421598,3.329020,0 -76.422315,3.329882,0 -76.421134,3.330889,0 -76.420472,3.330762,0 -76.419752,3.330623,0 -76.419751,3.330572,0 -76.419709,3.329107,0 -76.419716,3.327601,0 -76.419718,3.327281,0 -76.419719,3.326884,0 -76.419723,3.326063,0 -76.419724,3.325969,0 -76.419761,3.323853,0 -76.419916,3.322749,0 -76.420039,3.321868,0 -76.420060,3.321719,0 -76.420088,3.321514,0 -76.420132,3.321200,0 -76.420141,3.321134,0 -76.420249,3.320362,0 -76.420448,3.318937,0 -76.420432,3.318744,0 -76.420380,3.318678,0 -76.420357,3.318648,0 -76.420201,3.318552,0 -76.420080,3.318499,0 -76.418802,3.317949,0 -76.417755,3.317497,0 -76.416715,3.317049,0 -76.416066,3.316769,0 -76.415928,3.316710,0 -76.415630,3.316581,0 -76.414621,3.316146,0 -76.414574,3.316126,0 -76.413864,3.315820,0 -76.413735,3.315765,0 -76.413640,3.315724,0 -76.413149,3.315609,0 -76.412696,3.315504,0 -76.412363,3.315432,0 -76.411805,3.315311,0 -76.410688,3.315069,0 -76.410461,3.315020,0 -76.409285,3.314765,0 -76.409124,3.314685,0 -76.409000,3.314578,0 -76.408973,3.314455,0 -76.409000,3.314230,0 -76.409070,3.313796,0 -76.409412,3.311723,0 -76.409494,3.311231,0 -76.409681,3.309827,0 -76.409692,3.309458,0 -76.409596,3.309260,0 -76.409301,3.308992,0 -76.408777,3.308598,0 -76.408177,3.308145,0 -76.407483,3.307622,0 -76.406509,3.306889,0 -76.406210,3.306663,0 -76.404825,3.305620,0 -76.404033,3.305023,0 -76.403591,3.304690,0 -76.403155,3.304362,0 -76.401179,3.302142,0 -76.400510,3.301430,0 -76.399454,3.300305,0 -76.399354,3.300220,0 -76.399334,3.300203,0 -76.399309,3.300182,0 -76.399242,3.300139,0 -76.399215,3.300121,0 -76.399181,3.300099,0 -76.398926,3.300016,0 -76.398258,3.299931,0 -76.397413,3.299813,0 -76.396936,3.299722,0 -76.396785,3.299690,0 -76.396664,3.299653,0 -76.396624,3.299641,0 -76.396366,3.299497,0 -76.396222,3.299416,0 -76.393918,3.297924,0 -76.393309,3.297598,0 -76.392564,3.297333,0 -76.392303,3.297285,0 -76.392075,3.297285,0 -76.391788,3.297352,0 -76.391703,3.297396,0 -76.391614,3.297443,0 -76.391475,3.297585,0 -76.391341,3.297796,0 -76.390957,3.298594,0 -76.390931,3.298646,0 -76.390846,3.298819,0 -76.390640,3.299234,0 -76.390580,3.299349,0 -76.390252,3.299976,0 -76.390131,3.300158,0 -76.390048,3.300236,0 -76.389903,3.300279,0 -76.389771,3.300292,0 -76.389592,3.300222,0 -76.389136,3.299976,0 -76.388200,3.299483,0 -76.387141,3.298989,0 -76.387022,3.298937,0 -76.385853,3.298374,0 -76.385744,3.298321,0 -76.385705,3.298302,0 -76.384678,3.297823,0 -76.384517,3.297748,0 -76.383476,3.297244,0 -76.383189,3.297105,0 -76.382320,3.296694,0 -76.381851,3.296472,0 -76.381164,3.296143,0 -76.380631,3.295888,0 -76.379968,3.295582,0 -76.379550,3.295389,0 -76.378769,3.295009,0 -76.378545,3.294900,0 -76.377428,3.294355,0 -76.376348,3.296602,0 -76.375755,3.297836,0 -76.374218,3.301035,0 -76.374083,3.301334,0 -76.372693,3.300675,0 -76.371408,3.300066,0 -76.370217,3.299502,0 -76.368892,3.298875,0 -76.367627,3.298275,0 -76.367413,3.298174,0 -76.367222,3.298035,0 -76.366621,3.297306,0 -76.366423,3.297188,0 -76.363237,3.296421,0 -76.359942,3.295628,0 -76.355305,3.294511,0 -76.354830,3.294417,0 -76.354401,3.294357,0 -76.352362,3.293719,0 -76.350846,3.293300,0 -76.349122,3.292843,0 -76.347621,3.292457,0 -76.347418,3.292391,0 -76.347243,3.292306,0 -76.347334,3.292170,0 -76.347544,3.291870,0 -76.348026,3.291180,0 -76.347593,3.290595,0 -76.343020,3.284860,0 -76.342967,3.284804,0 -76.342760,3.284624,0 -76.342616,3.284528,0 -76.342474,3.284459,0 -76.342301,3.284400,0 -76.342066,3.284335,0 -76.341946,3.284330,0 -76.341817,3.284330,0 -76.339884,3.284322,0 -76.339035,3.284440,0 -76.338789,3.284428,0 -76.338547,3.284415,0 -76.337946,3.284225,0 -76.337805,3.284226,0 -76.337664,3.284255,0 -76.336739,3.284648,0 -76.336543,3.284689,0 -76.336335,3.284650,0 -76.335957,3.284505,0 -76.335736,3.284437,0 -76.335581,3.284438,0 -76.335508,3.284496,0 -76.335459,3.284562,0 -76.335345,3.285021,0 -76.335229,3.285479,0 -76.335087,3.285907,0 -76.334956,3.286056,0 -76.334818,3.286100,0 -76.334635,3.286069,0 -76.334318,3.285827,0 -76.334036,3.285637,0 -76.333969,3.285592,0 -76.333382,3.285431,0 -76.332651,3.285332,0 -76.331991,3.285023,0 -76.331688,3.284900,0 -76.331385,3.284844,0 -76.331290,3.284853,0 -76.331138,3.284903,0 -76.330851,3.285224,0 -76.330774,3.285262,0 -76.330603,3.285272,0 -76.328625,3.284796,0 -76.326758,3.284287,0 -76.326587,3.284241,0 -76.326029,3.284108,0 -76.325584,3.283976,0 -76.325184,3.283800,0 -76.324433,3.283312,0 -76.324116,3.283123,0 -76.323201,3.282513,0 -76.322727,3.282337,0 -76.322334,3.282251,0 -76.321043,3.282198,0 -76.320644,3.282187,0 -76.320320,3.282208,0 -76.320029,3.281974,0 -76.319967,3.281731,0 -76.319958,3.281672,0 -76.319935,3.281520,0 -76.319771,3.280411,0 -76.319820,3.280363,0 -76.319859,3.280303,0 -76.319868,3.280249,0 -76.319851,3.280118,0 -76.319839,3.280051,0 -76.319827,3.279989,0 -76.319851,3.279960,0 -76.320123,3.279908,0 -76.320524,3.279842,0 -76.320639,3.279823,0 -76.321061,3.279765,0 -76.321244,3.279692,0 -76.322491,3.279421,0 -76.323259,3.279301,0 -76.323739,3.279226,0 -76.324046,3.279142,0 -76.324525,3.278892,0 -76.324967,3.278516,0 -76.325036,3.278411,0 -76.325172,3.278205,0 -76.325574,3.277361,0 -76.326088,3.276281,0 -76.326862,3.274655,0 -76.328835,3.270500,0 -76.329294,3.269618,0 -76.329316,3.269576,0 -76.329367,3.269482,0 -76.329408,3.269394,0 -76.330493,3.267105,0 -76.330771,3.267269,0 -76.331629,3.267677,0 -76.331885,3.267793,0 -76.331930,3.267813,0 -76.332484,3.268085,0 -76.333568,3.268618,0 -76.333935,3.268799,0</coordinates></LineString></Placemark><Placemark><name>Ruta día 4</name><styleUrl>#dia4</styleUrl><ExtendedData><Data name="INGENIO"><value>Incauca</value></Data><Data name="DIA"><value>4</value></Data><Data name="PUNTOS"><value>INC-006, INC-019, INC-008</value></Data><Data name="N_PUNTOS"><value>3</value></Data><Data name="KM"><value>26.6</value></Data><Data name="HORAS_TOTALES"><value>6.24</value></Data><Data name="REGRESO"><value>12:44</value></Data><Data name="PEAJES"><value>0</value></Data><Data name="COSTO_COP"><value>502040</value></Data></ExtendedData><LineString><tessellate>1</tessellate><coordinates>-76.333935,3.268799,0 -76.333568,3.268618,0 -76.333736,3.267541,0 -76.333845,3.266834,0 -76.334158,3.265096,0 -76.334910,3.265226,0 -76.336374,3.265480,0 -76.336401,3.265485,0 -76.337460,3.265669,0 -76.337575,3.265689,0 -76.338756,3.265893,0 -76.339323,3.265992,0 -76.339948,3.266100,0 -76.340852,3.266257,0 -76.341183,3.266314,0 -76.342275,3.266504,0 -76.342287,3.266506,0 -76.343625,3.266738,0 -76.343802,3.266768,0 -76.344951,3.266968,0 -76.346008,3.267151,0 -76.346578,3.267250,0 -76.347412,3.267387,0 -76.347674,3.267430,0 -76.348084,3.267491,0 -76.348377,3.267534,0 -76.348696,3.267599,0 -76.348791,3.267628,0 -76.350117,3.268030,0 -76.351417,3.268423,0 -76.351472,3.268440,0 -76.352758,3.268829,0 -76.352800,3.268842,0 -76.354136,3.269246,0 -76.355361,3.269639,0 -76.355451,3.269667,0 -76.355498,3.269681,0 -76.356815,3.270085,0 -76.356948,3.270126,0 -76.358389,3.270568,0 -76.359505,3.270887,0 -76.359900,3.271000,0 -76.360658,3.271208,0 -76.360857,3.271283,0 -76.361088,3.271369,0 -76.361190,3.271408,0 -76.361245,3.271467,0 -76.361289,3.271534,0 -76.361323,3.271607,0 -76.361344,3.271684,0 -76.361352,3.271764,0 -76.361348,3.271845,0 -76.361331,3.271923,0 -76.361247,3.272044,0 -76.360422,3.273234,0 -76.359647,3.274351,0 -76.359476,3.274597,0 -76.358634,3.275811,0 -76.357495,3.277454,0 -76.357405,3.277582,0 -76.356783,3.278466,0 -76.356284,3.279180,0 -76.355091,3.280899,0 -76.354667,3.281496,0 -76.354506,3.281722,0 -76.353409,3.283301,0 -76.352508,3.284603,0 -76.351740,3.285704,0 -76.351519,3.286035,0 -76.351505,3.286055,0 -76.351477,3.286095,0 -76.351279,3.286375,0 -76.350509,3.287486,0 -76.349648,3.288755,0 -76.349254,3.289339,0 -76.348696,3.290164,0 -76.348181,3.290921,0 -76.348026,3.291180,0 -76.347544,3.291870,0 -76.347334,3.292170,0 -76.347243,3.292306,0 -76.347418,3.292391,0 -76.347621,3.292457,0 -76.349122,3.292843,0 -76.350846,3.293300,0 -76.352362,3.293719,0 -76.354401,3.294357,0 -76.354830,3.294417,0 -76.355305,3.294511,0 -76.359942,3.295628,0 -76.363237,3.296421,0 -76.366423,3.297188,0 -76.366621,3.297306,0 -76.367222,3.298035,0 -76.367413,3.298174,0 -76.367627,3.298275,0 -76.368892,3.298875,0 -76.370217,3.299502,0 -76.371408,3.300066,0 -76.372693,3.300675,0 -76.374083,3.301334,0 -76.374218,3.301035,0 -76.375755,3.297836,0 -76.376348,3.296602,0 -76.377715,3.297261,0 -76.378917,3.297831,0 -76.380083,3.298400,0 -76.379527,3.299548,0 -76.379394,3.299823,0 -76.378976,3.300709,0 -76.378096,3.302576,0 -76.377840,3.303135,0 -76.376961,3.302713,0 -76.376683,3.302580,0 -76.375442,3.301985,0 -76.374083,3.301334,0 -76.372693,3.300675,0 -76.371408,3.300066,0 -76.370217,3.299502,0 -76.368892,3.298875,0 -76.367627,3.298275,0 -76.367413,3.298174,0 -76.367222,3.298035,0 -76.366621,3.297306,0 -76.366423,3.297188,0 -76.363237,3.296421,0 -76.359942,3.295628,0 -76.355305,3.294511,0 -76.354830,3.294417,0 -76.354401,3.294357,0 -76.352362,3.293719,0 -76.350846,3.293300,0 -76.349122,3.292843,0 -76.347621,3.292457,0 -76.347418,3.292391,0 -76.347243,3.292306,0 -76.347334,3.292170,0 -76.347544,3.291870,0 -76.348026,3.291180,0 -76.347593,3.290595,0 -76.343020,3.284860,0 -76.342967,3.284804,0 -76.342760,3.284624,0 -76.342616,3.284528,0 -76.342474,3.284459,0 -76.342301,3.284400,0 -76.342066,3.284335,0 -76.341946,3.284330,0 -76.341817,3.284330,0 -76.339884,3.284322,0 -76.339035,3.284440,0 -76.338789,3.284428,0 -76.338547,3.284415,0 -76.337946,3.284225,0 -76.337805,3.284226,0 -76.337664,3.284255,0 -76.336739,3.284648,0 -76.336543,3.284689,0 -76.336335,3.284650,0 -76.335957,3.284505,0 -76.335736,3.284437,0 -76.335581,3.284438,0 -76.335508,3.284496,0 -76.335459,3.284562,0 -76.335345,3.285021,0 -76.335229,3.285479,0 -76.335087,3.285907,0 -76.334956,3.286056,0 -76.334818,3.286100,0 -76.334635,3.286069,0 -76.334318,3.285827,0 -76.334036,3.285637,0 -76.333969,3.285592,0 -76.333382,3.285431,0 -76.332651,3.285332,0 -76.331991,3.285023,0 -76.331688,3.284900,0 -76.331385,3.284844,0 -76.331290,3.284853,0 -76.331138,3.284903,0 -76.330851,3.285224,0 -76.330774,3.285262,0 -76.330603,3.285272,0 -76.328625,3.284796,0 -76.326758,3.284287,0 -76.326587,3.284241,0 -76.326029,3.284108,0 -76.325584,3.283976,0 -76.325184,3.283800,0 -76.324433,3.283312,0 -76.324116,3.283123,0 -76.323201,3.282513,0 -76.322727,3.282337,0 -76.322334,3.282251,0 -76.321043,3.282198,0 -76.320644,3.282187,0 -76.320320,3.282208,0 -76.320029,3.281974,0 -76.319967,3.281731,0 -76.319958,3.281672,0 -76.319935,3.281520,0 -76.319771,3.280411,0 -76.319820,3.280363,0 -76.319859,3.280303,0 -76.319868,3.280249,0 -76.319851,3.280118,0 -76.319839,3.280051,0 -76.319827,3.279989,0 -76.319851,3.279960,0 -76.319862,3.279934,0 -76.319866,3.279907,0 -76.319863,3.279879,0 -76.319853,3.279853,0 -76.319845,3.279839,0 -76.319977,3.279728,0 -76.320053,3.279662,0 -76.320125,3.279580,0 -76.320442,3.279190,0 -76.320495,3.279111,0 -76.320541,3.279022,0 -76.320563,3.278894,0 -76.320567,3.278758,0 -76.320545,3.278596,0 -76.320478,3.278161,0 -76.320469,3.277956,0 -76.320447,3.277746,0 -76.320385,3.277346,0 -76.320325,3.277098,0 -76.320238,3.276897,0 -76.320062,3.276644,0 -76.319976,3.276395,0 -76.319752,3.275176,0 -76.319709,3.275080,0 -76.319629,3.275019,0 -76.319499,3.274939,0 -76.319465,3.274887,0 -76.319444,3.274800,0 -76.319304,3.273810,0 -76.319133,3.272606,0 -76.318749,3.272666,0 -76.318375,3.272724,0 -76.318340,3.272503,0 -76.318282,3.272103,0 -76.318179,3.271444,0 -76.318126,3.271159,0 -76.318073,3.270878,0 -76.317960,3.270131,0 -76.317909,3.269843,0 -76.317834,3.269426,0 -76.317740,3.268864,0 -76.317556,3.268870,0 -76.316000,3.268892,0 -76.315635,3.268892,0 -76.315584,3.268892,0 -76.315337,3.268946,0 -76.314616,3.269188,0 -76.313473,3.269572,0 -76.313411,3.269624,0 -76.313386,3.269645,0 -76.312130,3.271022,0 -76.312097,3.271058,0 -76.311831,3.271314,0 -76.311370,3.271575,0 -76.310385,3.272063,0 -76.309989,3.272258,0 -76.308551,3.272917,0 -76.308197,3.273072,0 -76.307704,3.273249,0 -76.307634,3.273313,0 -76.307618,3.273399,0 -76.307664,3.273546,0 -76.307675,3.273583,0 -76.308409,3.275872,0 -76.308509,3.276184,0 -76.309332,3.278838,0 -76.309978,3.278318,0 -76.310316,3.278124,0 -76.310338,3.278112,0 -76.310423,3.278074,0 -76.310523,3.278034,0 -76.310874,3.277941,0 -76.311875,3.277788,0 -76.313328,3.277524,0 -76.314348,3.277338,0 -76.314463,3.277284,0 -76.314552,3.277520,0 -76.314890,3.278098,0 -76.314932,3.278216,0 -76.315217,3.279783,0 -76.315238,3.279953,0 -76.315234,3.280037,0 -76.315217,3.280084,0 -76.315167,3.280111,0 -76.314770,3.280185,0 -76.314738,3.280217,0 -76.314733,3.280262,0 -76.314833,3.280790,0 -76.314808,3.280657,0 -76.314733,3.280262,0 -76.314738,3.280217,0 -76.314770,3.280185,0 -76.315167,3.280111,0 -76.315217,3.280084,0 -76.315234,3.280037,0 -76.315238,3.279953,0 -76.315217,3.279783,0 -76.314932,3.278216,0 -76.314890,3.278098,0 -76.314552,3.277520,0 -76.314463,3.277284,0 -76.314509,3.277255,0 -76.315303,3.276117,0 -76.315311,3.276018,0 -76.315300,3.275913,0 -76.314922,3.273750,0 -76.314931,3.273584,0 -76.314991,3.273482,0 -76.315083,3.273357,0 -76.315235,3.273292,0 -76.318375,3.272724,0 -76.318749,3.272666,0 -76.319133,3.272606,0 -76.320873,3.272283,0 -76.320975,3.272264,0 -76.321670,3.272154,0 -76.322640,3.271988,0 -76.324438,3.271678,0 -76.324718,3.271634,0 -76.326113,3.271380,0 -76.326149,3.271380,0 -76.326940,3.271241,0 -76.327489,3.271145,0 -76.327968,3.271061,0 -76.328142,3.270998,0 -76.328183,3.270984,0 -76.328376,3.270863,0 -76.328835,3.270500,0 -76.329294,3.269618,0 -76.329316,3.269576,0 -76.329367,3.269482,0 -76.329408,3.269394,0 -76.330493,3.267105,0 -76.330771,3.267269,0 -76.331629,3.267677,0 -76.331885,3.267793,0 -76.331930,3.267813,0 -76.332484,3.268085,0 -76.333568,3.268618,0 -76.333935,3.268799,0</coordinates></LineString></Placemark><Placemark><name>Ruta día 5</name><styleUrl>#dia5</styleUrl><ExtendedData><Data name="INGENIO"><value>Incauca</value></Data><Data name="DIA"><value>5</value></Data><Data name="PUNTOS"><value>INC-011, INC-003, INC-028</value></Data><Data name="N_PUNTOS"><value>3</value></Data><Data name="KM"><value>44.8</value></Data><Data name="HORAS_TOTALES"><value>6.73</value></Data><Data name="REGRESO"><value>13:14</value></Data><Data name="PEAJES"><value>0</value></Data><Data name="COSTO_COP"><value>507961</value></Data></ExtendedData><LineString><tessellate>1</tessellate><coordinates>-76.333935,3.268799,0 -76.333568,3.268618,0 -76.333736,3.267541,0 -76.333845,3.266834,0 -76.334158,3.265096,0 -76.334910,3.265226,0 -76.336374,3.265480,0 -76.336401,3.265485,0 -76.337460,3.265669,0 -76.337575,3.265689,0 -76.338756,3.265893,0 -76.339323,3.265992,0 -76.339948,3.266100,0 -76.340852,3.266257,0 -76.341183,3.266314,0 -76.342275,3.266504,0 -76.342287,3.266506,0 -76.343625,3.266738,0 -76.343802,3.266768,0 -76.344951,3.266968,0 -76.346008,3.267151,0 -76.346578,3.267250,0 -76.347412,3.267387,0 -76.347674,3.267430,0 -76.348084,3.267491,0 -76.348377,3.267534,0 -76.348696,3.267599,0 -76.348791,3.267628,0 -76.350117,3.268030,0 -76.351417,3.268423,0 -76.351472,3.268440,0 -76.352758,3.268829,0 -76.352800,3.268842,0 -76.354136,3.269246,0 -76.355361,3.269639,0 -76.355451,3.269667,0 -76.355498,3.269681,0 -76.356815,3.270085,0 -76.356948,3.270126,0 -76.358389,3.270568,0 -76.359505,3.270887,0 -76.359900,3.271000,0 -76.360658,3.271208,0 -76.360857,3.271283,0 -76.361088,3.271369,0 -76.361190,3.271408,0 -76.361245,3.271467,0 -76.361289,3.271534,0 -76.361323,3.271607,0 -76.361344,3.271684,0 -76.361352,3.271764,0 -76.361348,3.271845,0 -76.361331,3.271923,0 -76.361247,3.272044,0 -76.360422,3.273234,0 -76.359647,3.274351,0 -76.359476,3.274597,0 -76.358634,3.275811,0 -76.357495,3.277454,0 -76.357405,3.277582,0 -76.356783,3.278466,0 -76.356284,3.279180,0 -76.355091,3.280899,0 -76.354667,3.281496,0 -76.354506,3.281722,0 -76.353409,3.283301,0 -76.352508,3.284603,0 -76.351740,3.285704,0 -76.351519,3.286035,0 -76.351505,3.286055,0 -76.351477,3.286095,0 -76.351279,3.286375,0 -76.350509,3.287486,0 -76.349648,3.288755,0 -76.349254,3.289339,0 -76.348696,3.290164,0 -76.348181,3.290921,0 -76.348026,3.291180,0 -76.347544,3.291870,0 -76.347334,3.292170,0 -76.347243,3.292306,0 -76.347418,3.292391,0 -76.347621,3.292457,0 -76.349122,3.292843,0 -76.350846,3.293300,0 -76.352362,3.293719,0 -76.354401,3.294357,0 -76.354830,3.294417,0 -76.355305,3.294511,0 -76.359942,3.295628,0 -76.363237,3.296421,0 -76.366423,3.297188,0 -76.366621,3.297306,0 -76.367222,3.298035,0 -76.367413,3.298174,0 -76.367627,3.298275,0 -76.368892,3.298875,0 -76.370217,3.299502,0 -76.371408,3.300066,0 -76.372693,3.300675,0 -76.374083,3.301334,0 -76.374218,3.301035,0 -76.375755,3.297836,0 -76.376348,3.296602,0 -76.377428,3.294355,0 -76.378545,3.294900,0 -76.378769,3.295009,0 -76.379550,3.295389,0 -76.379968,3.295582,0 -76.380631,3.295888,0 -76.381164,3.296143,0 -76.381851,3.296472,0 -76.382320,3.296694,0 -76.383189,3.297105,0 -76.383476,3.297244,0 -76.384517,3.297748,0 -76.384678,3.297823,0 -76.385705,3.298302,0 -76.385744,3.298321,0 -76.385853,3.298374,0 -76.387022,3.298937,0 -76.387141,3.298989,0 -76.388200,3.299483,0 -76.389136,3.299976,0 -76.389592,3.300222,0 -76.389771,3.300292,0 -76.389903,3.300279,0 -76.390048,3.300236,0 -76.390131,3.300158,0 -76.390252,3.299976,0 -76.390580,3.299349,0 -76.390640,3.299234,0 -76.390846,3.298819,0 -76.390931,3.298646,0 -76.390957,3.298594,0 -76.391341,3.297796,0 -76.391475,3.297585,0 -76.391614,3.297443,0 -76.391703,3.297396,0 -76.391788,3.297352,0 -76.392075,3.297285,0 -76.392303,3.297285,0 -76.392564,3.297333,0 -76.393309,3.297598,0 -76.393918,3.297924,0 -76.396222,3.299416,0 -76.396366,3.299497,0 -76.396624,3.299641,0 -76.396664,3.299653,0 -76.396785,3.299690,0 -76.396936,3.299722,0 -76.397413,3.299813,0 -76.398258,3.299931,0 -76.398926,3.300016,0 -76.399181,3.300099,0 -76.399215,3.300121,0 -76.399242,3.300139,0 -76.399309,3.300182,0 -76.399334,3.300203,0 -76.399354,3.300220,0 -76.399454,3.300305,0 -76.400510,3.301430,0 -76.401179,3.302142,0 -76.403155,3.304362,0 -76.403591,3.304690,0 -76.404033,3.305023,0 -76.404825,3.305620,0 -76.406210,3.306663,0 -76.406509,3.306889,0 -76.407483,3.307622,0 -76.408177,3.308145,0 -76.408777,3.308598,0 -76.409301,3.308992,0 -76.409596,3.309260,0 -76.409692,3.309458,0 -76.409681,3.309827,0 -76.409494,3.311231,0 -76.409412,3.311723,0 -76.409070,3.313796,0 -76.409000,3.314230,0 -76.408973,3.314455,0 -76.409000,3.314578,0 -76.409124,3.314685,0 -76.409285,3.314765,0 -76.410461,3.315020,0 -76.410688,3.315069,0 -76.411805,3.315311,0 -76.412363,3.315432,0 -76.412696,3.315504,0 -76.413149,3.315609,0 -76.413640,3.315724,0 -76.413735,3.315765,0 -76.413864,3.315820,0 -76.414574,3.316126,0 -76.414621,3.316146,0 -76.415630,3.316581,0 -76.415928,3.316710,0 -76.416066,3.316769,0 -76.416715,3.317049,0 -76.417755,3.317497,0 -76.418802,3.317949,0 -76.420080,3.318499,0 -76.420201,3.318552,0 -76.420357,3.318648,0 -76.420380,3.318678,0 -76.420432,3.318744,0 -76.420448,3.318937,0 -76.420249,3.320362,0 -76.420141,3.321134,0 -76.420132,3.321200,0 -76.420088,3.321514,0 -76.420060,3.321719,0 -76.420039,3.321868,0 -76.419916,3.322749,0 -76.419761,3.323853,0 -76.419724,3.325969,0 -76.419723,3.326063,0 -76.419719,3.326884,0 -76.419718,3.327281,0 -76.419716,3.327601,0 -76.419709,3.329107,0 -76.419751,3.330572,0 -76.419752,3.330623,0 -76.419755,3.330759,0 -76.419756,3.330813,0 -76.419740,3.331019,0 -76.419879,3.331329,0 -76.420041,3.331630,0 -76.420105,3.331747,0 -76.420463,3.332399,0 -76.420999,3.333375,0 -76.421038,3.333445,0 -76.421370,3.334232,0 -76.421399,3.334302,0 -76.421489,3.334516,0 -76.421504,3.334549,0 -76.421736,3.335058,0 -76.422272,3.336235,0 -76.422363,3.336546,0 -76.422390,3.336856,0 -76.422389,3.337092,0 -76.422384,3.338656,0 -76.422438,3.339887,0 -76.422558,3.340380,0 -76.422674,3.340862,0 -76.422835,3.341430,0 -76.422899,3.341831,0 -76.423039,3.342565,0 -76.423141,3.343084,0 -76.423296,3.343620,0 -76.423429,3.344012,0 -76.422512,3.344469,0 -76.422280,3.344597,0 -76.422115,3.344688,0 -76.421836,3.344908,0 -76.421285,3.345436,0 -76.420900,3.345805,0 -76.420876,3.345840,0 -76.420846,3.345872,0 -76.420772,3.345947,0 -76.420498,3.346326,0 -76.420460,3.346379,0 -76.420365,3.346510,0 -76.420119,3.346806,0 -76.419960,3.346986,0 -76.419837,3.347067,0 -76.419809,3.347085,0 -76.419528,3.347237,0 -76.419435,3.347302,0 -76.419317,3.347386,0 -76.419128,3.347523,0 -76.418972,3.347659,0 -76.418848,3.347801,0 -76.418821,3.347846,0 -76.418742,3.347974,0 -76.418672,3.348111,0 -76.418629,3.348195,0 -76.418114,3.348626,0 -76.418029,3.348697,0 -76.417955,3.348632,0 -76.417253,3.348209,0 -76.417133,3.348049,0 -76.417007,3.347918,0 -76.416682,3.347722,0 -76.416676,3.347344,0 -76.416666,3.346675,0 -76.415362,3.343322,0 -76.415347,3.343258,0 -76.414709,3.341270,0 -76.414461,3.340519,0 -76.414434,3.340372,0 -76.414385,3.339885,0 -76.414379,3.339755,0 -76.414441,3.339739,0 -76.414493,3.337943,0 -76.415614,3.337646,0 -76.415614,3.338364,0 -76.415613,3.339438,0 -76.416746,3.339148,0 -76.417095,3.339073,0 -76.417422,3.339148,0 -76.417894,3.339311,0 -76.419032,3.339704,0 -76.419311,3.339800,0 -76.420466,3.340199,0 -76.420616,3.340251,0 -76.422186,3.340792,0 -76.422227,3.340798,0 -76.422326,3.340812,0 -76.422674,3.340862,0 -76.422558,3.340380,0 -76.422438,3.339887,0 -76.423766,3.339805,0 -76.424944,3.339733,0 -76.426111,3.339661,0 -76.427277,3.339589,0 -76.427864,3.339553,0 -76.428449,3.339516,0 -76.429412,3.339457,0 -76.429615,3.339445,0 -76.430458,3.339393,0 -76.430608,3.339383,0 -76.431512,3.339328,0 -76.431735,3.339314,0 -76.431711,3.338833,0 -76.431684,3.338278,0 -76.432704,3.338220,0 -76.432729,3.339164,0 -76.432485,3.339268,0 -76.431735,3.339314,0 -76.431512,3.339328,0 -76.430608,3.339383,0 -76.430458,3.339393,0 -76.429615,3.339445,0 -76.429412,3.339457,0 -76.428449,3.339516,0 -76.427864,3.339553,0 -76.427277,3.339589,0 -76.426111,3.339661,0 -76.424944,3.339733,0 -76.423766,3.339805,0 -76.422438,3.339887,0 -76.422384,3.338656,0 -76.422389,3.337092,0 -76.422390,3.336856,0 -76.422363,3.336546,0 -76.422272,3.336235,0 -76.421736,3.335058,0 -76.421504,3.334549,0 -76.421489,3.334516,0 -76.421399,3.334302,0 -76.421370,3.334232,0 -76.421038,3.333445,0 -76.420999,3.333375,0 -76.420463,3.332399,0 -76.420105,3.331747,0 -76.420041,3.331630,0 -76.419879,3.331329,0 -76.419740,3.331019,0 -76.419756,3.330813,0 -76.419755,3.330759,0 -76.419752,3.330623,0 -76.419751,3.330572,0 -76.419709,3.329107,0 -76.419716,3.327601,0 -76.419718,3.327281,0 -76.419719,3.326884,0 -76.419723,3.326063,0 -76.419724,3.325969,0 -76.419761,3.323853,0 -76.419916,3.322749,0 -76.420039,3.321868,0 -76.420060,3.321719,0 -76.420088,3.321514,0 -76.420132,3.321200,0 -76.420141,3.321134,0 -76.420249,3.320362,0 -76.420448,3.318937,0 -76.420432,3.318744,0 -76.420380,3.318678,0 -76.420357,3.318648,0 -76.420201,3.318552,0 -76.420080,3.318499,0 -76.418802,3.317949,0 -76.417755,3.317497,0 -76.416715,3.317049,0 -76.416066,3.316769,0 -76.415928,3.316710,0 -76.415630,3.316581,0 -76.414621,3.316146,0 -76.414574,3.316126,0 -76.413864,3.315820,0 -76.413735,3.315765,0 -76.413640,3.315724,0 -76.413149,3.315609,0 -76.412696,3.315504,0 -76.412363,3.315432,0 -76.411805,3.315311,0 -76.410688,3.315069,0 -76.410461,3.315020,0 -76.409285,3.314765,0 -76.409124,3.314685,0 -76.409000,3.314578,0 -76.408973,3.314455,0 -76.409000,3.314230,0 -76.409070,3.313796,0 -76.409412,3.311723,0 -76.409494,3.311231,0 -76.409681,3.309827,0 -76.409692,3.309458,0 -76.409596,3.309260,0 -76.409301,3.308992,0 -76.408777,3.308598,0 -76.408177,3.308145,0 -76.407483,3.307622,0 -76.406509,3.306889,0 -76.406210,3.306663,0 -76.404825,3.305620,0 -76.404033,3.305023,0 -76.403591,3.304690,0 -76.403155,3.304362,0 -76.401179,3.302142,0 -76.400510,3.301430,0 -76.399454,3.300305,0 -76.399354,3.300220,0 -76.399334,3.300203,0 -76.399309,3.300182,0 -76.399242,3.300139,0 -76.399215,3.300121,0 -76.399181,3.300099,0 -76.398926,3.300016,0 -76.398258,3.299931,0 -76.397413,3.299813,0 -76.396936,3.299722,0 -76.396785,3.299690,0 -76.396664,3.299653,0 -76.396624,3.299641,0 -76.396366,3.299497,0 -76.396222,3.299416,0 -76.393918,3.297924,0 -76.393309,3.297598,0 -76.392564,3.297333,0 -76.392303,3.297285,0 -76.392075,3.297285,0 -76.391788,3.297352,0 -76.391703,3.297396,0 -76.391614,3.297443,0 -76.391475,3.297585,0 -76.391341,3.297796,0 -76.390957,3.298594,0 -76.390931,3.298646,0 -76.390846,3.298819,0 -76.390640,3.299234,0 -76.390580,3.299349,0 -76.390252,3.299976,0 -76.390131,3.300158,0 -76.390048,3.300236,0 -76.389903,3.300279,0 -76.389771,3.300292,0 -76.389592,3.300222,0 -76.389136,3.299976,0 -76.388200,3.299483,0 -76.387141,3.298989,0 -76.387022,3.298937,0 -76.385853,3.298374,0 -76.385744,3.298321,0 -76.385705,3.298302,0 -76.384678,3.297823,0 -76.384517,3.297748,0 -76.383476,3.297244,0 -76.383189,3.297105,0 -76.382320,3.296694,0 -76.381851,3.296472,0 -76.381164,3.296143,0 -76.380631,3.295888,0 -76.379968,3.295582,0 -76.379550,3.295389,0 -76.378769,3.295009,0 -76.378545,3.294900,0 -76.377428,3.294355,0 -76.376348,3.296602,0 -76.375755,3.297836,0 -76.374218,3.301035,0 -76.374083,3.301334,0 -76.372693,3.300675,0 -76.371408,3.300066,0 -76.370217,3.299502,0 -76.368892,3.298875,0 -76.367627,3.298275,0 -76.367413,3.298174,0 -76.367222,3.298035,0 -76.366621,3.297306,0 -76.366423,3.297188,0 -76.363237,3.296421,0 -76.359942,3.295628,0 -76.355305,3.294511,0 -76.354830,3.294417,0 -76.354401,3.294357,0 -76.352362,3.293719,0 -76.350846,3.293300,0 -76.349122,3.292843,0 -76.347621,3.292457,0 -76.347418,3.292391,0 -76.347243,3.292306,0 -76.347334,3.292170,0 -76.347544,3.291870,0 -76.348026,3.291180,0 -76.347593,3.290595,0 -76.343020,3.284860,0 -76.342967,3.284804,0 -76.342760,3.284624,0 -76.342616,3.284528,0 -76.342474,3.284459,0 -76.342301,3.284400,0 -76.342066,3.284335,0 -76.341946,3.284330,0 -76.341817,3.284330,0 -76.339884,3.284322,0 -76.339035,3.284440,0 -76.338789,3.284428,0 -76.338547,3.284415,0 -76.337946,3.284225,0 -76.337805,3.284226,0 -76.337664,3.284255,0 -76.336739,3.284648,0 -76.336543,3.284689,0 -76.336335,3.284650,0 -76.335957,3.284505,0 -76.335736,3.284437,0 -76.335581,3.284438,0 -76.335508,3.284496,0 -76.335459,3.284562,0 -76.335345,3.285021,0 -76.335229,3.285479,0 -76.335087,3.285907,0 -76.334956,3.286056,0 -76.334818,3.286100,0 -76.334635,3.286069,0 -76.334318,3.285827,0 -76.334036,3.285637,0 -76.333969,3.285592,0 -76.333382,3.285431,0 -76.332651,3.285332,0 -76.331991,3.285023,0 -76.331688,3.284900,0 -76.331385,3.284844,0 -76.331290,3.284853,0 -76.331138,3.284903,0 -76.330851,3.285224,0 -76.330774,3.285262,0 -76.330603,3.285272,0 -76.328625,3.284796,0 -76.326758,3.284287,0 -76.326587,3.284241,0 -76.326029,3.284108,0 -76.325584,3.283976,0 -76.325184,3.283800,0 -76.324433,3.283312,0 -76.324116,3.283123,0 -76.323201,3.282513,0 -76.322727,3.282337,0 -76.322334,3.282251,0 -76.321043,3.282198,0 -76.320644,3.282187,0 -76.320320,3.282208,0 -76.320029,3.281974,0 -76.319967,3.281731,0 -76.319958,3.281672,0 -76.319935,3.281520,0 -76.319771,3.280411,0 -76.319820,3.280363,0 -76.319859,3.280303,0 -76.319868,3.280249,0 -76.319851,3.280118,0 -76.319839,3.280051,0 -76.319827,3.279989,0 -76.319851,3.279960,0 -76.320123,3.279908,0 -76.320524,3.279842,0 -76.320639,3.279823,0 -76.321061,3.279765,0 -76.321244,3.279692,0 -76.322491,3.279421,0 -76.323259,3.279301,0 -76.323739,3.279226,0 -76.324046,3.279142,0 -76.324525,3.278892,0 -76.324967,3.278516,0 -76.325036,3.278411,0 -76.325172,3.278205,0 -76.325574,3.277361,0 -76.326088,3.276281,0 -76.326862,3.274655,0 -76.328835,3.270500,0 -76.329294,3.269618,0 -76.329316,3.269576,0 -76.329367,3.269482,0 -76.329408,3.269394,0 -76.330493,3.267105,0 -76.330771,3.267269,0 -76.331629,3.267677,0 -76.331885,3.267793,0 -76.331930,3.267813,0 -76.332484,3.268085,0 -76.333568,3.268618,0 -76.333935,3.268799,0</coordinates></LineString></Placemark><Placemark><name>Ruta día 6</name><styleUrl>#dia6</styleUrl><ExtendedData><Data name="INGENIO"><value>Incauca</value></Data><Data name="DIA"><value>6</value></Data><Data name="PUNTOS"><value>INC-002, INC-036, INC-040</value></Data><Data name="N_PUNTOS"><value>3</value></Data><Data name="KM"><value>45.8</value></Data><Data name="HORAS_TOTALES"><value>6.82</value></Data><Data name="REGRESO"><value>13:19</value></Data><Data name="PEAJES"><value>0</value></Data><Data name="COSTO_COP"><value>508291</value></Data></ExtendedData><LineString><tessellate>1</tessellate><coordinates>-76.333935,3.268799,0 -76.333568,3.268618,0 -76.333736,3.267541,0 -76.333845,3.266834,0 -76.334158,3.265096,0 -76.334910,3.265226,0 -76.336374,3.265480,0 -76.336401,3.265485,0 -76.337460,3.265669,0 -76.337575,3.265689,0 -76.338756,3.265893,0 -76.339323,3.265992,0 -76.339948,3.266100,0 -76.340852,3.266257,0 -76.341183,3.266314,0 -76.342275,3.266504,0 -76.342287,3.266506,0 -76.343625,3.266738,0 -76.343802,3.266768,0 -76.344951,3.266968,0 -76.346008,3.267151,0 -76.346578,3.267250,0 -76.347412,3.267387,0 -76.347674,3.267430,0 -76.348084,3.267491,0 -76.348377,3.267534,0 -76.348696,3.267599,0 -76.348791,3.267628,0 -76.350117,3.268030,0 -76.351417,3.268423,0 -76.351472,3.268440,0 -76.352758,3.268829,0 -76.352800,3.268842,0 -76.354136,3.269246,0 -76.355361,3.269639,0 -76.355451,3.269667,0 -76.355498,3.269681,0 -76.356815,3.270085,0 -76.356948,3.270126,0 -76.358389,3.270568,0 -76.359505,3.270887,0 -76.359900,3.271000,0 -76.360658,3.271208,0 -76.360857,3.271283,0 -76.361088,3.271369,0 -76.361190,3.271408,0 -76.361245,3.271467,0 -76.361289,3.271534,0 -76.361323,3.271607,0 -76.361344,3.271684,0 -76.361352,3.271764,0 -76.361348,3.271845,0 -76.361331,3.271923,0 -76.361247,3.272044,0 -76.360422,3.273234,0 -76.359647,3.274351,0 -76.359476,3.274597,0 -76.358634,3.275811,0 -76.357495,3.277454,0 -76.357405,3.277582,0 -76.356783,3.278466,0 -76.356284,3.279180,0 -76.355091,3.280899,0 -76.354667,3.281496,0 -76.354506,3.281722,0 -76.353409,3.283301,0 -76.352508,3.284603,0 -76.351740,3.285704,0 -76.351519,3.286035,0 -76.351505,3.286055,0 -76.351477,3.286095,0 -76.351279,3.286375,0 -76.350509,3.287486,0 -76.349648,3.288755,0 -76.349254,3.289339,0 -76.348696,3.290164,0 -76.348181,3.290921,0 -76.348026,3.291180,0 -76.347544,3.291870,0 -76.347334,3.292170,0 -76.347243,3.292306,0 -76.347418,3.292391,0 -76.347621,3.292457,0 -76.349122,3.292843,0 -76.350846,3.293300,0 -76.352362,3.293719,0 -76.354401,3.294357,0 -76.354830,3.294417,0 -76.355305,3.294511,0 -76.359942,3.295628,0 -76.363237,3.296421,0 -76.366423,3.297188,0 -76.366621,3.297306,0 -76.367222,3.298035,0 -76.367413,3.298174,0 -76.367627,3.298275,0 -76.368892,3.298875,0 -76.370217,3.299502,0 -76.371408,3.300066,0 -76.372693,3.300675,0 -76.374083,3.301334,0 -76.374218,3.301035,0 -76.375755,3.297836,0 -76.376348,3.296602,0 -76.377428,3.294355,0 -76.378545,3.294900,0 -76.378769,3.295009,0 -76.379550,3.295389,0 -76.379968,3.295582,0 -76.380631,3.295888,0 -76.381164,3.296143,0 -76.381851,3.296472,0 -76.382320,3.296694,0 -76.383189,3.297105,0 -76.383476,3.297244,0 -76.384517,3.297748,0 -76.384678,3.297823,0 -76.385705,3.298302,0 -76.385744,3.298321,0 -76.385853,3.298374,0 -76.387022,3.298937,0 -76.387141,3.298989,0 -76.388200,3.299483,0 -76.389136,3.299976,0 -76.389592,3.300222,0 -76.389771,3.300292,0 -76.389903,3.300279,0 -76.390048,3.300236,0 -76.390131,3.300158,0 -76.390252,3.299976,0 -76.390580,3.299349,0 -76.390640,3.299234,0 -76.390846,3.298819,0 -76.390931,3.298646,0 -76.390957,3.298594,0 -76.391341,3.297796,0 -76.391475,3.297585,0 -76.391614,3.297443,0 -76.391703,3.297396,0 -76.391788,3.297352,0 -76.392075,3.297285,0 -76.392303,3.297285,0 -76.392564,3.297333,0 -76.393309,3.297598,0 -76.393918,3.297924,0 -76.396222,3.299416,0 -76.396366,3.299497,0 -76.396624,3.299641,0 -76.396664,3.299653,0 -76.396785,3.299690,0 -76.396936,3.299722,0 -76.397413,3.299813,0 -76.398258,3.299931,0 -76.398926,3.300016,0 -76.399181,3.300099,0 -76.399215,3.300121,0 -76.399242,3.300139,0 -76.399309,3.300182,0 -76.399334,3.300203,0 -76.399354,3.300220,0 -76.399454,3.300305,0 -76.400510,3.301430,0 -76.401179,3.302142,0 -76.403155,3.304362,0 -76.403591,3.304690,0 -76.404033,3.305023,0 -76.404825,3.305620,0 -76.406210,3.306663,0 -76.406509,3.306889,0 -76.407483,3.307622,0 -76.408177,3.308145,0 -76.408777,3.308598,0 -76.409301,3.308992,0 -76.409596,3.309260,0 -76.409692,3.309458,0 -76.409681,3.309827,0 -76.409494,3.311231,0 -76.409412,3.311723,0 -76.409070,3.313796,0 -76.409000,3.314230,0 -76.408973,3.314455,0 -76.409000,3.314578,0 -76.409124,3.314685,0 -76.409285,3.314765,0 -76.410461,3.315020,0 -76.410688,3.315069,0 -76.411805,3.315311,0 -76.412363,3.315432,0 -76.412696,3.315504,0 -76.413149,3.315609,0 -76.413640,3.315724,0 -76.413735,3.315765,0 -76.413864,3.315820,0 -76.414574,3.316126,0 -76.414621,3.316146,0 -76.415630,3.316581,0 -76.415928,3.316710,0 -76.416066,3.316769,0 -76.416715,3.317049,0 -76.417755,3.317497,0 -76.418802,3.317949,0 -76.420080,3.318499,0 -76.420201,3.318552,0 -76.420357,3.318648,0 -76.420380,3.318678,0 -76.420432,3.318744,0 -76.420448,3.318937,0 -76.420249,3.320362,0 -76.420141,3.321134,0 -76.420132,3.321200,0 -76.420088,3.321514,0 -76.420060,3.321719,0 -76.420039,3.321868,0 -76.419916,3.322749,0 -76.419761,3.323853,0 -76.420950,3.324063,0 -76.421008,3.324073,0 -76.421079,3.324087,0 -76.422093,3.324285,0 -76.422165,3.324299,0 -76.423184,3.324499,0 -76.423236,3.324508,0 -76.424217,3.324689,0 -76.424329,3.324709,0 -76.425507,3.324926,0 -76.426590,3.325125,0 -76.427694,3.325329,0 -76.427995,3.325384,0 -76.428817,3.325535,0 -76.429607,3.325681,0 -76.429745,3.325706,0 -76.429824,3.325721,0 -76.430088,3.325770,0 -76.431046,3.325950,0 -76.431190,3.325977,0 -76.432327,3.326191,0 -76.432480,3.326219,0 -76.433693,3.326441,0 -76.435027,3.326685,0 -76.434744,3.328238,0 -76.434436,3.329922,0 -76.434278,3.330785,0 -76.434124,3.331627,0 -76.434111,3.331707,0 -76.435420,3.331940,0 -76.435347,3.332373,0 -76.435224,3.333097,0 -76.434936,3.334499,0 -76.434894,3.334706,0 -76.434794,3.334686,0 -76.434897,3.336064,0 -76.435001,3.338079,0 -76.435017,3.338399,0 -76.435530,3.338466,0 -76.435581,3.338472,0 -76.435671,3.338484,0 -76.435738,3.338493,0 -76.435791,3.338500,0 -76.436086,3.338538,0 -76.437192,3.338682,0 -76.438300,3.338826,0 -76.439435,3.338974,0 -76.440582,3.339124,0 -76.441143,3.339197,0 -76.441702,3.339269,0 -76.442242,3.339340,0 -76.442851,3.339419,0 -76.442760,3.340037,0 -76.442692,3.340494,0 -76.443746,3.340626,0 -76.443914,3.339557,0 -76.444914,3.339688,0 -76.445023,3.339702,0 -76.445365,3.339746,0 -76.446101,3.339706,0 -76.447242,3.339643,0 -76.447530,3.339627,0 -76.447667,3.339628,0 -76.448429,3.339631,0 -76.448971,3.339634,0 -76.449534,3.339636,0 -76.450210,3.339639,0 -76.450725,3.339642,0 -76.450749,3.339933,0 -76.450870,3.341402,0 -76.451003,3.343019,0 -76.451045,3.343527,0 -76.450596,3.343572,0 -76.450510,3.343580,0 -76.449815,3.343650,0 -76.449667,3.341543,0 -76.449552,3.339893,0 -76.449534,3.339636,0 -76.448971,3.339634,0 -76.448429,3.339631,0 -76.447667,3.339628,0 -76.447530,3.339627,0 -76.447242,3.339643,0 -76.446101,3.339706,0 -76.445365,3.339746,0 -76.445023,3.339702,0 -76.444914,3.339688,0 -76.443914,3.339557,0 -76.443380,3.339488,0 -76.442851,3.339419,0 -76.442242,3.339340,0 -76.441702,3.339269,0 -76.441143,3.339197,0 -76.440582,3.339124,0 -76.439435,3.338974,0 -76.438300,3.338826,0 -76.437192,3.338682,0 -76.436086,3.338538,0 -76.435791,3.338500,0 -76.435738,3.338493,0 -76.435671,3.338484,0 -76.435581,3.338472,0 -76.435530,3.338466,0 -76.435017,3.338399,0 -76.434818,3.338373,0 -76.434519,3.338404,0 -76.434326,3.338486,0 -76.433872,3.338678,0 -76.432729,3.339164,0 -76.432485,3.339268,0 -76.431735,3.339314,0 -76.431512,3.339328,0 -76.430608,3.339383,0 -76.430458,3.339393,0 -76.429615,3.339445,0 -76.429412,3.339457,0 -76.428449,3.339516,0 -76.427864,3.339553,0 -76.427277,3.339589,0 -76.426111,3.339661,0 -76.424944,3.339733,0 -76.423766,3.339805,0 -76.422438,3.339887,0 -76.422384,3.338656,0 -76.422389,3.337092,0 -76.422390,3.336856,0 -76.422363,3.336546,0 -76.422272,3.336235,0 -76.421736,3.335058,0 -76.421504,3.334549,0 -76.421489,3.334516,0 -76.421399,3.334302,0 -76.421370,3.334232,0 -76.421038,3.333445,0 -76.420999,3.333375,0 -76.420463,3.332399,0 -76.420105,3.331747,0 -76.420041,3.331630,0 -76.419879,3.331329,0 -76.419740,3.331019,0 -76.419756,3.330813,0 -76.419755,3.330759,0 -76.419752,3.330623,0 -76.419751,3.330572,0 -76.419709,3.329107,0 -76.419716,3.327601,0 -76.419718,3.327281,0 -76.419719,3.326884,0 -76.419723,3.326063,0 -76.419724,3.325969,0 -76.419761,3.323853,0 -76.419916,3.322749,0 -76.420039,3.321868,0 -76.420060,3.321719,0 -76.420088,3.321514,0 -76.420132,3.321200,0 -76.420141,3.321134,0 -76.420249,3.320362,0 -76.420448,3.318937,0 -76.420432,3.318744,0 -76.420380,3.318678,0 -76.420357,3.318648,0 -76.420201,3.318552,0 -76.420080,3.318499,0 -76.418802,3.317949,0 -76.417755,3.317497,0 -76.416715,3.317049,0 -76.416066,3.316769,0 -76.415928,3.316710,0 -76.415630,3.316581,0 -76.414621,3.316146,0 -76.414574,3.316126,0 -76.413864,3.315820,0 -76.413735,3.315765,0 -76.413640,3.315724,0 -76.413149,3.315609,0 -76.412696,3.315504,0 -76.412363,3.315432,0 -76.411805,3.315311,0 -76.410688,3.315069,0 -76.410461,3.315020,0 -76.409285,3.314765,0 -76.409124,3.314685,0 -76.409000,3.314578,0 -76.408973,3.314455,0 -76.409000,3.314230,0 -76.409070,3.313796,0 -76.409412,3.311723,0 -76.409494,3.311231,0 -76.409681,3.309827,0 -76.409692,3.309458,0 -76.409596,3.309260,0 -76.409301,3.308992,0 -76.408777,3.308598,0 -76.408177,3.308145,0 -76.407483,3.307622,0 -76.406509,3.306889,0 -76.406210,3.306663,0 -76.404825,3.305620,0 -76.404033,3.305023,0 -76.403591,3.304690,0 -76.403155,3.304362,0 -76.401179,3.302142,0 -76.400510,3.301430,0 -76.399454,3.300305,0 -76.399354,3.300220,0 -76.399334,3.300203,0 -76.399309,3.300182,0 -76.399242,3.300139,0 -76.399215,3.300121,0 -76.399181,3.300099,0 -76.398926,3.300016,0 -76.398258,3.299931,0 -76.397413,3.299813,0 -76.396936,3.299722,0 -76.396785,3.299690,0 -76.396664,3.299653,0 -76.396624,3.299641,0 -76.396366,3.299497,0 -76.396222,3.299416,0 -76.393918,3.297924,0 -76.393309,3.297598,0 -76.392564,3.297333,0 -76.392303,3.297285,0 -76.392075,3.297285,0 -76.391788,3.297352,0 -76.391703,3.297396,0 -76.391614,3.297443,0 -76.391475,3.297585,0 -76.391341,3.297796,0 -76.390957,3.298594,0 -76.390931,3.298646,0 -76.390846,3.298819,0 -76.390640,3.299234,0 -76.390580,3.299349,0 -76.390252,3.299976,0 -76.390131,3.300158,0 -76.390048,3.300236,0 -76.389903,3.300279,0 -76.389771,3.300292,0 -76.389592,3.300222,0 -76.389136,3.299976,0 -76.388200,3.299483,0 -76.387141,3.298989,0 -76.387022,3.298937,0 -76.385853,3.298374,0 -76.385744,3.298321,0 -76.385705,3.298302,0 -76.384678,3.297823,0 -76.384517,3.297748,0 -76.383476,3.297244,0 -76.383189,3.297105,0 -76.382320,3.296694,0 -76.381851,3.296472,0 -76.381164,3.296143,0 -76.380631,3.295888,0 -76.379968,3.295582,0 -76.379550,3.295389,0 -76.378769,3.295009,0 -76.378545,3.294900,0 -76.377428,3.294355,0 -76.376348,3.296602,0 -76.375755,3.297836,0 -76.374218,3.301035,0 -76.374083,3.301334,0 -76.372693,3.300675,0 -76.371408,3.300066,0 -76.370217,3.299502,0 -76.368892,3.298875,0 -76.367627,3.298275,0 -76.367413,3.298174,0 -76.367222,3.298035,0 -76.366621,3.297306,0 -76.366423,3.297188,0 -76.363237,3.296421,0 -76.359942,3.295628,0 -76.355305,3.294511,0 -76.354830,3.294417,0 -76.354401,3.294357,0 -76.352362,3.293719,0 -76.350846,3.293300,0 -76.349122,3.292843,0 -76.347621,3.292457,0 -76.347418,3.292391,0 -76.347243,3.292306,0 -76.347334,3.292170,0 -76.347544,3.291870,0 -76.348026,3.291180,0 -76.347593,3.290595,0 -76.343020,3.284860,0 -76.342967,3.284804,0 -76.342760,3.284624,0 -76.342616,3.284528,0 -76.342474,3.284459,0 -76.342301,3.284400,0 -76.342066,3.284335,0 -76.341946,3.284330,0 -76.341817,3.284330,0 -76.339884,3.284322,0 -76.339035,3.284440,0 -76.338789,3.284428,0 -76.338547,3.284415,0 -76.337946,3.284225,0 -76.337805,3.284226,0 -76.337664,3.284255,0 -76.336739,3.284648,0 -76.336543,3.284689,0 -76.336335,3.284650,0 -76.335957,3.284505,0 -76.335736,3.284437,0 -76.335581,3.284438,0 -76.335508,3.284496,0 -76.335459,3.284562,0 -76.335345,3.285021,0 -76.335229,3.285479,0 -76.335087,3.285907,0 -76.334956,3.286056,0 -76.334818,3.286100,0 -76.334635,3.286069,0 -76.334318,3.285827,0 -76.334036,3.285637,0 -76.333969,3.285592,0 -76.333382,3.285431,0 -76.332651,3.285332,0 -76.331991,3.285023,0 -76.331688,3.284900,0 -76.331385,3.284844,0 -76.331290,3.284853,0 -76.331138,3.284903,0 -76.330851,3.285224,0 -76.330774,3.285262,0 -76.330603,3.285272,0 -76.328625,3.284796,0 -76.326758,3.284287,0 -76.326587,3.284241,0 -76.326029,3.284108,0 -76.325584,3.283976,0 -76.325184,3.283800,0 -76.324433,3.283312,0 -76.324116,3.283123,0 -76.323201,3.282513,0 -76.322727,3.282337,0 -76.322334,3.282251,0 -76.321043,3.282198,0 -76.320644,3.282187,0 -76.320320,3.282208,0 -76.320029,3.281974,0 -76.319967,3.281731,0 -76.319958,3.281672,0 -76.319935,3.281520,0 -76.319771,3.280411,0 -76.319820,3.280363,0 -76.319859,3.280303,0 -76.319868,3.280249,0 -76.319851,3.280118,0 -76.319839,3.280051,0 -76.319827,3.279989,0 -76.319851,3.279960,0 -76.320123,3.279908,0 -76.320524,3.279842,0 -76.320639,3.279823,0 -76.321061,3.279765,0 -76.321244,3.279692,0 -76.322491,3.279421,0 -76.323259,3.279301,0 -76.323739,3.279226,0 -76.324046,3.279142,0 -76.324525,3.278892,0 -76.324967,3.278516,0 -76.325036,3.278411,0 -76.325172,3.278205,0 -76.325574,3.277361,0 -76.326088,3.276281,0 -76.326862,3.274655,0 -76.328835,3.270500,0 -76.329294,3.269618,0 -76.329316,3.269576,0 -76.329367,3.269482,0 -76.329408,3.269394,0 -76.330493,3.267105,0 -76.330771,3.267269,0 -76.331629,3.267677,0 -76.331885,3.267793,0 -76.331930,3.267813,0 -76.332484,3.268085,0 -76.333568,3.268618,0 -76.333935,3.268799,0</coordinates></LineString></Placemark><Placemark><name>Ruta día 7</name><styleUrl>#dia7</styleUrl><ExtendedData><Data name="INGENIO"><value>Incauca</value></Data><Data name="DIA"><value>7</value></Data><Data name="PUNTOS"><value>INC-031, INC-029, INC-026</value></Data><Data name="N_PUNTOS"><value>3</value></Data><Data name="KM"><value>47.2</value></Data><Data name="HORAS_TOTALES"><value>6.86</value></Data><Data name="REGRESO"><value>13:21</value></Data><Data name="PEAJES"><value>0</value></Data><Data name="COSTO_COP"><value>508748</value></Data></ExtendedData><LineString><tessellate>1</tessellate><coordinates>-76.333935,3.268799,0 -76.333568,3.268618,0 -76.333736,3.267541,0 -76.333845,3.266834,0 -76.334158,3.265096,0 -76.334910,3.265226,0 -76.336374,3.265480,0 -76.336401,3.265485,0 -76.337460,3.265669,0 -76.337575,3.265689,0 -76.338756,3.265893,0 -76.339323,3.265992,0 -76.339948,3.266100,0 -76.340852,3.266257,0 -76.341183,3.266314,0 -76.342275,3.266504,0 -76.342287,3.266506,0 -76.343625,3.266738,0 -76.343802,3.266768,0 -76.344951,3.266968,0 -76.346008,3.267151,0 -76.346578,3.267250,0 -76.347412,3.267387,0 -76.347674,3.267430,0 -76.348084,3.267491,0 -76.348377,3.267534,0 -76.348696,3.267599,0 -76.348791,3.267628,0 -76.350117,3.268030,0 -76.351417,3.268423,0 -76.351472,3.268440,0 -76.352758,3.268829,0 -76.352800,3.268842,0 -76.354136,3.269246,0 -76.355361,3.269639,0 -76.355451,3.269667,0 -76.355498,3.269681,0 -76.356815,3.270085,0 -76.356948,3.270126,0 -76.358389,3.270568,0 -76.359505,3.270887,0 -76.359900,3.271000,0 -76.360658,3.271208,0 -76.360857,3.271283,0 -76.361088,3.271369,0 -76.361190,3.271408,0 -76.361245,3.271467,0 -76.361289,3.271534,0 -76.361323,3.271607,0 -76.361344,3.271684,0 -76.361352,3.271764,0 -76.361348,3.271845,0 -76.361331,3.271923,0 -76.361247,3.272044,0 -76.360422,3.273234,0 -76.359647,3.274351,0 -76.359476,3.274597,0 -76.358634,3.275811,0 -76.357495,3.277454,0 -76.357405,3.277582,0 -76.356783,3.278466,0 -76.356284,3.279180,0 -76.355091,3.280899,0 -76.354667,3.281496,0 -76.354506,3.281722,0 -76.353409,3.283301,0 -76.352508,3.284603,0 -76.351740,3.285704,0 -76.351519,3.286035,0 -76.351505,3.286055,0 -76.351477,3.286095,0 -76.351279,3.286375,0 -76.350509,3.287486,0 -76.349648,3.288755,0 -76.349254,3.289339,0 -76.348696,3.290164,0 -76.348181,3.290921,0 -76.348026,3.291180,0 -76.347544,3.291870,0 -76.347334,3.292170,0 -76.347243,3.292306,0 -76.347418,3.292391,0 -76.347621,3.292457,0 -76.349122,3.292843,0 -76.350846,3.293300,0 -76.352362,3.293719,0 -76.354401,3.294357,0 -76.354830,3.294417,0 -76.355305,3.294511,0 -76.359942,3.295628,0 -76.363237,3.296421,0 -76.366423,3.297188,0 -76.366621,3.297306,0 -76.367222,3.298035,0 -76.367413,3.298174,0 -76.367627,3.298275,0 -76.368892,3.298875,0 -76.370217,3.299502,0 -76.371408,3.300066,0 -76.372693,3.300675,0 -76.374083,3.301334,0 -76.374218,3.301035,0 -76.375755,3.297836,0 -76.376348,3.296602,0 -76.377428,3.294355,0 -76.378545,3.294900,0 -76.378769,3.295009,0 -76.379550,3.295389,0 -76.379968,3.295582,0 -76.380631,3.295888,0 -76.381164,3.296143,0 -76.381851,3.296472,0 -76.382320,3.296694,0 -76.383189,3.297105,0 -76.383476,3.297244,0 -76.384517,3.297748,0 -76.384678,3.297823,0 -76.385705,3.298302,0 -76.385744,3.298321,0 -76.385853,3.298374,0 -76.387022,3.298937,0 -76.387141,3.298989,0 -76.388200,3.299483,0 -76.389136,3.299976,0 -76.389592,3.300222,0 -76.389771,3.300292,0 -76.389903,3.300279,0 -76.390048,3.300236,0 -76.390131,3.300158,0 -76.390252,3.299976,0 -76.390580,3.299349,0 -76.390640,3.299234,0 -76.390846,3.298819,0 -76.390931,3.298646,0 -76.390957,3.298594,0 -76.391341,3.297796,0 -76.391475,3.297585,0 -76.391614,3.297443,0 -76.391703,3.297396,0 -76.391788,3.297352,0 -76.392075,3.297285,0 -76.392303,3.297285,0 -76.392564,3.297333,0 -76.393309,3.297598,0 -76.393918,3.297924,0 -76.396222,3.299416,0 -76.396366,3.299497,0 -76.396624,3.299641,0 -76.396664,3.299653,0 -76.396785,3.299690,0 -76.396936,3.299722,0 -76.397413,3.299813,0 -76.398258,3.299931,0 -76.398926,3.300016,0 -76.399181,3.300099,0 -76.399215,3.300121,0 -76.399242,3.300139,0 -76.399309,3.300182,0 -76.399334,3.300203,0 -76.399354,3.300220,0 -76.399454,3.300305,0 -76.400510,3.301430,0 -76.401179,3.302142,0 -76.403155,3.304362,0 -76.403591,3.304690,0 -76.404033,3.305023,0 -76.404825,3.305620,0 -76.406210,3.306663,0 -76.406509,3.306889,0 -76.407483,3.307622,0 -76.408177,3.308145,0 -76.408777,3.308598,0 -76.409301,3.308992,0 -76.409596,3.309260,0 -76.409692,3.309458,0 -76.409681,3.309827,0 -76.409494,3.311231,0 -76.409412,3.311723,0 -76.409070,3.313796,0 -76.409000,3.314230,0 -76.408973,3.314455,0 -76.409000,3.314578,0 -76.409124,3.314685,0 -76.409285,3.314765,0 -76.410461,3.315020,0 -76.410688,3.315069,0 -76.411805,3.315311,0 -76.412363,3.315432,0 -76.412696,3.315504,0 -76.413149,3.315609,0 -76.413640,3.315724,0 -76.413735,3.315765,0 -76.413864,3.315820,0 -76.414574,3.316126,0 -76.414621,3.316146,0 -76.415630,3.316581,0 -76.415928,3.316710,0 -76.416066,3.316769,0 -76.416715,3.317049,0 -76.417755,3.317497,0 -76.418802,3.317949,0 -76.420080,3.318499,0 -76.420201,3.318552,0 -76.420357,3.318648,0 -76.420380,3.318678,0 -76.420432,3.318744,0 -76.420448,3.318937,0 -76.420249,3.320362,0 -76.420141,3.321134,0 -76.420132,3.321200,0 -76.420088,3.321514,0 -76.420060,3.321719,0 -76.420039,3.321868,0 -76.419916,3.322749,0 -76.419761,3.323853,0 -76.419724,3.325969,0 -76.419723,3.326063,0 -76.419719,3.326884,0 -76.419718,3.327281,0 -76.419716,3.327601,0 -76.419709,3.329107,0 -76.419751,3.330572,0 -76.419752,3.330623,0 -76.421134,3.330889,0 -76.422580,3.331167,0 -76.423580,3.331360,0 -76.424450,3.331527,0 -76.425425,3.331714,0 -76.425587,3.331745,0 -76.426516,3.331695,0 -76.426794,3.331680,0 -76.427694,3.331546,0 -76.427919,3.330408,0 -76.428006,3.329970,0 -76.428556,3.327036,0 -76.428817,3.325535,0 -76.429607,3.325681,0 -76.429745,3.325706,0 -76.429824,3.325721,0 -76.430088,3.325770,0 -76.431046,3.325950,0 -76.431190,3.325977,0 -76.432327,3.326191,0 -76.432480,3.326219,0 -76.433693,3.326441,0 -76.435027,3.326685,0 -76.436363,3.326930,0 -76.437622,3.327160,0 -76.437724,3.327179,0 -76.439032,3.327417,0 -76.440203,3.327631,0 -76.440267,3.327642,0 -76.440410,3.327660,0 -76.441186,3.327759,0 -76.441295,3.327706,0 -76.442377,3.327177,0 -76.442571,3.327174,0 -76.443606,3.327393,0 -76.443644,3.327401,0 -76.443671,3.327406,0 -76.444833,3.327629,0 -76.444874,3.327637,0 -76.445392,3.327736,0 -76.445509,3.327759,0 -76.445585,3.327757,0 -76.445660,3.327755,0 -76.447347,3.327717,0 -76.447436,3.327716,0 -76.447672,3.327712,0 -76.448597,3.327698,0 -76.448750,3.327723,0 -76.449503,3.327848,0 -76.450007,3.327932,0 -76.451274,3.328142,0 -76.451913,3.328247,0 -76.451988,3.328260,0 -76.452315,3.328837,0 -76.452366,3.328946,0 -76.452476,3.329027,0 -76.452589,3.329016,0 -76.453276,3.328912,0 -76.453369,3.328898,0 -76.453549,3.328874,0 -76.453790,3.328970,0 -76.453864,3.329013,0 -76.453903,3.331030,0 -76.452616,3.331051,0 -76.452586,3.329111,0 -76.452476,3.329027,0 -76.452366,3.328946,0 -76.452315,3.328837,0 -76.451988,3.328260,0 -76.452161,3.328287,0 -76.453228,3.328460,0 -76.454378,3.328645,0 -76.454483,3.328662,0 -76.455536,3.328832,0 -76.455920,3.328894,0 -76.456555,3.328996,0 -76.456631,3.329007,0 -76.457106,3.329072,0 -76.457194,3.329072,0 -76.457591,3.329070,0 -76.458007,3.329011,0 -76.458108,3.329003,0 -76.458390,3.329034,0 -76.459036,3.329139,0 -76.459358,3.329423,0 -76.459678,3.329468,0 -76.459895,3.329520,0 -76.460155,3.330333,0 -76.460177,3.330746,0 -76.460123,3.331147,0 -76.460112,3.331624,0 -76.460027,3.332117,0 -76.459635,3.333220,0 -76.459324,3.334232,0 -76.459292,3.334596,0 -76.458946,3.334618,0 -76.458978,3.333755,0 -76.458999,3.332255,0 -76.459006,3.331716,0 -76.459011,3.331414,0 -76.457602,3.331429,0 -76.457591,3.329070,0 -76.457194,3.329072,0 -76.457106,3.329072,0 -76.456631,3.329007,0 -76.456555,3.328996,0 -76.455920,3.328894,0 -76.455536,3.328832,0 -76.454483,3.328662,0 -76.454378,3.328645,0 -76.453228,3.328460,0 -76.452161,3.328287,0 -76.451988,3.328260,0 -76.451913,3.328247,0 -76.451274,3.328142,0 -76.450007,3.327932,0 -76.449503,3.327848,0 -76.448750,3.327723,0 -76.448597,3.327698,0 -76.447672,3.327712,0 -76.447436,3.327716,0 -76.447347,3.327717,0 -76.445660,3.327755,0 -76.445585,3.327757,0 -76.445509,3.327759,0 -76.445392,3.327736,0 -76.444874,3.327637,0 -76.444833,3.327629,0 -76.443671,3.327406,0 -76.443644,3.327401,0 -76.443606,3.327393,0 -76.442571,3.327174,0 -76.442377,3.327177,0 -76.441295,3.327706,0 -76.441186,3.327759,0 -76.440410,3.327660,0 -76.440267,3.327642,0 -76.440203,3.327631,0 -76.439032,3.327417,0 -76.437724,3.327179,0 -76.437622,3.327160,0 -76.436363,3.326930,0 -76.435027,3.326685,0 -76.433693,3.326441,0 -76.432480,3.326219,0 -76.432327,3.326191,0 -76.431190,3.325977,0 -76.431046,3.325950,0 -76.430088,3.325770,0 -76.429824,3.325721,0 -76.429745,3.325706,0 -76.429607,3.325681,0 -76.428817,3.325535,0 -76.427995,3.325384,0 -76.427694,3.325329,0 -76.426590,3.325125,0 -76.425507,3.324926,0 -76.424329,3.324709,0 -76.424217,3.324689,0 -76.423236,3.324508,0 -76.423184,3.324499,0 -76.422165,3.324299,0 -76.422093,3.324285,0 -76.421079,3.324087,0 -76.421008,3.324073,0 -76.420950,3.324063,0 -76.419761,3.323853,0 -76.419916,3.322749,0 -76.420039,3.321868,0 -76.420060,3.321719,0 -76.420088,3.321514,0 -76.420132,3.321200,0 -76.420141,3.321134,0 -76.420249,3.320362,0 -76.420448,3.318937,0 -76.420432,3.318744,0 -76.420380,3.318678,0 -76.420357,3.318648,0 -76.420201,3.318552,0 -76.420080,3.318499,0 -76.418802,3.317949,0 -76.417755,3.317497,0 -76.416715,3.317049,0 -76.416066,3.316769,0 -76.415928,3.316710,0 -76.415630,3.316581,0 -76.414621,3.316146,0 -76.414574,3.316126,0 -76.413864,3.315820,0 -76.413735,3.315765,0 -76.413640,3.315724,0 -76.413149,3.315609,0 -76.412696,3.315504,0 -76.412363,3.315432,0 -76.411805,3.315311,0 -76.410688,3.315069,0 -76.410461,3.315020,0 -76.409285,3.314765,0 -76.409124,3.314685,0 -76.409000,3.314578,0 -76.408973,3.314455,0 -76.409000,3.314230,0 -76.409070,3.313796,0 -76.409412,3.311723,0 -76.409494,3.311231,0 -76.409681,3.309827,0 -76.409692,3.309458,0 -76.409596,3.309260,0 -76.409301,3.308992,0 -76.408777,3.308598,0 -76.408177,3.308145,0 -76.407483,3.307622,0 -76.406509,3.306889,0 -76.406210,3.306663,0 -76.404825,3.305620,0 -76.404033,3.305023,0 -76.403591,3.304690,0 -76.403155,3.304362,0 -76.401179,3.302142,0 -76.400510,3.301430,0 -76.399454,3.300305,0 -76.399354,3.300220,0 -76.399334,3.300203,0 -76.399309,3.300182,0 -76.399242,3.300139,0 -76.399215,3.300121,0 -76.399181,3.300099,0 -76.398926,3.300016,0 -76.398258,3.299931,0 -76.397413,3.299813,0 -76.396936,3.299722,0 -76.396785,3.299690,0 -76.396664,3.299653,0 -76.396624,3.299641,0 -76.396366,3.299497,0 -76.396222,3.299416,0 -76.393918,3.297924,0 -76.393309,3.297598,0 -76.392564,3.297333,0 -76.392303,3.297285,0 -76.392075,3.297285,0 -76.391788,3.297352,0 -76.391703,3.297396,0 -76.391614,3.297443,0 -76.391475,3.297585,0 -76.391341,3.297796,0 -76.390957,3.298594,0 -76.390931,3.298646,0 -76.390846,3.298819,0 -76.390640,3.299234,0 -76.390580,3.299349,0 -76.390252,3.299976,0 -76.390131,3.300158,0 -76.390048,3.300236,0 -76.389903,3.300279,0 -76.389771,3.300292,0 -76.389592,3.300222,0 -76.389136,3.299976,0 -76.388200,3.299483,0 -76.387141,3.298989,0 -76.387022,3.298937,0 -76.385853,3.298374,0 -76.385744,3.298321,0 -76.385705,3.298302,0 -76.384678,3.297823,0 -76.384517,3.297748,0 -76.383476,3.297244,0 -76.383189,3.297105,0 -76.382320,3.296694,0 -76.381851,3.296472,0 -76.381164,3.296143,0 -76.380631,3.295888,0 -76.379968,3.295582,0 -76.379550,3.295389,0 -76.378769,3.295009,0 -76.378545,3.294900,0 -76.377428,3.294355,0 -76.376348,3.296602,0 -76.375755,3.297836,0 -76.374218,3.301035,0 -76.374083,3.301334,0 -76.372693,3.300675,0 -76.371408,3.300066,0 -76.370217,3.299502,0 -76.368892,3.298875,0 -76.367627,3.298275,0 -76.367413,3.298174,0 -76.367222,3.298035,0 -76.366621,3.297306,0 -76.366423,3.297188,0 -76.363237,3.296421,0 -76.359942,3.295628,0 -76.355305,3.294511,0 -76.354830,3.294417,0 -76.354401,3.294357,0 -76.352362,3.293719,0 -76.350846,3.293300,0 -76.349122,3.292843,0 -76.347621,3.292457,0 -76.347418,3.292391,0 -76.347243,3.292306,0 -76.347334,3.292170,0 -76.347544,3.291870,0 -76.348026,3.291180,0 -76.347593,3.290595,0 -76.343020,3.284860,0 -76.342967,3.284804,0 -76.342760,3.284624,0 -76.342616,3.284528,0 -76.342474,3.284459,0 -76.342301,3.284400,0 -76.342066,3.284335,0 -76.341946,3.284330,0 -76.341817,3.284330,0 -76.339884,3.284322,0 -76.339035,3.284440,0 -76.338789,3.284428,0 -76.338547,3.284415,0 -76.337946,3.284225,0 -76.337805,3.284226,0 -76.337664,3.284255,0 -76.336739,3.284648,0 -76.336543,3.284689,0 -76.336335,3.284650,0 -76.335957,3.284505,0 -76.335736,3.284437,0 -76.335581,3.284438,0 -76.335508,3.284496,0 -76.335459,3.284562,0 -76.335345,3.285021,0 -76.335229,3.285479,0 -76.335087,3.285907,0 -76.334956,3.286056,0 -76.334818,3.286100,0 -76.334635,3.286069,0 -76.334318,3.285827,0 -76.334036,3.285637,0 -76.333969,3.285592,0 -76.333382,3.285431,0 -76.332651,3.285332,0 -76.331991,3.285023,0 -76.331688,3.284900,0 -76.331385,3.284844,0 -76.331290,3.284853,0 -76.331138,3.284903,0 -76.330851,3.285224,0 -76.330774,3.285262,0 -76.330603,3.285272,0 -76.328625,3.284796,0 -76.326758,3.284287,0 -76.326587,3.284241,0 -76.326029,3.284108,0 -76.325584,3.283976,0 -76.325184,3.283800,0 -76.324433,3.283312,0 -76.324116,3.283123,0 -76.323201,3.282513,0 -76.322727,3.282337,0 -76.322334,3.282251,0 -76.321043,3.282198,0 -76.320644,3.282187,0 -76.320320,3.282208,0 -76.320029,3.281974,0 -76.319967,3.281731,0 -76.319958,3.281672,0 -76.319935,3.281520,0 -76.319771,3.280411,0 -76.319820,3.280363,0 -76.319859,3.280303,0 -76.319868,3.280249,0 -76.319851,3.280118,0 -76.319839,3.280051,0 -76.319827,3.279989,0 -76.319851,3.279960,0 -76.320123,3.279908,0 -76.320524,3.279842,0 -76.320639,3.279823,0 -76.321061,3.279765,0 -76.321244,3.279692,0 -76.322491,3.279421,0 -76.323259,3.279301,0 -76.323739,3.279226,0 -76.324046,3.279142,0 -76.324525,3.278892,0 -76.324967,3.278516,0 -76.325036,3.278411,0 -76.325172,3.278205,0 -76.325574,3.277361,0 -76.326088,3.276281,0 -76.326862,3.274655,0 -76.328835,3.270500,0 -76.329294,3.269618,0 -76.329316,3.269576,0 -76.329367,3.269482,0 -76.329408,3.269394,0 -76.330493,3.267105,0 -76.330771,3.267269,0 -76.331629,3.267677,0 -76.331885,3.267793,0 -76.331930,3.267813,0 -76.332484,3.268085,0 -76.333568,3.268618,0 -76.333935,3.268799,0</coordinates></LineString></Placemark><Placemark><name>Ruta día 8</name><styleUrl>#dia8</styleUrl><ExtendedData><Data name="INGENIO"><value>Incauca</value></Data><Data name="DIA"><value>8</value></Data><Data name="PUNTOS"><value>INC-039, INC-016, INC-018</value></Data><Data name="N_PUNTOS"><value>3</value></Data><Data name="KM"><value>50.0</value></Data><Data name="HORAS_TOTALES"><value>7.08</value></Data><Data name="REGRESO"><value>13:34</value></Data><Data name="PEAJES"><value>0</value></Data><Data name="COSTO_COP"><value>509663</value></Data></ExtendedData><LineString><tessellate>1</tessellate><coordinates>-76.333935,3.268799,0 -76.333568,3.268618,0 -76.332484,3.268085,0 -76.331930,3.267813,0 -76.331885,3.267793,0 -76.331629,3.267677,0 -76.330771,3.267269,0 -76.330493,3.267105,0 -76.329408,3.269394,0 -76.329367,3.269482,0 -76.329316,3.269576,0 -76.329294,3.269618,0 -76.328835,3.270500,0 -76.326862,3.274655,0 -76.326088,3.276281,0 -76.325574,3.277361,0 -76.325172,3.278205,0 -76.325036,3.278411,0 -76.324967,3.278516,0 -76.324525,3.278892,0 -76.324046,3.279142,0 -76.323739,3.279226,0 -76.323259,3.279301,0 -76.322491,3.279421,0 -76.321244,3.279692,0 -76.320817,3.279685,0 -76.320254,3.279774,0 -76.320160,3.279787,0 -76.319853,3.279853,0 -76.319845,3.279839,0 -76.319825,3.279818,0 -76.319800,3.279802,0 -76.319767,3.279793,0 -76.319734,3.279794,0 -76.319702,3.279805,0 -76.319674,3.279825,0 -76.319654,3.279852,0 -76.319644,3.279879,0 -76.319641,3.279907,0 -76.319646,3.279935,0 -76.319657,3.279962,0 -76.319678,3.279987,0 -76.319705,3.280005,0 -76.319736,3.280015,0 -76.319769,3.280015,0 -76.319800,3.280006,0 -76.319827,3.279989,0 -76.319839,3.280051,0 -76.319851,3.280118,0 -76.319868,3.280249,0 -76.319859,3.280303,0 -76.319820,3.280363,0 -76.319771,3.280411,0 -76.319935,3.281520,0 -76.319958,3.281672,0 -76.319967,3.281731,0 -76.320029,3.281974,0 -76.319860,3.282288,0 -76.319357,3.282381,0 -76.319230,3.282423,0 -76.317737,3.282920,0 -76.313531,3.284463,0 -76.310189,3.285635,0 -76.307421,3.286669,0 -76.306856,3.286667,0 -76.306374,3.286548,0 -76.306103,3.286501,0 -76.304228,3.286708,0 -76.303033,3.286845,0 -76.302899,3.286878,0 -76.302774,3.286933,0 -76.302392,3.287140,0 -76.302187,3.287235,0 -76.302111,3.287257,0 -76.301835,3.287262,0 -76.301379,3.287227,0 -76.300579,3.287184,0 -76.300272,3.287182,0 -76.299797,3.287218,0 -76.299534,3.287239,0 -76.299402,3.287254,0 -76.299044,3.287303,0 -76.298979,3.287314,0 -76.298770,3.287352,0 -76.298469,3.287417,0 -76.298328,3.287452,0 -76.297900,3.287575,0 -76.297523,3.287705,0 -76.297158,3.287830,0 -76.296777,3.287984,0 -76.295188,3.288826,0 -76.295027,3.288894,0 -76.294882,3.288945,0 -76.294765,3.288978,0 -76.294623,3.289010,0 -76.293712,3.289068,0 -76.293188,3.289069,0 -76.293004,3.289060,0 -76.292837,3.289020,0 -76.292202,3.288838,0 -76.291749,3.288736,0 -76.290987,3.288669,0 -76.288720,3.288511,0 -76.288505,3.288479,0 -76.288316,3.288438,0 -76.287946,3.288314,0 -76.286962,3.287776,0 -76.285917,3.287224,0 -76.285285,3.286902,0 -76.285096,3.286835,0 -76.284856,3.286756,0 -76.284533,3.286707,0 -76.283736,3.286569,0 -76.283128,3.286457,0 -76.282683,3.286376,0 -76.281795,3.286167,0 -76.280754,3.285936,0 -76.279260,3.285607,0 -76.277739,3.285242,0 -76.276961,3.285055,0 -76.276750,3.285031,0 -76.276575,3.285024,0 -76.276366,3.285062,0 -76.274427,3.286637,0 -76.273012,3.287803,0 -76.272183,3.288439,0 -76.271140,3.289126,0 -76.270807,3.289426,0 -76.270649,3.289618,0 -76.270585,3.289739,0 -76.270419,3.290071,0 -76.270062,3.290866,0 -76.269893,3.291268,0 -76.269590,3.292098,0 -76.269536,3.292280,0 -76.269461,3.292461,0 -76.269300,3.292651,0 -76.269108,3.292779,0 -76.268898,3.292898,0 -76.267927,3.293376,0 -76.267832,3.293426,0 -76.267591,3.293572,0 -76.267556,3.293594,0 -76.267222,3.293769,0 -76.266949,3.293877,0 -76.266498,3.293964,0 -76.266159,3.294012,0 -76.265347,3.294107,0 -76.264455,3.294188,0 -76.263874,3.294245,0 -76.263374,3.294273,0 -76.262816,3.294301,0 -76.262471,3.294325,0 -76.262143,3.294366,0 -76.261120,3.294547,0 -76.259899,3.294781,0 -76.258490,3.295017,0 -76.257790,3.295151,0 -76.257145,3.295266,0 -76.256577,3.295355,0 -76.256037,3.295425,0 -76.255762,3.295467,0 -76.255564,3.295505,0 -76.255399,3.295563,0 -76.255321,3.295615,0 -76.255257,3.295688,0 -76.255131,3.295876,0 -76.254763,3.296716,0 -76.254453,3.297375,0 -76.254292,3.297643,0 -76.254175,3.297785,0 -76.253848,3.298186,0 -76.253020,3.299199,0 -76.252942,3.299296,0 -76.252339,3.299914,0 -76.250526,3.301777,0 -76.249939,3.302396,0 -76.248757,3.303666,0 -76.247587,3.304937,0 -76.245224,3.307471,0 -76.244627,3.308093,0 -76.243592,3.309242,0 -76.242900,3.310000,0 -76.242006,3.310970,0 -76.241648,3.311354,0 -76.241265,3.311757,0 -76.240709,3.312379,0 -76.239841,3.313557,0 -76.239236,3.314424,0 -76.239204,3.314470,0 -76.238865,3.314965,0 -76.238418,3.315580,0 -76.238096,3.316014,0 -76.237346,3.317004,0 -76.237312,3.316893,0 -76.237233,3.316378,0 -76.237165,3.315933,0 -76.237162,3.315910,0 -76.237148,3.315824,0 -76.237105,3.315548,0 -76.236936,3.314634,0 -76.236758,3.313552,0 -76.236703,3.313254,0 -76.236640,3.312959,0 -76.236606,3.312815,0 -76.236568,3.312656,0 -76.236522,3.312496,0 -76.236451,3.312331,0 -76.236220,3.311844,0 -76.235954,3.311220,0 -76.234842,3.308564,0 -76.233545,3.305520,0 -76.233107,3.304504,0 -76.232614,3.303332,0 -76.232614,3.303332,0 -76.232337,3.302719,0 -76.231644,3.301071,0 -76.230566,3.298537,0 -76.230439,3.298243,0 -76.230072,3.297438,0 -76.229425,3.295882,0 -76.228733,3.294171,0 -76.228636,3.293942,0 -76.226798,3.289725,0 -76.226733,3.289575,0 -76.225725,3.287261,0 -76.225569,3.286879,0 -76.225479,3.286656,0 -76.225038,3.285572,0 -76.224754,3.284873,0 -76.224528,3.284317,0 -76.224501,3.284260,0 -76.224422,3.284088,0 -76.223663,3.282257,0 -76.223523,3.281912,0 -76.223385,3.281586,0 -76.222752,3.280133,0 -76.222642,3.279881,0 -76.221837,3.279076,0 -76.221668,3.278634,0 -76.221394,3.277713,0 -76.221341,3.277341,0 -76.221341,3.276976,0 -76.221408,3.276634,0 -76.221496,3.276355,0 -76.221612,3.276161,0 -76.222049,3.275745,0 -76.222242,3.275463,0 -76.222640,3.274316,0 -76.222850,3.273720,0 -76.223214,3.272671,0 -76.223411,3.272123,0 -76.223774,3.271016,0 -76.223882,3.270834,0 -76.224030,3.270346,0 -76.224425,3.269177,0 -76.224606,3.268668,0 -76.224644,3.268575,0 -76.224755,3.268282,0 -76.224915,3.267810,0 -76.225171,3.267091,0 -76.225489,3.266121,0 -76.225636,3.265714,0 -76.225827,3.265154,0 -76.225929,3.264671,0 -76.226084,3.263941,0 -76.226369,3.262693,0 -76.227024,3.260902,0 -76.227247,3.260294,0 -76.227407,3.259901,0 -76.227639,3.259333,0 -76.227786,3.258975,0 -76.227915,3.258679,0 -76.228097,3.258228,0 -76.228278,3.257760,0 -76.228692,3.256798,0 -76.228756,3.256619,0 -76.228913,3.256164,0 -76.229105,3.255643,0 -76.229439,3.254781,0 -76.229492,3.254175,0 -76.229567,3.253335,0 -76.229611,3.252829,0 -76.229655,3.252325,0 -76.229734,3.251435,0 -76.229738,3.251381,0 -76.229774,3.250976,0 -76.229782,3.250887,0 -76.229865,3.250028,0 -76.229955,3.249132,0 -76.230040,3.248273,0 -76.230130,3.247415,0 -76.230242,3.246592,0 -76.230307,3.245972,0 -76.230384,3.245332,0 -76.230402,3.245066,0 -76.230412,3.244917,0 -76.230433,3.244723,0 -76.230465,3.244456,0 -76.230498,3.244138,0 -76.230558,3.243696,0 -76.230561,3.243619,0 -76.230568,3.243202,0 -76.230606,3.242499,0 -76.230633,3.241639,0 -76.230627,3.241499,0 -76.230644,3.241051,0 -76.230688,3.239101,0 -76.230692,3.238924,0 -76.230696,3.238094,0 -76.230704,3.237813,0 -76.230709,3.237373,0 -76.230713,3.237043,0 -76.230717,3.236647,0 -76.231003,3.235559,0 -76.231064,3.235329,0 -76.231104,3.235088,0 -76.231204,3.234493,0 -76.231276,3.234076,0 -76.231327,3.233778,0 -76.231378,3.233508,0 -76.231595,3.232351,0 -76.231686,3.232022,0 -76.231906,3.231786,0 -76.232089,3.231622,0 -76.232454,3.231374,0 -76.232499,3.231352,0 -76.233463,3.230752,0 -76.233801,3.230499,0 -76.234543,3.230080,0 -76.235890,3.229708,0 -76.236929,3.229421,0 -76.239302,3.228769,0 -76.239804,3.228663,0 -76.240649,3.228555,0 -76.241078,3.228418,0 -76.241435,3.228202,0 -76.242235,3.227380,0 -76.242484,3.227123,0 -76.242541,3.227063,0 -76.243550,3.226064,0 -76.244526,3.225024,0 -76.245685,3.223996,0 -76.246274,3.223041,0 -76.246645,3.222439,0 -76.247187,3.221896,0 -76.248088,3.220954,0 -76.248442,3.220202,0 -76.248540,3.219838,0 -76.248596,3.219565,0 -76.248642,3.219109,0 -76.248912,3.214097,0 -76.249482,3.202487,0 -76.249504,3.201603,0 -76.249704,3.197117,0 -76.250105,3.190317,0 -76.250136,3.189479,0 -76.250243,3.186603,0 -76.250276,3.186365,0 -76.250353,3.186198,0 -76.250960,3.185246,0 -76.251076,3.185077,0 -76.251307,3.184720,0 -76.251729,3.183726,0 -76.251946,3.183436,0 -76.252267,3.183108,0 -76.254713,3.181030,0 -76.255459,3.181333,0 -76.256061,3.181577,0 -76.256249,3.181658,0 -76.256688,3.181845,0 -76.256994,3.182011,0 -76.257273,3.182391,0 -76.257339,3.182457,0 -76.257531,3.182648,0 -76.258258,3.183257,0 -76.258518,3.183473,0 -76.259160,3.184064,0 -76.259735,3.184593,0 -76.260072,3.184888,0 -76.260261,3.185053,0 -76.261023,3.185235,0 -76.261127,3.185274,0 -76.261650,3.185466,0 -76.262183,3.185772,0 -76.262991,3.183345,0 -76.263456,3.182059,0 -76.262991,3.183345,0 -76.262666,3.184322,0 -76.262183,3.185772,0 -76.262283,3.185830,0 -76.262323,3.185855,0 -76.262943,3.186242,0 -76.263177,3.186408,0 -76.263516,3.186646,0 -76.265126,3.187783,0 -76.265727,3.188208,0 -76.268025,3.189701,0 -76.269354,3.190565,0 -76.270727,3.191443,0 -76.270909,3.191679,0 -76.270877,3.192011,0 -76.270574,3.192754,0 -76.270504,3.192889,0 -76.270429,3.193100,0 -76.270464,3.193184,0 -76.270593,3.193254,0 -76.272776,3.193586,0 -76.275287,3.193993,0 -76.276401,3.194174,0 -76.277553,3.194361,0 -76.278184,3.194464,0 -76.278674,3.194554,0 -76.278742,3.194567,0 -76.279235,3.194657,0 -76.279452,3.194695,0 -76.280791,3.194933,0 -76.281316,3.195026,0 -76.281358,3.195033,0 -76.281889,3.195127,0 -76.282182,3.195179,0 -76.283142,3.195349,0 -76.282551,3.198608,0 -76.282250,3.200272,0 -76.282250,3.200706,0 -76.282254,3.200839,0 -76.282260,3.201006,0 -76.282262,3.201074,0 -76.282267,3.201224,0 -76.282175,3.202500,0 -76.281788,3.207926,0 -76.281783,3.207999,0 -76.281746,3.208438,0 -76.281679,3.209245,0 -76.281640,3.209721,0 -76.281539,3.210943,0 -76.281527,3.211079,0 -76.281442,3.212102,0 -76.281435,3.212193,0 -76.282271,3.212479,0 -76.284460,3.211823,0 -76.284617,3.211776,0 -76.284532,3.213105,0 -76.284485,3.213838,0 -76.284433,3.214646,0 -76.284327,3.214634,0 -76.284423,3.213150,0 -76.284460,3.211823,0 -76.284617,3.211776,0 -76.287966,3.210771,0 -76.288100,3.210731,0 -76.288456,3.210698,0 -76.288881,3.210773,0 -76.289137,3.210830,0 -76.289208,3.210845,0 -76.290209,3.211067,0 -76.290321,3.211092,0 -76.291527,3.211360,0 -76.292713,3.211622,0 -76.293613,3.211813,0 -76.293974,3.211890,0 -76.294961,3.212121,0 -76.294988,3.212121,0 -76.295159,3.212121,0 -76.295200,3.212121,0 -76.296295,3.212159,0 -76.296471,3.212206,0 -76.296680,3.212310,0 -76.297036,3.212681,0 -76.297517,3.213644,0 -76.297913,3.214439,0 -76.297903,3.214747,0 -76.297821,3.215115,0 -76.297528,3.215658,0 -76.297372,3.215936,0 -76.297217,3.216182,0 -76.296896,3.217575,0 -76.296385,3.220321,0 -76.296343,3.220548,0 -76.295775,3.222233,0 -76.296757,3.223014,0 -76.296834,3.223034,0 -76.296911,3.223046,0 -76.296986,3.223049,0 -76.297058,3.223044,0 -76.297567,3.222934,0 -76.297658,3.222914,0 -76.297853,3.222882,0 -76.297949,3.222866,0 -76.298048,3.222859,0 -76.298837,3.222866,0 -76.299013,3.222868,0 -76.299550,3.222927,0 -76.299947,3.222987,0 -76.300017,3.222988,0 -76.300159,3.222991,0 -76.300406,3.222950,0 -76.301223,3.222662,0 -76.301330,3.222652,0 -76.301437,3.222655,0 -76.301647,3.222678,0 -76.301933,3.222762,0 -76.302062,3.222784,0 -76.302158,3.222789,0 -76.302256,3.222784,0 -76.302507,3.222737,0 -76.302736,3.222731,0 -76.302942,3.222778,0 -76.303346,3.222941,0 -76.304203,3.223190,0 -76.304405,3.223223,0 -76.304500,3.223228,0 -76.304582,3.223237,0 -76.305036,3.223426,0 -76.305278,3.223497,0 -76.305531,3.223523,0 -76.305626,3.223558,0 -76.305822,3.223584,0 -76.306052,3.223528,0 -76.306075,3.223520,0 -76.306273,3.223446,0 -76.306442,3.223339,0 -76.306644,3.223214,0 -76.306765,3.223191,0 -76.306910,3.223216,0 -76.307087,3.223266,0 -76.307738,3.223667,0 -76.307981,3.223844,0 -76.308937,3.224535,0 -76.309117,3.224661,0 -76.309411,3.224789,0 -76.309567,3.224843,0 -76.309725,3.224889,0 -76.310182,3.225011,0 -76.310547,3.225069,0 -76.310844,3.225149,0 -76.311168,3.225204,0 -76.311353,3.225272,0 -76.311553,3.225370,0 -76.311754,3.225479,0 -76.312323,3.225948,0 -76.312869,3.225965,0 -76.312921,3.225965,0 -76.312966,3.225965,0 -76.313388,3.225977,0 -76.313462,3.225972,0 -76.313527,3.225975,0 -76.314003,3.225961,0 -76.314532,3.225953,0 -76.314517,3.226535,0 -76.314523,3.226798,0 -76.314533,3.227089,0 -76.314544,3.227470,0 -76.314548,3.227556,0 -76.314547,3.227599,0 -76.314564,3.228201,0 -76.314906,3.228371,0 -76.315266,3.228458,0 -76.315476,3.228499,0 -76.315722,3.228496,0 -76.315961,3.228465,0 -76.316295,3.228359,0 -76.316482,3.228211,0 -76.316743,3.227954,0 -76.316919,3.227860,0 -76.317746,3.227594,0 -76.317982,3.227577,0 -76.318089,3.227584,0 -76.318197,3.227615,0 -76.318289,3.227646,0 -76.318376,3.227698,0 -76.318854,3.228057,0 -76.318981,3.228101,0 -76.319110,3.228120,0 -76.319443,3.228121,0 -76.320096,3.228124,0 -76.320253,3.228173,0 -76.320507,3.228253,0 -76.321343,3.228352,0 -76.321566,3.228378,0 -76.321789,3.228436,0 -76.321963,3.228525,0 -76.322178,3.228676,0 -76.322252,3.228738,0 -76.322884,3.229415,0 -76.323247,3.229798,0 -76.323635,3.230208,0 -76.323805,3.230339,0 -76.324151,3.230606,0 -76.324625,3.230847,0 -76.324694,3.230882,0 -76.324832,3.230952,0 -76.326141,3.231238,0 -76.326331,3.231237,0 -76.326478,3.231368,0 -76.326914,3.231544,0 -76.327482,3.231926,0 -76.328220,3.231932,0 -76.328303,3.231959,0 -76.328346,3.232004,0 -76.328381,3.232194,0 -76.328440,3.232253,0 -76.328536,3.232270,0 -76.329190,3.232318,0 -76.329361,3.232330,0 -76.330229,3.232393,0 -76.331377,3.232508,0 -76.332195,3.232569,0 -76.332477,3.232561,0 -76.332734,3.232553,0 -76.332982,3.232718,0 -76.333249,3.233075,0 -76.333457,3.233422,0 -76.333626,3.233564,0 -76.334170,3.233645,0 -76.335513,3.233747,0 -76.335517,3.234713,0 -76.335542,3.235475,0 -76.335556,3.235564,0 -76.335626,3.235822,0 -76.336069,3.237134,0 -76.336287,3.237750,0 -76.337458,3.241054,0 -76.337540,3.241330,0 -76.337539,3.241554,0 -76.337330,3.244972,0 -76.337106,3.248634,0 -76.336869,3.252228,0 -76.336836,3.252832,0 -76.336833,3.252894,0 -76.336830,3.252945,0 -76.336823,3.253084,0 -76.336820,3.253129,0 -76.336752,3.253999,0 -76.336678,3.254215,0 -76.336571,3.254430,0 -76.336234,3.255147,0 -76.335706,3.256250,0 -76.335639,3.256400,0 -76.334947,3.257827,0 -76.334930,3.257863,0 -76.334041,3.259722,0 -76.333996,3.259815,0 -76.333992,3.259828,0 -76.332289,3.263331,0 -76.331695,3.264579,0 -76.331062,3.265902,0 -76.330493,3.267105,0 -76.330771,3.267269,0 -76.331629,3.267677,0 -76.331885,3.267793,0 -76.331930,3.267813,0 -76.332484,3.268085,0 -76.333568,3.268618,0 -76.333935,3.268799,0</coordinates></LineString></Placemark><Placemark><name>Ruta día 9</name><styleUrl>#dia9</styleUrl><ExtendedData><Data name="INGENIO"><value>Incauca</value></Data><Data name="DIA"><value>9</value></Data><Data name="PUNTOS"><value>INC-034, INC-045, INC-044</value></Data><Data name="N_PUNTOS"><value>3</value></Data><Data name="KM"><value>50.2</value></Data><Data name="HORAS_TOTALES"><value>7.2</value></Data><Data name="REGRESO"><value>13:42</value></Data><Data name="PEAJES"><value>0</value></Data><Data name="COSTO_COP"><value>509712</value></Data></ExtendedData><LineString><tessellate>1</tessellate><coordinates>-76.333935,3.268799,0 -76.333568,3.268618,0 -76.333736,3.267541,0 -76.333845,3.266834,0 -76.334158,3.265096,0 -76.334910,3.265226,0 -76.336374,3.265480,0 -76.336401,3.265485,0 -76.337460,3.265669,0 -76.337575,3.265689,0 -76.338756,3.265893,0 -76.339323,3.265992,0 -76.339948,3.266100,0 -76.340852,3.266257,0 -76.341183,3.266314,0 -76.342275,3.266504,0 -76.342287,3.266506,0 -76.343625,3.266738,0 -76.343802,3.266768,0 -76.344951,3.266968,0 -76.346008,3.267151,0 -76.346578,3.267250,0 -76.347412,3.267387,0 -76.347674,3.267430,0 -76.348084,3.267491,0 -76.348377,3.267534,0 -76.348696,3.267599,0 -76.348791,3.267628,0 -76.350117,3.268030,0 -76.351417,3.268423,0 -76.351472,3.268440,0 -76.352758,3.268829,0 -76.352800,3.268842,0 -76.354136,3.269246,0 -76.355361,3.269639,0 -76.355451,3.269667,0 -76.355498,3.269681,0 -76.356815,3.270085,0 -76.356948,3.270126,0 -76.358389,3.270568,0 -76.359505,3.270887,0 -76.359900,3.271000,0 -76.360658,3.271208,0 -76.360857,3.271283,0 -76.361088,3.271369,0 -76.361190,3.271408,0 -76.361245,3.271467,0 -76.361289,3.271534,0 -76.361323,3.271607,0 -76.361344,3.271684,0 -76.361352,3.271764,0 -76.361348,3.271845,0 -76.361331,3.271923,0 -76.361247,3.272044,0 -76.360422,3.273234,0 -76.359647,3.274351,0 -76.359476,3.274597,0 -76.358634,3.275811,0 -76.357495,3.277454,0 -76.357405,3.277582,0 -76.356783,3.278466,0 -76.356284,3.279180,0 -76.355091,3.280899,0 -76.354667,3.281496,0 -76.354506,3.281722,0 -76.353409,3.283301,0 -76.352508,3.284603,0 -76.351740,3.285704,0 -76.351519,3.286035,0 -76.351505,3.286055,0 -76.351477,3.286095,0 -76.351279,3.286375,0 -76.350509,3.287486,0 -76.349648,3.288755,0 -76.349254,3.289339,0 -76.348696,3.290164,0 -76.348181,3.290921,0 -76.348026,3.291180,0 -76.347544,3.291870,0 -76.347334,3.292170,0 -76.347243,3.292306,0 -76.347418,3.292391,0 -76.347621,3.292457,0 -76.349122,3.292843,0 -76.350846,3.293300,0 -76.352362,3.293719,0 -76.354401,3.294357,0 -76.354830,3.294417,0 -76.355305,3.294511,0 -76.359942,3.295628,0 -76.359720,3.299910,0 -76.359712,3.300053,0 -76.359559,3.302989,0 -76.359479,3.304542,0 -76.359548,3.304983,0 -76.359802,3.305995,0 -76.360872,3.310250,0 -76.360885,3.310368,0 -76.360878,3.310433,0 -76.360868,3.310516,0 -76.360545,3.313558,0 -76.360508,3.314045,0 -76.360483,3.314372,0 -76.360452,3.314784,0 -76.360401,3.315017,0 -76.360350,3.315105,0 -76.360258,3.315141,0 -76.360124,3.315163,0 -76.359932,3.315170,0 -76.359568,3.315172,0 -76.359420,3.315198,0 -76.359319,3.315254,0 -76.359044,3.315567,0 -76.358156,3.316779,0 -76.357486,3.317684,0 -76.357175,3.318134,0 -76.357027,3.318404,0 -76.356869,3.318766,0 -76.356705,3.319392,0 -76.356638,3.319839,0 -76.356603,3.320206,0 -76.356579,3.320284,0 -76.356469,3.320431,0 -76.355713,3.321269,0 -76.355254,3.321754,0 -76.355144,3.321845,0 -76.354994,3.321899,0 -76.354581,3.321933,0 -76.354026,3.321950,0 -76.353654,3.321976,0 -76.353366,3.322011,0 -76.353154,3.322038,0 -76.352907,3.322090,0 -76.352655,3.322169,0 -76.352424,3.322260,0 -76.352062,3.322426,0 -76.351762,3.322563,0 -76.351600,3.322654,0 -76.351525,3.322780,0 -76.351457,3.322911,0 -76.351393,3.323055,0 -76.351327,3.323244,0 -76.351647,3.323483,0 -76.351840,3.323653,0 -76.352027,3.323845,0 -76.352172,3.324033,0 -76.352284,3.324224,0 -76.352388,3.324404,0 -76.352459,3.324597,0 -76.352533,3.324781,0 -76.352577,3.324981,0 -76.352608,3.325149,0 -76.352623,3.325335,0 -76.352615,3.325508,0 -76.352612,3.325722,0 -76.352607,3.325937,0 -76.352596,3.326219,0 -76.352585,3.326528,0 -76.352577,3.326776,0 -76.352567,3.326979,0 -76.352564,3.327251,0 -76.352548,3.327606,0 -76.352532,3.327925,0 -76.352516,3.328237,0 -76.352490,3.328439,0 -76.352461,3.328579,0 -76.352428,3.328707,0 -76.352378,3.328848,0 -76.352317,3.329006,0 -76.352235,3.329223,0 -76.352128,3.329517,0 -76.351898,3.330182,0 -76.351594,3.330935,0 -76.351348,3.331642,0 -76.351272,3.331873,0 -76.351205,3.332141,0 -76.351154,3.332426,0 -76.351148,3.332480,0 -76.351125,3.332673,0 -76.351114,3.332834,0 -76.351109,3.332940,0 -76.351104,3.333231,0 -76.351112,3.333445,0 -76.351138,3.333757,0 -76.351179,3.334023,0 -76.351281,3.334634,0 -76.351388,3.335234,0 -76.351605,3.336538,0 -76.351687,3.337037,0 -76.351793,3.337669,0 -76.351858,3.338104,0 -76.352048,3.339249,0 -76.352249,3.340507,0 -76.352345,3.341028,0 -76.352439,3.341467,0 -76.352523,3.341874,0 -76.352561,3.342032,0 -76.352650,3.342260,0 -76.352795,3.342596,0 -76.352964,3.342984,0 -76.353304,3.343747,0 -76.353894,3.345043,0 -76.354038,3.345365,0 -76.354441,3.346272,0 -76.354570,3.346591,0 -76.354691,3.346924,0 -76.354755,3.347177,0 -76.354801,3.347398,0 -76.354836,3.347628,0 -76.354852,3.347866,0 -76.354857,3.348113,0 -76.354855,3.348338,0 -76.354846,3.348571,0 -76.354825,3.348849,0 -76.354785,3.349247,0 -76.354699,3.349941,0 -76.354684,3.350088,0 -76.354460,3.351866,0 -76.354310,3.353085,0 -76.354197,3.353966,0 -76.354144,3.354426,0 -76.354077,3.355086,0 -76.354018,3.355519,0 -76.353948,3.356058,0 -76.353822,3.357139,0 -76.353664,3.358422,0 -76.353503,3.359711,0 -76.353366,3.360841,0 -76.353269,3.361705,0 -76.353236,3.361962,0 -76.353216,3.362118,0 -76.353125,3.362821,0 -76.352918,3.364444,0 -76.352762,3.365673,0 -76.352676,3.366311,0 -76.352748,3.366479,0 -76.352822,3.366609,0 -76.352956,3.366791,0 -76.353106,3.367022,0 -76.353234,3.367197,0 -76.353400,3.367399,0 -76.353528,3.367558,0 -76.353727,3.367785,0 -76.353762,3.367823,0 -76.353945,3.368015,0 -76.354175,3.368257,0 -76.354396,3.368530,0 -76.355048,3.369376,0 -76.355125,3.369488,0 -76.355238,3.369630,0 -76.355435,3.369764,0 -76.355505,3.369805,0 -76.355636,3.369869,0 -76.355791,3.369933,0 -76.356166,3.370061,0 -76.356338,3.370126,0 -76.356491,3.370201,0 -76.356609,3.370302,0 -76.356702,3.370401,0 -76.356799,3.370555,0 -76.356917,3.370736,0 -76.357118,3.370964,0 -76.357346,3.371167,0 -76.357571,3.371400,0 -76.357727,3.371571,0 -76.357958,3.371837,0 -76.358196,3.372075,0 -76.358516,3.372337,0 -76.358705,3.372478,0 -76.359076,3.372754,0 -76.359518,3.373087,0 -76.360106,3.373529,0 -76.360726,3.374007,0 -76.360871,3.374102,0 -76.361069,3.374161,0 -76.361270,3.374206,0 -76.361825,3.374281,0 -76.362410,3.374362,0 -76.362850,3.374439,0 -76.362973,3.374482,0 -76.363424,3.374846,0 -76.363512,3.374893,0 -76.363842,3.375071,0 -76.365012,3.375400,0 -76.365411,3.375477,0 -76.365586,3.375510,0 -76.365870,3.375456,0 -76.365991,3.375387,0 -76.366831,3.374761,0 -76.367321,3.374498,0 -76.367850,3.374297,0 -76.368043,3.374263,0 -76.368308,3.374273,0 -76.369325,3.374546,0 -76.370226,3.374830,0 -76.370964,3.375125,0 -76.371709,3.375546,0 -76.372375,3.375735,0 -76.372805,3.375849,0 -76.373195,3.375960,0 -76.373445,3.376045,0 -76.373617,3.376169,0 -76.373781,3.376378,0 -76.374131,3.377031,0 -76.374488,3.377588,0 -76.374969,3.378236,0 -76.375033,3.378391,0 -76.374679,3.379262,0 -76.374465,3.379958,0 -76.374402,3.380394,0 -76.374440,3.380514,0 -76.374550,3.380584,0 -76.374754,3.380592,0 -76.374933,3.380614,0 -76.375253,3.380684,0 -76.375953,3.380821,0 -76.376127,3.380811,0 -76.377104,3.380659,0 -76.378331,3.380373,0 -76.378805,3.380264,0 -76.378975,3.380260,0 -76.379123,3.380268,0 -76.379250,3.380314,0 -76.379681,3.380523,0 -76.379875,3.380636,0 -76.380299,3.380798,0 -76.380579,3.380871,0 -76.380840,3.380910,0 -76.381059,3.380894,0 -76.381827,3.380794,0 -76.382218,3.380718,0 -76.382369,3.380718,0 -76.382543,3.380747,0 -76.382736,3.380807,0 -76.383702,3.381088,0 -76.383804,3.380641,0 -76.383991,3.379963,0 -76.384163,3.379491,0 -76.384330,3.379037,0 -76.384369,3.378809,0 -76.384362,3.378579,0 -76.384182,3.377243,0 -76.384157,3.376873,0 -76.384184,3.376517,0 -76.384284,3.376065,0 -76.384337,3.375730,0 -76.384363,3.375169,0 -76.384397,3.374662,0 -76.384463,3.374179,0 -76.384595,3.373874,0 -76.384762,3.373575,0 -76.384946,3.373301,0 -76.385164,3.373058,0 -76.385376,3.372876,0 -76.385630,3.372683,0 -76.386003,3.372319,0 -76.386222,3.372412,0 -76.386483,3.372455,0 -76.387264,3.372578,0 -76.388058,3.372634,0 -76.388401,3.372608,0 -76.388500,3.372581,0 -76.388530,3.372688,0 -76.388589,3.372768,0 -76.388701,3.372806,0 -76.391228,3.373213,0 -76.395037,3.373845,0 -76.399007,3.374480,0 -76.399317,3.374529,0 -76.399108,3.375809,0 -76.398698,3.378327,0 -76.398153,3.378233,0 -76.398153,3.378233,0 -76.398698,3.378327,0 -76.399108,3.375809,0 -76.399317,3.374529,0 -76.400026,3.374643,0 -76.400146,3.374658,0 -76.400250,3.374671,0 -76.400280,3.374498,0 -76.400476,3.373234,0 -76.401822,3.373450,0 -76.402413,3.373544,0 -76.403118,3.373657,0 -76.403192,3.373661,0 -76.404017,3.373390,0 -76.404098,3.373395,0 -76.403965,3.373106,0 -76.403428,3.371945,0 -76.402806,3.370598,0 -76.402808,3.370557,0 -76.402838,3.370529,0 -76.402889,3.370503,0 -76.404902,3.369498,0 -76.404657,3.368990,0 -76.403857,3.367332,0 -76.403745,3.367101,0 -76.403681,3.366969,0 -76.403598,3.366862,0 -76.403919,3.366694,0 -76.403222,3.365814,0 -76.403151,3.365725,0 -76.402522,3.364930,0 -76.400878,3.365785,0 -76.400139,3.364914,0 -76.400878,3.364533,0 -76.401822,3.364045,0 -76.403155,3.363352,0 -76.404510,3.362647,0 -76.405861,3.361944,0 -76.406580,3.361571,0 -76.406708,3.361504,0 -76.407759,3.360957,0 -76.408900,3.360364,0 -76.409789,3.359901,0 -76.410155,3.359711,0 -76.410591,3.359492,0 -76.411423,3.359061,0 -76.411650,3.358945,0 -76.413359,3.358074,0 -76.415213,3.357129,0 -76.416340,3.356555,0 -76.416676,3.356384,0 -76.417344,3.356043,0 -76.418753,3.355325,0 -76.418889,3.355256,0 -76.419581,3.354903,0 -76.419947,3.354717,0 -76.421913,3.353715,0 -76.422217,3.353559,0 -76.422398,3.353409,0 -76.422453,3.353343,0 -76.422507,3.353279,0 -76.422532,3.353184,0 -76.422958,3.351697,0 -76.422987,3.351586,0 -76.423225,3.350381,0 -76.423736,3.348668,0 -76.423725,3.348504,0 -76.423736,3.348332,0 -76.423765,3.347883,0 -76.423777,3.346886,0 -76.423793,3.345572,0 -76.423758,3.344943,0 -76.423649,3.344514,0 -76.423500,3.344175,0 -76.423429,3.344012,0 -76.423296,3.343620,0 -76.423141,3.343084,0 -76.423039,3.342565,0 -76.422899,3.341831,0 -76.422835,3.341430,0 -76.422674,3.340862,0 -76.422558,3.340380,0 -76.422438,3.339887,0 -76.422384,3.338656,0 -76.422389,3.337092,0 -76.422390,3.336856,0 -76.422363,3.336546,0 -76.422272,3.336235,0 -76.421736,3.335058,0 -76.421504,3.334549,0 -76.421489,3.334516,0 -76.421399,3.334302,0 -76.421370,3.334232,0 -76.421038,3.333445,0 -76.420999,3.333375,0 -76.420463,3.332399,0 -76.420105,3.331747,0 -76.420041,3.331630,0 -76.419879,3.331329,0 -76.419740,3.331019,0 -76.419756,3.330813,0 -76.419755,3.330759,0 -76.419752,3.330623,0 -76.419751,3.330572,0 -76.419709,3.329107,0 -76.419716,3.327601,0 -76.419718,3.327281,0 -76.419719,3.326884,0 -76.419723,3.326063,0 -76.419724,3.325969,0 -76.419761,3.323853,0 -76.419916,3.322749,0 -76.420039,3.321868,0 -76.420060,3.321719,0 -76.420088,3.321514,0 -76.420132,3.321200,0 -76.420141,3.321134,0 -76.420249,3.320362,0 -76.420448,3.318937,0 -76.420432,3.318744,0 -76.420380,3.318678,0 -76.420357,3.318648,0 -76.420201,3.318552,0 -76.420080,3.318499,0 -76.418802,3.317949,0 -76.417755,3.317497,0 -76.416715,3.317049,0 -76.416066,3.316769,0 -76.415928,3.316710,0 -76.415630,3.316581,0 -76.414621,3.316146,0 -76.414574,3.316126,0 -76.413864,3.315820,0 -76.413735,3.315765,0 -76.413640,3.315724,0 -76.413149,3.315609,0 -76.412696,3.315504,0 -76.412363,3.315432,0 -76.411805,3.315311,0 -76.410688,3.315069,0 -76.410461,3.315020,0 -76.409285,3.314765,0 -76.409124,3.314685,0 -76.409000,3.314578,0 -76.408973,3.314455,0 -76.409000,3.314230,0 -76.409070,3.313796,0 -76.409412,3.311723,0 -76.409494,3.311231,0 -76.409681,3.309827,0 -76.409692,3.309458,0 -76.409596,3.309260,0 -76.409301,3.308992,0 -76.408777,3.308598,0 -76.408177,3.308145,0 -76.407483,3.307622,0 -76.406509,3.306889,0 -76.406210,3.306663,0 -76.404825,3.305620,0 -76.404033,3.305023,0 -76.403591,3.304690,0 -76.403155,3.304362,0 -76.401179,3.302142,0 -76.400510,3.301430,0 -76.399454,3.300305,0 -76.399354,3.300220,0 -76.399334,3.300203,0 -76.399309,3.300182,0 -76.399242,3.300139,0 -76.399215,3.300121,0 -76.399181,3.300099,0 -76.398926,3.300016,0 -76.398258,3.299931,0 -76.397413,3.299813,0 -76.396936,3.299722,0 -76.396785,3.299690,0 -76.396664,3.299653,0 -76.396624,3.299641,0 -76.396366,3.299497,0 -76.396222,3.299416,0 -76.393918,3.297924,0 -76.393309,3.297598,0 -76.392564,3.297333,0 -76.392303,3.297285,0 -76.392075,3.297285,0 -76.391788,3.297352,0 -76.391703,3.297396,0 -76.391614,3.297443,0 -76.391475,3.297585,0 -76.391341,3.297796,0 -76.390957,3.298594,0 -76.390931,3.298646,0 -76.390846,3.298819,0 -76.390640,3.299234,0 -76.390580,3.299349,0 -76.390252,3.299976,0 -76.390131,3.300158,0 -76.390048,3.300236,0 -76.389903,3.300279,0 -76.389771,3.300292,0 -76.389592,3.300222,0 -76.389136,3.299976,0 -76.388200,3.299483,0 -76.387141,3.298989,0 -76.387022,3.298937,0 -76.385853,3.298374,0 -76.385744,3.298321,0 -76.385705,3.298302,0 -76.384678,3.297823,0 -76.384517,3.297748,0 -76.383476,3.297244,0 -76.383189,3.297105,0 -76.382320,3.296694,0 -76.381851,3.296472,0 -76.381164,3.296143,0 -76.380631,3.295888,0 -76.379968,3.295582,0 -76.379550,3.295389,0 -76.378769,3.295009,0 -76.378545,3.294900,0 -76.377428,3.294355,0 -76.376348,3.296602,0 -76.375755,3.297836,0 -76.374218,3.301035,0 -76.374083,3.301334,0 -76.372693,3.300675,0 -76.371408,3.300066,0 -76.370217,3.299502,0 -76.368892,3.298875,0 -76.367627,3.298275,0 -76.367413,3.298174,0 -76.367222,3.298035,0 -76.366621,3.297306,0 -76.366423,3.297188,0 -76.363237,3.296421,0 -76.359942,3.295628,0 -76.355305,3.294511,0 -76.354830,3.294417,0 -76.354401,3.294357,0 -76.352362,3.293719,0 -76.350846,3.293300,0 -76.349122,3.292843,0 -76.347621,3.292457,0 -76.347418,3.292391,0 -76.347243,3.292306,0 -76.347334,3.292170,0 -76.347544,3.291870,0 -76.348026,3.291180,0 -76.347593,3.290595,0 -76.343020,3.284860,0 -76.342967,3.284804,0 -76.342760,3.284624,0 -76.342616,3.284528,0 -76.342474,3.284459,0 -76.342301,3.284400,0 -76.342066,3.284335,0 -76.341946,3.284330,0 -76.341817,3.284330,0 -76.339884,3.284322,0 -76.339035,3.284440,0 -76.338789,3.284428,0 -76.338547,3.284415,0 -76.337946,3.284225,0 -76.337805,3.284226,0 -76.337664,3.284255,0 -76.336739,3.284648,0 -76.336543,3.284689,0 -76.336335,3.284650,0 -76.335957,3.284505,0 -76.335736,3.284437,0 -76.335581,3.284438,0 -76.335508,3.284496,0 -76.335459,3.284562,0 -76.335345,3.285021,0 -76.335229,3.285479,0 -76.335087,3.285907,0 -76.334956,3.286056,0 -76.334818,3.286100,0 -76.334635,3.286069,0 -76.334318,3.285827,0 -76.334036,3.285637,0 -76.333969,3.285592,0 -76.333382,3.285431,0 -76.332651,3.285332,0 -76.331991,3.285023,0 -76.331688,3.284900,0 -76.331385,3.284844,0 -76.331290,3.284853,0 -76.331138,3.284903,0 -76.330851,3.285224,0 -76.330774,3.285262,0 -76.330603,3.285272,0 -76.328625,3.284796,0 -76.326758,3.284287,0 -76.326587,3.284241,0 -76.326029,3.284108,0 -76.325584,3.283976,0 -76.325184,3.283800,0 -76.324433,3.283312,0 -76.324116,3.283123,0 -76.323201,3.282513,0 -76.322727,3.282337,0 -76.322334,3.282251,0 -76.321043,3.282198,0 -76.320644,3.282187,0 -76.320320,3.282208,0 -76.320029,3.281974,0 -76.319967,3.281731,0 -76.319958,3.281672,0 -76.319935,3.281520,0 -76.319771,3.280411,0 -76.319820,3.280363,0 -76.319859,3.280303,0 -76.319868,3.280249,0 -76.319851,3.280118,0 -76.319839,3.280051,0 -76.319827,3.279989,0 -76.319851,3.279960,0 -76.320123,3.279908,0 -76.320524,3.279842,0 -76.320639,3.279823,0 -76.321061,3.279765,0 -76.321244,3.279692,0 -76.322491,3.279421,0 -76.323259,3.279301,0 -76.323739,3.279226,0 -76.324046,3.279142,0 -76.324525,3.278892,0 -76.324967,3.278516,0 -76.325036,3.278411,0 -76.325172,3.278205,0 -76.325574,3.277361,0 -76.326088,3.276281,0 -76.326862,3.274655,0 -76.328835,3.270500,0 -76.329294,3.269618,0 -76.329316,3.269576,0 -76.329367,3.269482,0 -76.329408,3.269394,0 -76.330493,3.267105,0 -76.330771,3.267269,0 -76.331629,3.267677,0 -76.331885,3.267793,0 -76.331930,3.267813,0 -76.332484,3.268085,0 -76.333568,3.268618,0 -76.333935,3.268799,0</coordinates></LineString></Placemark><Placemark><name>Ruta día 10</name><styleUrl>#dia10</styleUrl><ExtendedData><Data name="INGENIO"><value>Incauca</value></Data><Data name="DIA"><value>10</value></Data><Data name="PUNTOS"><value>INC-035, INC-030, INC-017</value></Data><Data name="N_PUNTOS"><value>3</value></Data><Data name="KM"><value>42.7</value></Data><Data name="HORAS_TOTALES"><value>7.38</value></Data><Data name="REGRESO"><value>13:52</value></Data><Data name="PEAJES"><value>0</value></Data><Data name="COSTO_COP"><value>507293</value></Data></ExtendedData><LineString><tessellate>1</tessellate><coordinates>-76.333935,3.268799,0 -76.333568,3.268618,0 -76.333736,3.267541,0 -76.333845,3.266834,0 -76.334158,3.265096,0 -76.334910,3.265226,0 -76.336374,3.265480,0 -76.336401,3.265485,0 -76.337460,3.265669,0 -76.337575,3.265689,0 -76.338756,3.265893,0 -76.339323,3.265992,0 -76.339948,3.266100,0 -76.340852,3.266257,0 -76.341183,3.266314,0 -76.342275,3.266504,0 -76.342287,3.266506,0 -76.343625,3.266738,0 -76.343802,3.266768,0 -76.344951,3.266968,0 -76.346008,3.267151,0 -76.346578,3.267250,0 -76.347412,3.267387,0 -76.347674,3.267430,0 -76.348084,3.267491,0 -76.348377,3.267534,0 -76.348696,3.267599,0 -76.348791,3.267628,0 -76.350117,3.268030,0 -76.351417,3.268423,0 -76.351472,3.268440,0 -76.352758,3.268829,0 -76.352800,3.268842,0 -76.354136,3.269246,0 -76.355361,3.269639,0 -76.355451,3.269667,0 -76.355498,3.269681,0 -76.356815,3.270085,0 -76.356948,3.270126,0 -76.358389,3.270568,0 -76.359505,3.270887,0 -76.359900,3.271000,0 -76.360658,3.271208,0 -76.360857,3.271283,0 -76.361088,3.271369,0 -76.361190,3.271408,0 -76.361245,3.271467,0 -76.361289,3.271534,0 -76.361323,3.271607,0 -76.361344,3.271684,0 -76.361352,3.271764,0 -76.361348,3.271845,0 -76.361331,3.271923,0 -76.361247,3.272044,0 -76.360422,3.273234,0 -76.359647,3.274351,0 -76.359476,3.274597,0 -76.358634,3.275811,0 -76.357495,3.277454,0 -76.357405,3.277582,0 -76.356783,3.278466,0 -76.356284,3.279180,0 -76.355091,3.280899,0 -76.354667,3.281496,0 -76.354506,3.281722,0 -76.353409,3.283301,0 -76.352508,3.284603,0 -76.351740,3.285704,0 -76.351519,3.286035,0 -76.351505,3.286055,0 -76.351477,3.286095,0 -76.351279,3.286375,0 -76.350509,3.287486,0 -76.349648,3.288755,0 -76.349254,3.289339,0 -76.348696,3.290164,0 -76.348181,3.290921,0 -76.348026,3.291180,0 -76.347544,3.291870,0 -76.347334,3.292170,0 -76.347243,3.292306,0 -76.347418,3.292391,0 -76.347621,3.292457,0 -76.349122,3.292843,0 -76.350846,3.293300,0 -76.352362,3.293719,0 -76.354401,3.294357,0 -76.354830,3.294417,0 -76.355305,3.294511,0 -76.359942,3.295628,0 -76.363237,3.296421,0 -76.366423,3.297188,0 -76.366621,3.297306,0 -76.367222,3.298035,0 -76.367413,3.298174,0 -76.367627,3.298275,0 -76.368892,3.298875,0 -76.370217,3.299502,0 -76.371408,3.300066,0 -76.372693,3.300675,0 -76.374083,3.301334,0 -76.374218,3.301035,0 -76.375755,3.297836,0 -76.376348,3.296602,0 -76.377428,3.294355,0 -76.379136,3.290713,0 -76.379154,3.290675,0 -76.379234,3.290519,0 -76.379869,3.289658,0 -76.379947,3.289546,0 -76.380365,3.288935,0 -76.380968,3.288055,0 -76.383132,3.284895,0 -76.385823,3.280966,0 -76.386601,3.279830,0 -76.387293,3.278828,0 -76.387936,3.277898,0 -76.388463,3.277134,0 -76.388507,3.277112,0 -76.388617,3.277055,0 -76.388782,3.277058,0 -76.390137,3.277679,0 -76.390754,3.277962,0 -76.391646,3.278372,0 -76.391839,3.278460,0 -76.392862,3.278929,0 -76.393243,3.279101,0 -76.394081,3.279481,0 -76.394508,3.279674,0 -76.395310,3.280035,0 -76.395770,3.280242,0 -76.396042,3.280364,0 -76.397026,3.280808,0 -76.397391,3.280972,0 -76.398578,3.281507,0 -76.398741,3.281580,0 -76.400015,3.282154,0 -76.400082,3.282184,0 -76.401418,3.282786,0 -76.401480,3.282814,0 -76.402794,3.283406,0 -76.402885,3.283447,0 -76.404138,3.284011,0 -76.404354,3.284109,0 -76.404603,3.284220,0 -76.405479,3.284615,0 -76.405904,3.284806,0 -76.407177,3.285377,0 -76.407249,3.285415,0 -76.407435,3.285544,0 -76.408390,3.286204,0 -76.409506,3.286975,0 -76.411907,3.288686,0 -76.412061,3.288779,0 -76.412108,3.288800,0 -76.412255,3.288866,0 -76.412452,3.288919,0 -76.412727,3.288915,0 -76.413011,3.288831,0 -76.413274,3.288658,0 -76.413559,3.288460,0 -76.414935,3.287506,0 -76.415439,3.287309,0 -76.416413,3.286847,0 -76.416608,3.286776,0 -76.416626,3.286775,0 -76.416867,3.286786,0 -76.416952,3.286796,0 -76.418027,3.287061,0 -76.418250,3.287119,0 -76.418899,3.287289,0 -76.419017,3.287319,0 -76.419960,3.287557,0 -76.420561,3.287700,0 -76.420629,3.287717,0 -76.422147,3.288080,0 -76.422138,3.288159,0 -76.423152,3.288421,0 -76.422454,3.292069,0 -76.422205,3.293483,0 -76.421955,3.294896,0 -76.421461,3.297534,0 -76.421371,3.298019,0 -76.421301,3.298099,0 -76.420996,3.299721,0 -76.420941,3.299825,0 -76.421749,3.300357,0 -76.421428,3.300940,0 -76.420984,3.301646,0 -76.420399,3.302577,0 -76.419751,3.303610,0 -76.421232,3.303857,0 -76.422292,3.304033,0 -76.423256,3.303028,0 -76.424149,3.302095,0 -76.424185,3.302035,0 -76.424183,3.301988,0 -76.424148,3.301935,0 -76.423730,3.301659,0 -76.421749,3.300357,0 -76.420941,3.299825,0 -76.420996,3.299721,0 -76.421301,3.298099,0 -76.421371,3.298019,0 -76.421461,3.297534,0 -76.421955,3.294896,0 -76.422205,3.293483,0 -76.422454,3.292069,0 -76.423152,3.288421,0 -76.422138,3.288159,0 -76.422147,3.288080,0 -76.423062,3.288302,0 -76.423254,3.288340,0 -76.423378,3.288368,0 -76.423953,3.288375,0 -76.424057,3.288376,0 -76.424446,3.288299,0 -76.424618,3.288878,0 -76.424643,3.288961,0 -76.424949,3.289990,0 -76.425057,3.290409,0 -76.425138,3.290719,0 -76.425155,3.290785,0 -76.425412,3.291832,0 -76.425512,3.292212,0 -76.425815,3.293359,0 -76.426032,3.294117,0 -76.426105,3.294337,0 -76.426146,3.294406,0 -76.426180,3.294463,0 -76.426282,3.294594,0 -76.426732,3.295062,0 -76.427230,3.295559,0 -76.427601,3.295930,0 -76.428189,3.296527,0 -76.428347,3.296752,0 -76.428377,3.296842,0 -76.428478,3.296996,0 -76.428492,3.297095,0 -76.428599,3.297183,0 -76.428832,3.297322,0 -76.429103,3.297478,0 -76.428839,3.298669,0 -76.428751,3.298730,0 -76.427860,3.299347,0 -76.426907,3.300007,0 -76.426022,3.300620,0 -76.425068,3.301280,0 -76.424519,3.301660,0 -76.424396,3.301738,0 -76.424369,3.301776,0 -76.424369,3.301840,0 -76.424401,3.301885,0 -76.424541,3.301992,0 -76.421421,3.305235,0 -76.418140,3.308646,0 -76.417519,3.309292,0 -76.417452,3.309404,0 -76.417433,3.309536,0 -76.417436,3.309694,0 -76.417460,3.309779,0 -76.417540,3.309865,0 -76.417475,3.310082,0 -76.417433,3.310193,0 -76.417382,3.310269,0 -76.416996,3.310037,0 -76.416856,3.309965,0 -76.416540,3.309653,0 -76.416116,3.309214,0 -76.415915,3.308545,0 -76.415679,3.307859,0 -76.415087,3.307413,0 -76.414697,3.308055,0 -76.414418,3.308513,0 -76.414080,3.308068,0 -76.413713,3.307819,0 -76.413672,3.307965,0 -76.413957,3.308141,0 -76.414686,3.309075,0 -76.415759,3.311196,0 -76.416179,3.312029,0 -76.415657,3.312923,0 -76.415782,3.314673,0 -76.415835,3.315414,0 -76.415928,3.316710,0 -76.415630,3.316581,0 -76.414621,3.316146,0 -76.414574,3.316126,0 -76.413864,3.315820,0 -76.413735,3.315765,0 -76.413640,3.315724,0 -76.413149,3.315609,0 -76.412696,3.315504,0 -76.412363,3.315432,0 -76.411805,3.315311,0 -76.410688,3.315069,0 -76.410461,3.315020,0 -76.409285,3.314765,0 -76.409124,3.314685,0 -76.409000,3.314578,0 -76.408973,3.314455,0 -76.409000,3.314230,0 -76.409070,3.313796,0 -76.409412,3.311723,0 -76.409494,3.311231,0 -76.409681,3.309827,0 -76.409692,3.309458,0 -76.409596,3.309260,0 -76.409301,3.308992,0 -76.408777,3.308598,0 -76.408177,3.308145,0 -76.407483,3.307622,0 -76.406509,3.306889,0 -76.406210,3.306663,0 -76.404825,3.305620,0 -76.404033,3.305023,0 -76.403591,3.304690,0 -76.403155,3.304362,0 -76.401179,3.302142,0 -76.400510,3.301430,0 -76.399454,3.300305,0 -76.399354,3.300220,0 -76.399334,3.300203,0 -76.399309,3.300182,0 -76.399242,3.300139,0 -76.399215,3.300121,0 -76.399181,3.300099,0 -76.398926,3.300016,0 -76.398258,3.299931,0 -76.397413,3.299813,0 -76.396936,3.299722,0 -76.396785,3.299690,0 -76.396664,3.299653,0 -76.396624,3.299641,0 -76.396366,3.299497,0 -76.396222,3.299416,0 -76.393918,3.297924,0 -76.393309,3.297598,0 -76.392564,3.297333,0 -76.392303,3.297285,0 -76.392075,3.297285,0 -76.391788,3.297352,0 -76.391703,3.297396,0 -76.391614,3.297443,0 -76.391475,3.297585,0 -76.391341,3.297796,0 -76.390957,3.298594,0 -76.390931,3.298646,0 -76.390846,3.298819,0 -76.390640,3.299234,0 -76.390580,3.299349,0 -76.390252,3.299976,0 -76.390131,3.300158,0 -76.390048,3.300236,0 -76.389903,3.300279,0 -76.389771,3.300292,0 -76.389592,3.300222,0 -76.389136,3.299976,0 -76.388200,3.299483,0 -76.387141,3.298989,0 -76.387022,3.298937,0 -76.385853,3.298374,0 -76.385744,3.298321,0 -76.385705,3.298302,0 -76.384678,3.297823,0 -76.384517,3.297748,0 -76.383476,3.297244,0 -76.383189,3.297105,0 -76.382320,3.296694,0 -76.381851,3.296472,0 -76.381164,3.296143,0 -76.380631,3.295888,0 -76.379968,3.295582,0 -76.379550,3.295389,0 -76.378769,3.295009,0 -76.378545,3.294900,0 -76.377428,3.294355,0 -76.376348,3.296602,0 -76.375755,3.297836,0 -76.374218,3.301035,0 -76.374083,3.301334,0 -76.372693,3.300675,0 -76.371408,3.300066,0 -76.370217,3.299502,0 -76.368892,3.298875,0 -76.367627,3.298275,0 -76.367413,3.298174,0 -76.367222,3.298035,0 -76.366621,3.297306,0 -76.366423,3.297188,0 -76.363237,3.296421,0 -76.359942,3.295628,0 -76.355305,3.294511,0 -76.354830,3.294417,0 -76.354401,3.294357,0 -76.352362,3.293719,0 -76.350846,3.293300,0 -76.349122,3.292843,0 -76.347621,3.292457,0 -76.347418,3.292391,0 -76.347243,3.292306,0 -76.347334,3.292170,0 -76.347544,3.291870,0 -76.348026,3.291180,0 -76.347593,3.290595,0 -76.343020,3.284860,0 -76.342967,3.284804,0 -76.342760,3.284624,0 -76.342616,3.284528,0 -76.342474,3.284459,0 -76.342301,3.284400,0 -76.342066,3.284335,0 -76.341946,3.284330,0 -76.341817,3.284330,0 -76.339884,3.284322,0 -76.339035,3.284440,0 -76.338789,3.284428,0 -76.338547,3.284415,0 -76.337946,3.284225,0 -76.337805,3.284226,0 -76.337664,3.284255,0 -76.336739,3.284648,0 -76.336543,3.284689,0 -76.336335,3.284650,0 -76.335957,3.284505,0 -76.335736,3.284437,0 -76.335581,3.284438,0 -76.335508,3.284496,0 -76.335459,3.284562,0 -76.335345,3.285021,0 -76.335229,3.285479,0 -76.335087,3.285907,0 -76.334956,3.286056,0 -76.334818,3.286100,0 -76.334635,3.286069,0 -76.334318,3.285827,0 -76.334036,3.285637,0 -76.333969,3.285592,0 -76.333382,3.285431,0 -76.332651,3.285332,0 -76.331991,3.285023,0 -76.331688,3.284900,0 -76.331385,3.284844,0 -76.331290,3.284853,0 -76.331138,3.284903,0 -76.330851,3.285224,0 -76.330774,3.285262,0 -76.330603,3.285272,0 -76.328625,3.284796,0 -76.326758,3.284287,0 -76.326587,3.284241,0 -76.326029,3.284108,0 -76.325584,3.283976,0 -76.325184,3.283800,0 -76.324433,3.283312,0 -76.324116,3.283123,0 -76.323201,3.282513,0 -76.322727,3.282337,0 -76.322334,3.282251,0 -76.321043,3.282198,0 -76.320644,3.282187,0 -76.320320,3.282208,0 -76.320029,3.281974,0 -76.319967,3.281731,0 -76.319958,3.281672,0 -76.319935,3.281520,0 -76.319771,3.280411,0 -76.319820,3.280363,0 -76.319859,3.280303,0 -76.319868,3.280249,0 -76.319851,3.280118,0 -76.319839,3.280051,0 -76.319827,3.279989,0 -76.319851,3.279960,0 -76.320123,3.279908,0 -76.320524,3.279842,0 -76.320639,3.279823,0 -76.321061,3.279765,0 -76.321244,3.279692,0 -76.322491,3.279421,0 -76.323259,3.279301,0 -76.323739,3.279226,0 -76.324046,3.279142,0 -76.324525,3.278892,0 -76.324967,3.278516,0 -76.325036,3.278411,0 -76.325172,3.278205,0 -76.325574,3.277361,0 -76.326088,3.276281,0 -76.326862,3.274655,0 -76.328835,3.270500,0 -76.329294,3.269618,0 -76.329316,3.269576,0 -76.329367,3.269482,0 -76.329408,3.269394,0 -76.330493,3.267105,0 -76.330771,3.267269,0 -76.331629,3.267677,0 -76.331885,3.267793,0 -76.331930,3.267813,0 -76.332484,3.268085,0 -76.333568,3.268618,0 -76.333935,3.268799,0</coordinates></LineString></Placemark><Placemark><name>Ruta día 11</name><styleUrl>#dia11</styleUrl><ExtendedData><Data name="INGENIO"><value>Incauca</value></Data><Data name="DIA"><value>11</value></Data><Data name="PUNTOS"><value>INC-005, INC-023, INC-004</value></Data><Data name="N_PUNTOS"><value>3</value></Data><Data name="KM"><value>40.3</value></Data><Data name="HORAS_TOTALES"><value>7.62</value></Data><Data name="REGRESO"><value>14:07</value></Data><Data name="PEAJES"><value>0</value></Data><Data name="COSTO_COP"><value>506488</value></Data></ExtendedData><LineString><tessellate>1</tessellate><coordinates>-76.333935,3.268799,0 -76.333568,3.268618,0 -76.333736,3.267541,0 -76.333845,3.266834,0 -76.334158,3.265096,0 -76.334910,3.265226,0 -76.336374,3.265480,0 -76.336401,3.265485,0 -76.337460,3.265669,0 -76.337575,3.265689,0 -76.338756,3.265893,0 -76.339323,3.265992,0 -76.339948,3.266100,0 -76.340852,3.266257,0 -76.341183,3.266314,0 -76.342275,3.266504,0 -76.342287,3.266506,0 -76.343625,3.266738,0 -76.343802,3.266768,0 -76.344951,3.266968,0 -76.346008,3.267151,0 -76.346578,3.267250,0 -76.347412,3.267387,0 -76.347674,3.267430,0 -76.348084,3.267491,0 -76.348377,3.267534,0 -76.348696,3.267599,0 -76.348791,3.267628,0 -76.350117,3.268030,0 -76.351417,3.268423,0 -76.351472,3.268440,0 -76.352758,3.268829,0 -76.352800,3.268842,0 -76.354136,3.269246,0 -76.355361,3.269639,0 -76.355451,3.269667,0 -76.355498,3.269681,0 -76.356815,3.270085,0 -76.356948,3.270126,0 -76.358389,3.270568,0 -76.359505,3.270887,0 -76.359900,3.271000,0 -76.360658,3.271208,0 -76.360857,3.271283,0 -76.361088,3.271369,0 -76.361190,3.271408,0 -76.361245,3.271467,0 -76.361289,3.271534,0 -76.361323,3.271607,0 -76.361344,3.271684,0 -76.361352,3.271764,0 -76.361348,3.271845,0 -76.361331,3.271923,0 -76.361247,3.272044,0 -76.360422,3.273234,0 -76.359647,3.274351,0 -76.359476,3.274597,0 -76.358634,3.275811,0 -76.357495,3.277454,0 -76.357405,3.277582,0 -76.356783,3.278466,0 -76.356284,3.279180,0 -76.355091,3.280899,0 -76.354667,3.281496,0 -76.354506,3.281722,0 -76.353409,3.283301,0 -76.352508,3.284603,0 -76.351740,3.285704,0 -76.351519,3.286035,0 -76.351505,3.286055,0 -76.351477,3.286095,0 -76.351279,3.286375,0 -76.350509,3.287486,0 -76.349648,3.288755,0 -76.349254,3.289339,0 -76.348696,3.290164,0 -76.348181,3.290921,0 -76.348026,3.291180,0 -76.347544,3.291870,0 -76.347334,3.292170,0 -76.347243,3.292306,0 -76.347418,3.292391,0 -76.347621,3.292457,0 -76.349122,3.292843,0 -76.350846,3.293300,0 -76.352362,3.293719,0 -76.354401,3.294357,0 -76.354830,3.294417,0 -76.355305,3.294511,0 -76.359942,3.295628,0 -76.363237,3.296421,0 -76.366423,3.297188,0 -76.366621,3.297306,0 -76.367222,3.298035,0 -76.367413,3.298174,0 -76.367627,3.298275,0 -76.368892,3.298875,0 -76.370217,3.299502,0 -76.371408,3.300066,0 -76.372693,3.300675,0 -76.374083,3.301334,0 -76.374218,3.301035,0 -76.375755,3.297836,0 -76.376348,3.296602,0 -76.377428,3.294355,0 -76.378545,3.294900,0 -76.378769,3.295009,0 -76.379550,3.295389,0 -76.379968,3.295582,0 -76.380631,3.295888,0 -76.381164,3.296143,0 -76.381851,3.296472,0 -76.382320,3.296694,0 -76.383189,3.297105,0 -76.383476,3.297244,0 -76.384517,3.297748,0 -76.384678,3.297823,0 -76.385705,3.298302,0 -76.385744,3.298321,0 -76.385853,3.298374,0 -76.387022,3.298937,0 -76.387141,3.298989,0 -76.388200,3.299483,0 -76.389136,3.299976,0 -76.389592,3.300222,0 -76.389771,3.300292,0 -76.389903,3.300279,0 -76.390048,3.300236,0 -76.390044,3.300334,0 -76.390026,3.300411,0 -76.390016,3.300456,0 -76.389590,3.301318,0 -76.389572,3.301355,0 -76.389078,3.302319,0 -76.388913,3.302640,0 -76.388575,3.303284,0 -76.388251,3.303902,0 -76.387886,3.304637,0 -76.387685,3.304979,0 -76.387616,3.305096,0 -76.387398,3.305468,0 -76.386480,3.307278,0 -76.383777,3.312669,0 -76.382304,3.315759,0 -76.382116,3.316085,0 -76.381874,3.316400,0 -76.380876,3.317432,0 -76.380818,3.317574,0 -76.380779,3.317803,0 -76.380314,3.321737,0 -76.377457,3.321026,0 -76.377407,3.320994,0 -76.377388,3.320911,0 -76.378222,3.318726,0 -76.377388,3.320911,0 -76.377407,3.320994,0 -76.377457,3.321026,0 -76.380314,3.321737,0 -76.380496,3.320200,0 -76.380779,3.317803,0 -76.380818,3.317574,0 -76.380876,3.317432,0 -76.381874,3.316400,0 -76.382116,3.316085,0 -76.382304,3.315759,0 -76.383777,3.312669,0 -76.386480,3.307278,0 -76.387398,3.305468,0 -76.387616,3.305096,0 -76.387685,3.304979,0 -76.387886,3.304637,0 -76.388251,3.303902,0 -76.388575,3.303284,0 -76.388913,3.302640,0 -76.389078,3.302319,0 -76.389572,3.301355,0 -76.389590,3.301318,0 -76.390016,3.300456,0 -76.390026,3.300411,0 -76.390044,3.300334,0 -76.390048,3.300236,0 -76.390131,3.300158,0 -76.390252,3.299976,0 -76.390580,3.299349,0 -76.390640,3.299234,0 -76.390846,3.298819,0 -76.390931,3.298646,0 -76.390957,3.298594,0 -76.391341,3.297796,0 -76.391475,3.297585,0 -76.391614,3.297443,0 -76.391703,3.297396,0 -76.391788,3.297352,0 -76.392075,3.297285,0 -76.392303,3.297285,0 -76.392564,3.297333,0 -76.393309,3.297598,0 -76.393918,3.297924,0 -76.396222,3.299416,0 -76.396366,3.299497,0 -76.396624,3.299641,0 -76.396664,3.299653,0 -76.396785,3.299690,0 -76.396936,3.299722,0 -76.397413,3.299813,0 -76.398258,3.299931,0 -76.398926,3.300016,0 -76.399181,3.300099,0 -76.399215,3.300121,0 -76.399242,3.300139,0 -76.399309,3.300182,0 -76.399334,3.300203,0 -76.399354,3.300220,0 -76.399454,3.300305,0 -76.400510,3.301430,0 -76.401179,3.302142,0 -76.400097,3.304087,0 -76.399992,3.304275,0 -76.399759,3.304693,0 -76.398638,3.306708,0 -76.396970,3.309706,0 -76.396941,3.309758,0 -76.395324,3.312645,0 -76.394678,3.313800,0 -76.394479,3.314155,0 -76.394441,3.314369,0 -76.394337,3.316091,0 -76.394245,3.317613,0 -76.394243,3.317645,0 -76.393946,3.323943,0 -76.393345,3.323944,0 -76.390982,3.323916,0 -76.390936,3.323947,0 -76.390917,3.324012,0 -76.390930,3.325246,0 -76.390516,3.325307,0 -76.390136,3.325330,0 -76.389678,3.325329,0 -76.389635,3.325349,0 -76.389613,3.325388,0 -76.389594,3.325642,0 -76.389613,3.325388,0 -76.389613,3.325388,0 -76.389635,3.325349,0 -76.389635,3.325349,0 -76.389678,3.325329,0 -76.390136,3.325330,0 -76.390516,3.325307,0 -76.390930,3.325246,0 -76.390917,3.324012,0 -76.390936,3.323947,0 -76.390982,3.323916,0 -76.393345,3.323944,0 -76.393946,3.323943,0 -76.394243,3.317645,0 -76.394245,3.317613,0 -76.394337,3.316091,0 -76.394441,3.314369,0 -76.394479,3.314155,0 -76.394678,3.313800,0 -76.395324,3.312645,0 -76.396941,3.309758,0 -76.396970,3.309706,0 -76.398638,3.306708,0 -76.399759,3.304693,0 -76.399992,3.304275,0 -76.400097,3.304087,0 -76.401179,3.302142,0 -76.400510,3.301430,0 -76.399454,3.300305,0 -76.399354,3.300220,0 -76.399334,3.300203,0 -76.399309,3.300182,0 -76.399242,3.300139,0 -76.399215,3.300121,0 -76.399181,3.300099,0 -76.398926,3.300016,0 -76.398258,3.299931,0 -76.397413,3.299813,0 -76.396936,3.299722,0 -76.396785,3.299690,0 -76.396664,3.299653,0 -76.396624,3.299641,0 -76.396366,3.299497,0 -76.396222,3.299416,0 -76.393918,3.297924,0 -76.393309,3.297598,0 -76.392564,3.297333,0 -76.392303,3.297285,0 -76.392075,3.297285,0 -76.391788,3.297352,0 -76.391703,3.297396,0 -76.391614,3.297443,0 -76.391475,3.297585,0 -76.391341,3.297796,0 -76.390957,3.298594,0 -76.390931,3.298646,0 -76.390846,3.298819,0 -76.390640,3.299234,0 -76.390580,3.299349,0 -76.390252,3.299976,0 -76.390131,3.300158,0 -76.390048,3.300236,0 -76.389903,3.300279,0 -76.389771,3.300292,0 -76.389592,3.300222,0 -76.389136,3.299976,0 -76.388200,3.299483,0 -76.387141,3.298989,0 -76.387022,3.298937,0 -76.385853,3.298374,0 -76.385744,3.298321,0 -76.385705,3.298302,0 -76.384678,3.297823,0 -76.384517,3.297748,0 -76.383476,3.297244,0 -76.383189,3.297105,0 -76.382320,3.296694,0 -76.381851,3.296472,0 -76.381164,3.296143,0 -76.380631,3.295888,0 -76.379968,3.295582,0 -76.379550,3.295389,0 -76.378769,3.295009,0 -76.378545,3.294900,0 -76.377428,3.294355,0 -76.376348,3.296602,0 -76.375755,3.297836,0 -76.374218,3.301035,0 -76.374083,3.301334,0 -76.372693,3.300675,0 -76.371408,3.300066,0 -76.370217,3.299502,0 -76.368892,3.298875,0 -76.367627,3.298275,0 -76.367413,3.298174,0 -76.367222,3.298035,0 -76.366621,3.297306,0 -76.366423,3.297188,0 -76.363237,3.296421,0 -76.359942,3.295628,0 -76.355305,3.294511,0 -76.354830,3.294417,0 -76.354401,3.294357,0 -76.352362,3.293719,0 -76.350846,3.293300,0 -76.349122,3.292843,0 -76.347621,3.292457,0 -76.347418,3.292391,0 -76.347243,3.292306,0 -76.347334,3.292170,0 -76.347544,3.291870,0 -76.348026,3.291180,0 -76.347593,3.290595,0 -76.343020,3.284860,0 -76.342967,3.284804,0 -76.342760,3.284624,0 -76.342616,3.284528,0 -76.342474,3.284459,0 -76.342301,3.284400,0 -76.342066,3.284335,0 -76.341946,3.284330,0 -76.341817,3.284330,0 -76.339884,3.284322,0 -76.339035,3.284440,0 -76.338789,3.284428,0 -76.338547,3.284415,0 -76.337946,3.284225,0 -76.337805,3.284226,0 -76.337664,3.284255,0 -76.336739,3.284648,0 -76.336543,3.284689,0 -76.336335,3.284650,0 -76.335957,3.284505,0 -76.335736,3.284437,0 -76.335581,3.284438,0 -76.335508,3.284496,0 -76.335459,3.284562,0 -76.335345,3.285021,0 -76.335229,3.285479,0 -76.335087,3.285907,0 -76.334956,3.286056,0 -76.334818,3.286100,0 -76.334635,3.286069,0 -76.334318,3.285827,0 -76.334036,3.285637,0 -76.333969,3.285592,0 -76.333382,3.285431,0 -76.332651,3.285332,0 -76.331991,3.285023,0 -76.331688,3.284900,0 -76.331385,3.284844,0 -76.331290,3.284853,0 -76.331138,3.284903,0 -76.330851,3.285224,0 -76.330774,3.285262,0 -76.330603,3.285272,0 -76.328625,3.284796,0 -76.326758,3.284287,0 -76.326587,3.284241,0 -76.326029,3.284108,0 -76.325584,3.283976,0 -76.325184,3.283800,0 -76.324433,3.283312,0 -76.324116,3.283123,0 -76.323201,3.282513,0 -76.322727,3.282337,0 -76.322334,3.282251,0 -76.321043,3.282198,0 -76.320644,3.282187,0 -76.320320,3.282208,0 -76.320029,3.281974,0 -76.319967,3.281731,0 -76.319958,3.281672,0 -76.319935,3.281520,0 -76.319771,3.280411,0 -76.319820,3.280363,0 -76.319859,3.280303,0 -76.319868,3.280249,0 -76.319851,3.280118,0 -76.319839,3.280051,0 -76.319827,3.279989,0 -76.319851,3.279960,0 -76.320123,3.279908,0 -76.320524,3.279842,0 -76.320639,3.279823,0 -76.321061,3.279765,0 -76.321244,3.279692,0 -76.322491,3.279421,0 -76.323259,3.279301,0 -76.323739,3.279226,0 -76.324046,3.279142,0 -76.324525,3.278892,0 -76.324967,3.278516,0 -76.325036,3.278411,0 -76.325172,3.278205,0 -76.325574,3.277361,0 -76.326088,3.276281,0 -76.326862,3.274655,0 -76.328835,3.270500,0 -76.329294,3.269618,0 -76.329316,3.269576,0 -76.329367,3.269482,0 -76.329408,3.269394,0 -76.330493,3.267105,0 -76.330771,3.267269,0 -76.331629,3.267677,0 -76.331885,3.267793,0 -76.331930,3.267813,0 -76.332484,3.268085,0 -76.333568,3.268618,0 -76.333935,3.268799,0</coordinates></LineString></Placemark><Placemark><name>Ruta día 12</name><styleUrl>#dia12</styleUrl><ExtendedData><Data name="INGENIO"><value>Incauca</value></Data><Data name="DIA"><value>12</value></Data><Data name="PUNTOS"><value>INC-021, INC-025, INC-001</value></Data><Data name="N_PUNTOS"><value>3</value></Data><Data name="KM"><value>55.8</value></Data><Data name="HORAS_TOTALES"><value>7.65</value></Data><Data name="REGRESO"><value>14:09</value></Data><Data name="PEAJES"><value>0</value></Data><Data name="COSTO_COP"><value>511550</value></Data></ExtendedData><LineString><tessellate>1</tessellate><coordinates>-76.333935,3.268799,0 -76.333568,3.268618,0 -76.333736,3.267541,0 -76.333845,3.266834,0 -76.334158,3.265096,0 -76.334910,3.265226,0 -76.336374,3.265480,0 -76.336401,3.265485,0 -76.337460,3.265669,0 -76.337575,3.265689,0 -76.338756,3.265893,0 -76.339323,3.265992,0 -76.339948,3.266100,0 -76.340852,3.266257,0 -76.341183,3.266314,0 -76.342275,3.266504,0 -76.342287,3.266506,0 -76.343625,3.266738,0 -76.343802,3.266768,0 -76.344951,3.266968,0 -76.346008,3.267151,0 -76.346578,3.267250,0 -76.347412,3.267387,0 -76.347674,3.267430,0 -76.348084,3.267491,0 -76.348377,3.267534,0 -76.348696,3.267599,0 -76.348791,3.267628,0 -76.350117,3.268030,0 -76.351417,3.268423,0 -76.351472,3.268440,0 -76.352758,3.268829,0 -76.352800,3.268842,0 -76.354136,3.269246,0 -76.355361,3.269639,0 -76.355451,3.269667,0 -76.355498,3.269681,0 -76.356815,3.270085,0 -76.356948,3.270126,0 -76.358389,3.270568,0 -76.359505,3.270887,0 -76.359900,3.271000,0 -76.360658,3.271208,0 -76.360857,3.271283,0 -76.361088,3.271369,0 -76.361190,3.271408,0 -76.361245,3.271467,0 -76.361289,3.271534,0 -76.361323,3.271607,0 -76.361344,3.271684,0 -76.361352,3.271764,0 -76.361348,3.271845,0 -76.361331,3.271923,0 -76.361247,3.272044,0 -76.360422,3.273234,0 -76.359647,3.274351,0 -76.359476,3.274597,0 -76.358634,3.275811,0 -76.357495,3.277454,0 -76.357405,3.277582,0 -76.356783,3.278466,0 -76.356284,3.279180,0 -76.355091,3.280899,0 -76.354667,3.281496,0 -76.354506,3.281722,0 -76.353409,3.283301,0 -76.352508,3.284603,0 -76.351740,3.285704,0 -76.351519,3.286035,0 -76.351505,3.286055,0 -76.351477,3.286095,0 -76.351279,3.286375,0 -76.350509,3.287486,0 -76.349648,3.288755,0 -76.349254,3.289339,0 -76.348696,3.290164,0 -76.348181,3.290921,0 -76.348026,3.291180,0 -76.347544,3.291870,0 -76.347334,3.292170,0 -76.347243,3.292306,0 -76.347418,3.292391,0 -76.347621,3.292457,0 -76.349122,3.292843,0 -76.350846,3.293300,0 -76.352362,3.293719,0 -76.354401,3.294357,0 -76.354830,3.294417,0 -76.355305,3.294511,0 -76.359942,3.295628,0 -76.359720,3.299910,0 -76.359712,3.300053,0 -76.359559,3.302989,0 -76.359479,3.304542,0 -76.359548,3.304983,0 -76.359802,3.305995,0 -76.360872,3.310250,0 -76.360885,3.310368,0 -76.360878,3.310433,0 -76.360868,3.310516,0 -76.360545,3.313558,0 -76.360508,3.314045,0 -76.360483,3.314372,0 -76.360452,3.314784,0 -76.360401,3.315017,0 -76.360350,3.315105,0 -76.360258,3.315141,0 -76.360124,3.315163,0 -76.359932,3.315170,0 -76.359568,3.315172,0 -76.359420,3.315198,0 -76.359319,3.315254,0 -76.359044,3.315567,0 -76.358156,3.316779,0 -76.357486,3.317684,0 -76.357175,3.318134,0 -76.357027,3.318404,0 -76.356869,3.318766,0 -76.356705,3.319392,0 -76.356638,3.319839,0 -76.356603,3.320206,0 -76.356579,3.320284,0 -76.356469,3.320431,0 -76.355713,3.321269,0 -76.355254,3.321754,0 -76.355144,3.321845,0 -76.354994,3.321899,0 -76.354581,3.321933,0 -76.354026,3.321950,0 -76.353654,3.321976,0 -76.353366,3.322011,0 -76.353154,3.322038,0 -76.352907,3.322090,0 -76.352655,3.322169,0 -76.352424,3.322260,0 -76.352062,3.322426,0 -76.351762,3.322563,0 -76.351600,3.322654,0 -76.351525,3.322780,0 -76.351457,3.322911,0 -76.351393,3.323055,0 -76.351327,3.323244,0 -76.351647,3.323483,0 -76.351840,3.323653,0 -76.352027,3.323845,0 -76.352172,3.324033,0 -76.352284,3.324224,0 -76.352388,3.324404,0 -76.352459,3.324597,0 -76.352533,3.324781,0 -76.352577,3.324981,0 -76.352608,3.325149,0 -76.352623,3.325335,0 -76.352615,3.325508,0 -76.352612,3.325722,0 -76.352607,3.325937,0 -76.352596,3.326219,0 -76.352585,3.326528,0 -76.352577,3.326776,0 -76.352567,3.326979,0 -76.352564,3.327251,0 -76.352548,3.327606,0 -76.352532,3.327925,0 -76.352516,3.328237,0 -76.352490,3.328439,0 -76.352461,3.328579,0 -76.352428,3.328707,0 -76.352378,3.328848,0 -76.352317,3.329006,0 -76.352235,3.329223,0 -76.352128,3.329517,0 -76.351898,3.330182,0 -76.351594,3.330935,0 -76.351348,3.331642,0 -76.351272,3.331873,0 -76.351205,3.332141,0 -76.351154,3.332426,0 -76.351148,3.332480,0 -76.351125,3.332673,0 -76.351114,3.332834,0 -76.351109,3.332940,0 -76.351104,3.333231,0 -76.351112,3.333445,0 -76.351138,3.333757,0 -76.351179,3.334023,0 -76.351281,3.334634,0 -76.351388,3.335234,0 -76.351605,3.336538,0 -76.351687,3.337037,0 -76.351793,3.337669,0 -76.351858,3.338104,0 -76.352048,3.339249,0 -76.352249,3.340507,0 -76.352345,3.341028,0 -76.352439,3.341467,0 -76.352523,3.341874,0 -76.352561,3.342032,0 -76.352650,3.342260,0 -76.352795,3.342596,0 -76.352964,3.342984,0 -76.353304,3.343747,0 -76.353894,3.345043,0 -76.354038,3.345365,0 -76.354441,3.346272,0 -76.354570,3.346591,0 -76.354691,3.346924,0 -76.354755,3.347177,0 -76.354801,3.347398,0 -76.354836,3.347628,0 -76.354852,3.347866,0 -76.354857,3.348113,0 -76.354855,3.348338,0 -76.354846,3.348571,0 -76.354825,3.348849,0 -76.354785,3.349247,0 -76.354699,3.349941,0 -76.354684,3.350088,0 -76.354460,3.351866,0 -76.354310,3.353085,0 -76.354197,3.353966,0 -76.354144,3.354426,0 -76.354077,3.355086,0 -76.354018,3.355519,0 -76.353948,3.356058,0 -76.353822,3.357139,0 -76.353664,3.358422,0 -76.353503,3.359711,0 -76.353366,3.360841,0 -76.353269,3.361705,0 -76.353236,3.361962,0 -76.353216,3.362118,0 -76.353125,3.362821,0 -76.352918,3.364444,0 -76.352762,3.365673,0 -76.352676,3.366311,0 -76.352748,3.366479,0 -76.352822,3.366609,0 -76.352956,3.366791,0 -76.353106,3.367022,0 -76.353234,3.367197,0 -76.353400,3.367399,0 -76.353528,3.367558,0 -76.353727,3.367785,0 -76.353762,3.367823,0 -76.353945,3.368015,0 -76.354175,3.368257,0 -76.354396,3.368530,0 -76.355048,3.369376,0 -76.355125,3.369488,0 -76.355238,3.369630,0 -76.355435,3.369764,0 -76.355505,3.369805,0 -76.355636,3.369869,0 -76.355791,3.369933,0 -76.356166,3.370061,0 -76.356338,3.370126,0 -76.356491,3.370201,0 -76.356609,3.370302,0 -76.356702,3.370401,0 -76.356799,3.370555,0 -76.356917,3.370736,0 -76.357118,3.370964,0 -76.357346,3.371167,0 -76.357571,3.371400,0 -76.357727,3.371571,0 -76.357958,3.371837,0 -76.358196,3.372075,0 -76.358516,3.372337,0 -76.358705,3.372478,0 -76.359975,3.370948,0 -76.360136,3.370787,0 -76.362716,3.369935,0 -76.364443,3.367975,0 -76.369411,3.363820,0 -76.375837,3.358304,0 -76.375977,3.358256,0 -76.376111,3.358283,0 -76.378101,3.360639,0 -76.378396,3.360800,0 -76.382977,3.363178,0 -76.385987,3.364741,0 -76.388494,3.366063,0 -76.389978,3.366845,0 -76.390118,3.366909,0 -76.390353,3.367017,0 -76.390686,3.367145,0 -76.391856,3.367483,0 -76.393020,3.367851,0 -76.393899,3.368130,0 -76.396065,3.367029,0 -76.396124,3.366999,0 -76.397237,3.366434,0 -76.397381,3.366361,0 -76.398065,3.365999,0 -76.398650,3.365691,0 -76.399395,3.365298,0 -76.399790,3.365093,0 -76.400139,3.364914,0 -76.401822,3.364045,0 -76.403155,3.363352,0 -76.404510,3.362647,0 -76.405861,3.361944,0 -76.406580,3.361571,0 -76.406708,3.361504,0 -76.407759,3.360957,0 -76.408900,3.360364,0 -76.409789,3.359901,0 -76.410155,3.359711,0 -76.410591,3.359492,0 -76.412425,3.360912,0 -76.412541,3.361089,0 -76.413056,3.362179,0 -76.413704,3.363550,0 -76.414281,3.364773,0 -76.414370,3.364962,0 -76.415306,3.366870,0 -76.415522,3.367422,0 -76.415591,3.367570,0 -76.415941,3.368316,0 -76.416693,3.369850,0 -76.416826,3.370142,0 -76.417025,3.370578,0 -76.417161,3.370849,0 -76.417197,3.370921,0 -76.417264,3.371001,0 -76.417334,3.371064,0 -76.417406,3.371113,0 -76.417632,3.371235,0 -76.417884,3.371355,0 -76.417963,3.371399,0 -76.419218,3.371880,0 -76.419335,3.371920,0 -76.419911,3.372118,0 -76.420333,3.372243,0 -76.420478,3.372286,0 -76.421115,3.372606,0 -76.421183,3.372625,0 -76.421251,3.372622,0 -76.421692,3.372998,0 -76.421985,3.373238,0 -76.422735,3.373850,0 -76.423454,3.374547,0 -76.423663,3.374784,0 -76.424107,3.375191,0 -76.425089,3.376092,0 -76.425253,3.376193,0 -76.425334,3.376243,0 -76.426064,3.376694,0 -76.426123,3.376731,0 -76.426927,3.377168,0 -76.427107,3.377266,0 -76.427780,3.377633,0 -76.428028,3.377743,0 -76.428182,3.377812,0 -76.428416,3.377917,0 -76.429186,3.378259,0 -76.429425,3.378380,0 -76.431013,3.379860,0 -76.431364,3.380186,0 -76.432160,3.380928,0 -76.432276,3.381036,0 -76.433336,3.381803,0 -76.433638,3.382021,0 -76.433880,3.382163,0 -76.434036,3.382230,0 -76.434427,3.379708,0 -76.434590,3.378482,0 -76.434627,3.378395,0 -76.434667,3.378351,0 -76.434686,3.378330,0 -76.434783,3.378308,0 -76.434988,3.378346,0 -76.435449,3.378433,0 -76.435934,3.378516,0 -76.436268,3.378573,0 -76.436679,3.378644,0 -76.437330,3.378747,0 -76.438061,3.378863,0 -76.438434,3.378922,0 -76.438542,3.378937,0 -76.438769,3.378970,0 -76.438797,3.378896,0 -76.438853,3.378819,0 -76.439687,3.377574,0 -76.439999,3.377170,0 -76.440959,3.375927,0 -76.440988,3.375833,0 -76.440987,3.375805,0 -76.440982,3.375735,0 -76.440844,3.374868,0 -76.440857,3.374756,0 -76.440833,3.373622,0 -76.441106,3.371737,0 -76.441246,3.370859,0 -76.441058,3.370814,0 -76.439950,3.370549,0 -76.439859,3.370529,0 -76.438628,3.370262,0 -76.437380,3.370032,0 -76.436042,3.369786,0 -76.435911,3.369758,0 -76.434535,3.369471,0 -76.432223,3.368988,0 -76.432037,3.369883,0 -76.431842,3.370824,0 -76.431806,3.370964,0 -76.431606,3.371740,0 -76.431445,3.372003,0 -76.431311,3.372058,0 -76.431134,3.372131,0 -76.429791,3.373048,0 -76.429611,3.373171,0 -76.428302,3.374066,0 -76.428280,3.373982,0 -76.427914,3.372511,0 -76.427745,3.371746,0 -76.427602,3.371131,0 -76.427573,3.371061,0 -76.427555,3.370938,0 -76.427452,3.370972,0 -76.427372,3.370951,0 -76.426087,3.370725,0 -76.424665,3.370474,0 -76.423767,3.370316,0 -76.423653,3.370294,0 -76.423561,3.370251,0 -76.423523,3.370193,0 -76.423494,3.370136,0 -76.423402,3.369702,0 -76.423349,3.369410,0 -76.423321,3.369251,0 -76.423285,3.369134,0 -76.423415,3.369058,0 -76.423712,3.368851,0 -76.424261,3.368264,0 -76.424747,3.367741,0 -76.424999,3.367475,0 -76.425104,3.367340,0 -76.425190,3.367204,0 -76.425256,3.367070,0 -76.425312,3.366917,0 -76.425397,3.366630,0 -76.425475,3.366376,0 -76.425540,3.366113,0 -76.425663,3.365617,0 -76.425702,3.365452,0 -76.425733,3.365299,0 -76.425710,3.364962,0 -76.425700,3.364563,0 -76.425663,3.364315,0 -76.425514,3.363540,0 -76.425500,3.363414,0 -76.425492,3.363345,0 -76.425475,3.363143,0 -76.425499,3.362919,0 -76.425503,3.362860,0 -76.425581,3.362649,0 -76.425664,3.362377,0 -76.425806,3.362030,0 -76.426072,3.361391,0 -76.426390,3.360698,0 -76.426923,3.359692,0 -76.426963,3.359617,0 -76.427021,3.359474,0 -76.427086,3.359284,0 -76.427194,3.358846,0 -76.427235,3.358529,0 -76.427270,3.358277,0 -76.427270,3.358013,0 -76.427313,3.357732,0 -76.427348,3.357345,0 -76.427354,3.357265,0 -76.427357,3.357221,0 -76.427426,3.356811,0 -76.427426,3.356681,0 -76.427417,3.356593,0 -76.427396,3.356537,0 -76.427300,3.356462,0 -76.427169,3.356375,0 -76.426765,3.356037,0 -76.426714,3.355984,0 -76.426284,3.355536,0 -76.425734,3.355013,0 -76.425202,3.354462,0 -76.424908,3.354107,0 -76.424692,3.353814,0 -76.424660,3.353770,0 -76.424575,3.353631,0 -76.424521,3.353505,0 -76.424499,3.353333,0 -76.424523,3.353143,0 -76.424589,3.353020,0 -76.424624,3.352956,0 -76.424665,3.352889,0 -76.425222,3.352420,0 -76.425698,3.352060,0 -76.426269,3.351605,0 -76.426459,3.351396,0 -76.426641,3.351149,0 -76.426835,3.350778,0 -76.426917,3.350590,0 -76.427025,3.350283,0 -76.427096,3.350083,0 -76.427105,3.349902,0 -76.427060,3.349784,0 -76.426961,3.349675,0 -76.426799,3.349606,0 -76.426554,3.349514,0 -76.426221,3.349396,0 -76.425952,3.349307,0 -76.425666,3.349206,0 -76.425361,3.349119,0 -76.424876,3.348986,0 -76.424576,3.348900,0 -76.424133,3.348729,0 -76.423725,3.348504,0 -76.423736,3.348332,0 -76.423765,3.347883,0 -76.423777,3.346886,0 -76.423793,3.345572,0 -76.423758,3.344943,0 -76.423649,3.344514,0 -76.423500,3.344175,0 -76.423429,3.344012,0 -76.423296,3.343620,0 -76.423141,3.343084,0 -76.423039,3.342565,0 -76.422899,3.341831,0 -76.422835,3.341430,0 -76.422674,3.340862,0 -76.422558,3.340380,0 -76.422438,3.339887,0 -76.422384,3.338656,0 -76.422389,3.337092,0 -76.422390,3.336856,0 -76.422363,3.336546,0 -76.422272,3.336235,0 -76.421736,3.335058,0 -76.421504,3.334549,0 -76.421489,3.334516,0 -76.421399,3.334302,0 -76.421370,3.334232,0 -76.421038,3.333445,0 -76.420999,3.333375,0 -76.420463,3.332399,0 -76.420105,3.331747,0 -76.420041,3.331630,0 -76.419879,3.331329,0 -76.419740,3.331019,0 -76.419756,3.330813,0 -76.419755,3.330759,0 -76.419752,3.330623,0 -76.419751,3.330572,0 -76.419709,3.329107,0 -76.419716,3.327601,0 -76.419718,3.327281,0 -76.419719,3.326884,0 -76.419723,3.326063,0 -76.419724,3.325969,0 -76.419761,3.323853,0 -76.419916,3.322749,0 -76.420039,3.321868,0 -76.420060,3.321719,0 -76.420088,3.321514,0 -76.420132,3.321200,0 -76.420141,3.321134,0 -76.420249,3.320362,0 -76.420448,3.318937,0 -76.420432,3.318744,0 -76.420380,3.318678,0 -76.420357,3.318648,0 -76.420201,3.318552,0 -76.420080,3.318499,0 -76.418802,3.317949,0 -76.417755,3.317497,0 -76.416715,3.317049,0 -76.416066,3.316769,0 -76.415928,3.316710,0 -76.415630,3.316581,0 -76.414621,3.316146,0 -76.414574,3.316126,0 -76.413864,3.315820,0 -76.413735,3.315765,0 -76.413640,3.315724,0 -76.413149,3.315609,0 -76.412696,3.315504,0 -76.412363,3.315432,0 -76.411805,3.315311,0 -76.410688,3.315069,0 -76.410461,3.315020,0 -76.409285,3.314765,0 -76.409124,3.314685,0 -76.409000,3.314578,0 -76.408973,3.314455,0 -76.409000,3.314230,0 -76.409070,3.313796,0 -76.409412,3.311723,0 -76.409494,3.311231,0 -76.409681,3.309827,0 -76.409692,3.309458,0 -76.409596,3.309260,0 -76.409301,3.308992,0 -76.408777,3.308598,0 -76.408177,3.308145,0 -76.407483,3.307622,0 -76.406509,3.306889,0 -76.406210,3.306663,0 -76.404825,3.305620,0 -76.404033,3.305023,0 -76.403591,3.304690,0 -76.403155,3.304362,0 -76.401179,3.302142,0 -76.400510,3.301430,0 -76.399454,3.300305,0 -76.399354,3.300220,0 -76.399334,3.300203,0 -76.399309,3.300182,0 -76.399242,3.300139,0 -76.399215,3.300121,0 -76.399181,3.300099,0 -76.398926,3.300016,0 -76.398258,3.299931,0 -76.397413,3.299813,0 -76.396936,3.299722,0 -76.396785,3.299690,0 -76.396664,3.299653,0 -76.396624,3.299641,0 -76.396366,3.299497,0 -76.396222,3.299416,0 -76.393918,3.297924,0 -76.393309,3.297598,0 -76.392564,3.297333,0 -76.392303,3.297285,0 -76.392075,3.297285,0 -76.391788,3.297352,0 -76.391703,3.297396,0 -76.391614,3.297443,0 -76.391475,3.297585,0 -76.391341,3.297796,0 -76.390957,3.298594,0 -76.390931,3.298646,0 -76.390846,3.298819,0 -76.390640,3.299234,0 -76.390580,3.299349,0 -76.390252,3.299976,0 -76.390131,3.300158,0 -76.390048,3.300236,0 -76.389903,3.300279,0 -76.389771,3.300292,0 -76.389592,3.300222,0 -76.389136,3.299976,0 -76.388200,3.299483,0 -76.387141,3.298989,0 -76.387022,3.298937,0 -76.385853,3.298374,0 -76.385744,3.298321,0 -76.385705,3.298302,0 -76.384678,3.297823,0 -76.384517,3.297748,0 -76.383476,3.297244,0 -76.383189,3.297105,0 -76.382320,3.296694,0 -76.381851,3.296472,0 -76.381164,3.296143,0 -76.380631,3.295888,0 -76.379968,3.295582,0 -76.379550,3.295389,0 -76.378769,3.295009,0 -76.378545,3.294900,0 -76.377428,3.294355,0 -76.376348,3.296602,0 -76.375755,3.297836,0 -76.374218,3.301035,0 -76.374083,3.301334,0 -76.372693,3.300675,0 -76.371408,3.300066,0 -76.370217,3.299502,0 -76.368892,3.298875,0 -76.367627,3.298275,0 -76.367413,3.298174,0 -76.367222,3.298035,0 -76.366621,3.297306,0 -76.366423,3.297188,0 -76.363237,3.296421,0 -76.359942,3.295628,0 -76.355305,3.294511,0 -76.354830,3.294417,0 -76.354401,3.294357,0 -76.352362,3.293719,0 -76.350846,3.293300,0 -76.349122,3.292843,0 -76.347621,3.292457,0 -76.347418,3.292391,0 -76.347243,3.292306,0 -76.347334,3.292170,0 -76.347544,3.291870,0 -76.348026,3.291180,0 -76.347593,3.290595,0 -76.343020,3.284860,0 -76.342967,3.284804,0 -76.342760,3.284624,0 -76.342616,3.284528,0 -76.342474,3.284459,0 -76.342301,3.284400,0 -76.342066,3.284335,0 -76.341946,3.284330,0 -76.341817,3.284330,0 -76.339884,3.284322,0 -76.339035,3.284440,0 -76.338789,3.284428,0 -76.338547,3.284415,0 -76.337946,3.284225,0 -76.337805,3.284226,0 -76.337664,3.284255,0 -76.336739,3.284648,0 -76.336543,3.284689,0 -76.336335,3.284650,0 -76.335957,3.284505,0 -76.335736,3.284437,0 -76.335581,3.284438,0 -76.335508,3.284496,0 -76.335459,3.284562,0 -76.335345,3.285021,0 -76.335229,3.285479,0 -76.335087,3.285907,0 -76.334956,3.286056,0 -76.334818,3.286100,0 -76.334635,3.286069,0 -76.334318,3.285827,0 -76.334036,3.285637,0 -76.333969,3.285592,0 -76.333382,3.285431,0 -76.332651,3.285332,0 -76.331991,3.285023,0 -76.331688,3.284900,0 -76.331385,3.284844,0 -76.331290,3.284853,0 -76.331138,3.284903,0 -76.330851,3.285224,0 -76.330774,3.285262,0 -76.330603,3.285272,0 -76.328625,3.284796,0 -76.326758,3.284287,0 -76.326587,3.284241,0 -76.326029,3.284108,0 -76.325584,3.283976,0 -76.325184,3.283800,0 -76.324433,3.283312,0 -76.324116,3.283123,0 -76.323201,3.282513,0 -76.322727,3.282337,0 -76.322334,3.282251,0 -76.321043,3.282198,0 -76.320644,3.282187,0 -76.320320,3.282208,0 -76.320029,3.281974,0 -76.319967,3.281731,0 -76.319958,3.281672,0 -76.319935,3.281520,0 -76.319771,3.280411,0 -76.319820,3.280363,0 -76.319859,3.280303,0 -76.319868,3.280249,0 -76.319851,3.280118,0 -76.319839,3.280051,0 -76.319827,3.279989,0 -76.319851,3.279960,0 -76.320123,3.279908,0 -76.320524,3.279842,0 -76.320639,3.279823,0 -76.321061,3.279765,0 -76.321244,3.279692,0 -76.322491,3.279421,0 -76.323259,3.279301,0 -76.323739,3.279226,0 -76.324046,3.279142,0 -76.324525,3.278892,0 -76.324967,3.278516,0 -76.325036,3.278411,0 -76.325172,3.278205,0 -76.325574,3.277361,0 -76.326088,3.276281,0 -76.326862,3.274655,0 -76.328835,3.270500,0 -76.329294,3.269618,0 -76.329316,3.269576,0 -76.329367,3.269482,0 -76.329408,3.269394,0 -76.330493,3.267105,0 -76.330771,3.267269,0 -76.331629,3.267677,0 -76.331885,3.267793,0 -76.331930,3.267813,0 -76.332484,3.268085,0 -76.333568,3.268618,0 -76.333935,3.268799,0</coordinates></LineString></Placemark><Placemark><name>Ruta día 13</name><styleUrl>#dia13</styleUrl><ExtendedData><Data name="INGENIO"><value>Incauca</value></Data><Data name="DIA"><value>13</value></Data><Data name="PUNTOS"><value>INC-014, INC-024, INC-007</value></Data><Data name="N_PUNTOS"><value>3</value></Data><Data name="KM"><value>110.4</value></Data><Data name="HORAS_TOTALES"><value>7.87</value></Data><Data name="REGRESO"><value>14:22</value></Data><Data name="PEAJES"><value>1</value></Data><Data name="COSTO_COP"><value>543285</value></Data></ExtendedData><LineString><tessellate>1</tessellate><coordinates>-76.333935,3.268799,0 -76.333568,3.268618,0 -76.333736,3.267541,0 -76.333845,3.266834,0 -76.334158,3.265096,0 -76.334910,3.265226,0 -76.336374,3.265480,0 -76.336401,3.265485,0 -76.337460,3.265669,0 -76.337575,3.265689,0 -76.338756,3.265893,0 -76.339323,3.265992,0 -76.339948,3.266100,0 -76.340852,3.266257,0 -76.341183,3.266314,0 -76.342275,3.266504,0 -76.342287,3.266506,0 -76.343625,3.266738,0 -76.343802,3.266768,0 -76.344951,3.266968,0 -76.346008,3.267151,0 -76.346578,3.267250,0 -76.347412,3.267387,0 -76.347674,3.267430,0 -76.348084,3.267491,0 -76.348377,3.267534,0 -76.348696,3.267599,0 -76.348791,3.267628,0 -76.350117,3.268030,0 -76.351417,3.268423,0 -76.351472,3.268440,0 -76.352758,3.268829,0 -76.352800,3.268842,0 -76.354136,3.269246,0 -76.355361,3.269639,0 -76.355451,3.269667,0 -76.355498,3.269681,0 -76.356815,3.270085,0 -76.356948,3.270126,0 -76.358389,3.270568,0 -76.359505,3.270887,0 -76.359900,3.271000,0 -76.360658,3.271208,0 -76.360857,3.271283,0 -76.361088,3.271369,0 -76.361190,3.271408,0 -76.361245,3.271467,0 -76.361289,3.271534,0 -76.361323,3.271607,0 -76.361344,3.271684,0 -76.361352,3.271764,0 -76.361348,3.271845,0 -76.361331,3.271923,0 -76.361247,3.272044,0 -76.360422,3.273234,0 -76.359647,3.274351,0 -76.359476,3.274597,0 -76.358634,3.275811,0 -76.357495,3.277454,0 -76.357405,3.277582,0 -76.356783,3.278466,0 -76.356284,3.279180,0 -76.355091,3.280899,0 -76.354667,3.281496,0 -76.354506,3.281722,0 -76.353409,3.283301,0 -76.352508,3.284603,0 -76.351740,3.285704,0 -76.351519,3.286035,0 -76.351505,3.286055,0 -76.351477,3.286095,0 -76.351279,3.286375,0 -76.350509,3.287486,0 -76.349648,3.288755,0 -76.349254,3.289339,0 -76.348696,3.290164,0 -76.348181,3.290921,0 -76.348026,3.291180,0 -76.347544,3.291870,0 -76.347334,3.292170,0 -76.347243,3.292306,0 -76.347418,3.292391,0 -76.347621,3.292457,0 -76.349122,3.292843,0 -76.350846,3.293300,0 -76.352362,3.293719,0 -76.354401,3.294357,0 -76.354830,3.294417,0 -76.355305,3.294511,0 -76.359942,3.295628,0 -76.359720,3.299910,0 -76.359712,3.300053,0 -76.359559,3.302989,0 -76.359479,3.304542,0 -76.359548,3.304983,0 -76.359802,3.305995,0 -76.360872,3.310250,0 -76.360885,3.310368,0 -76.360878,3.310433,0 -76.360868,3.310516,0 -76.360545,3.313558,0 -76.360508,3.314045,0 -76.360483,3.314372,0 -76.360452,3.314784,0 -76.360401,3.315017,0 -76.360350,3.315105,0 -76.360258,3.315141,0 -76.360124,3.315163,0 -76.359932,3.315170,0 -76.359568,3.315172,0 -76.359420,3.315198,0 -76.359319,3.315254,0 -76.359044,3.315567,0 -76.358156,3.316779,0 -76.357486,3.317684,0 -76.357175,3.318134,0 -76.357027,3.318404,0 -76.356869,3.318766,0 -76.356705,3.319392,0 -76.356638,3.319839,0 -76.356603,3.320206,0 -76.356579,3.320284,0 -76.356469,3.320431,0 -76.355713,3.321269,0 -76.355254,3.321754,0 -76.355144,3.321845,0 -76.354994,3.321899,0 -76.354581,3.321933,0 -76.354026,3.321950,0 -76.353654,3.321976,0 -76.353366,3.322011,0 -76.353154,3.322038,0 -76.352907,3.322090,0 -76.352655,3.322169,0 -76.352424,3.322260,0 -76.352062,3.322426,0 -76.351762,3.322563,0 -76.351600,3.322654,0 -76.351525,3.322780,0 -76.351457,3.322911,0 -76.351393,3.323055,0 -76.351327,3.323244,0 -76.351647,3.323483,0 -76.351840,3.323653,0 -76.352027,3.323845,0 -76.352172,3.324033,0 -76.352284,3.324224,0 -76.352388,3.324404,0 -76.352459,3.324597,0 -76.352533,3.324781,0 -76.352577,3.324981,0 -76.352608,3.325149,0 -76.352623,3.325335,0 -76.352615,3.325508,0 -76.352612,3.325722,0 -76.352607,3.325937,0 -76.352596,3.326219,0 -76.352585,3.326528,0 -76.352577,3.326776,0 -76.352567,3.326979,0 -76.352564,3.327251,0 -76.352548,3.327606,0 -76.352532,3.327925,0 -76.352516,3.328237,0 -76.352490,3.328439,0 -76.352461,3.328579,0 -76.352428,3.328707,0 -76.352378,3.328848,0 -76.352317,3.329006,0 -76.352235,3.329223,0 -76.352128,3.329517,0 -76.351898,3.330182,0 -76.351594,3.330935,0 -76.351348,3.331642,0 -76.351272,3.331873,0 -76.351205,3.332141,0 -76.351154,3.332426,0 -76.351148,3.332480,0 -76.351125,3.332673,0 -76.351114,3.332834,0 -76.351109,3.332940,0 -76.351104,3.333231,0 -76.351112,3.333445,0 -76.351138,3.333757,0 -76.351179,3.334023,0 -76.351281,3.334634,0 -76.351388,3.335234,0 -76.351605,3.336538,0 -76.351687,3.337037,0 -76.351793,3.337669,0 -76.351858,3.338104,0 -76.352048,3.339249,0 -76.352249,3.340507,0 -76.352345,3.341028,0 -76.352439,3.341467,0 -76.352523,3.341874,0 -76.352561,3.342032,0 -76.352650,3.342260,0 -76.352795,3.342596,0 -76.352964,3.342984,0 -76.353304,3.343747,0 -76.353894,3.345043,0 -76.354038,3.345365,0 -76.354441,3.346272,0 -76.354570,3.346591,0 -76.354691,3.346924,0 -76.354755,3.347177,0 -76.354801,3.347398,0 -76.354836,3.347628,0 -76.354852,3.347866,0 -76.354857,3.348113,0 -76.354855,3.348338,0 -76.354846,3.348571,0 -76.354825,3.348849,0 -76.354785,3.349247,0 -76.354699,3.349941,0 -76.354684,3.350088,0 -76.354460,3.351866,0 -76.354310,3.353085,0 -76.354197,3.353966,0 -76.354144,3.354426,0 -76.354077,3.355086,0 -76.354018,3.355519,0 -76.353948,3.356058,0 -76.353822,3.357139,0 -76.353664,3.358422,0 -76.353503,3.359711,0 -76.353366,3.360841,0 -76.353269,3.361705,0 -76.353236,3.361962,0 -76.353216,3.362118,0 -76.353125,3.362821,0 -76.352918,3.364444,0 -76.352762,3.365673,0 -76.352676,3.366311,0 -76.352639,3.366748,0 -76.352599,3.367144,0 -76.352583,3.367461,0 -76.352585,3.367815,0 -76.352587,3.368056,0 -76.352588,3.368329,0 -76.352577,3.368901,0 -76.352569,3.369673,0 -76.352569,3.370152,0 -76.352580,3.370722,0 -76.352580,3.370977,0 -76.352567,3.371221,0 -76.352545,3.371576,0 -76.352542,3.371827,0 -76.352540,3.372779,0 -76.352540,3.373269,0 -76.352529,3.374738,0 -76.352526,3.375300,0 -76.352518,3.376040,0 -76.352502,3.376687,0 -76.352505,3.377161,0 -76.352516,3.377806,0 -76.352521,3.378677,0 -76.352526,3.379089,0 -76.352518,3.379458,0 -76.352504,3.380021,0 -76.352502,3.380340,0 -76.352505,3.381023,0 -76.352492,3.381816,0 -76.352489,3.382448,0 -76.352516,3.382769,0 -76.352553,3.383108,0 -76.352583,3.383440,0 -76.352631,3.383877,0 -76.352712,3.384538,0 -76.352764,3.385005,0 -76.352850,3.385803,0 -76.352889,3.386102,0 -76.353047,3.387476,0 -76.353192,3.388938,0 -76.353244,3.389467,0 -76.353311,3.390038,0 -76.353367,3.390516,0 -76.353488,3.391552,0 -76.353539,3.391995,0 -76.353557,3.392147,0 -76.353597,3.392486,0 -76.353652,3.393311,0 -76.353746,3.393911,0 -76.353808,3.394477,0 -76.353836,3.394803,0 -76.353863,3.395275,0 -76.353869,3.395455,0 -76.353860,3.395668,0 -76.353836,3.395880,0 -76.353796,3.396089,0 -76.353783,3.396167,0 -76.353747,3.396385,0 -76.353698,3.396604,0 -76.353647,3.396813,0 -76.353611,3.396923,0 -76.353472,3.397548,0 -76.353221,3.398533,0 -76.353068,3.399183,0 -76.352902,3.399842,0 -76.352513,3.401442,0 -76.352284,3.402253,0 -76.352044,3.403241,0 -76.351885,3.403894,0 -76.351789,3.404314,0 -76.351692,3.404728,0 -76.351473,3.405720,0 -76.351409,3.406270,0 -76.351339,3.407035,0 -76.351320,3.407627,0 -76.351302,3.408335,0 -76.351289,3.408667,0 -76.351271,3.408930,0 -76.351229,3.409212,0 -76.351191,3.409369,0 -76.351008,3.410030,0 -76.350881,3.410433,0 -76.350755,3.410834,0 -76.350477,3.411661,0 -76.350197,3.412512,0 -76.349574,3.414414,0 -76.349487,3.414811,0 -76.349460,3.415043,0 -76.349450,3.415291,0 -76.349450,3.415358,0 -76.349461,3.415567,0 -76.349466,3.415611,0 -76.349550,3.416087,0 -76.349632,3.416356,0 -76.349711,3.416684,0 -76.350021,3.417650,0 -76.350308,3.418559,0 -76.350394,3.418826,0 -76.350472,3.419038,0 -76.350534,3.419256,0 -76.350580,3.419477,0 -76.350609,3.419701,0 -76.350621,3.419927,0 -76.350617,3.420153,0 -76.350596,3.420378,0 -76.350558,3.420601,0 -76.350505,3.420820,0 -76.350435,3.421035,0 -76.350349,3.421245,0 -76.350248,3.421447,0 -76.350197,3.421576,0 -76.349952,3.422158,0 -76.349831,3.422486,0 -76.349777,3.422661,0 -76.349689,3.423199,0 -76.349675,3.423641,0 -76.349702,3.424093,0 -76.349745,3.424497,0 -76.349842,3.425240,0 -76.349879,3.425667,0 -76.349908,3.425975,0 -76.349967,3.426741,0 -76.350056,3.427281,0 -76.350063,3.427596,0 -76.350049,3.427807,0 -76.350016,3.428049,0 -76.349966,3.428281,0 -76.349904,3.428491,0 -76.349828,3.428693,0 -76.349762,3.428841,0 -76.349675,3.429009,0 -76.349573,3.429180,0 -76.349238,3.429697,0 -76.348876,3.430270,0 -76.347947,3.431660,0 -76.347815,3.431875,0 -76.347398,3.432552,0 -76.347025,3.433159,0 -76.346636,3.433780,0 -76.346411,3.434139,0 -76.346320,3.434267,0 -76.345781,3.435167,0 -76.345589,3.435600,0 -76.345569,3.435646,0 -76.343526,3.440793,0 -76.343471,3.440929,0 -76.343300,3.441353,0 -76.343039,3.441998,0 -76.342749,3.442715,0 -76.342390,3.443601,0 -76.341617,3.445512,0 -76.341518,3.445760,0 -76.340350,3.448677,0 -76.339873,3.449916,0 -76.338125,3.454234,0 -76.337631,3.455467,0 -76.337480,3.455845,0 -76.337060,3.456893,0 -76.336645,3.457930,0 -76.336488,3.458310,0 -76.336353,3.458663,0 -76.336269,3.458887,0 -76.336179,3.459123,0 -76.336076,3.459395,0 -76.335790,3.460113,0 -76.335625,3.460598,0 -76.335382,3.461049,0 -76.335321,3.461139,0 -76.335194,3.461307,0 -76.335056,3.461467,0 -76.335001,3.461525,0 -76.334932,3.461603,0 -76.334621,3.461998,0 -76.334598,3.462031,0 -76.334062,3.462779,0 -76.333813,3.463127,0 -76.333708,3.463273,0 -76.333357,3.463764,0 -76.332735,3.464632,0 -76.332599,3.464823,0 -76.332096,3.465520,0 -76.331964,3.465780,0 -76.331830,3.466103,0 -76.331760,3.466307,0 -76.331683,3.466580,0 -76.331600,3.467010,0 -76.331310,3.468328,0 -76.330799,3.469773,0 -76.330672,3.470205,0 -76.330629,3.470411,0 -76.330594,3.470626,0 -76.330538,3.470990,0 -76.330485,3.471868,0 -76.330472,3.472010,0 -76.330456,3.472180,0 -76.330423,3.472521,0 -76.330356,3.473237,0 -76.330322,3.473587,0 -76.330189,3.474993,0 -76.330033,3.476593,0 -76.329899,3.477787,0 -76.329715,3.479319,0 -76.329572,3.480548,0 -76.329311,3.482258,0 -76.329213,3.482901,0 -76.329130,3.483186,0 -76.329052,3.483387,0 -76.328908,3.483794,0 -76.328757,3.484223,0 -76.328647,3.484446,0 -76.327853,3.485602,0 -76.327428,3.486268,0 -76.326843,3.487158,0 -76.326721,3.487449,0 -76.326662,3.487883,0 -76.326705,3.488247,0 -76.326938,3.489061,0 -76.327032,3.489388,0 -76.327080,3.489562,0 -76.327576,3.490898,0 -76.327622,3.491007,0 -76.327928,3.491825,0 -76.328172,3.492659,0 -76.328660,3.494287,0 -76.329135,3.495930,0 -76.329371,3.496754,0 -76.329626,3.497575,0 -76.330542,3.499825,0 -76.331026,3.500939,0 -76.331262,3.501502,0 -76.331490,3.502088,0 -76.331908,3.503097,0 -76.332353,3.504118,0 -76.333316,3.506041,0 -76.334311,3.507965,0 -76.334352,3.508045,0 -76.336586,3.512417,0 -76.336717,3.512668,0 -76.336918,3.513057,0 -76.337538,3.514355,0 -76.337661,3.514733,0 -76.337747,3.515217,0 -76.337780,3.515764,0 -76.337712,3.518625,0 -76.337672,3.520564,0 -76.337667,3.520698,0 -76.337652,3.521273,0 -76.337615,3.522324,0 -76.337552,3.523991,0 -76.337541,3.524240,0 -76.337528,3.524775,0 -76.337533,3.525503,0 -76.337510,3.525644,0 -76.337456,3.525775,0 -76.337373,3.525891,0 -76.337266,3.525985,0 -76.337140,3.526053,0 -76.337003,3.526090,0 -76.336860,3.526095,0 -76.336720,3.526067,0 -76.336590,3.526009,0 -76.336477,3.525922,0 -76.336387,3.525812,0 -76.336323,3.525684,0 -76.336291,3.525546,0 -76.336291,3.525404,0 -76.336323,3.525265,0 -76.336387,3.525137,0 -76.336477,3.525027,0 -76.336590,3.524941,0 -76.336720,3.524882,0 -76.336855,3.524840,0 -76.338204,3.524508,0 -76.340615,3.524022,0 -76.341818,3.523785,0 -76.343190,3.523510,0 -76.343241,3.523500,0 -76.343319,3.523484,0 -76.343393,3.523469,0 -76.343454,3.523457,0 -76.344567,3.523235,0 -76.352704,3.521410,0 -76.354788,3.521085,0 -76.355537,3.520966,0 -76.356640,3.520793,0 -76.357476,3.520661,0 -76.358790,3.520390,0 -76.360235,3.520005,0 -76.361971,3.519615,0 -76.362245,3.519549,0 -76.362373,3.519510,0 -76.362611,3.519430,0 -76.362874,3.519351,0 -76.363792,3.519134,0 -76.364687,3.518911,0 -76.369659,3.517594,0 -76.372727,3.516852,0 -76.378758,3.515524,0 -76.380805,3.514942,0 -76.382453,3.514533,0 -76.383977,3.514193,0 -76.385016,3.513998,0 -76.386059,3.513847,0 -76.387361,3.513581,0 -76.390876,3.512781,0 -76.391791,3.512580,0 -76.392020,3.512586,0 -76.392180,3.512580,0 -76.392326,3.512592,0 -76.392434,3.512614,0 -76.392507,3.512653,0 -76.392593,3.512712,0 -76.392682,3.512789,0 -76.392776,3.512920,0 -76.392896,3.513097,0 -76.393006,3.513293,0 -76.393103,3.513429,0 -76.393204,3.513539,0 -76.393387,3.513681,0 -76.393591,3.513852,0 -76.393692,3.513954,0 -76.393771,3.514050,0 -76.393822,3.514144,0 -76.393850,3.514235,0 -76.393862,3.514345,0 -76.393862,3.514471,0 -76.393854,3.514591,0 -76.393832,3.514746,0 -76.393827,3.514956,0 -76.393359,3.516759,0 -76.393244,3.517196,0 -76.393139,3.517584,0 -76.392915,3.518433,0 -76.392829,3.518777,0 -76.392766,3.519082,0 -76.392706,3.519455,0 -76.392647,3.519897,0 -76.392617,3.520145,0 -76.392570,3.520469,0 -76.392499,3.520819,0 -76.392354,3.521299,0 -76.392243,3.521820,0 -76.392214,3.521931,0 -76.392138,3.522211,0 -76.392082,3.522488,0 -76.391969,3.522771,0 -76.391901,3.523027,0 -76.391846,3.523249,0 -76.391776,3.523532,0 -76.391746,3.523701,0 -76.391680,3.524012,0 -76.391573,3.524525,0 -76.391497,3.524921,0 -76.391402,3.525410,0 -76.391286,3.526028,0 -76.391170,3.526716,0 -76.391137,3.526897,0 -76.390956,3.527841,0 -76.390824,3.528627,0 -76.390661,3.529487,0 -76.390547,3.530127,0 -76.390484,3.530468,0 -76.390377,3.531017,0 -76.390202,3.531913,0 -76.390000,3.533057,0 -76.389983,3.533148,0 -76.389945,3.533320,0 -76.389905,3.533468,0 -76.389829,3.533646,0 -76.389754,3.533764,0 -76.389708,3.533842,0 -76.389572,3.534036,0 -76.389523,3.534101,0 -76.389487,3.534176,0 -76.389468,3.534256,0 -76.389465,3.534338,0 -76.389480,3.534419,0 -76.389510,3.534496,0 -76.389556,3.534565,0 -76.389586,3.534597,0 -76.389643,3.534644,0 -76.389708,3.534679,0 -76.389778,3.534702,0 -76.389852,3.534712,0 -76.389926,3.534708,0 -76.390006,3.534688,0 -76.390174,3.534645,0 -76.390351,3.534615,0 -76.390526,3.534593,0 -76.390634,3.534584,0 -76.390688,3.534582,0 -76.390829,3.534579,0 -76.390958,3.534590,0 -76.391005,3.534594,0 -76.391074,3.534602,0 -76.391194,3.534621,0 -76.391507,3.534667,0 -76.392524,3.534848,0 -76.392786,3.534894,0 -76.393304,3.534987,0 -76.393734,3.535063,0 -76.393805,3.535076,0 -76.393935,3.535099,0 -76.394143,3.535136,0 -76.395376,3.535356,0 -76.396024,3.535470,0 -76.397543,3.535741,0 -76.397795,3.535780,0 -76.399761,3.536130,0 -76.399893,3.536147,0 -76.400093,3.536182,0 -76.400916,3.536329,0 -76.402632,3.536634,0 -76.402852,3.536672,0 -76.403134,3.536712,0 -76.404446,3.536942,0 -76.405289,3.537101,0 -76.405726,3.537217,0 -76.406197,3.537376,0 -76.406627,3.537541,0 -76.406903,3.537673,0 -76.407254,3.537861,0 -76.407682,3.538103,0 -76.408000,3.538350,0 -76.408425,3.538673,0 -76.408631,3.538834,0 -76.408957,3.539138,0 -76.409284,3.539478,0 -76.409642,3.539859,0 -76.410258,3.540567,0 -76.410644,3.541012,0 -76.411010,3.541430,0 -76.411457,3.541927,0 -76.411800,3.542326,0 -76.412236,3.542841,0 -76.412775,3.543454,0 -76.413304,3.543988,0 -76.413613,3.544334,0 -76.414016,3.544800,0 -76.414402,3.545233,0 -76.414487,3.545339,0 -76.414805,3.545735,0 -76.415134,3.546107,0 -76.415750,3.546827,0 -76.416141,3.547258,0 -76.416748,3.547948,0 -76.416958,3.548151,0 -76.417703,3.549034,0 -76.417827,3.549163,0 -76.418233,3.549598,0 -76.418714,3.550199,0 -76.419310,3.550917,0 -76.419754,3.551435,0 -76.420322,3.552104,0 -76.421643,3.553624,0 -76.421892,3.553886,0 -76.422256,3.554327,0 -76.423100,3.555270,0 -76.423211,3.555411,0 -76.423587,3.555817,0 -76.423864,3.556142,0 -76.424118,3.556446,0 -76.424679,3.557081,0 -76.424721,3.557126,0 -76.424761,3.557178,0 -76.424917,3.557341,0 -76.425106,3.557561,0 -76.425305,3.557763,0 -76.425549,3.557979,0 -76.425821,3.558167,0 -76.426035,3.558293,0 -76.426095,3.558328,0 -76.426371,3.558451,0 -76.426637,3.558550,0 -76.426948,3.558636,0 -76.427224,3.558684,0 -76.427302,3.558694,0 -76.427545,3.558726,0 -76.427770,3.558731,0 -76.428154,3.558718,0 -76.429096,3.558673,0 -76.429588,3.558651,0 -76.429858,3.558633,0 -76.430783,3.558590,0 -76.431387,3.558556,0 -76.432095,3.558518,0 -76.432377,3.558506,0 -76.432728,3.558491,0 -76.433185,3.558469,0 -76.433640,3.558448,0 -76.433779,3.558443,0 -76.434356,3.558462,0 -76.434690,3.558469,0 -76.435107,3.558481,0 -76.435356,3.558501,0 -76.435459,3.558515,0 -76.435546,3.558538,0 -76.435621,3.558578,0 -76.435703,3.558633,0 -76.435763,3.558683,0 -76.435837,3.558759,0 -76.435882,3.558823,0 -76.435921,3.558905,0 -76.435956,3.558991,0 -76.435992,3.559104,0 -76.436031,3.559232,0 -76.436072,3.559357,0 -76.436117,3.559499,0 -76.436159,3.559592,0 -76.436204,3.559658,0 -76.436274,3.559731,0 -76.436337,3.559780,0 -76.436466,3.559845,0 -76.436584,3.559885,0 -76.436737,3.559933,0 -76.436847,3.559965,0 -76.436973,3.560011,0 -76.437072,3.560061,0 -76.437169,3.560136,0 -76.437228,3.560201,0 -76.437281,3.560278,0 -76.437323,3.560381,0 -76.437348,3.560511,0 -76.437362,3.560613,0 -76.437374,3.560778,0 -76.437359,3.560918,0 -76.437300,3.561306,0 -76.437235,3.561680,0 -76.437131,3.562230,0 -76.437029,3.562634,0 -76.436926,3.562670,0 -76.436876,3.562702,0 -76.436855,3.562747,0 -76.436815,3.562922,0 -76.436690,3.563438,0 -76.436542,3.564014,0 -76.436433,3.564467,0 -76.436387,3.564558,0 -76.436349,3.564593,0 -76.436332,3.564685,0 -76.436243,3.564784,0 -76.436144,3.564795,0 -76.435659,3.564719,0 -76.435592,3.564709,0 -76.435509,3.564690,0 -76.435661,3.564505,0 -76.436017,3.560317,0 -76.436037,3.560078,0 -76.435661,3.564505,0 -76.435509,3.564690,0 -76.435592,3.564709,0 -76.435659,3.564719,0 -76.436144,3.564795,0 -76.436243,3.564784,0 -76.436332,3.564685,0 -76.436349,3.564593,0 -76.436387,3.564558,0 -76.436433,3.564467,0 -76.436542,3.564014,0 -76.436690,3.563438,0 -76.436815,3.562922,0 -76.436855,3.562747,0 -76.436876,3.562702,0 -76.436926,3.562670,0 -76.437029,3.562634,0 -76.436816,3.563517,0 -76.436575,3.564510,0 -76.436445,3.565006,0 -76.436289,3.565483,0 -76.436136,3.565906,0 -76.435822,3.566733,0 -76.435362,3.567961,0 -76.435129,3.568577,0 -76.434905,3.569166,0 -76.434698,3.569736,0 -76.434633,3.569915,0 -76.434425,3.570465,0 -76.434161,3.571112,0 -76.433957,3.571693,0 -76.433702,3.572416,0 -76.433539,3.572905,0 -76.433302,3.573620,0 -76.433100,3.574186,0 -76.432844,3.574873,0 -76.432726,3.575178,0 -76.432373,3.575990,0 -76.432077,3.576717,0 -76.431876,3.577218,0 -76.431666,3.577705,0 -76.431516,3.578085,0 -76.431305,3.578635,0 -76.431106,3.579127,0 -76.430972,3.579448,0 -76.430953,3.579494,0 -76.430804,3.579866,0 -76.430699,3.580120,0 -76.430593,3.580417,0 -76.430449,3.580912,0 -76.430316,3.581427,0 -76.430245,3.581702,0 -76.430172,3.581972,0 -76.430122,3.582143,0 -76.430033,3.582583,0 -76.429814,3.583277,0 -76.429652,3.583793,0 -76.429414,3.584449,0 -76.429261,3.584778,0 -76.429226,3.584872,0 -76.428977,3.585519,0 -76.428785,3.585985,0 -76.428612,3.586422,0 -76.428461,3.586802,0 -76.428309,3.587164,0 -76.428115,3.587645,0 -76.427953,3.588141,0 -76.427709,3.588679,0 -76.427690,3.588807,0 -76.427679,3.588888,0 -76.427679,3.588970,0 -76.427709,3.589067,0 -76.427766,3.589136,0 -76.427841,3.589184,0 -76.427927,3.589203,0 -76.428033,3.589187,0 -76.428114,3.589134,0 -76.428174,3.589069,0 -76.428238,3.588970,0 -76.428315,3.588708,0 -76.428426,3.588231,0 -76.428535,3.587758,0 -76.428642,3.587279,0 -76.428780,3.586697,0 -76.428972,3.586064,0 -76.429055,3.585768,0 -76.429137,3.585511,0 -76.429208,3.585295,0 -76.429315,3.584995,0 -76.429387,3.584827,0 -76.429542,3.584465,0 -76.429742,3.584050,0 -76.430029,3.583464,0 -76.430241,3.583014,0 -76.430436,3.582583,0 -76.430762,3.581817,0 -76.430882,3.581559,0 -76.430985,3.581338,0 -76.431109,3.581093,0 -76.431189,3.580876,0 -76.431259,3.580605,0 -76.431309,3.580336,0 -76.431346,3.580024,0 -76.431391,3.579318,0 -76.431433,3.578903,0 -76.431486,3.578621,0 -76.431565,3.578332,0 -76.431674,3.578052,0 -76.431818,3.577714,0 -76.432082,3.577103,0 -76.432101,3.577060,0 -76.432172,3.576901,0 -76.432274,3.576672,0 -76.432483,3.576183,0 -76.432612,3.575863,0 -76.432837,3.575334,0 -76.432940,3.575020,0 -76.433105,3.574619,0 -76.433249,3.574212,0 -76.433407,3.573774,0 -76.433483,3.573550,0 -76.433563,3.573320,0 -76.433788,3.572650,0 -76.433952,3.572192,0 -76.434078,3.571849,0 -76.434318,3.571179,0 -76.434464,3.570798,0 -76.434609,3.570420,0 -76.434852,3.569758,0 -76.434879,3.569685,0 -76.435597,3.567779,0 -76.436329,3.565796,0 -76.436579,3.564917,0 -76.436710,3.564436,0 -76.436785,3.564133,0 -76.436926,3.563613,0 -76.437048,3.563143,0 -76.437143,3.562801,0 -76.437234,3.562424,0 -76.437244,3.562384,0 -76.437306,3.562129,0 -76.437373,3.561795,0 -76.437429,3.561385,0 -76.437466,3.561041,0 -76.437470,3.560849,0 -76.437466,3.560776,0 -76.437542,3.560126,0 -76.437587,3.559676,0 -76.437609,3.559470,0 -76.437641,3.559127,0 -76.437676,3.558761,0 -76.437719,3.558316,0 -76.437751,3.557984,0 -76.437773,3.557838,0 -76.437810,3.557690,0 -76.437850,3.557574,0 -76.437912,3.557449,0 -76.437973,3.557368,0 -76.438051,3.557299,0 -76.438140,3.557248,0 -76.438235,3.557204,0 -76.438342,3.557182,0 -76.438453,3.557181,0 -76.438525,3.557187,0 -76.438639,3.557224,0 -76.438730,3.557264,0 -76.438802,3.557323,0 -76.438880,3.557417,0 -76.438936,3.557505,0 -76.438985,3.557612,0 -76.439009,3.557735,0 -76.439014,3.557853,0 -76.438995,3.557976,0 -76.438960,3.558088,0 -76.438901,3.558188,0 -76.438798,3.558288,0 -76.438711,3.558348,0 -76.438588,3.558404,0 -76.438503,3.558430,0 -76.438393,3.558443,0 -76.438287,3.558447,0 -76.438079,3.558450,0 -76.437183,3.558387,0 -76.436969,3.558372,0 -76.436394,3.558343,0 -76.435909,3.558323,0 -76.435453,3.558312,0 -76.435115,3.558312,0 -76.434777,3.558315,0 -76.434356,3.558325,0 -76.433624,3.558352,0 -76.433256,3.558368,0 -76.432885,3.558386,0 -76.432250,3.558399,0 -76.432171,3.558401,0 -76.432110,3.558406,0 -76.431978,3.558412,0 -76.431497,3.558441,0 -76.431201,3.558463,0 -76.430521,3.558497,0 -76.429774,3.558533,0 -76.428886,3.558576,0 -76.428103,3.558619,0 -76.427758,3.558628,0 -76.427541,3.558622,0 -76.427345,3.558606,0 -76.427066,3.558553,0 -76.426757,3.558478,0 -76.426452,3.558373,0 -76.426253,3.558288,0 -76.426028,3.558173,0 -76.425821,3.558050,0 -76.425628,3.557910,0 -76.425431,3.557762,0 -76.425195,3.557556,0 -76.424959,3.557307,0 -76.424613,3.556908,0 -76.424172,3.556395,0 -76.423850,3.556031,0 -76.423379,3.555497,0 -76.423029,3.555113,0 -76.422677,3.554713,0 -76.422230,3.554205,0 -76.421778,3.553690,0 -76.421342,3.553198,0 -76.420952,3.552745,0 -76.420457,3.552176,0 -76.420064,3.551693,0 -76.419819,3.551389,0 -76.419608,3.551123,0 -76.419377,3.550836,0 -76.418386,3.549590,0 -76.417876,3.548933,0 -76.417574,3.548547,0 -76.417378,3.548316,0 -76.416839,3.547732,0 -76.416704,3.547606,0 -76.416030,3.546856,0 -76.415757,3.546545,0 -76.415282,3.546012,0 -76.415028,3.545714,0 -76.414525,3.545121,0 -76.414424,3.545008,0 -76.413882,3.544366,0 -76.413738,3.544176,0 -76.413449,3.543845,0 -76.413313,3.543691,0 -76.413126,3.543476,0 -76.412769,3.543080,0 -76.412319,3.542569,0 -76.411666,3.541821,0 -76.411287,3.541406,0 -76.411226,3.541331,0 -76.410922,3.540986,0 -76.410452,3.540451,0 -76.410418,3.540408,0 -76.410175,3.540116,0 -76.409942,3.539818,0 -76.409685,3.539506,0 -76.409456,3.539246,0 -76.409198,3.538990,0 -76.409161,3.538962,0 -76.408957,3.538775,0 -76.408713,3.538585,0 -76.408395,3.538352,0 -76.407672,3.537869,0 -76.407478,3.537758,0 -76.407225,3.537616,0 -76.406949,3.537471,0 -76.406681,3.537329,0 -76.406370,3.537195,0 -76.406000,3.537077,0 -76.405831,3.537030,0 -76.405656,3.536981,0 -76.405258,3.536894,0 -76.404441,3.536748,0 -76.404370,3.536736,0 -76.403146,3.536531,0 -76.403063,3.536516,0 -76.402352,3.536389,0 -76.401471,3.536244,0 -76.401134,3.536189,0 -76.400457,3.536072,0 -76.400033,3.536000,0 -76.399597,3.535929,0 -76.397336,3.535525,0 -76.395440,3.535190,0 -76.393959,3.534925,0 -76.393861,3.534908,0 -76.393122,3.534778,0 -76.392121,3.534603,0 -76.391409,3.534481,0 -76.391105,3.534431,0 -76.390729,3.534359,0 -76.390639,3.534332,0 -76.390536,3.534300,0 -76.390455,3.534262,0 -76.390361,3.534189,0 -76.390209,3.534094,0 -76.390158,3.534030,0 -76.390105,3.533705,0 -76.390096,3.533548,0 -76.390121,3.533388,0 -76.390199,3.533051,0 -76.390300,3.532407,0 -76.390376,3.531970,0 -76.390452,3.531575,0 -76.390667,3.530494,0 -76.390790,3.529821,0 -76.390885,3.529317,0 -76.390932,3.529067,0 -76.391039,3.528314,0 -76.391144,3.527644,0 -76.391233,3.527073,0 -76.391340,3.526585,0 -76.391451,3.525932,0 -76.391522,3.525604,0 -76.391610,3.525265,0 -76.391709,3.524950,0 -76.391836,3.524603,0 -76.391951,3.524330,0 -76.392078,3.524017,0 -76.392107,3.523953,0 -76.392270,3.523583,0 -76.392329,3.523417,0 -76.392369,3.523311,0 -76.392459,3.523060,0 -76.392511,3.522808,0 -76.392556,3.522576,0 -76.392579,3.522370,0 -76.392598,3.522224,0 -76.392626,3.521959,0 -76.392634,3.521866,0 -76.392708,3.521097,0 -76.392808,3.520670,0 -76.392852,3.520173,0 -76.392878,3.519839,0 -76.392903,3.519598,0 -76.392928,3.519369,0 -76.392967,3.519144,0 -76.393022,3.518886,0 -76.393119,3.518512,0 -76.393293,3.517813,0 -76.393589,3.516780,0 -76.393680,3.516405,0 -76.393837,3.515834,0 -76.394002,3.515198,0 -76.394151,3.514594,0 -76.394235,3.514254,0 -76.394457,3.513382,0 -76.394766,3.512229,0 -76.394909,3.511674,0 -76.394992,3.511359,0 -76.395038,3.511194,0 -76.395074,3.511097,0 -76.395155,3.510987,0 -76.395283,3.510875,0 -76.395455,3.510789,0 -76.395613,3.510752,0 -76.395766,3.510752,0 -76.395900,3.510776,0 -76.396021,3.510813,0 -76.396131,3.510872,0 -76.396193,3.510947,0 -76.396244,3.511033,0 -76.396267,3.511140,0 -76.396267,3.511239,0 -76.396243,3.511349,0 -76.396182,3.511461,0 -76.396142,3.511505,0 -76.396127,3.511515,0 -76.396064,3.511549,0 -76.395943,3.511584,0 -76.395887,3.511604,0 -76.395856,3.511625,0 -76.392701,3.512159,0 -76.391204,3.512468,0 -76.386620,3.513516,0 -76.384870,3.513786,0 -76.383275,3.514110,0 -76.383097,3.514147,0 -76.381167,3.514611,0 -76.380419,3.514809,0 -76.379311,3.515126,0 -76.379025,3.515203,0 -76.378721,3.515275,0 -76.378375,3.515336,0 -76.378005,3.515392,0 -76.377532,3.515469,0 -76.376646,3.515619,0 -76.370997,3.516887,0 -76.367881,3.517612,0 -76.365579,3.518200,0 -76.362414,3.518957,0 -76.361158,3.519226,0 -76.360326,3.519475,0 -76.359309,3.519839,0 -76.358629,3.520124,0 -76.358073,3.520315,0 -76.357594,3.520422,0 -76.357136,3.520503,0 -76.356607,3.520576,0 -76.356473,3.520587,0 -76.355722,3.520704,0 -76.355047,3.520701,0 -76.354734,3.520702,0 -76.354566,3.520718,0 -76.354242,3.520780,0 -76.351736,3.521364,0 -76.345592,3.522696,0 -76.344784,3.522871,0 -76.342764,3.523309,0 -76.341713,3.523537,0 -76.341277,3.523631,0 -76.340470,3.523795,0 -76.340304,3.523767,0 -76.339761,3.523897,0 -76.339587,3.523904,0 -76.339452,3.523867,0 -76.339346,3.523807,0 -76.339247,3.523712,0 -76.339173,3.523596,0 -76.339038,3.523293,0 -76.338944,3.523150,0 -76.338844,3.523055,0 -76.338713,3.522965,0 -76.338559,3.522904,0 -76.338367,3.522888,0 -76.338241,3.522860,0 -76.338037,3.522751,0 -76.337951,3.522663,0 -76.337889,3.522565,0 -76.337846,3.522446,0 -76.337830,3.522191,0 -76.337771,3.521948,0 -76.337816,3.520711,0 -76.337820,3.520577,0 -76.337879,3.518507,0 -76.337887,3.518287,0 -76.337924,3.517059,0 -76.337930,3.516691,0 -76.337944,3.515884,0 -76.337951,3.515413,0 -76.337814,3.514674,0 -76.337235,3.513373,0 -76.336854,3.512626,0 -76.336736,3.512398,0 -76.334483,3.507997,0 -76.334445,3.507922,0 -76.332761,3.504643,0 -76.332174,3.503367,0 -76.331914,3.502743,0 -76.331644,3.502114,0 -76.331183,3.500972,0 -76.330685,3.499850,0 -76.330228,3.498715,0 -76.329768,3.497577,0 -76.329500,3.496753,0 -76.329265,3.495922,0 -76.328785,3.494262,0 -76.328547,3.493426,0 -76.328287,3.492606,0 -76.328043,3.491776,0 -76.327740,3.490962,0 -76.327705,3.490866,0 -76.327660,3.490732,0 -76.327556,3.490365,0 -76.327493,3.489987,0 -76.327504,3.488713,0 -76.327550,3.488349,0 -76.327833,3.487163,0 -76.328022,3.486518,0 -76.328260,3.485786,0 -76.328757,3.484223,0 -76.328908,3.483794,0 -76.329052,3.483387,0 -76.329130,3.483186,0 -76.329213,3.482901,0 -76.329311,3.482258,0 -76.329572,3.480548,0 -76.329715,3.479319,0 -76.329899,3.477787,0 -76.330033,3.476593,0 -76.330189,3.474993,0 -76.330322,3.473587,0 -76.330356,3.473237,0 -76.330423,3.472521,0 -76.330456,3.472180,0 -76.330472,3.472010,0 -76.330485,3.471868,0 -76.330538,3.470990,0 -76.330594,3.470626,0 -76.330629,3.470411,0 -76.330672,3.470205,0 -76.330799,3.469773,0 -76.331310,3.468328,0 -76.331600,3.467010,0 -76.331683,3.466580,0 -76.331760,3.466307,0 -76.331830,3.466103,0 -76.331964,3.465780,0 -76.332096,3.465520,0 -76.332599,3.464823,0 -76.332735,3.464632,0 -76.333357,3.463764,0 -76.333708,3.463273,0 -76.333813,3.463127,0 -76.334062,3.462779,0 -76.334598,3.462031,0 -76.334621,3.461998,0 -76.334932,3.461603,0 -76.335001,3.461525,0 -76.335056,3.461467,0 -76.335194,3.461307,0 -76.335321,3.461139,0 -76.335382,3.461049,0 -76.335625,3.460598,0 -76.335790,3.460113,0 -76.336111,3.459582,0 -76.336178,3.459437,0 -76.336287,3.459158,0 -76.336340,3.458998,0 -76.336400,3.458778,0 -76.336488,3.458310,0 -76.336645,3.457930,0 -76.337060,3.456893,0 -76.337480,3.455845,0 -76.337631,3.455467,0 -76.338125,3.454234,0 -76.339873,3.449916,0 -76.340350,3.448677,0 -76.341518,3.445760,0 -76.341617,3.445512,0 -76.342390,3.443601,0 -76.342749,3.442715,0 -76.343039,3.441998,0 -76.343300,3.441353,0 -76.343471,3.440929,0 -76.343526,3.440793,0 -76.345569,3.435646,0 -76.345589,3.435600,0 -76.345781,3.435167,0 -76.346320,3.434267,0 -76.346411,3.434139,0 -76.346636,3.433780,0 -76.347025,3.433159,0 -76.347398,3.432552,0 -76.347815,3.431875,0 -76.347947,3.431660,0 -76.348876,3.430270,0 -76.349238,3.429697,0 -76.349573,3.429180,0 -76.349675,3.429009,0 -76.349762,3.428841,0 -76.349828,3.428693,0 -76.349904,3.428491,0 -76.349966,3.428281,0 -76.350016,3.428049,0 -76.350049,3.427807,0 -76.350063,3.427596,0 -76.350056,3.427281,0 -76.349967,3.426741,0 -76.349908,3.425975,0 -76.349879,3.425667,0 -76.349842,3.425240,0 -76.349745,3.424497,0 -76.349702,3.424093,0 -76.349675,3.423641,0 -76.349689,3.423199,0 -76.349777,3.422661,0 -76.349831,3.422486,0 -76.349952,3.422158,0 -76.350197,3.421576,0 -76.350248,3.421447,0 -76.350349,3.421245,0 -76.350435,3.421035,0 -76.350505,3.420820,0 -76.350558,3.420601,0 -76.350596,3.420378,0 -76.350617,3.420153,0 -76.350621,3.419927,0 -76.350609,3.419701,0 -76.350580,3.419477,0 -76.350534,3.419256,0 -76.350472,3.419038,0 -76.350394,3.418826,0 -76.350346,3.418566,0 -76.350311,3.418318,0 -76.350300,3.418049,0 -76.350313,3.417833,0 -76.350338,3.417524,0 -76.350348,3.417284,0 -76.350343,3.417035,0 -76.350308,3.416780,0 -76.350265,3.416550,0 -76.350052,3.416064,0 -76.349898,3.415556,0 -76.349809,3.415127,0 -76.349798,3.414873,0 -76.349801,3.414695,0 -76.349834,3.414485,0 -76.349866,3.414306,0 -76.350018,3.413782,0 -76.350485,3.412251,0 -76.350882,3.411001,0 -76.351153,3.410198,0 -76.351385,3.409372,0 -76.351435,3.409047,0 -76.351459,3.408695,0 -76.351528,3.407487,0 -76.351603,3.406130,0 -76.351661,3.405700,0 -76.351737,3.405356,0 -76.351884,3.404767,0 -76.351976,3.404380,0 -76.352092,3.403822,0 -76.352162,3.403415,0 -76.352237,3.403048,0 -76.352292,3.402743,0 -76.352419,3.402221,0 -76.352603,3.401493,0 -76.352985,3.399956,0 -76.353339,3.398820,0 -76.353454,3.398407,0 -76.353507,3.398217,0 -76.353639,3.397681,0 -76.353785,3.397124,0 -76.353829,3.396957,0 -76.353869,3.396723,0 -76.353932,3.396325,0 -76.353959,3.396130,0 -76.353985,3.395816,0 -76.353992,3.395706,0 -76.353998,3.395597,0 -76.354002,3.395464,0 -76.354009,3.395143,0 -76.354001,3.394798,0 -76.353980,3.394454,0 -76.353940,3.393924,0 -76.353836,3.393297,0 -76.353597,3.392486,0 -76.353557,3.392147,0 -76.353539,3.391995,0 -76.353488,3.391552,0 -76.353367,3.390516,0 -76.353311,3.390038,0 -76.353244,3.389467,0 -76.353192,3.388938,0 -76.353047,3.387476,0 -76.352889,3.386102,0 -76.352850,3.385803,0 -76.352764,3.385005,0 -76.352712,3.384538,0 -76.352631,3.383877,0 -76.352583,3.383440,0 -76.352553,3.383108,0 -76.352516,3.382769,0 -76.352489,3.382448,0 -76.352492,3.381816,0 -76.352505,3.381023,0 -76.352502,3.380340,0 -76.352504,3.380021,0 -76.352518,3.379458,0 -76.352526,3.379089,0 -76.352521,3.378677,0 -76.352516,3.377806,0 -76.352505,3.377161,0 -76.352502,3.376687,0 -76.352518,3.376040,0 -76.352526,3.375300,0 -76.352529,3.374738,0 -76.352540,3.373269,0 -76.352540,3.372779,0 -76.352542,3.371827,0 -76.352545,3.371576,0 -76.352567,3.371221,0 -76.352580,3.370977,0 -76.352580,3.370722,0 -76.352569,3.370152,0 -76.352569,3.369673,0 -76.352577,3.368901,0 -76.352588,3.368329,0 -76.352587,3.368056,0 -76.352585,3.367815,0 -76.352583,3.367461,0 -76.352599,3.367144,0 -76.352639,3.366748,0 -76.352676,3.366311,0 -76.352762,3.365673,0 -76.352918,3.364444,0 -76.353125,3.362821,0 -76.353216,3.362118,0 -76.353236,3.361962,0 -76.353269,3.361705,0 -76.353366,3.360841,0 -76.353503,3.359711,0 -76.353664,3.358422,0 -76.353822,3.357139,0 -76.353948,3.356058,0 -76.354018,3.355519,0 -76.354077,3.355086,0 -76.354144,3.354426,0 -76.354197,3.353966,0 -76.354310,3.353085,0 -76.354460,3.351866,0 -76.354684,3.350088,0 -76.354699,3.349941,0 -76.354785,3.349247,0 -76.354825,3.348849,0 -76.354846,3.348571,0 -76.354855,3.348338,0 -76.354857,3.348113,0 -76.354852,3.347866,0 -76.354836,3.347628,0 -76.354801,3.347398,0 -76.354755,3.347177,0 -76.354691,3.346924,0 -76.354570,3.346591,0 -76.354441,3.346272,0 -76.354038,3.345365,0 -76.353894,3.345043,0 -76.353304,3.343747,0 -76.352964,3.342984,0 -76.352795,3.342596,0 -76.352650,3.342260,0 -76.352561,3.342032,0 -76.352523,3.341874,0 -76.352439,3.341467,0 -76.352345,3.341028,0 -76.352249,3.340507,0 -76.352048,3.339249,0 -76.351858,3.338104,0 -76.351793,3.337669,0 -76.351687,3.337037,0 -76.351605,3.336538,0 -76.351388,3.335234,0 -76.351281,3.334634,0 -76.351179,3.334023,0 -76.351138,3.333757,0 -76.351112,3.333445,0 -76.351104,3.333231,0 -76.351109,3.332940,0 -76.351114,3.332834,0 -76.351125,3.332673,0 -76.351148,3.332480,0 -76.351154,3.332426,0 -76.351205,3.332141,0 -76.351272,3.331873,0 -76.351348,3.331642,0 -76.351594,3.330935,0 -76.351898,3.330182,0 -76.352128,3.329517,0 -76.352235,3.329223,0 -76.352317,3.329006,0 -76.352378,3.328848,0 -76.352428,3.328707,0 -76.352461,3.328579,0 -76.352490,3.328439,0 -76.352516,3.328237,0 -76.352532,3.327925,0 -76.352548,3.327606,0 -76.352564,3.327251,0 -76.352567,3.326979,0 -76.352577,3.326776,0 -76.352585,3.326528,0 -76.352596,3.326219,0 -76.352607,3.325937,0 -76.352612,3.325722,0 -76.352615,3.325508,0 -76.352623,3.325335,0 -76.352608,3.325149,0 -76.352577,3.324981,0 -76.352533,3.324781,0 -76.352459,3.324597,0 -76.352388,3.324404,0 -76.352284,3.324224,0 -76.352172,3.324033,0 -76.352027,3.323845,0 -76.351840,3.323653,0 -76.351647,3.323483,0 -76.351327,3.323244,0 -76.351393,3.323055,0 -76.351457,3.322911,0 -76.351525,3.322780,0 -76.351600,3.322654,0 -76.351762,3.322563,0 -76.352062,3.322426,0 -76.352424,3.322260,0 -76.352655,3.322169,0 -76.352907,3.322090,0 -76.353154,3.322038,0 -76.353366,3.322011,0 -76.353654,3.321976,0 -76.354026,3.321950,0 -76.354581,3.321933,0 -76.354994,3.321899,0 -76.355144,3.321845,0 -76.355254,3.321754,0 -76.355713,3.321269,0 -76.356469,3.320431,0 -76.356579,3.320284,0 -76.356603,3.320206,0 -76.356638,3.319839,0 -76.356705,3.319392,0 -76.356869,3.318766,0 -76.357027,3.318404,0 -76.357175,3.318134,0 -76.357486,3.317684,0 -76.358156,3.316779,0 -76.359044,3.315567,0 -76.359319,3.315254,0 -76.359420,3.315198,0 -76.359568,3.315172,0 -76.359932,3.315170,0 -76.360124,3.315163,0 -76.360258,3.315141,0 -76.360350,3.315105,0 -76.360401,3.315017,0 -76.360452,3.314784,0 -76.360483,3.314372,0 -76.360508,3.314045,0 -76.360545,3.313558,0 -76.360868,3.310516,0 -76.360878,3.310433,0 -76.360885,3.310368,0 -76.360872,3.310250,0 -76.359802,3.305995,0 -76.359548,3.304983,0 -76.359479,3.304542,0 -76.359559,3.302989,0 -76.359712,3.300053,0 -76.359720,3.299910,0 -76.359942,3.295628,0 -76.355305,3.294511,0 -76.354830,3.294417,0 -76.354401,3.294357,0 -76.352362,3.293719,0 -76.350846,3.293300,0 -76.349122,3.292843,0 -76.347621,3.292457,0 -76.347418,3.292391,0 -76.347243,3.292306,0 -76.347334,3.292170,0 -76.347544,3.291870,0 -76.348026,3.291180,0 -76.347593,3.290595,0 -76.343020,3.284860,0 -76.342967,3.284804,0 -76.342760,3.284624,0 -76.342616,3.284528,0 -76.342474,3.284459,0 -76.342301,3.284400,0 -76.342066,3.284335,0 -76.341946,3.284330,0 -76.341817,3.284330,0 -76.339884,3.284322,0 -76.339035,3.284440,0 -76.338789,3.284428,0 -76.338547,3.284415,0 -76.337946,3.284225,0 -76.337805,3.284226,0 -76.337664,3.284255,0 -76.336739,3.284648,0 -76.336543,3.284689,0 -76.336335,3.284650,0 -76.335957,3.284505,0 -76.335736,3.284437,0 -76.335581,3.284438,0 -76.335508,3.284496,0 -76.335459,3.284562,0 -76.335345,3.285021,0 -76.335229,3.285479,0 -76.335087,3.285907,0 -76.334956,3.286056,0 -76.334818,3.286100,0 -76.334635,3.286069,0 -76.334318,3.285827,0 -76.334036,3.285637,0 -76.333969,3.285592,0 -76.333382,3.285431,0 -76.332651,3.285332,0 -76.331991,3.285023,0 -76.331688,3.284900,0 -76.331385,3.284844,0 -76.331290,3.284853,0 -76.331138,3.284903,0 -76.330851,3.285224,0 -76.330774,3.285262,0 -76.330603,3.285272,0 -76.328625,3.284796,0 -76.326758,3.284287,0 -76.326587,3.284241,0 -76.326029,3.284108,0 -76.325584,3.283976,0 -76.325184,3.283800,0 -76.324433,3.283312,0 -76.324116,3.283123,0 -76.323201,3.282513,0 -76.322727,3.282337,0 -76.322334,3.282251,0 -76.321043,3.282198,0 -76.320644,3.282187,0 -76.320320,3.282208,0 -76.320029,3.281974,0 -76.319967,3.281731,0 -76.319958,3.281672,0 -76.319935,3.281520,0 -76.319771,3.280411,0 -76.319820,3.280363,0 -76.319859,3.280303,0 -76.319868,3.280249,0 -76.319851,3.280118,0 -76.319839,3.280051,0 -76.319827,3.279989,0 -76.319851,3.279960,0 -76.320123,3.279908,0 -76.320524,3.279842,0 -76.320639,3.279823,0 -76.321061,3.279765,0 -76.321244,3.279692,0 -76.322491,3.279421,0 -76.323259,3.279301,0 -76.323739,3.279226,0 -76.324046,3.279142,0 -76.324525,3.278892,0 -76.324967,3.278516,0 -76.325036,3.278411,0 -76.325172,3.278205,0 -76.325574,3.277361,0 -76.326088,3.276281,0 -76.326862,3.274655,0 -76.327664,3.272966,0 -76.328835,3.270500,0 -76.329294,3.269618,0 -76.329316,3.269576,0 -76.329367,3.269482,0 -76.329408,3.269394,0 -76.330493,3.267105,0 -76.330771,3.267269,0 -76.331629,3.267677,0 -76.331885,3.267793,0 -76.331930,3.267813,0 -76.332484,3.268085,0 -76.333568,3.268618,0 -76.333935,3.268799,0</coordinates></LineString></Placemark><Placemark><name>Ruta día 14</name><styleUrl>#dia14</styleUrl><ExtendedData><Data name="INGENIO"><value>Incauca</value></Data><Data name="DIA"><value>14</value></Data><Data name="PUNTOS"><value>INC-027, INC-013, INC-033</value></Data><Data name="N_PUNTOS"><value>3</value></Data><Data name="KM"><value>94.2</value></Data><Data name="HORAS_TOTALES"><value>7.88</value></Data><Data name="REGRESO"><value>14:23</value></Data><Data name="PEAJES"><value>1</value></Data><Data name="COSTO_COP"><value>538007</value></Data></ExtendedData><LineString><tessellate>1</tessellate><coordinates>-76.333935,3.268799,0 -76.334601,3.269126,0 -76.334820,3.267988,0 -76.334865,3.267751,0 -76.335053,3.266783,0 -76.335320,3.265423,0 -76.335053,3.266783,0 -76.335007,3.267019,0 -76.334865,3.267751,0 -76.335947,3.267958,0 -76.336122,3.266967,0 -76.336374,3.265480,0 -76.336401,3.265485,0 -76.337460,3.265669,0 -76.337575,3.265689,0 -76.338756,3.265893,0 -76.339323,3.265992,0 -76.339948,3.266100,0 -76.340852,3.266257,0 -76.341183,3.266314,0 -76.342275,3.266504,0 -76.342287,3.266506,0 -76.343625,3.266738,0 -76.343802,3.266768,0 -76.344951,3.266968,0 -76.346008,3.267151,0 -76.346578,3.267250,0 -76.347412,3.267387,0 -76.347674,3.267430,0 -76.348084,3.267491,0 -76.348377,3.267534,0 -76.348696,3.267599,0 -76.348791,3.267628,0 -76.350117,3.268030,0 -76.351417,3.268423,0 -76.351472,3.268440,0 -76.352758,3.268829,0 -76.352800,3.268842,0 -76.354136,3.269246,0 -76.355361,3.269639,0 -76.355451,3.269667,0 -76.355498,3.269681,0 -76.356815,3.270085,0 -76.356948,3.270126,0 -76.358389,3.270568,0 -76.359505,3.270887,0 -76.359900,3.271000,0 -76.360658,3.271208,0 -76.360857,3.271283,0 -76.361088,3.271369,0 -76.361190,3.271408,0 -76.361245,3.271467,0 -76.361289,3.271534,0 -76.361323,3.271607,0 -76.361344,3.271684,0 -76.361352,3.271764,0 -76.361348,3.271845,0 -76.361331,3.271923,0 -76.361247,3.272044,0 -76.360422,3.273234,0 -76.359647,3.274351,0 -76.359476,3.274597,0 -76.358634,3.275811,0 -76.357495,3.277454,0 -76.357405,3.277582,0 -76.356783,3.278466,0 -76.356284,3.279180,0 -76.355091,3.280899,0 -76.354667,3.281496,0 -76.354506,3.281722,0 -76.353409,3.283301,0 -76.352508,3.284603,0 -76.351740,3.285704,0 -76.351519,3.286035,0 -76.351505,3.286055,0 -76.351477,3.286095,0 -76.351279,3.286375,0 -76.350509,3.287486,0 -76.349648,3.288755,0 -76.349254,3.289339,0 -76.348696,3.290164,0 -76.348181,3.290921,0 -76.348026,3.291180,0 -76.347544,3.291870,0 -76.347334,3.292170,0 -76.347243,3.292306,0 -76.347418,3.292391,0 -76.347621,3.292457,0 -76.349122,3.292843,0 -76.350846,3.293300,0 -76.352362,3.293719,0 -76.354401,3.294357,0 -76.354830,3.294417,0 -76.355305,3.294511,0 -76.359942,3.295628,0 -76.359720,3.299910,0 -76.359712,3.300053,0 -76.359559,3.302989,0 -76.359479,3.304542,0 -76.359548,3.304983,0 -76.359802,3.305995,0 -76.360872,3.310250,0 -76.360885,3.310368,0 -76.360878,3.310433,0 -76.360868,3.310516,0 -76.360545,3.313558,0 -76.360508,3.314045,0 -76.360483,3.314372,0 -76.360452,3.314784,0 -76.360401,3.315017,0 -76.360350,3.315105,0 -76.360258,3.315141,0 -76.360124,3.315163,0 -76.359932,3.315170,0 -76.359568,3.315172,0 -76.359420,3.315198,0 -76.359319,3.315254,0 -76.359044,3.315567,0 -76.358156,3.316779,0 -76.357486,3.317684,0 -76.357175,3.318134,0 -76.357027,3.318404,0 -76.356869,3.318766,0 -76.356705,3.319392,0 -76.356638,3.319839,0 -76.356603,3.320206,0 -76.356579,3.320284,0 -76.356469,3.320431,0 -76.355713,3.321269,0 -76.355254,3.321754,0 -76.355144,3.321845,0 -76.354994,3.321899,0 -76.354581,3.321933,0 -76.354026,3.321950,0 -76.353654,3.321976,0 -76.353366,3.322011,0 -76.353154,3.322038,0 -76.352907,3.322090,0 -76.352655,3.322169,0 -76.352424,3.322260,0 -76.352062,3.322426,0 -76.351762,3.322563,0 -76.351600,3.322654,0 -76.351525,3.322780,0 -76.351457,3.322911,0 -76.351393,3.323055,0 -76.351327,3.323244,0 -76.351647,3.323483,0 -76.351840,3.323653,0 -76.352027,3.323845,0 -76.352172,3.324033,0 -76.352284,3.324224,0 -76.352388,3.324404,0 -76.352459,3.324597,0 -76.352533,3.324781,0 -76.352577,3.324981,0 -76.352608,3.325149,0 -76.352623,3.325335,0 -76.352615,3.325508,0 -76.352612,3.325722,0 -76.352607,3.325937,0 -76.352596,3.326219,0 -76.352585,3.326528,0 -76.352577,3.326776,0 -76.352567,3.326979,0 -76.352564,3.327251,0 -76.352548,3.327606,0 -76.352532,3.327925,0 -76.352516,3.328237,0 -76.352490,3.328439,0 -76.352461,3.328579,0 -76.352428,3.328707,0 -76.352378,3.328848,0 -76.352317,3.329006,0 -76.352235,3.329223,0 -76.352128,3.329517,0 -76.351898,3.330182,0 -76.351594,3.330935,0 -76.351348,3.331642,0 -76.351272,3.331873,0 -76.351205,3.332141,0 -76.351154,3.332426,0 -76.351148,3.332480,0 -76.351125,3.332673,0 -76.351114,3.332834,0 -76.351109,3.332940,0 -76.351104,3.333231,0 -76.351112,3.333445,0 -76.351138,3.333757,0 -76.351179,3.334023,0 -76.351281,3.334634,0 -76.351388,3.335234,0 -76.351605,3.336538,0 -76.351687,3.337037,0 -76.351793,3.337669,0 -76.351858,3.338104,0 -76.352048,3.339249,0 -76.352249,3.340507,0 -76.352345,3.341028,0 -76.352439,3.341467,0 -76.352523,3.341874,0 -76.352561,3.342032,0 -76.352650,3.342260,0 -76.352795,3.342596,0 -76.352964,3.342984,0 -76.353304,3.343747,0 -76.353894,3.345043,0 -76.354038,3.345365,0 -76.354441,3.346272,0 -76.354570,3.346591,0 -76.354691,3.346924,0 -76.354755,3.347177,0 -76.354801,3.347398,0 -76.354836,3.347628,0 -76.354852,3.347866,0 -76.354857,3.348113,0 -76.354855,3.348338,0 -76.354846,3.348571,0 -76.354825,3.348849,0 -76.354785,3.349247,0 -76.354699,3.349941,0 -76.354684,3.350088,0 -76.354460,3.351866,0 -76.354310,3.353085,0 -76.354197,3.353966,0 -76.354144,3.354426,0 -76.354077,3.355086,0 -76.354018,3.355519,0 -76.353948,3.356058,0 -76.353822,3.357139,0 -76.353664,3.358422,0 -76.353503,3.359711,0 -76.353366,3.360841,0 -76.353269,3.361705,0 -76.353236,3.361962,0 -76.353216,3.362118,0 -76.353125,3.362821,0 -76.352918,3.364444,0 -76.352762,3.365673,0 -76.352676,3.366311,0 -76.352639,3.366748,0 -76.352599,3.367144,0 -76.352583,3.367461,0 -76.352585,3.367815,0 -76.352587,3.368056,0 -76.352588,3.368329,0 -76.352577,3.368901,0 -76.352569,3.369673,0 -76.352569,3.370152,0 -76.352580,3.370722,0 -76.352580,3.370977,0 -76.352567,3.371221,0 -76.352545,3.371576,0 -76.352542,3.371827,0 -76.352540,3.372779,0 -76.352540,3.373269,0 -76.352529,3.374738,0 -76.352526,3.375300,0 -76.352518,3.376040,0 -76.352502,3.376687,0 -76.352505,3.377161,0 -76.352516,3.377806,0 -76.352521,3.378677,0 -76.352526,3.379089,0 -76.352518,3.379458,0 -76.352504,3.380021,0 -76.352502,3.380340,0 -76.352505,3.381023,0 -76.352492,3.381816,0 -76.352489,3.382448,0 -76.352516,3.382769,0 -76.352553,3.383108,0 -76.352583,3.383440,0 -76.352631,3.383877,0 -76.352712,3.384538,0 -76.352764,3.385005,0 -76.352850,3.385803,0 -76.352889,3.386102,0 -76.353047,3.387476,0 -76.353192,3.388938,0 -76.353244,3.389467,0 -76.353311,3.390038,0 -76.353367,3.390516,0 -76.353488,3.391552,0 -76.353539,3.391995,0 -76.353557,3.392147,0 -76.353597,3.392486,0 -76.353652,3.393311,0 -76.353746,3.393911,0 -76.353808,3.394477,0 -76.353836,3.394803,0 -76.353863,3.395275,0 -76.353869,3.395455,0 -76.353860,3.395668,0 -76.353836,3.395880,0 -76.353796,3.396089,0 -76.353783,3.396167,0 -76.353747,3.396385,0 -76.353698,3.396604,0 -76.353647,3.396813,0 -76.353611,3.396923,0 -76.353472,3.397548,0 -76.353221,3.398533,0 -76.353068,3.399183,0 -76.352902,3.399842,0 -76.352513,3.401442,0 -76.352284,3.402253,0 -76.352044,3.403241,0 -76.351885,3.403894,0 -76.351789,3.404314,0 -76.351692,3.404728,0 -76.351473,3.405720,0 -76.351409,3.406270,0 -76.351339,3.407035,0 -76.351320,3.407627,0 -76.351302,3.408335,0 -76.351289,3.408667,0 -76.351271,3.408930,0 -76.351229,3.409212,0 -76.351191,3.409369,0 -76.351008,3.410030,0 -76.350881,3.410433,0 -76.350755,3.410834,0 -76.350477,3.411661,0 -76.350197,3.412512,0 -76.349574,3.414414,0 -76.349487,3.414811,0 -76.349460,3.415043,0 -76.349450,3.415291,0 -76.349450,3.415358,0 -76.349461,3.415567,0 -76.349466,3.415611,0 -76.349550,3.416087,0 -76.349632,3.416356,0 -76.349711,3.416684,0 -76.350021,3.417650,0 -76.350308,3.418559,0 -76.350394,3.418826,0 -76.350472,3.419038,0 -76.350534,3.419256,0 -76.350580,3.419477,0 -76.350609,3.419701,0 -76.350621,3.419927,0 -76.350617,3.420153,0 -76.350596,3.420378,0 -76.350558,3.420601,0 -76.350505,3.420820,0 -76.350435,3.421035,0 -76.350349,3.421245,0 -76.350248,3.421447,0 -76.350197,3.421576,0 -76.349952,3.422158,0 -76.349831,3.422486,0 -76.349777,3.422661,0 -76.349689,3.423199,0 -76.349675,3.423641,0 -76.349702,3.424093,0 -76.349745,3.424497,0 -76.349842,3.425240,0 -76.349879,3.425667,0 -76.349908,3.425975,0 -76.349967,3.426741,0 -76.350056,3.427281,0 -76.350063,3.427596,0 -76.350049,3.427807,0 -76.350016,3.428049,0 -76.349966,3.428281,0 -76.349904,3.428491,0 -76.349828,3.428693,0 -76.349762,3.428841,0 -76.349675,3.429009,0 -76.349573,3.429180,0 -76.349238,3.429697,0 -76.348876,3.430270,0 -76.347947,3.431660,0 -76.347815,3.431875,0 -76.347398,3.432552,0 -76.347025,3.433159,0 -76.346636,3.433780,0 -76.346411,3.434139,0 -76.346320,3.434267,0 -76.345781,3.435167,0 -76.345589,3.435600,0 -76.345569,3.435646,0 -76.343526,3.440793,0 -76.343471,3.440929,0 -76.343300,3.441353,0 -76.343039,3.441998,0 -76.342749,3.442715,0 -76.342390,3.443601,0 -76.341617,3.445512,0 -76.341518,3.445760,0 -76.340350,3.448677,0 -76.339873,3.449916,0 -76.338125,3.454234,0 -76.337631,3.455467,0 -76.337480,3.455845,0 -76.337060,3.456893,0 -76.336645,3.457930,0 -76.336488,3.458310,0 -76.336353,3.458663,0 -76.336269,3.458887,0 -76.336179,3.459123,0 -76.336076,3.459395,0 -76.335790,3.460113,0 -76.335625,3.460598,0 -76.335382,3.461049,0 -76.335321,3.461139,0 -76.335194,3.461307,0 -76.335056,3.461467,0 -76.335001,3.461525,0 -76.334932,3.461603,0 -76.334621,3.461998,0 -76.334598,3.462031,0 -76.334062,3.462779,0 -76.333813,3.463127,0 -76.333708,3.463273,0 -76.333357,3.463764,0 -76.332735,3.464632,0 -76.332599,3.464823,0 -76.332096,3.465520,0 -76.331964,3.465780,0 -76.331830,3.466103,0 -76.331760,3.466307,0 -76.331683,3.466580,0 -76.331600,3.467010,0 -76.331310,3.468328,0 -76.330799,3.469773,0 -76.330672,3.470205,0 -76.330629,3.470411,0 -76.330594,3.470626,0 -76.330538,3.470990,0 -76.330485,3.471868,0 -76.330472,3.472010,0 -76.330456,3.472180,0 -76.330423,3.472521,0 -76.330356,3.473237,0 -76.330322,3.473587,0 -76.330189,3.474993,0 -76.330033,3.476593,0 -76.329899,3.477787,0 -76.329715,3.479319,0 -76.329572,3.480548,0 -76.329311,3.482258,0 -76.329213,3.482901,0 -76.329130,3.483186,0 -76.329052,3.483387,0 -76.328908,3.483794,0 -76.328757,3.484223,0 -76.328647,3.484446,0 -76.327853,3.485602,0 -76.327428,3.486268,0 -76.326843,3.487158,0 -76.326721,3.487449,0 -76.326662,3.487883,0 -76.326705,3.488247,0 -76.326938,3.489061,0 -76.327032,3.489388,0 -76.327080,3.489562,0 -76.327576,3.490898,0 -76.327622,3.491007,0 -76.327928,3.491825,0 -76.328172,3.492659,0 -76.328660,3.494287,0 -76.329135,3.495930,0 -76.329371,3.496754,0 -76.329626,3.497575,0 -76.330542,3.499825,0 -76.331026,3.500939,0 -76.331262,3.501502,0 -76.331490,3.502088,0 -76.331908,3.503097,0 -76.332353,3.504118,0 -76.333316,3.506041,0 -76.334311,3.507965,0 -76.334352,3.508045,0 -76.336586,3.512417,0 -76.336717,3.512668,0 -76.336918,3.513057,0 -76.337538,3.514355,0 -76.337661,3.514733,0 -76.337747,3.515217,0 -76.337780,3.515764,0 -76.337712,3.518625,0 -76.337672,3.520564,0 -76.337667,3.520698,0 -76.337652,3.521273,0 -76.337615,3.522324,0 -76.337552,3.523991,0 -76.337541,3.524240,0 -76.337528,3.524775,0 -76.337533,3.525503,0 -76.337510,3.525644,0 -76.337456,3.525775,0 -76.337373,3.525891,0 -76.337266,3.525985,0 -76.337140,3.526053,0 -76.337003,3.526090,0 -76.336860,3.526095,0 -76.336720,3.526067,0 -76.336590,3.526009,0 -76.336477,3.525922,0 -76.336387,3.525812,0 -76.336323,3.525684,0 -76.336291,3.525546,0 -76.336291,3.525404,0 -76.336323,3.525265,0 -76.336387,3.525137,0 -76.336477,3.525027,0 -76.336590,3.524941,0 -76.336720,3.524882,0 -76.336855,3.524840,0 -76.338204,3.524508,0 -76.340615,3.524022,0 -76.341818,3.523785,0 -76.343190,3.523510,0 -76.343241,3.523500,0 -76.343319,3.523484,0 -76.343393,3.523469,0 -76.343454,3.523457,0 -76.344567,3.523235,0 -76.352704,3.521410,0 -76.354788,3.521085,0 -76.355537,3.520966,0 -76.356640,3.520793,0 -76.357476,3.520661,0 -76.358790,3.520390,0 -76.360235,3.520005,0 -76.361971,3.519615,0 -76.362245,3.519549,0 -76.362373,3.519510,0 -76.362611,3.519430,0 -76.362874,3.519351,0 -76.363792,3.519134,0 -76.364687,3.518911,0 -76.369659,3.517594,0 -76.372727,3.516852,0 -76.378758,3.515524,0 -76.380805,3.514942,0 -76.382453,3.514533,0 -76.383977,3.514193,0 -76.385016,3.513998,0 -76.386059,3.513847,0 -76.387361,3.513581,0 -76.390876,3.512781,0 -76.391791,3.512580,0 -76.391917,3.512557,0 -76.392573,3.512420,0 -76.393683,3.512225,0 -76.394117,3.512150,0 -76.394930,3.512019,0 -76.395520,3.511925,0 -76.395838,3.511879,0 -76.396641,3.511763,0 -76.396989,3.511709,0 -76.398179,3.511437,0 -76.398637,3.511336,0 -76.400168,3.510974,0 -76.400592,3.510850,0 -76.403118,3.509902,0 -76.403374,3.509821,0 -76.403846,3.509681,0 -76.404581,3.509524,0 -76.405706,3.509267,0 -76.408033,3.508733,0 -76.410649,3.508175,0 -76.410927,3.508116,0 -76.411236,3.508050,0 -76.411612,3.509240,0 -76.412036,3.510345,0 -76.412670,3.511995,0 -76.413102,3.513172,0 -76.413199,3.513432,0 -76.413283,3.513716,0 -76.413345,3.514004,0 -76.414804,3.520350,0 -76.414964,3.520477,0 -76.415034,3.520495,0 -76.415105,3.520501,0 -76.415302,3.520483,0 -76.415359,3.520471,0 -76.417019,3.520079,0 -76.417401,3.519984,0 -76.417468,3.519975,0 -76.417520,3.519985,0 -76.417556,3.520001,0 -76.417591,3.520026,0 -76.417892,3.520343,0 -76.417951,3.520391,0 -76.418008,3.520426,0 -76.418084,3.520457,0 -76.418222,3.520492,0 -76.418293,3.520512,0 -76.418360,3.520556,0 -76.418411,3.520618,0 -76.418435,3.520689,0 -76.418479,3.520890,0 -76.418658,3.521615,0 -76.418775,3.522129,0 -76.418933,3.522825,0 -76.418926,3.522910,0 -76.418898,3.522968,0 -76.418843,3.523016,0 -76.418735,3.523042,0 -76.417040,3.523421,0 -76.416563,3.523527,0 -76.416442,3.523546,0 -76.416304,3.523546,0 -76.416173,3.523524,0 -76.416008,3.523478,0 -76.415627,3.523371,0 -76.415563,3.523334,0 -76.415514,3.523277,0 -76.415484,3.523195,0 -76.414804,3.520350,0 -76.413345,3.514004,0 -76.413283,3.513716,0 -76.413199,3.513432,0 -76.413102,3.513172,0 -76.412670,3.511995,0 -76.412036,3.510345,0 -76.411612,3.509240,0 -76.411236,3.508050,0 -76.414818,3.507336,0 -76.416334,3.506977,0 -76.418765,3.506436,0 -76.420918,3.505957,0 -76.424179,3.505278,0 -76.425383,3.505035,0 -76.426036,3.504908,0 -76.426236,3.504869,0 -76.426531,3.504813,0 -76.426771,3.504765,0 -76.427958,3.504536,0 -76.430673,3.504008,0 -76.432323,3.503692,0 -76.433244,3.503470,0 -76.434418,3.503203,0 -76.434653,3.503197,0 -76.434728,3.503197,0 -76.434806,3.503200,0 -76.434876,3.503208,0 -76.434975,3.503234,0 -76.435081,3.503287,0 -76.435171,3.503352,0 -76.435248,3.503427,0 -76.435302,3.503507,0 -76.435350,3.503612,0 -76.435377,3.503703,0 -76.435390,3.503790,0 -76.435385,3.503898,0 -76.435366,3.504007,0 -76.435317,3.504112,0 -76.435254,3.504209,0 -76.435186,3.504280,0 -76.435114,3.504345,0 -76.435006,3.504395,0 -76.434891,3.504430,0 -76.434790,3.504442,0 -76.434690,3.504437,0 -76.434578,3.504410,0 -76.434497,3.504371,0 -76.434411,3.504315,0 -76.434334,3.504244,0 -76.434264,3.504150,0 -76.434178,3.503960,0 -76.434079,3.503494,0 -76.433958,3.502972,0 -76.433851,3.502536,0 -76.433829,3.502407,0 -76.433821,3.502297,0 -76.433827,3.502220,0 -76.433853,3.502133,0 -76.433886,3.502046,0 -76.433950,3.501933,0 -76.434027,3.501857,0 -76.434111,3.501794,0 -76.434188,3.501750,0 -76.434269,3.501718,0 -76.434344,3.501708,0 -76.434419,3.501702,0 -76.434497,3.501702,0 -76.434574,3.501718,0 -76.434658,3.501748,0 -76.434723,3.501783,0 -76.434795,3.501826,0 -76.434851,3.501874,0 -76.434896,3.501935,0 -76.434950,3.502018,0 -76.434990,3.502109,0 -76.435023,3.502209,0 -76.435036,3.502313,0 -76.435030,3.502414,0 -76.434996,3.502532,0 -76.434948,3.502637,0 -76.434900,3.502718,0 -76.434811,3.502809,0 -76.434730,3.502869,0 -76.434644,3.502918,0 -76.434496,3.502982,0 -76.433094,3.503282,0 -76.432196,3.503492,0 -76.431273,3.503696,0 -76.427266,3.504436,0 -76.426356,3.504613,0 -76.426318,3.504463,0 -76.426046,3.503655,0 -76.425780,3.502894,0 -76.425560,3.502279,0 -76.425394,3.501850,0 -76.425305,3.501636,0 -76.425185,3.501387,0 -76.424801,3.500697,0 -76.424404,3.500006,0 -76.424308,3.499800,0 -76.424257,3.499652,0 -76.424235,3.499497,0 -76.424174,3.498670,0 -76.424155,3.498258,0 -76.424149,3.497837,0 -76.424115,3.497521,0 -76.424066,3.497227,0 -76.423986,3.496884,0 -76.423895,3.496539,0 -76.423788,3.496159,0 -76.423648,3.495613,0 -76.423506,3.495090,0 -76.423436,3.494831,0 -76.423409,3.494678,0 -76.423396,3.494512,0 -76.423377,3.493420,0 -76.423379,3.492936,0 -76.423377,3.492580,0 -76.423355,3.492333,0 -76.423278,3.491813,0 -76.423234,3.491502,0 -76.423170,3.491048,0 -76.423122,3.490705,0 -76.423009,3.490095,0 -76.422980,3.489918,0 -76.422958,3.489784,0 -76.422838,3.488874,0 -76.422696,3.487803,0 -76.422460,3.486237,0 -76.422441,3.486097,0 -76.422358,3.485492,0 -76.422351,3.485376,0 -76.422352,3.485313,0 -76.422371,3.485249,0 -76.422421,3.485159,0 -76.422469,3.485096,0 -76.422866,3.484494,0 -76.423291,3.483847,0 -76.422966,3.483841,0 -76.422711,3.483793,0 -76.421971,3.483613,0 -76.421522,3.483402,0 -76.421176,3.483186,0 -76.420938,3.482946,0 -76.420363,3.482347,0 -76.420144,3.482181,0 -76.418905,3.481285,0 -76.418811,3.481257,0 -76.418710,3.481249,0 -76.418506,3.481244,0 -76.418331,3.481258,0 -76.417227,3.481345,0 -76.415668,3.481297,0 -76.414853,3.481121,0 -76.414582,3.481003,0 -76.414091,3.480687,0 -76.414016,3.480639,0 -76.413863,3.480540,0 -76.413431,3.480347,0 -76.413037,3.480234,0 -76.411668,3.480121,0 -76.410533,3.480024,0 -76.409779,3.480018,0 -76.409154,3.480095,0 -76.409015,3.480112,0 -76.408792,3.480176,0 -76.407782,3.480653,0 -76.407599,3.480729,0 -76.407431,3.480758,0 -76.407300,3.480746,0 -76.407187,3.480700,0 -76.406959,3.480592,0 -76.406567,3.480392,0 -76.405767,3.479951,0 -76.404627,3.479293,0 -76.404297,3.479127,0 -76.404123,3.479036,0 -76.404081,3.479017,0 -76.404023,3.479006,0 -76.403905,3.479003,0 -76.403622,3.478990,0 -76.403554,3.478993,0 -76.402795,3.479116,0 -76.402727,3.479123,0 -76.402629,3.479121,0 -76.401760,3.478950,0 -76.401560,3.478926,0 -76.401426,3.478924,0 -76.401154,3.478957,0 -76.400590,3.479024,0 -76.399906,3.479105,0 -76.399667,3.479111,0 -76.399402,3.479070,0 -76.398600,3.478819,0 -76.397505,3.478390,0 -76.397034,3.478206,0 -76.396540,3.477978,0 -76.394917,3.477015,0 -76.394868,3.476985,0 -76.394314,3.476656,0 -76.393262,3.476238,0 -76.392968,3.476106,0 -76.392088,3.475708,0 -76.391738,3.475544,0 -76.391573,3.475427,0 -76.391245,3.475194,0 -76.391033,3.475025,0 -76.390835,3.474773,0 -76.390272,3.473868,0 -76.389423,3.472641,0 -76.388735,3.471765,0 -76.388459,3.471587,0 -76.388084,3.471434,0 -76.387627,3.471376,0 -76.387206,3.471478,0 -76.386640,3.471761,0 -76.386238,3.472021,0 -76.386025,3.472196,0 -76.385552,3.472584,0 -76.385318,3.472729,0 -76.384879,3.472382,0 -76.384089,3.471863,0 -76.383379,3.471397,0 -76.382848,3.471071,0 -76.382602,3.470920,0 -76.380846,3.469698,0 -76.379956,3.469108,0 -76.379097,3.468525,0 -76.378881,3.468401,0 -76.378762,3.468352,0 -76.377902,3.468172,0 -76.377739,3.468126,0 -76.377612,3.468075,0 -76.377278,3.467895,0 -76.376920,3.467721,0 -76.376668,3.467607,0 -76.376462,3.467525,0 -76.376342,3.467485,0 -76.376192,3.467457,0 -76.376088,3.467461,0 -76.375893,3.467489,0 -76.375772,3.467520,0 -76.375233,3.467685,0 -76.375014,3.467752,0 -76.374890,3.467777,0 -76.374681,3.467779,0 -76.374018,3.467740,0 -76.373469,3.467694,0 -76.371842,3.467372,0 -76.370812,3.467139,0 -76.369748,3.466843,0 -76.369694,3.466833,0 -76.369606,3.466832,0 -76.369549,3.466851,0 -76.369330,3.466987,0 -76.369087,3.467155,0 -76.366635,3.468846,0 -76.366545,3.468897,0 -76.366490,3.468913,0 -76.366444,3.468920,0 -76.365750,3.468897,0 -76.364184,3.468844,0 -76.363732,3.468836,0 -76.363664,3.468818,0 -76.363612,3.468770,0 -76.363581,3.468683,0 -76.363587,3.468560,0 -76.363605,3.468241,0 -76.363696,3.466552,0 -76.363691,3.466345,0 -76.363667,3.466240,0 -76.363619,3.466205,0 -76.363510,3.466168,0 -76.363301,3.466157,0 -76.363130,3.466148,0 -76.362673,3.466124,0 -76.361790,3.466074,0 -76.359832,3.465962,0 -76.359240,3.465930,0 -76.358710,3.465902,0 -76.355206,3.465727,0 -76.355121,3.465710,0 -76.355060,3.465682,0 -76.355019,3.465640,0 -76.354999,3.465592,0 -76.354956,3.465284,0 -76.354924,3.465213,0 -76.354856,3.465149,0 -76.354791,3.465105,0 -76.354676,3.465088,0 -76.354616,3.465058,0 -76.354553,3.465006,0 -76.354065,3.464433,0 -76.354007,3.464386,0 -76.353934,3.464345,0 -76.353881,3.464334,0 -76.353829,3.464335,0 -76.353771,3.464374,0 -76.353709,3.464448,0 -76.353610,3.464661,0 -76.353590,3.464694,0 -76.353527,3.464728,0 -76.353452,3.464737,0 -76.353364,3.464728,0 -76.353279,3.464701,0 -76.353221,3.464661,0 -76.352922,3.464381,0 -76.352859,3.464319,0 -76.352760,3.464271,0 -76.352668,3.464242,0 -76.352544,3.464216,0 -76.352449,3.464231,0 -76.352324,3.464280,0 -76.351401,3.464863,0 -76.351196,3.464987,0 -76.351121,3.465013,0 -76.351038,3.465031,0 -76.350904,3.465036,0 -76.350807,3.465024,0 -76.350747,3.465003,0 -76.350543,3.464906,0 -76.350239,3.464674,0 -76.349809,3.464353,0 -76.349281,3.463926,0 -76.348807,3.463526,0 -76.348749,3.463482,0 -76.348697,3.463459,0 -76.348640,3.463457,0 -76.348586,3.463477,0 -76.348499,3.463579,0 -76.348335,3.463794,0 -76.348058,3.464154,0 -76.347999,3.464231,0 -76.347898,3.464365,0 -76.347858,3.464402,0 -76.347809,3.464412,0 -76.346875,3.464425,0 -76.346757,3.464440,0 -76.346638,3.464491,0 -76.346065,3.464844,0 -76.345999,3.464871,0 -76.345919,3.464875,0 -76.345734,3.464843,0 -76.345361,3.464828,0 -76.345270,3.464841,0 -76.345182,3.464871,0 -76.344376,3.465136,0 -76.344276,3.465161,0 -76.344176,3.465162,0 -76.343599,3.465090,0 -76.343491,3.465088,0 -76.343289,3.465121,0 -76.343149,3.465133,0 -76.342991,3.465119,0 -76.342462,3.464989,0 -76.342025,3.464883,0 -76.341662,3.464798,0 -76.341252,3.464697,0 -76.341123,3.464631,0 -76.341014,3.464529,0 -76.340942,3.464409,0 -76.340903,3.464238,0 -76.340925,3.464072,0 -76.340907,3.463937,0 -76.340870,3.463838,0 -76.340817,3.463752,0 -76.340701,3.463637,0 -76.340279,3.463398,0 -76.340130,3.463312,0 -76.339853,3.463154,0 -76.339518,3.463014,0 -76.338794,3.462883,0 -76.338418,3.462790,0 -76.338124,3.462697,0 -76.337575,3.462517,0 -76.336105,3.462066,0 -76.335378,3.461831,0 -76.334932,3.461603,0 -76.335001,3.461525,0 -76.335056,3.461467,0 -76.335194,3.461307,0 -76.335321,3.461139,0 -76.335382,3.461049,0 -76.335625,3.460598,0 -76.335790,3.460113,0 -76.336111,3.459582,0 -76.336178,3.459437,0 -76.336287,3.459158,0 -76.336340,3.458998,0 -76.336400,3.458778,0 -76.336488,3.458310,0 -76.336645,3.457930,0 -76.337060,3.456893,0 -76.337480,3.455845,0 -76.337631,3.455467,0 -76.338125,3.454234,0 -76.339873,3.449916,0 -76.340350,3.448677,0 -76.341518,3.445760,0 -76.341617,3.445512,0 -76.342390,3.443601,0 -76.342749,3.442715,0 -76.343039,3.441998,0 -76.343300,3.441353,0 -76.343471,3.440929,0 -76.343526,3.440793,0 -76.345569,3.435646,0 -76.345589,3.435600,0 -76.345781,3.435167,0 -76.346320,3.434267,0 -76.346411,3.434139,0 -76.346636,3.433780,0 -76.347025,3.433159,0 -76.347398,3.432552,0 -76.347815,3.431875,0 -76.347947,3.431660,0 -76.348876,3.430270,0 -76.349238,3.429697,0 -76.349573,3.429180,0 -76.349675,3.429009,0 -76.349762,3.428841,0 -76.349828,3.428693,0 -76.349904,3.428491,0 -76.349966,3.428281,0 -76.350016,3.428049,0 -76.350049,3.427807,0 -76.350063,3.427596,0 -76.350056,3.427281,0 -76.349967,3.426741,0 -76.349908,3.425975,0 -76.349879,3.425667,0 -76.349842,3.425240,0 -76.349745,3.424497,0 -76.349702,3.424093,0 -76.349675,3.423641,0 -76.349689,3.423199,0 -76.349777,3.422661,0 -76.349831,3.422486,0 -76.349952,3.422158,0 -76.350197,3.421576,0 -76.350248,3.421447,0 -76.350349,3.421245,0 -76.350435,3.421035,0 -76.350505,3.420820,0 -76.350558,3.420601,0 -76.350596,3.420378,0 -76.350617,3.420153,0 -76.350621,3.419927,0 -76.350609,3.419701,0 -76.350580,3.419477,0 -76.350534,3.419256,0 -76.350472,3.419038,0 -76.350394,3.418826,0 -76.350346,3.418566,0 -76.350311,3.418318,0 -76.350300,3.418049,0 -76.350313,3.417833,0 -76.350338,3.417524,0 -76.350348,3.417284,0 -76.350343,3.417035,0 -76.350308,3.416780,0 -76.350265,3.416550,0 -76.350052,3.416064,0 -76.349898,3.415556,0 -76.349809,3.415127,0 -76.349798,3.414873,0 -76.349801,3.414695,0 -76.349834,3.414485,0 -76.349866,3.414306,0 -76.350018,3.413782,0 -76.350485,3.412251,0 -76.350882,3.411001,0 -76.351153,3.410198,0 -76.351385,3.409372,0 -76.351435,3.409047,0 -76.351459,3.408695,0 -76.351528,3.407487,0 -76.351603,3.406130,0 -76.351661,3.405700,0 -76.351737,3.405356,0 -76.351884,3.404767,0 -76.351976,3.404380,0 -76.352092,3.403822,0 -76.352162,3.403415,0 -76.352237,3.403048,0 -76.352292,3.402743,0 -76.352419,3.402221,0 -76.352603,3.401493,0 -76.352985,3.399956,0 -76.353339,3.398820,0 -76.353454,3.398407,0 -76.353507,3.398217,0 -76.353639,3.397681,0 -76.353785,3.397124,0 -76.353829,3.396957,0 -76.353869,3.396723,0 -76.353932,3.396325,0 -76.353959,3.396130,0 -76.353985,3.395816,0 -76.353992,3.395706,0 -76.353998,3.395597,0 -76.354002,3.395464,0 -76.354009,3.395143,0 -76.354001,3.394798,0 -76.353980,3.394454,0 -76.353940,3.393924,0 -76.353836,3.393297,0 -76.353597,3.392486,0 -76.353557,3.392147,0 -76.353539,3.391995,0 -76.353488,3.391552,0 -76.353367,3.390516,0 -76.353311,3.390038,0 -76.353244,3.389467,0 -76.353192,3.388938,0 -76.353047,3.387476,0 -76.352889,3.386102,0 -76.352850,3.385803,0 -76.352764,3.385005,0 -76.352712,3.384538,0 -76.352631,3.383877,0 -76.352583,3.383440,0 -76.352553,3.383108,0 -76.352516,3.382769,0 -76.352489,3.382448,0 -76.352492,3.381816,0 -76.352505,3.381023,0 -76.352502,3.380340,0 -76.352504,3.380021,0 -76.352518,3.379458,0 -76.352526,3.379089,0 -76.352521,3.378677,0 -76.352516,3.377806,0 -76.352505,3.377161,0 -76.352502,3.376687,0 -76.352518,3.376040,0 -76.352526,3.375300,0 -76.352529,3.374738,0 -76.352540,3.373269,0 -76.352540,3.372779,0 -76.352542,3.371827,0 -76.352545,3.371576,0 -76.352567,3.371221,0 -76.352580,3.370977,0 -76.352580,3.370722,0 -76.352569,3.370152,0 -76.352569,3.369673,0 -76.352577,3.368901,0 -76.352588,3.368329,0 -76.352587,3.368056,0 -76.352585,3.367815,0 -76.352583,3.367461,0 -76.352599,3.367144,0 -76.352639,3.366748,0 -76.352676,3.366311,0 -76.352762,3.365673,0 -76.352918,3.364444,0 -76.353125,3.362821,0 -76.353216,3.362118,0 -76.353236,3.361962,0 -76.353269,3.361705,0 -76.353366,3.360841,0 -76.353503,3.359711,0 -76.353664,3.358422,0 -76.353822,3.357139,0 -76.353948,3.356058,0 -76.354018,3.355519,0 -76.354077,3.355086,0 -76.354144,3.354426,0 -76.354197,3.353966,0 -76.354310,3.353085,0 -76.354460,3.351866,0 -76.354684,3.350088,0 -76.354699,3.349941,0 -76.354785,3.349247,0 -76.354825,3.348849,0 -76.354846,3.348571,0 -76.354855,3.348338,0 -76.354857,3.348113,0 -76.354852,3.347866,0 -76.354836,3.347628,0 -76.354801,3.347398,0 -76.354755,3.347177,0 -76.354691,3.346924,0 -76.354570,3.346591,0 -76.354441,3.346272,0 -76.354038,3.345365,0 -76.353894,3.345043,0 -76.353304,3.343747,0 -76.352964,3.342984,0 -76.352795,3.342596,0 -76.352650,3.342260,0 -76.352561,3.342032,0 -76.352523,3.341874,0 -76.352439,3.341467,0 -76.352345,3.341028,0 -76.352249,3.340507,0 -76.352048,3.339249,0 -76.351858,3.338104,0 -76.351793,3.337669,0 -76.351687,3.337037,0 -76.351605,3.336538,0 -76.351388,3.335234,0 -76.351281,3.334634,0 -76.351179,3.334023,0 -76.351138,3.333757,0 -76.351112,3.333445,0 -76.351104,3.333231,0 -76.351109,3.332940,0 -76.351114,3.332834,0 -76.351125,3.332673,0 -76.351148,3.332480,0 -76.351154,3.332426,0 -76.351205,3.332141,0 -76.351272,3.331873,0 -76.351348,3.331642,0 -76.351594,3.330935,0 -76.351898,3.330182,0 -76.352128,3.329517,0 -76.352235,3.329223,0 -76.352317,3.329006,0 -76.352378,3.328848,0 -76.352428,3.328707,0 -76.352461,3.328579,0 -76.352490,3.328439,0 -76.352516,3.328237,0 -76.352532,3.327925,0 -76.352548,3.327606,0 -76.352564,3.327251,0 -76.352567,3.326979,0 -76.352577,3.326776,0 -76.352585,3.326528,0 -76.352596,3.326219,0 -76.352607,3.325937,0 -76.352612,3.325722,0 -76.352615,3.325508,0 -76.352623,3.325335,0 -76.352608,3.325149,0 -76.352577,3.324981,0 -76.352533,3.324781,0 -76.352459,3.324597,0 -76.352388,3.324404,0 -76.352284,3.324224,0 -76.352172,3.324033,0 -76.352027,3.323845,0 -76.351840,3.323653,0 -76.351647,3.323483,0 -76.351327,3.323244,0 -76.351393,3.323055,0 -76.351457,3.322911,0 -76.351525,3.322780,0 -76.351600,3.322654,0 -76.351762,3.322563,0 -76.352062,3.322426,0 -76.352424,3.322260,0 -76.352655,3.322169,0 -76.352907,3.322090,0 -76.353154,3.322038,0 -76.353366,3.322011,0 -76.353654,3.321976,0 -76.354026,3.321950,0 -76.354581,3.321933,0 -76.354994,3.321899,0 -76.355144,3.321845,0 -76.355254,3.321754,0 -76.355713,3.321269,0 -76.356469,3.320431,0 -76.356579,3.320284,0 -76.356603,3.320206,0 -76.356638,3.319839,0 -76.356705,3.319392,0 -76.356869,3.318766,0 -76.357027,3.318404,0 -76.357175,3.318134,0 -76.357486,3.317684,0 -76.358156,3.316779,0 -76.359044,3.315567,0 -76.359319,3.315254,0 -76.359420,3.315198,0 -76.359568,3.315172,0 -76.359932,3.315170,0 -76.360124,3.315163,0 -76.360258,3.315141,0 -76.360350,3.315105,0 -76.360401,3.315017,0 -76.360452,3.314784,0 -76.360483,3.314372,0 -76.360508,3.314045,0 -76.360545,3.313558,0 -76.360868,3.310516,0 -76.360878,3.310433,0 -76.360885,3.310368,0 -76.360872,3.310250,0 -76.359802,3.305995,0 -76.359548,3.304983,0 -76.359479,3.304542,0 -76.359559,3.302989,0 -76.359712,3.300053,0 -76.359720,3.299910,0 -76.359942,3.295628,0 -76.355305,3.294511,0 -76.354830,3.294417,0 -76.354401,3.294357,0 -76.352362,3.293719,0 -76.350846,3.293300,0 -76.349122,3.292843,0 -76.347621,3.292457,0 -76.347418,3.292391,0 -76.347243,3.292306,0 -76.347334,3.292170,0 -76.347544,3.291870,0 -76.348026,3.291180,0 -76.347593,3.290595,0 -76.343020,3.284860,0 -76.342967,3.284804,0 -76.342760,3.284624,0 -76.342616,3.284528,0 -76.342474,3.284459,0 -76.342301,3.284400,0 -76.342066,3.284335,0 -76.341946,3.284330,0 -76.341817,3.284330,0 -76.339884,3.284322,0 -76.339035,3.284440,0 -76.338789,3.284428,0 -76.338547,3.284415,0 -76.337946,3.284225,0 -76.337805,3.284226,0 -76.337664,3.284255,0 -76.336739,3.284648,0 -76.336543,3.284689,0 -76.336335,3.284650,0 -76.335957,3.284505,0 -76.335736,3.284437,0 -76.335581,3.284438,0 -76.335508,3.284496,0 -76.335459,3.284562,0 -76.335345,3.285021,0 -76.335229,3.285479,0 -76.335087,3.285907,0 -76.334956,3.286056,0 -76.334818,3.286100,0 -76.334635,3.286069,0 -76.334318,3.285827,0 -76.334036,3.285637,0 -76.333969,3.285592,0 -76.333382,3.285431,0 -76.332651,3.285332,0 -76.331991,3.285023,0 -76.331688,3.284900,0 -76.331385,3.284844,0 -76.331290,3.284853,0 -76.331138,3.284903,0 -76.330851,3.285224,0 -76.330774,3.285262,0 -76.330603,3.285272,0 -76.328625,3.284796,0 -76.326758,3.284287,0 -76.326587,3.284241,0 -76.326029,3.284108,0 -76.325584,3.283976,0 -76.325184,3.283800,0 -76.324433,3.283312,0 -76.324116,3.283123,0 -76.323201,3.282513,0 -76.322727,3.282337,0 -76.322334,3.282251,0 -76.321043,3.282198,0 -76.320644,3.282187,0 -76.320320,3.282208,0 -76.320029,3.281974,0 -76.319967,3.281731,0 -76.319958,3.281672,0 -76.319935,3.281520,0 -76.319771,3.280411,0 -76.319820,3.280363,0 -76.319859,3.280303,0 -76.319868,3.280249,0 -76.319851,3.280118,0 -76.319839,3.280051,0 -76.319827,3.279989,0 -76.319851,3.279960,0 -76.320123,3.279908,0 -76.320524,3.279842,0 -76.320639,3.279823,0 -76.321061,3.279765,0 -76.321244,3.279692,0 -76.322491,3.279421,0 -76.323259,3.279301,0 -76.323739,3.279226,0 -76.324046,3.279142,0 -76.324525,3.278892,0 -76.324967,3.278516,0 -76.325036,3.278411,0 -76.325172,3.278205,0 -76.325574,3.277361,0 -76.326088,3.276281,0 -76.326862,3.274655,0 -76.328835,3.270500,0 -76.329294,3.269618,0 -76.329316,3.269576,0 -76.329367,3.269482,0 -76.329408,3.269394,0 -76.330493,3.267105,0 -76.330771,3.267269,0 -76.331629,3.267677,0 -76.331885,3.267793,0 -76.331930,3.267813,0 -76.332484,3.268085,0 -76.333568,3.268618,0 -76.333935,3.268799,0</coordinates></LineString></Placemark><Placemark><name>Ruta día 15</name><styleUrl>#dia15</styleUrl><ExtendedData><Data name="INGENIO"><value>Incauca</value></Data><Data name="DIA"><value>15</value></Data><Data name="PUNTOS"><value>INC-009, INC-037</value></Data><Data name="N_PUNTOS"><value>2</value></Data><Data name="KM"><value>116.3</value></Data><Data name="HORAS_TOTALES"><value>6.85</value></Data><Data name="REGRESO"><value>13:21</value></Data><Data name="PEAJES"><value>1</value></Data><Data name="COSTO_COP"><value>545207</value></Data></ExtendedData><LineString><tessellate>1</tessellate><coordinates>-76.333935,3.268799,0 -76.333568,3.268618,0 -76.332484,3.268085,0 -76.331930,3.267813,0 -76.331885,3.267793,0 -76.331629,3.267677,0 -76.330771,3.267269,0 -76.330493,3.267105,0 -76.329408,3.269394,0 -76.329367,3.269482,0 -76.329316,3.269576,0 -76.329294,3.269618,0 -76.328835,3.270500,0 -76.326862,3.274655,0 -76.326088,3.276281,0 -76.325574,3.277361,0 -76.325172,3.278205,0 -76.325036,3.278411,0 -76.324967,3.278516,0 -76.324525,3.278892,0 -76.324046,3.279142,0 -76.323739,3.279226,0 -76.323259,3.279301,0 -76.322491,3.279421,0 -76.321244,3.279692,0 -76.320817,3.279685,0 -76.320254,3.279774,0 -76.320160,3.279787,0 -76.319853,3.279853,0 -76.319845,3.279839,0 -76.319825,3.279818,0 -76.319800,3.279802,0 -76.319767,3.279793,0 -76.319734,3.279794,0 -76.319702,3.279805,0 -76.319674,3.279825,0 -76.319654,3.279852,0 -76.319644,3.279879,0 -76.319641,3.279907,0 -76.319646,3.279935,0 -76.319657,3.279962,0 -76.319678,3.279987,0 -76.319705,3.280005,0 -76.319736,3.280015,0 -76.319769,3.280015,0 -76.319800,3.280006,0 -76.319827,3.279989,0 -76.319839,3.280051,0 -76.319851,3.280118,0 -76.319868,3.280249,0 -76.319859,3.280303,0 -76.319820,3.280363,0 -76.319771,3.280411,0 -76.319935,3.281520,0 -76.319958,3.281672,0 -76.319967,3.281731,0 -76.320029,3.281974,0 -76.319860,3.282288,0 -76.319357,3.282381,0 -76.319230,3.282423,0 -76.317737,3.282920,0 -76.313531,3.284463,0 -76.310189,3.285635,0 -76.307421,3.286669,0 -76.306856,3.286667,0 -76.306374,3.286548,0 -76.306103,3.286501,0 -76.304228,3.286708,0 -76.303033,3.286845,0 -76.302899,3.286878,0 -76.302774,3.286933,0 -76.302392,3.287140,0 -76.302187,3.287235,0 -76.302111,3.287257,0 -76.301835,3.287262,0 -76.301379,3.287227,0 -76.300579,3.287184,0 -76.300272,3.287182,0 -76.299797,3.287218,0 -76.299534,3.287239,0 -76.299402,3.287254,0 -76.299044,3.287303,0 -76.298979,3.287314,0 -76.298770,3.287352,0 -76.298469,3.287417,0 -76.298328,3.287452,0 -76.297900,3.287575,0 -76.297523,3.287705,0 -76.297158,3.287830,0 -76.296777,3.287984,0 -76.295188,3.288826,0 -76.295027,3.288894,0 -76.294882,3.288945,0 -76.294765,3.288978,0 -76.294623,3.289010,0 -76.293712,3.289068,0 -76.293188,3.289069,0 -76.293004,3.289060,0 -76.292837,3.289020,0 -76.292202,3.288838,0 -76.291749,3.288736,0 -76.290987,3.288669,0 -76.288720,3.288511,0 -76.288505,3.288479,0 -76.288316,3.288438,0 -76.287946,3.288314,0 -76.286962,3.287776,0 -76.285917,3.287224,0 -76.285285,3.286902,0 -76.285096,3.286835,0 -76.284856,3.286756,0 -76.284533,3.286707,0 -76.283736,3.286569,0 -76.283128,3.286457,0 -76.282683,3.286376,0 -76.281795,3.286167,0 -76.280754,3.285936,0 -76.279260,3.285607,0 -76.277739,3.285242,0 -76.276961,3.285055,0 -76.276750,3.285031,0 -76.276575,3.285024,0 -76.276366,3.285062,0 -76.274427,3.286637,0 -76.273012,3.287803,0 -76.272183,3.288439,0 -76.271140,3.289126,0 -76.270807,3.289426,0 -76.270649,3.289618,0 -76.270585,3.289739,0 -76.270419,3.290071,0 -76.270062,3.290866,0 -76.269893,3.291268,0 -76.269590,3.292098,0 -76.269536,3.292280,0 -76.269461,3.292461,0 -76.269300,3.292651,0 -76.269108,3.292779,0 -76.268898,3.292898,0 -76.267927,3.293376,0 -76.267832,3.293426,0 -76.267591,3.293572,0 -76.267556,3.293594,0 -76.267222,3.293769,0 -76.266949,3.293877,0 -76.266498,3.293964,0 -76.266159,3.294012,0 -76.265347,3.294107,0 -76.264455,3.294188,0 -76.263874,3.294245,0 -76.263374,3.294273,0 -76.262816,3.294301,0 -76.262471,3.294325,0 -76.262143,3.294366,0 -76.261120,3.294547,0 -76.259899,3.294781,0 -76.258490,3.295017,0 -76.257790,3.295151,0 -76.257145,3.295266,0 -76.256577,3.295355,0 -76.256037,3.295425,0 -76.255762,3.295467,0 -76.255564,3.295505,0 -76.255399,3.295563,0 -76.255321,3.295615,0 -76.255257,3.295688,0 -76.255131,3.295876,0 -76.254763,3.296716,0 -76.254453,3.297375,0 -76.254292,3.297643,0 -76.254175,3.297785,0 -76.253848,3.298186,0 -76.253020,3.299199,0 -76.252942,3.299296,0 -76.252339,3.299914,0 -76.250526,3.301777,0 -76.249939,3.302396,0 -76.248757,3.303666,0 -76.247587,3.304937,0 -76.245224,3.307471,0 -76.244627,3.308093,0 -76.243592,3.309242,0 -76.242900,3.310000,0 -76.242006,3.310970,0 -76.241648,3.311354,0 -76.241265,3.311757,0 -76.240709,3.312379,0 -76.239841,3.313557,0 -76.239236,3.314424,0 -76.239204,3.314470,0 -76.238865,3.314965,0 -76.238418,3.315580,0 -76.238096,3.316014,0 -76.237346,3.317004,0 -76.237453,3.317354,0 -76.237563,3.317973,0 -76.237591,3.318700,0 -76.237604,3.318911,0 -76.237451,3.319077,0 -76.237231,3.319164,0 -76.236972,3.319119,0 -76.236832,3.319117,0 -76.236724,3.319205,0 -76.236137,3.320145,0 -76.235245,3.319711,0 -76.234896,3.319541,0 -76.234509,3.319353,0 -76.234098,3.319153,0 -76.233685,3.318952,0 -76.233562,3.319211,0 -76.233442,3.319444,0 -76.233310,3.319743,0 -76.232945,3.320471,0 -76.232601,3.321265,0 -76.232246,3.321972,0 -76.231890,3.322693,0 -76.231437,3.323567,0 -76.231200,3.324054,0 -76.230985,3.324486,0 -76.230706,3.325052,0 -76.230442,3.325605,0 -76.230235,3.326049,0 -76.230061,3.326029,0 -76.229950,3.326020,0 -76.229906,3.326030,0 -76.229863,3.326050,0 -76.229827,3.326073,0 -76.229775,3.326114,0 -76.229636,3.326221,0 -76.229554,3.326337,0 -76.229501,3.326453,0 -76.229425,3.326653,0 -76.229215,3.327493,0 -76.229118,3.328009,0 -76.229090,3.328164,0 -76.229052,3.328318,0 -76.228959,3.328771,0 -76.228832,3.329369,0 -76.228768,3.329658,0 -76.228761,3.329794,0 -76.228728,3.330056,0 -76.228704,3.330471,0 -76.228699,3.330748,0 -76.228640,3.330953,0 -76.228525,3.331130,0 -76.228236,3.331371,0 -76.227850,3.331736,0 -76.227568,3.331989,0 -76.226762,3.332507,0 -76.226362,3.332794,0 -76.225606,3.333500,0 -76.224796,3.334293,0 -76.224466,3.334616,0 -76.224293,3.334733,0 -76.224268,3.334810,0 -76.224272,3.335040,0 -76.224427,3.336421,0 -76.224473,3.336612,0 -76.225089,3.337352,0 -76.225126,3.337491,0 -76.225127,3.337650,0 -76.225072,3.337942,0 -76.224993,3.338457,0 -76.224935,3.338667,0 -76.224791,3.339507,0 -76.224742,3.339807,0 -76.224610,3.340628,0 -76.224529,3.341447,0 -76.224345,3.343440,0 -76.224338,3.343640,0 -76.224407,3.344107,0 -76.224427,3.344378,0 -76.224435,3.344536,0 -76.224373,3.344640,0 -76.224132,3.344790,0 -76.223692,3.345125,0 -76.223171,3.345484,0 -76.222860,3.345711,0 -76.222343,3.346091,0 -76.221911,3.346413,0 -76.221629,3.346597,0 -76.221294,3.346721,0 -76.221015,3.346809,0 -76.220811,3.346897,0 -76.220701,3.346988,0 -76.220578,3.347152,0 -76.220465,3.347336,0 -76.220299,3.347524,0 -76.219990,3.347778,0 -76.219655,3.348043,0 -76.218982,3.348483,0 -76.218507,3.348817,0 -76.218368,3.349013,0 -76.218105,3.349259,0 -76.217866,3.349476,0 -76.217684,3.349570,0 -76.217418,3.349720,0 -76.216895,3.349985,0 -76.215988,3.350501,0 -76.215015,3.351045,0 -76.214494,3.351334,0 -76.213631,3.351835,0 -76.212805,3.352274,0 -76.212402,3.352526,0 -76.211984,3.352785,0 -76.211552,3.353016,0 -76.210643,3.353541,0 -76.210291,3.353790,0 -76.210061,3.353929,0 -76.209838,3.354012,0 -76.209487,3.354202,0 -76.208846,3.354569,0 -76.208720,3.354654,0 -76.208634,3.354692,0 -76.208572,3.354692,0 -76.208510,3.354657,0 -76.208489,3.354577,0 -76.208476,3.354451,0 -76.208427,3.354325,0 -76.208376,3.354218,0 -76.208315,3.354151,0 -76.208219,3.354107,0 -76.208035,3.353946,0 -76.207827,3.353959,0 -76.207616,3.353981,0 -76.207423,3.354042,0 -76.207315,3.354051,0 -76.206906,3.354037,0 -76.206788,3.354092,0 -76.206442,3.354269,0 -76.206325,3.354409,0 -76.206125,3.354586,0 -76.205822,3.354793,0 -76.205747,3.354821,0 -76.205668,3.354807,0 -76.205583,3.354758,0 -76.204999,3.354382,0 -76.204860,3.354365,0 -76.204784,3.354398,0 -76.204714,3.354509,0 -76.204706,3.354582,0 -76.204711,3.354659,0 -76.204780,3.354862,0 -76.204789,3.354957,0 -76.204769,3.354990,0 -76.204698,3.355024,0 -76.204534,3.355015,0 -76.203823,3.354848,0 -76.203422,3.354661,0 -76.202979,3.354482,0 -76.202707,3.354408,0 -76.202299,3.354245,0 -76.202194,3.354325,0 -76.202062,3.354427,0 -76.201998,3.354510,0 -76.201890,3.354929,0 -76.201822,3.354946,0 -76.201406,3.354920,0 -76.201121,3.355036,0 -76.200907,3.355050,0 -76.200431,3.355019,0 -76.200301,3.355047,0 -76.200159,3.355108,0 -76.200110,3.355152,0 -76.200085,3.355221,0 -76.200094,3.355254,0 -76.200120,3.355351,0 -76.200450,3.355528,0 -76.200629,3.355655,0 -76.200692,3.355764,0 -76.200744,3.355982,0 -76.201005,3.356113,0 -76.201545,3.356280,0 -76.201886,3.356338,0 -76.202160,3.356355,0 -76.202280,3.356393,0 -76.202564,3.356590,0 -76.202957,3.356859,0 -76.203574,3.357185,0 -76.203699,3.357223,0 -76.203877,3.357228,0 -76.204353,3.357205,0 -76.205054,3.357429,0 -76.205693,3.357686,0 -76.206263,3.358109,0 -76.206375,3.358226,0 -76.206405,3.358328,0 -76.206370,3.358430,0 -76.205573,3.359343,0 -76.205563,3.359439,0 -76.205858,3.360034,0 -76.206016,3.360119,0 -76.206094,3.360133,0 -76.206177,3.360101,0 -76.206569,3.359715,0 -76.206915,3.359528,0 -76.207030,3.359520,0 -76.208076,3.360044,0 -76.211461,3.363049,0 -76.211547,3.363241,0 -76.211913,3.365176,0 -76.212384,3.367670,0 -76.212502,3.367858,0 -76.214237,3.370409,0 -76.214401,3.370519,0 -76.222808,3.374484,0 -76.224121,3.375103,0 -76.224476,3.375179,0 -76.224877,3.375264,0 -76.225387,3.375275,0 -76.225490,3.375256,0 -76.225564,3.375183,0 -76.225725,3.374835,0 -76.225897,3.374691,0 -76.226774,3.374693,0 -76.226889,3.375060,0 -76.227098,3.375738,0 -76.227205,3.376019,0 -76.227420,3.376490,0 -76.227530,3.376783,0 -76.227596,3.377108,0 -76.227616,3.377203,0 -76.227626,3.378221,0 -76.227626,3.378604,0 -76.227629,3.378707,0 -76.227643,3.379280,0 -76.227678,3.379676,0 -76.227753,3.379900,0 -76.227857,3.380216,0 -76.228856,3.384089,0 -76.229134,3.385379,0 -76.229282,3.386580,0 -76.230078,3.390242,0 -76.230204,3.390499,0 -76.234459,3.394551,0 -76.234510,3.394621,0 -76.235520,3.396185,0 -76.235767,3.396394,0 -76.236704,3.396933,0 -76.237599,3.397495,0 -76.238055,3.397801,0 -76.238632,3.398082,0 -76.238460,3.401123,0 -76.238399,3.402205,0 -76.238272,3.404468,0 -76.238227,3.405277,0 -76.238221,3.405381,0 -76.238110,3.407064,0 -76.237978,3.409293,0 -76.237859,3.411287,0 -76.237794,3.412167,0 -76.237793,3.412198,0 -76.237780,3.412414,0 -76.237751,3.412498,0 -76.237700,3.412597,0 -76.237633,3.412685,0 -76.237569,3.412743,0 -76.236882,3.413230,0 -76.236536,3.413475,0 -76.236719,3.413691,0 -76.237104,3.414146,0 -76.237350,3.414438,0 -76.237668,3.414814,0 -76.238056,3.415273,0 -76.238465,3.415757,0 -76.239028,3.416423,0 -76.239576,3.417072,0 -76.240081,3.417669,0 -76.240638,3.418328,0 -76.240894,3.418631,0 -76.241230,3.419028,0 -76.241785,3.419685,0 -76.242372,3.420386,0 -76.242905,3.421050,0 -76.243477,3.421740,0 -76.244059,3.422455,0 -76.244641,3.423151,0 -76.245152,3.423806,0 -76.245507,3.424256,0 -76.245812,3.424661,0 -76.246331,3.425263,0 -76.246354,3.425295,0 -76.246401,3.425387,0 -76.246453,3.425534,0 -76.246325,3.426402,0 -76.246214,3.427238,0 -76.246175,3.427505,0 -76.246072,3.428206,0 -76.246048,3.428366,0 -76.246034,3.428460,0 -76.245981,3.429051,0 -76.245767,3.430515,0 -76.245702,3.430963,0 -76.245660,3.431334,0 -76.245499,3.432484,0 -76.245056,3.435821,0 -76.245023,3.436066,0 -76.244595,3.439294,0 -76.243752,3.445423,0 -76.243376,3.448153,0 -76.242399,3.455576,0 -76.241953,3.458958,0 -76.241591,3.461294,0 -76.241495,3.461913,0 -76.241450,3.462189,0 -76.241078,3.465156,0 -76.240073,3.472124,0 -76.239955,3.472954,0 -76.239379,3.477063,0 -76.239250,3.477967,0 -76.238685,3.481925,0 -76.238666,3.482040,0 -76.238629,3.482446,0 -76.238630,3.483125,0 -76.238709,3.484441,0 -76.238742,3.484768,0 -76.239083,3.488363,0 -76.239201,3.489385,0 -76.239310,3.490161,0 -76.239428,3.491242,0 -76.239430,3.491415,0 -76.239433,3.491751,0 -76.239401,3.492062,0 -76.239298,3.492561,0 -76.239026,3.493754,0 -76.238911,3.494255,0 -76.238726,3.495069,0 -76.238548,3.495849,0 -76.238431,3.496358,0 -76.238417,3.496419,0 -76.237989,3.498241,0 -76.237887,3.498680,0 -76.237853,3.498932,0 -76.237856,3.498979,0 -76.237884,3.499427,0 -76.237936,3.499709,0 -76.237950,3.499760,0 -76.237995,3.499930,0 -76.238143,3.500228,0 -76.238736,3.501277,0 -76.238987,3.501707,0 -76.239106,3.501920,0 -76.239311,3.502278,0 -76.239619,3.502818,0 -76.239813,3.503128,0 -76.240069,3.503409,0 -76.240312,3.503631,0 -76.240595,3.503822,0 -76.240881,3.504012,0 -76.241326,3.504183,0 -76.245243,3.505462,0 -76.249214,3.506717,0 -76.249795,3.506819,0 -76.250094,3.506862,0 -76.251491,3.507007,0 -76.251581,3.507019,0 -76.252458,3.507093,0 -76.252739,3.507123,0 -76.255323,3.507377,0 -76.256703,3.507517,0 -76.257180,3.507593,0 -76.257641,3.507706,0 -76.258657,3.508136,0 -76.260327,3.508877,0 -76.265310,3.511007,0 -76.266794,3.511644,0 -76.267320,3.511865,0 -76.267777,3.512114,0 -76.268177,3.512362,0 -76.271355,3.514329,0 -76.271939,3.514790,0 -76.272276,3.515133,0 -76.272919,3.515764,0 -76.273464,3.516346,0 -76.274058,3.516949,0 -76.274469,3.517367,0 -76.275503,3.518433,0 -76.275878,3.518800,0 -76.276123,3.519049,0 -76.276446,3.519377,0 -76.277746,3.520700,0 -76.277881,3.520837,0 -76.278064,3.521090,0 -76.278203,3.521351,0 -76.278406,3.521769,0 -76.278475,3.521966,0 -76.278509,3.522085,0 -76.278559,3.522420,0 -76.278564,3.522757,0 -76.278538,3.523092,0 -76.278479,3.523420,0 -76.278091,3.525068,0 -76.279228,3.525244,0 -76.280766,3.525499,0 -76.281283,3.525583,0 -76.282464,3.525778,0 -76.283347,3.525919,0 -76.284016,3.526017,0 -76.284236,3.526049,0 -76.284760,3.526126,0 -76.285434,3.526222,0 -76.286075,3.526288,0 -76.287010,3.526431,0 -76.287172,3.526456,0 -76.287698,3.526502,0 -76.288670,3.526603,0 -76.289471,3.526727,0 -76.290361,3.526856,0 -76.290432,3.526865,0 -76.291190,3.526949,0 -76.292060,3.527066,0 -76.292879,3.527175,0 -76.293755,3.527293,0 -76.294606,3.527409,0 -76.295446,3.527521,0 -76.295719,3.527560,0 -76.296276,3.527636,0 -76.297091,3.527747,0 -76.297928,3.527861,0 -76.298804,3.527967,0 -76.299227,3.528025,0 -76.299648,3.528081,0 -76.300107,3.528140,0 -76.300358,3.528172,0 -76.300585,3.528201,0 -76.301467,3.528370,0 -76.302013,3.528457,0 -76.302380,3.528505,0 -76.302747,3.528555,0 -76.303249,3.528624,0 -76.304351,3.528774,0 -76.304446,3.528806,0 -76.304535,3.528828,0 -76.304645,3.528837,0 -76.305304,3.528930,0 -76.305739,3.528995,0 -76.306015,3.529032,0 -76.306406,3.529086,0 -76.306526,3.529103,0 -76.306577,3.529110,0 -76.306704,3.529128,0 -76.306896,3.529152,0 -76.307211,3.529176,0 -76.307872,3.529269,0 -76.308497,3.529357,0 -76.309158,3.529449,0 -76.309974,3.529564,0 -76.310773,3.529676,0 -76.310922,3.529705,0 -76.311411,3.529765,0 -76.312321,3.529887,0 -76.313316,3.530004,0 -76.313686,3.530019,0 -76.313694,3.530019,0 -76.313970,3.530003,0 -76.314304,3.529964,0 -76.314572,3.529932,0 -76.314838,3.529884,0 -76.314919,3.529867,0 -76.315051,3.529839,0 -76.316238,3.529574,0 -76.317340,3.529336,0 -76.317652,3.529260,0 -76.318426,3.529064,0 -76.318431,3.529063,0 -76.318769,3.528996,0 -76.321564,3.528390,0 -76.322531,3.528168,0 -76.323849,3.527853,0 -76.324330,3.527814,0 -76.324812,3.527820,0 -76.325288,3.527895,0 -76.325749,3.528036,0 -76.326080,3.528158,0 -76.326233,3.528207,0 -76.326393,3.528225,0 -76.326553,3.528212,0 -76.326707,3.528170,0 -76.326851,3.528098,0 -76.326978,3.528001,0 -76.327087,3.527881,0 -76.327176,3.527786,0 -76.327314,3.527538,0 -76.327473,3.527329,0 -76.327572,3.527225,0 -76.327758,3.527066,0 -76.327926,3.526953,0 -76.328082,3.526870,0 -76.328305,3.526780,0 -76.328750,3.526670,0 -76.328862,3.526597,0 -76.334769,3.525299,0 -76.336456,3.524924,0 -76.336855,3.524840,0 -76.338204,3.524508,0 -76.340615,3.524022,0 -76.341818,3.523785,0 -76.343190,3.523510,0 -76.343241,3.523500,0 -76.343319,3.523484,0 -76.343393,3.523469,0 -76.343454,3.523457,0 -76.344567,3.523235,0 -76.352704,3.521410,0 -76.354788,3.521085,0 -76.355537,3.520966,0 -76.356640,3.520793,0 -76.357476,3.520661,0 -76.358790,3.520390,0 -76.360235,3.520005,0 -76.361971,3.519615,0 -76.362245,3.519549,0 -76.362373,3.519510,0 -76.362611,3.519430,0 -76.362874,3.519351,0 -76.363792,3.519134,0 -76.364687,3.518911,0 -76.369659,3.517594,0 -76.372727,3.516852,0 -76.378758,3.515524,0 -76.380805,3.514942,0 -76.382453,3.514533,0 -76.383977,3.514193,0 -76.385016,3.513998,0 -76.386059,3.513847,0 -76.387361,3.513581,0 -76.390876,3.512781,0 -76.391791,3.512580,0 -76.391917,3.512557,0 -76.392573,3.512420,0 -76.393683,3.512225,0 -76.394117,3.512150,0 -76.394930,3.512019,0 -76.395520,3.511925,0 -76.395838,3.511879,0 -76.396641,3.511763,0 -76.396989,3.511709,0 -76.398179,3.511437,0 -76.398637,3.511336,0 -76.400168,3.510974,0 -76.400592,3.510850,0 -76.403118,3.509902,0 -76.403374,3.509821,0 -76.403846,3.509681,0 -76.404581,3.509524,0 -76.405706,3.509267,0 -76.408033,3.508733,0 -76.410649,3.508175,0 -76.410927,3.508116,0 -76.411236,3.508050,0 -76.414818,3.507336,0 -76.416334,3.506977,0 -76.418765,3.506436,0 -76.420918,3.505957,0 -76.424179,3.505278,0 -76.425383,3.505035,0 -76.426036,3.504908,0 -76.426236,3.504869,0 -76.426531,3.504813,0 -76.426771,3.504765,0 -76.427958,3.504536,0 -76.430673,3.504008,0 -76.430846,3.504026,0 -76.431602,3.503885,0 -76.431678,3.503877,0 -76.431788,3.503882,0 -76.431957,3.503912,0 -76.432094,3.503947,0 -76.432196,3.503987,0 -76.432295,3.504043,0 -76.432413,3.504145,0 -76.433019,3.504720,0 -76.433486,3.505183,0 -76.433545,3.505263,0 -76.433583,3.505349,0 -76.433606,3.505423,0 -76.433626,3.505537,0 -76.433623,3.505630,0 -76.433615,3.505748,0 -76.433602,3.505959,0 -76.433484,3.506319,0 -76.433389,3.506581,0 -76.433292,3.506788,0 -76.433160,3.507077,0 -76.432979,3.507465,0 -76.432916,3.507672,0 -76.432831,3.507799,0 -76.432747,3.507984,0 -76.432688,3.508155,0 -76.432618,3.508406,0 -76.432552,3.508668,0 -76.432461,3.509159,0 -76.432358,3.509761,0 -76.432282,3.510095,0 -76.432225,3.510317,0 -76.432110,3.510812,0 -76.432079,3.510912,0 -76.432054,3.511002,0 -76.431939,3.511348,0 -76.431849,3.511621,0 -76.431579,3.512497,0 -76.431342,3.513219,0 -76.431239,3.513520,0 -76.431055,3.514140,0 -76.430890,3.514666,0 -76.430765,3.515089,0 -76.430738,3.515177,0 -76.430606,3.515577,0 -76.430537,3.515823,0 -76.430475,3.515984,0 -76.430365,3.516293,0 -76.430219,3.516655,0 -76.430000,3.517152,0 -76.429802,3.517596,0 -76.429687,3.517877,0 -76.429612,3.518095,0 -76.429563,3.518226,0 -76.429439,3.518599,0 -76.429146,3.519586,0 -76.428887,3.520400,0 -76.428698,3.521028,0 -76.428478,3.521745,0 -76.428306,3.522312,0 -76.428189,3.522679,0 -76.428055,3.523116,0 -76.427974,3.523351,0 -76.427881,3.523630,0 -76.427782,3.523880,0 -76.427662,3.524162,0 -76.427517,3.524453,0 -76.427343,3.524852,0 -76.427168,3.525225,0 -76.427092,3.525445,0 -76.427019,3.525628,0 -76.426991,3.525713,0 -76.426979,3.525759,0 -76.426966,3.525805,0 -76.426949,3.525878,0 -76.426923,3.526006,0 -76.426919,3.526032,0 -76.426900,3.526175,0 -76.426853,3.526556,0 -76.426828,3.526944,0 -76.426767,3.527235,0 -76.426745,3.527475,0 -76.426735,3.527635,0 -76.426716,3.527848,0 -76.426679,3.528124,0 -76.426647,3.528323,0 -76.426606,3.528531,0 -76.426533,3.528807,0 -76.426457,3.529077,0 -76.426302,3.529576,0 -76.426144,3.530092,0 -76.425842,3.531061,0 -76.425600,3.531850,0 -76.425399,3.532468,0 -76.425289,3.532854,0 -76.425187,3.533207,0 -76.425120,3.533414,0 -76.425012,3.533731,0 -76.424901,3.534072,0 -76.424768,3.534487,0 -76.424621,3.534951,0 -76.424532,3.535255,0 -76.424446,3.535499,0 -76.424353,3.535821,0 -76.424265,3.536091,0 -76.424131,3.536511,0 -76.423881,3.537274,0 -76.423766,3.537628,0 -76.423688,3.537836,0 -76.423624,3.537973,0 -76.423551,3.538104,0 -76.423447,3.538275,0 -76.423232,3.538610,0 -76.422765,3.539368,0 -76.422468,3.539838,0 -76.422010,3.540550,0 -76.421702,3.541030,0 -76.421408,3.541509,0 -76.421169,3.541868,0 -76.420954,3.542229,0 -76.420848,3.542406,0 -76.420737,3.542579,0 -76.420477,3.542966,0 -76.420124,3.543541,0 -76.419916,3.543843,0 -76.419667,3.544225,0 -76.419378,3.544690,0 -76.418958,3.545359,0 -76.418828,3.545480,0 -76.418573,3.545878,0 -76.418476,3.545967,0 -76.418364,3.546052,0 -76.418254,3.546114,0 -76.418101,3.546165,0 -76.417956,3.546200,0 -76.417575,3.546256,0 -76.417236,3.546311,0 -76.416981,3.546372,0 -76.416647,3.546462,0 -76.416411,3.546532,0 -76.416269,3.546569,0 -76.416172,3.546583,0 -76.416057,3.546583,0 -76.415934,3.546558,0 -76.415834,3.546521,0 -76.415768,3.546482,0 -76.415683,3.546392,0 -76.415380,3.546050,0 -76.415282,3.546012,0 -76.415028,3.545714,0 -76.414525,3.545121,0 -76.414424,3.545008,0 -76.413882,3.544366,0 -76.413738,3.544176,0 -76.413449,3.543845,0 -76.413313,3.543691,0 -76.413126,3.543476,0 -76.412769,3.543080,0 -76.412319,3.542569,0 -76.411666,3.541821,0 -76.411287,3.541406,0 -76.411226,3.541331,0 -76.410922,3.540986,0 -76.410452,3.540451,0 -76.410418,3.540408,0 -76.410175,3.540116,0 -76.409942,3.539818,0 -76.409685,3.539506,0 -76.409456,3.539246,0 -76.409198,3.538990,0 -76.409161,3.538962,0 -76.408957,3.538775,0 -76.408713,3.538585,0 -76.408395,3.538352,0 -76.407672,3.537869,0 -76.407478,3.537758,0 -76.407225,3.537616,0 -76.406949,3.537471,0 -76.406681,3.537329,0 -76.406370,3.537195,0 -76.406000,3.537077,0 -76.405831,3.537030,0 -76.405656,3.536981,0 -76.405258,3.536894,0 -76.404441,3.536748,0 -76.404370,3.536736,0 -76.403146,3.536531,0 -76.403063,3.536516,0 -76.402352,3.536389,0 -76.401471,3.536244,0 -76.401134,3.536189,0 -76.400457,3.536072,0 -76.400033,3.536000,0 -76.399597,3.535929,0 -76.397336,3.535525,0 -76.395440,3.535190,0 -76.393959,3.534925,0 -76.393861,3.534908,0 -76.393122,3.534778,0 -76.392121,3.534603,0 -76.391409,3.534481,0 -76.391105,3.534431,0 -76.390729,3.534359,0 -76.390639,3.534332,0 -76.390536,3.534300,0 -76.390455,3.534262,0 -76.390361,3.534189,0 -76.390209,3.534094,0 -76.390158,3.534030,0 -76.390105,3.533705,0 -76.390096,3.533548,0 -76.390121,3.533388,0 -76.390199,3.533051,0 -76.390300,3.532407,0 -76.390376,3.531970,0 -76.390452,3.531575,0 -76.390667,3.530494,0 -76.390790,3.529821,0 -76.390885,3.529317,0 -76.390932,3.529067,0 -76.391039,3.528314,0 -76.391144,3.527644,0 -76.391233,3.527073,0 -76.391340,3.526585,0 -76.391451,3.525932,0 -76.391522,3.525604,0 -76.391610,3.525265,0 -76.391709,3.524950,0 -76.391836,3.524603,0 -76.391951,3.524330,0 -76.392078,3.524017,0 -76.392107,3.523953,0 -76.392270,3.523583,0 -76.392329,3.523417,0 -76.392369,3.523311,0 -76.392459,3.523060,0 -76.392511,3.522808,0 -76.392556,3.522576,0 -76.392579,3.522370,0 -76.392598,3.522224,0 -76.392626,3.521959,0 -76.392634,3.521866,0 -76.392708,3.521097,0 -76.392808,3.520670,0 -76.392852,3.520173,0 -76.392878,3.519839,0 -76.392903,3.519598,0 -76.392928,3.519369,0 -76.392967,3.519144,0 -76.393022,3.518886,0 -76.393119,3.518512,0 -76.393293,3.517813,0 -76.393589,3.516780,0 -76.393680,3.516405,0 -76.393837,3.515834,0 -76.394002,3.515198,0 -76.394151,3.514594,0 -76.394235,3.514254,0 -76.394457,3.513382,0 -76.394766,3.512229,0 -76.394909,3.511674,0 -76.394992,3.511359,0 -76.395038,3.511194,0 -76.395074,3.511097,0 -76.395155,3.510987,0 -76.395283,3.510875,0 -76.395455,3.510789,0 -76.395613,3.510752,0 -76.395766,3.510752,0 -76.395900,3.510776,0 -76.396021,3.510813,0 -76.396131,3.510872,0 -76.396193,3.510947,0 -76.396244,3.511033,0 -76.396267,3.511140,0 -76.396267,3.511239,0 -76.396243,3.511349,0 -76.396182,3.511461,0 -76.396142,3.511505,0 -76.396127,3.511515,0 -76.396064,3.511549,0 -76.395943,3.511584,0 -76.395887,3.511604,0 -76.395856,3.511625,0 -76.392701,3.512159,0 -76.391204,3.512468,0 -76.386620,3.513516,0 -76.384870,3.513786,0 -76.383275,3.514110,0 -76.383097,3.514147,0 -76.381167,3.514611,0 -76.380419,3.514809,0 -76.379311,3.515126,0 -76.379025,3.515203,0 -76.378721,3.515275,0 -76.378375,3.515336,0 -76.378005,3.515392,0 -76.377532,3.515469,0 -76.376646,3.515619,0 -76.370997,3.516887,0 -76.367881,3.517612,0 -76.365579,3.518200,0 -76.362414,3.518957,0 -76.361158,3.519226,0 -76.360326,3.519475,0 -76.359309,3.519839,0 -76.358629,3.520124,0 -76.358073,3.520315,0 -76.357594,3.520422,0 -76.357136,3.520503,0 -76.356607,3.520576,0 -76.356473,3.520587,0 -76.355722,3.520704,0 -76.355047,3.520701,0 -76.354734,3.520702,0 -76.354566,3.520718,0 -76.354242,3.520780,0 -76.351736,3.521364,0 -76.345592,3.522696,0 -76.344784,3.522871,0 -76.342764,3.523309,0 -76.341713,3.523537,0 -76.341277,3.523631,0 -76.340470,3.523795,0 -76.340304,3.523767,0 -76.339761,3.523897,0 -76.339587,3.523904,0 -76.339452,3.523867,0 -76.339346,3.523807,0 -76.339247,3.523712,0 -76.339173,3.523596,0 -76.339038,3.523293,0 -76.338944,3.523150,0 -76.338844,3.523055,0 -76.338713,3.522965,0 -76.338559,3.522904,0 -76.338367,3.522888,0 -76.338241,3.522860,0 -76.338037,3.522751,0 -76.337951,3.522663,0 -76.337889,3.522565,0 -76.337846,3.522446,0 -76.337830,3.522191,0 -76.337771,3.521948,0 -76.337816,3.520711,0 -76.337820,3.520577,0 -76.337879,3.518507,0 -76.337887,3.518287,0 -76.337924,3.517059,0 -76.337930,3.516691,0 -76.337944,3.515884,0 -76.337951,3.515413,0 -76.337814,3.514674,0 -76.337235,3.513373,0 -76.336854,3.512626,0 -76.336736,3.512398,0 -76.334483,3.507997,0 -76.334445,3.507922,0 -76.332761,3.504643,0 -76.332174,3.503367,0 -76.331914,3.502743,0 -76.331644,3.502114,0 -76.331183,3.500972,0 -76.330685,3.499850,0 -76.330228,3.498715,0 -76.329768,3.497577,0 -76.329500,3.496753,0 -76.329265,3.495922,0 -76.328785,3.494262,0 -76.328547,3.493426,0 -76.328287,3.492606,0 -76.328043,3.491776,0 -76.327740,3.490962,0 -76.327705,3.490866,0 -76.327660,3.490732,0 -76.327556,3.490365,0 -76.327493,3.489987,0 -76.327504,3.488713,0 -76.327550,3.488349,0 -76.327833,3.487163,0 -76.328022,3.486518,0 -76.328260,3.485786,0 -76.328757,3.484223,0 -76.328908,3.483794,0 -76.329052,3.483387,0 -76.329130,3.483186,0 -76.329213,3.482901,0 -76.329311,3.482258,0 -76.329572,3.480548,0 -76.329715,3.479319,0 -76.329899,3.477787,0 -76.330033,3.476593,0 -76.330189,3.474993,0 -76.330322,3.473587,0 -76.330356,3.473237,0 -76.330423,3.472521,0 -76.330456,3.472180,0 -76.330472,3.472010,0 -76.330485,3.471868,0 -76.330538,3.470990,0 -76.330594,3.470626,0 -76.330629,3.470411,0 -76.330672,3.470205,0 -76.330799,3.469773,0 -76.331310,3.468328,0 -76.331600,3.467010,0 -76.331683,3.466580,0 -76.331760,3.466307,0 -76.331830,3.466103,0 -76.331964,3.465780,0 -76.332096,3.465520,0 -76.332599,3.464823,0 -76.332735,3.464632,0 -76.333357,3.463764,0 -76.333708,3.463273,0 -76.333813,3.463127,0 -76.334062,3.462779,0 -76.334598,3.462031,0 -76.334621,3.461998,0 -76.334932,3.461603,0 -76.335001,3.461525,0 -76.335056,3.461467,0 -76.335194,3.461307,0 -76.335321,3.461139,0 -76.335382,3.461049,0 -76.335625,3.460598,0 -76.335790,3.460113,0 -76.336111,3.459582,0 -76.336178,3.459437,0 -76.336287,3.459158,0 -76.336340,3.458998,0 -76.336400,3.458778,0 -76.336488,3.458310,0 -76.336645,3.457930,0 -76.337060,3.456893,0 -76.337480,3.455845,0 -76.337631,3.455467,0 -76.338125,3.454234,0 -76.339873,3.449916,0 -76.340350,3.448677,0 -76.341518,3.445760,0 -76.341617,3.445512,0 -76.342390,3.443601,0 -76.342749,3.442715,0 -76.343039,3.441998,0 -76.343300,3.441353,0 -76.343471,3.440929,0 -76.343526,3.440793,0 -76.345569,3.435646,0 -76.345589,3.435600,0 -76.345781,3.435167,0 -76.346320,3.434267,0 -76.346411,3.434139,0 -76.346636,3.433780,0 -76.347025,3.433159,0 -76.347398,3.432552,0 -76.347815,3.431875,0 -76.347947,3.431660,0 -76.348876,3.430270,0 -76.349238,3.429697,0 -76.349573,3.429180,0 -76.349675,3.429009,0 -76.349762,3.428841,0 -76.349828,3.428693,0 -76.349904,3.428491,0 -76.349966,3.428281,0 -76.350016,3.428049,0 -76.350049,3.427807,0 -76.350063,3.427596,0 -76.350056,3.427281,0 -76.349967,3.426741,0 -76.349908,3.425975,0 -76.349879,3.425667,0 -76.349842,3.425240,0 -76.349745,3.424497,0 -76.349702,3.424093,0 -76.349675,3.423641,0 -76.349689,3.423199,0 -76.349777,3.422661,0 -76.349831,3.422486,0 -76.349952,3.422158,0 -76.350197,3.421576,0 -76.350248,3.421447,0 -76.350349,3.421245,0 -76.350435,3.421035,0 -76.350505,3.420820,0 -76.350558,3.420601,0 -76.350596,3.420378,0 -76.350617,3.420153,0 -76.350621,3.419927,0 -76.350609,3.419701,0 -76.350580,3.419477,0 -76.350534,3.419256,0 -76.350472,3.419038,0 -76.350394,3.418826,0 -76.350346,3.418566,0 -76.350311,3.418318,0 -76.350300,3.418049,0 -76.350313,3.417833,0 -76.350338,3.417524,0 -76.350348,3.417284,0 -76.350343,3.417035,0 -76.350308,3.416780,0 -76.350265,3.416550,0 -76.350052,3.416064,0 -76.349898,3.415556,0 -76.349809,3.415127,0 -76.349798,3.414873,0 -76.349801,3.414695,0 -76.349834,3.414485,0 -76.349866,3.414306,0 -76.350018,3.413782,0 -76.350485,3.412251,0 -76.350882,3.411001,0 -76.351153,3.410198,0 -76.351385,3.409372,0 -76.351435,3.409047,0 -76.351459,3.408695,0 -76.351528,3.407487,0 -76.351603,3.406130,0 -76.351661,3.405700,0 -76.351737,3.405356,0 -76.351884,3.404767,0 -76.351976,3.404380,0 -76.352092,3.403822,0 -76.352162,3.403415,0 -76.352237,3.403048,0 -76.352292,3.402743,0 -76.352419,3.402221,0 -76.352603,3.401493,0 -76.352985,3.399956,0 -76.353339,3.398820,0 -76.353454,3.398407,0 -76.353507,3.398217,0 -76.353639,3.397681,0 -76.353785,3.397124,0 -76.353829,3.396957,0 -76.353869,3.396723,0 -76.353932,3.396325,0 -76.353959,3.396130,0 -76.353985,3.395816,0 -76.353992,3.395706,0 -76.353998,3.395597,0 -76.354002,3.395464,0 -76.354009,3.395143,0 -76.354001,3.394798,0 -76.353980,3.394454,0 -76.353940,3.393924,0 -76.353836,3.393297,0 -76.353597,3.392486,0 -76.353557,3.392147,0 -76.353539,3.391995,0 -76.353488,3.391552,0 -76.353367,3.390516,0 -76.353311,3.390038,0 -76.353244,3.389467,0 -76.353192,3.388938,0 -76.353047,3.387476,0 -76.352889,3.386102,0 -76.352850,3.385803,0 -76.352764,3.385005,0 -76.352712,3.384538,0 -76.352631,3.383877,0 -76.352583,3.383440,0 -76.352553,3.383108,0 -76.352516,3.382769,0 -76.352489,3.382448,0 -76.352492,3.381816,0 -76.352505,3.381023,0 -76.352502,3.380340,0 -76.352504,3.380021,0 -76.352518,3.379458,0 -76.352526,3.379089,0 -76.352521,3.378677,0 -76.352516,3.377806,0 -76.352505,3.377161,0 -76.352502,3.376687,0 -76.352518,3.376040,0 -76.352526,3.375300,0 -76.352529,3.374738,0 -76.352540,3.373269,0 -76.352540,3.372779,0 -76.352542,3.371827,0 -76.352545,3.371576,0 -76.352567,3.371221,0 -76.352580,3.370977,0 -76.352580,3.370722,0 -76.352569,3.370152,0 -76.352569,3.369673,0 -76.352577,3.368901,0 -76.352588,3.368329,0 -76.352587,3.368056,0 -76.352585,3.367815,0 -76.352583,3.367461,0 -76.352599,3.367144,0 -76.352639,3.366748,0 -76.352676,3.366311,0 -76.352762,3.365673,0 -76.352918,3.364444,0 -76.353125,3.362821,0 -76.353216,3.362118,0 -76.353236,3.361962,0 -76.353269,3.361705,0 -76.353366,3.360841,0 -76.353503,3.359711,0 -76.353664,3.358422,0 -76.353822,3.357139,0 -76.353948,3.356058,0 -76.354018,3.355519,0 -76.354077,3.355086,0 -76.354144,3.354426,0 -76.354197,3.353966,0 -76.354310,3.353085,0 -76.354460,3.351866,0 -76.354684,3.350088,0 -76.354699,3.349941,0 -76.354785,3.349247,0 -76.354825,3.348849,0 -76.354846,3.348571,0 -76.354855,3.348338,0 -76.354857,3.348113,0 -76.354852,3.347866,0 -76.354836,3.347628,0 -76.354801,3.347398,0 -76.354755,3.347177,0 -76.354691,3.346924,0 -76.354570,3.346591,0 -76.354441,3.346272,0 -76.354038,3.345365,0 -76.353894,3.345043,0 -76.353304,3.343747,0 -76.352964,3.342984,0 -76.352795,3.342596,0 -76.352650,3.342260,0 -76.352561,3.342032,0 -76.352523,3.341874,0 -76.352439,3.341467,0 -76.352345,3.341028,0 -76.352249,3.340507,0 -76.352048,3.339249,0 -76.351858,3.338104,0 -76.351793,3.337669,0 -76.351687,3.337037,0 -76.351605,3.336538,0 -76.351388,3.335234,0 -76.351281,3.334634,0 -76.351179,3.334023,0 -76.351138,3.333757,0 -76.351112,3.333445,0 -76.351104,3.333231,0 -76.351109,3.332940,0 -76.351114,3.332834,0 -76.351125,3.332673,0 -76.351148,3.332480,0 -76.351154,3.332426,0 -76.351205,3.332141,0 -76.351272,3.331873,0 -76.351348,3.331642,0 -76.351594,3.330935,0 -76.351898,3.330182,0 -76.352128,3.329517,0 -76.352235,3.329223,0 -76.352317,3.329006,0 -76.352378,3.328848,0 -76.352428,3.328707,0 -76.352461,3.328579,0 -76.352490,3.328439,0 -76.352516,3.328237,0 -76.352532,3.327925,0 -76.352548,3.327606,0 -76.352564,3.327251,0 -76.352567,3.326979,0 -76.352577,3.326776,0 -76.352585,3.326528,0 -76.352596,3.326219,0 -76.352607,3.325937,0 -76.352612,3.325722,0 -76.352615,3.325508,0 -76.352623,3.325335,0 -76.352608,3.325149,0 -76.352577,3.324981,0 -76.352533,3.324781,0 -76.352459,3.324597,0 -76.352388,3.324404,0 -76.352284,3.324224,0 -76.352172,3.324033,0 -76.352027,3.323845,0 -76.351840,3.323653,0 -76.351647,3.323483,0 -76.351327,3.323244,0 -76.351393,3.323055,0 -76.351457,3.322911,0 -76.351525,3.322780,0 -76.351600,3.322654,0 -76.351762,3.322563,0 -76.352062,3.322426,0 -76.352424,3.322260,0 -76.352655,3.322169,0 -76.352907,3.322090,0 -76.353154,3.322038,0 -76.353366,3.322011,0 -76.353654,3.321976,0 -76.354026,3.321950,0 -76.354581,3.321933,0 -76.354994,3.321899,0 -76.355144,3.321845,0 -76.355254,3.321754,0 -76.355713,3.321269,0 -76.356469,3.320431,0 -76.356579,3.320284,0 -76.356603,3.320206,0 -76.356638,3.319839,0 -76.356705,3.319392,0 -76.356869,3.318766,0 -76.357027,3.318404,0 -76.357175,3.318134,0 -76.357486,3.317684,0 -76.358156,3.316779,0 -76.359044,3.315567,0 -76.359319,3.315254,0 -76.359420,3.315198,0 -76.359568,3.315172,0 -76.359932,3.315170,0 -76.360124,3.315163,0 -76.360258,3.315141,0 -76.360350,3.315105,0 -76.360401,3.315017,0 -76.360452,3.314784,0 -76.360483,3.314372,0 -76.360508,3.314045,0 -76.360545,3.313558,0 -76.360868,3.310516,0 -76.360878,3.310433,0 -76.360885,3.310368,0 -76.360872,3.310250,0 -76.359802,3.305995,0 -76.359548,3.304983,0 -76.359479,3.304542,0 -76.359559,3.302989,0 -76.359712,3.300053,0 -76.359720,3.299910,0 -76.359942,3.295628,0 -76.355305,3.294511,0 -76.354830,3.294417,0 -76.354401,3.294357,0 -76.352362,3.293719,0 -76.350846,3.293300,0 -76.349122,3.292843,0 -76.347621,3.292457,0 -76.347418,3.292391,0 -76.347243,3.292306,0 -76.347334,3.292170,0 -76.347544,3.291870,0 -76.348026,3.291180,0 -76.347593,3.290595,0 -76.343020,3.284860,0 -76.342967,3.284804,0 -76.342760,3.284624,0 -76.342616,3.284528,0 -76.342474,3.284459,0 -76.342301,3.284400,0 -76.342066,3.284335,0 -76.341946,3.284330,0 -76.341817,3.284330,0 -76.339884,3.284322,0 -76.339035,3.284440,0 -76.338789,3.284428,0 -76.338547,3.284415,0 -76.337946,3.284225,0 -76.337805,3.284226,0 -76.337664,3.284255,0 -76.336739,3.284648,0 -76.336543,3.284689,0 -76.336335,3.284650,0 -76.335957,3.284505,0 -76.335736,3.284437,0 -76.335581,3.284438,0 -76.335508,3.284496,0 -76.335459,3.284562,0 -76.335345,3.285021,0 -76.335229,3.285479,0 -76.335087,3.285907,0 -76.334956,3.286056,0 -76.334818,3.286100,0 -76.334635,3.286069,0 -76.334318,3.285827,0 -76.334036,3.285637,0 -76.333969,3.285592,0 -76.333382,3.285431,0 -76.332651,3.285332,0 -76.331991,3.285023,0 -76.331688,3.284900,0 -76.331385,3.284844,0 -76.331290,3.284853,0 -76.331138,3.284903,0 -76.330851,3.285224,0 -76.330774,3.285262,0 -76.330603,3.285272,0 -76.328625,3.284796,0 -76.326758,3.284287,0 -76.326587,3.284241,0 -76.326029,3.284108,0 -76.325584,3.283976,0 -76.325184,3.283800,0 -76.324433,3.283312,0 -76.324116,3.283123,0 -76.323201,3.282513,0 -76.322727,3.282337,0 -76.322334,3.282251,0 -76.321043,3.282198,0 -76.320644,3.282187,0 -76.320320,3.282208,0 -76.320029,3.281974,0 -76.319967,3.281731,0 -76.319958,3.281672,0 -76.319935,3.281520,0 -76.319771,3.280411,0 -76.319820,3.280363,0 -76.319859,3.280303,0 -76.319868,3.280249,0 -76.319851,3.280118,0 -76.319839,3.280051,0 -76.319827,3.279989,0 -76.319851,3.279960,0 -76.320123,3.279908,0 -76.320524,3.279842,0 -76.320639,3.279823,0 -76.321061,3.279765,0 -76.321244,3.279692,0 -76.322491,3.279421,0 -76.323259,3.279301,0 -76.323739,3.279226,0 -76.324046,3.279142,0 -76.324525,3.278892,0 -76.324967,3.278516,0 -76.325036,3.278411,0 -76.325172,3.278205,0 -76.325574,3.277361,0 -76.326088,3.276281,0 -76.326862,3.274655,0 -76.328835,3.270500,0 -76.329294,3.269618,0 -76.329316,3.269576,0 -76.329367,3.269482,0 -76.329408,3.269394,0 -76.330493,3.267105,0 -76.330771,3.267269,0 -76.331629,3.267677,0 -76.331885,3.267793,0 -76.331930,3.267813,0 -76.332484,3.268085,0 -76.333568,3.268618,0 -76.333935,3.268799,0</coordinates></LineString></Placemark></Folder><Folder><name>Puntos de muestreo</name><Placemark><name>INC-041</name><styleUrl>#dia1</styleUrl><ExtendedData><Data name="ID"><value>INC-041</value></Data><Data name="INGENIO"><value>Incauca</value></Data><Data name="DIA"><value>1</value></Data><Data name="ORDEN"><value>1</value></Data><Data name="HORA_LLEGADA"><value>06:42</value></Data><Data name="HORA_SALIDA"><value>08:22</value></Data><Data name="COD_SUERTE"><value>CA010009000001</value></Data><Data name="EDAD_MESES"><value>5.3</value></Data><Data name="KM_DESDE_ANTERIOR"><value>3.6</value></Data><Data name="ACCESO_PIE_M"><value>46.0</value></Data><Data name="LATITUD"><value>3.245119</value></Data><Data name="LONGITUD"><value>-76.33214</value></Data></ExtendedData>
<Point><coordinates>-76.332140,3.245119,0</coordinates></Point></Placemark><Placemark><name>INC-032</name><styleUrl>#dia1</styleUrl><ExtendedData><Data name="ID"><value>INC-032</value></Data><Data name="INGENIO"><value>Incauca</value></Data><Data name="DIA"><value>1</value></Data><Data name="ORDEN"><value>2</value></Data><Data name="HORA_LLEGADA"><value>08:34</value></Data><Data name="HORA_SALIDA"><value>10:14</value></Data><Data name="COD_SUERTE"><value>CA010002000026</value></Data><Data name="EDAD_MESES"><value>8.3</value></Data><Data name="KM_DESDE_ANTERIOR"><value>2.4</value></Data><Data name="ACCESO_PIE_M"><value>44.0</value></Data><Data name="LATITUD"><value>3.259312</value></Data><Data name="LONGITUD"><value>-76.340225</value></Data></ExtendedData>
<Point><coordinates>-76.340225,3.259312,0</coordinates></Point></Placemark><Placemark><name>INC-043</name><styleUrl>#dia1</styleUrl><ExtendedData><Data name="ID"><value>INC-043</value></Data><Data name="INGENIO"><value>Incauca</value></Data><Data name="DIA"><value>1</value></Data><Data name="ORDEN"><value>3</value></Data><Data name="HORA_LLEGADA"><value>10:22</value></Data><Data name="HORA_SALIDA"><value>12:02</value></Data><Data name="COD_SUERTE"><value>CA01000200033A</value></Data><Data name="EDAD_MESES"><value>9.7</value></Data><Data name="KM_DESDE_ANTERIOR"><value>1.1</value></Data><Data name="ACCESO_PIE_M"><value>42.0</value></Data><Data name="LATITUD"><value>3.261558</value></Data><Data name="LONGITUD"><value>-76.34553</value></Data></ExtendedData>
<Point><coordinates>-76.345530,3.261558,0</coordinates></Point></Placemark><Placemark><name>INC-022</name><styleUrl>#dia1</styleUrl><ExtendedData><Data name="ID"><value>INC-022</value></Data><Data name="INGENIO"><value>Incauca</value></Data><Data name="DIA"><value>1</value></Data><Data name="ORDEN"><value>4</value></Data><Data name="HORA_LLEGADA"><value>12:05</value></Data><Data name="HORA_SALIDA"><value>13:45</value></Data><Data name="COD_SUERTE"><value>CA010002000033</value></Data><Data name="EDAD_MESES"><value>10.2</value></Data><Data name="KM_DESDE_ANTERIOR"><value>0.4</value></Data><Data name="ACCESO_PIE_M"><value>14.0</value></Data><Data name="LATITUD"><value>3.265511</value></Data><Data name="LONGITUD"><value>-76.34508</value></Data></ExtendedData>
<Point><coordinates>-76.345080,3.265511,0</coordinates></Point></Placemark><Placemark><name>INC-038</name><styleUrl>#dia2</styleUrl><ExtendedData><Data name="ID"><value>INC-038</value></Data><Data name="INGENIO"><value>Incauca</value></Data><Data name="DIA"><value>2</value></Data><Data name="ORDEN"><value>1</value></Data><Data name="HORA_LLEGADA"><value>06:35</value></Data><Data name="HORA_SALIDA"><value>08:15</value></Data><Data name="COD_SUERTE"><value>CA010002000028</value></Data><Data name="EDAD_MESES"><value>3.4</value></Data><Data name="KM_DESDE_ANTERIOR"><value>0.7</value></Data><Data name="ACCESO_PIE_M"><value>40.0</value></Data><Data name="LATITUD"><value>3.273506</value></Data><Data name="LONGITUD"><value>-76.33708</value></Data></ExtendedData>
<Point><coordinates>-76.337080,3.273506,0</coordinates></Point></Placemark><Placemark><name>INC-010</name><styleUrl>#dia2</styleUrl><ExtendedData><Data name="ID"><value>INC-010</value></Data><Data name="INGENIO"><value>Incauca</value></Data><Data name="DIA"><value>2</value></Data><Data name="ORDEN"><value>2</value></Data><Data name="HORA_LLEGADA"><value>08:22</value></Data><Data name="HORA_SALIDA"><value>10:02</value></Data><Data name="COD_SUERTE"><value>CA01000200024B</value></Data><Data name="EDAD_MESES"><value>9.1</value></Data><Data name="KM_DESDE_ANTERIOR"><value>0.9</value></Data><Data name="ACCESO_PIE_M"><value>21.0</value></Data><Data name="LATITUD"><value>3.270182</value></Data><Data name="LONGITUD"><value>-76.33214</value></Data></ExtendedData>
<Point><coordinates>-76.332140,3.270182,0</coordinates></Point></Placemark><Placemark><name>INC-020</name><styleUrl>#dia2</styleUrl><ExtendedData><Data name="ID"><value>INC-020</value></Data><Data name="INGENIO"><value>Incauca</value></Data><Data name="DIA"><value>2</value></Data><Data name="ORDEN"><value>3</value></Data><Data name="HORA_LLEGADA"><value>10:11</value></Data><Data name="HORA_SALIDA"><value>11:51</value></Data><Data name="COD_SUERTE"><value>CA01000100015A</value></Data><Data name="EDAD_MESES"><value>2.1</value></Data><Data name="KM_DESDE_ANTERIOR"><value>1.7</value></Data><Data name="ACCESO_PIE_M"><value>51.0</value></Data><Data name="LATITUD"><value>3.266589</value></Data><Data name="LONGITUD"><value>-76.32235</value></Data></ExtendedData>
<Point><coordinates>-76.322350,3.266589,0</coordinates></Point></Placemark><Placemark><name>INC-012</name><styleUrl>#dia3</styleUrl><ExtendedData><Data name="ID"><value>INC-012</value></Data><Data name="INGENIO"><value>Incauca</value></Data><Data name="DIA"><value>3</value></Data><Data name="ORDEN"><value>1</value></Data><Data name="HORA_LLEGADA"><value>06:51</value></Data><Data name="HORA_SALIDA"><value>08:32</value></Data><Data name="COD_SUERTE"><value>CA01000300058A</value></Data><Data name="EDAD_MESES"><value>13.7</value></Data><Data name="KM_DESDE_ANTERIOR"><value>10.0</value></Data><Data name="ACCESO_PIE_M"><value>51.0</value></Data><Data name="LATITUD"><value>3.297311</value></Data><Data name="LONGITUD"><value>-76.37652</value></Data></ExtendedData>
<Point><coordinates>-76.376520,3.297311,0</coordinates></Point></Placemark><Placemark><name>INC-042</name><styleUrl>#dia3</styleUrl><ExtendedData><Data name="ID"><value>INC-042</value></Data><Data name="INGENIO"><value>Incauca</value></Data><Data name="DIA"><value>3</value></Data><Data name="ORDEN"><value>2</value></Data><Data name="HORA_LLEGADA"><value>08:45</value></Data><Data name="HORA_SALIDA"><value>10:25</value></Data><Data name="COD_SUERTE"><value>CA01030400108D</value></Data><Data name="EDAD_MESES"><value>7.7</value></Data><Data name="KM_DESDE_ANTERIOR"><value>7.5</value></Data><Data name="ACCESO_PIE_M"><value>20.0</value></Data><Data name="LATITUD"><value>3.325878</value></Data><Data name="LONGITUD"><value>-76.41991</value></Data></ExtendedData>
<Point><coordinates>-76.419910,3.325878,0</coordinates></Point></Placemark><Placemark><name>INC-015</name><styleUrl>#dia3</styleUrl><ExtendedData><Data name="ID"><value>INC-015</value></Data><Data name="INGENIO"><value>Incauca</value></Data><Data name="DIA"><value>3</value></Data><Data name="ORDEN"><value>3</value></Data><Data name="HORA_LLEGADA"><value>10:27</value></Data><Data name="HORA_SALIDA"><value>12:07</value></Data><Data name="COD_SUERTE"><value>CA010304000107</value></Data><Data name="EDAD_MESES"><value>7.6</value></Data><Data name="KM_DESDE_ANTERIOR"><value>0.6</value></Data><Data name="ACCESO_PIE_M"><value>34.0</value></Data><Data name="LATITUD"><value>3.330459</value></Data><Data name="LONGITUD"><value>-76.42053</value></Data></ExtendedData>
<Point><coordinates>-76.420530,3.330459,0</coordinates></Point></Placemark><Placemark><name>INC-006</name><styleUrl>#dia4</styleUrl><ExtendedData><Data name="ID"><value>INC-006</value></Data><Data name="INGENIO"><value>Incauca</value></Data><Data name="DIA"><value>4</value></Data><Data name="ORDEN"><value>1</value></Data><Data name="HORA_LLEGADA"><value>06:53</value></Data><Data name="HORA_SALIDA"><value>08:41</value></Data><Data name="COD_SUERTE"><value>CA010003000061</value></Data><Data name="EDAD_MESES"><value>2.1</value></Data><Data name="KM_DESDE_ANTERIOR"><value>9.9</value></Data><Data name="ACCESO_PIE_M"><value>296.0</value></Data><Data name="LATITUD"><value>3.305126</value></Data><Data name="LONGITUD"><value>-76.3758</value></Data></ExtendedData>
<Point><coordinates>-76.375800,3.305126,0</coordinates></Point></Placemark><Placemark><name>INC-019</name><styleUrl>#dia4</styleUrl><ExtendedData><Data name="ID"><value>INC-019</value></Data><Data name="INGENIO"><value>Incauca</value></Data><Data name="DIA"><value>4</value></Data><Data name="ORDEN"><value>2</value></Data><Data name="HORA_LLEGADA"><value>09:05</value></Data><Data name="HORA_SALIDA"><value>10:45</value></Data><Data name="COD_SUERTE"><value>CA01097800004A</value></Data><Data name="EDAD_MESES"><value>10.2</value></Data><Data name="KM_DESDE_ANTERIOR"><value>10.7</value></Data><Data name="ACCESO_PIE_M"><value>44.0</value></Data><Data name="LATITUD"><value>3.275752</value></Data><Data name="LONGITUD"><value>-76.308784</value></Data></ExtendedData>
<Point><coordinates>-76.308784,3.275752,0</coordinates></Point></Placemark><Placemark><name>INC-008</name><styleUrl>#dia4</styleUrl><ExtendedData><Data name="ID"><value>INC-008</value></Data><Data name="INGENIO"><value>Incauca</value></Data><Data name="DIA"><value>4</value></Data><Data name="ORDEN"><value>3</value></Data><Data name="HORA_LLEGADA"><value>10:51</value></Data><Data name="HORA_SALIDA"><value>12:31</value></Data><Data name="COD_SUERTE"><value>CA010001000001</value></Data><Data name="EDAD_MESES"><value>1.9</value></Data><Data name="KM_DESDE_ANTERIOR"><value>1.4</value></Data><Data name="ACCESO_PIE_M"><value>21.0</value></Data><Data name="LATITUD"><value>3.280692</value></Data><Data name="LONGITUD"><value>-76.31462</value></Data></ExtendedData>
<Point><coordinates>-76.314620,3.280692,0</coordinates></Point></Placemark><Placemark><name>INC-011</name><styleUrl>#dia5</styleUrl><ExtendedData><Data name="ID"><value>INC-011</value></Data><Data name="INGENIO"><value>Incauca</value></Data><Data name="DIA"><value>5</value></Data><Data name="ORDEN"><value>1</value></Data><Data name="HORA_LLEGADA"><value>07:12</value></Data><Data name="HORA_SALIDA"><value>08:52</value></Data><Data name="COD_SUERTE"><value>CA01013000024T</value></Data><Data name="EDAD_MESES"><value>2.3</value></Data><Data name="KM_DESDE_ANTERIOR"><value>20.6</value></Data><Data name="ACCESO_PIE_M"><value>21.0</value></Data><Data name="LATITUD"><value>3.347347</value></Data><Data name="LONGITUD"><value>-76.41649</value></Data></ExtendedData>
<Point><coordinates>-76.416490,3.347347,0</coordinates></Point></Placemark><Placemark><name>INC-003</name><styleUrl>#dia5</styleUrl><ExtendedData><Data name="ID"><value>INC-003</value></Data><Data name="INGENIO"><value>Incauca</value></Data><Data name="DIA"><value>5</value></Data><Data name="ORDEN"><value>2</value></Data><Data name="HORA_LLEGADA"><value>09:00</value></Data><Data name="HORA_SALIDA"><value>10:41</value></Data><Data name="COD_SUERTE"><value>CA010130000023</value></Data><Data name="EDAD_MESES"><value>14.0</value></Data><Data name="KM_DESDE_ANTERIOR"><value>1.1</value></Data><Data name="ACCESO_PIE_M"><value>48.0</value></Data><Data name="LATITUD"><value>3.338364</value></Data><Data name="LONGITUD"><value>-76.416046</value></Data></ExtendedData>
<Point><coordinates>-76.416046,3.338364,0</coordinates></Point></Placemark><Placemark><name>INC-028</name><styleUrl>#dia5</styleUrl><ExtendedData><Data name="ID"><value>INC-028</value></Data><Data name="INGENIO"><value>Incauca</value></Data><Data name="DIA"><value>5</value></Data><Data name="ORDEN"><value>3</value></Data><Data name="HORA_LLEGADA"><value>10:52</value></Data><Data name="HORA_SALIDA"><value>12:32</value></Data><Data name="COD_SUERTE"><value>CA010304000122</value></Data><Data name="EDAD_MESES"><value>7.7</value></Data><Data name="KM_DESDE_ANTERIOR"><value>2.1</value></Data><Data name="ACCESO_PIE_M"><value>46.0</value></Data><Data name="LATITUD"><value>3.338813</value></Data><Data name="LONGITUD"><value>-76.43212</value></Data></ExtendedData>
<Point><coordinates>-76.432120,3.338813,0</coordinates></Point></Placemark><Placemark><name>INC-002</name><styleUrl>#dia6</styleUrl><ExtendedData><Data name="ID"><value>INC-002</value></Data><Data name="INGENIO"><value>Incauca</value></Data><Data name="DIA"><value>6</value></Data><Data name="ORDEN"><value>1</value></Data><Data name="HORA_LLEGADA"><value>07:15</value></Data><Data name="HORA_SALIDA"><value>08:55</value></Data><Data name="COD_SUERTE"><value>CA010304000119</value></Data><Data name="EDAD_MESES"><value>2.2</value></Data><Data name="KM_DESDE_ANTERIOR"><value>19.8</value></Data><Data name="ACCESO_PIE_M"><value>41.0</value></Data><Data name="LATITUD"><value>3.332435</value></Data><Data name="LONGITUD"><value>-76.435715</value></Data></ExtendedData>
<Point><coordinates>-76.435715,3.332435,0</coordinates></Point></Placemark><Placemark><name>INC-036</name><styleUrl>#dia6</styleUrl><ExtendedData><Data name="ID"><value>INC-036</value></Data><Data name="INGENIO"><value>Incauca</value></Data><Data name="DIA"><value>6</value></Data><Data name="ORDEN"><value>2</value></Data><Data name="HORA_LLEGADA"><value>09:04</value></Data><Data name="HORA_SALIDA"><value>10:43</value></Data><Data name="COD_SUERTE"><value>CA01234700007B</value></Data><Data name="EDAD_MESES"><value>11.9</value></Data><Data name="KM_DESDE_ANTERIOR"><value>1.6</value></Data><Data name="ACCESO_PIE_M"><value>26.0</value></Data><Data name="LATITUD"><value>3.340071</value></Data><Data name="LONGITUD"><value>-76.44299</value></Data></ExtendedData>
<Point><coordinates>-76.442990,3.340071,0</coordinates></Point></Placemark><Placemark><name>INC-040</name><styleUrl>#dia6</styleUrl><ExtendedData><Data name="ID"><value>INC-040</value></Data><Data name="INGENIO"><value>Incauca</value></Data><Data name="DIA"><value>6</value></Data><Data name="ORDEN"><value>3</value></Data><Data name="HORA_LLEGADA"><value>10:49</value></Data><Data name="HORA_SALIDA"><value>12:29</value></Data><Data name="COD_SUERTE"><value>CA01234700004A</value></Data><Data name="EDAD_MESES"><value>9.2</value></Data><Data name="KM_DESDE_ANTERIOR"><value>1.3</value></Data><Data name="ACCESO_PIE_M"><value>22.0</value></Data><Data name="LATITUD"><value>3.343035</value></Data><Data name="LONGITUD"><value>-76.450806</value></Data></ExtendedData>
<Point><coordinates>-76.450806,3.343035,0</coordinates></Point></Placemark><Placemark><name>INC-031</name><styleUrl>#dia7</styleUrl><ExtendedData><Data name="ID"><value>INC-031</value></Data><Data name="INGENIO"><value>Incauca</value></Data><Data name="DIA"><value>7</value></Data><Data name="ORDEN"><value>1</value></Data><Data name="HORA_LLEGADA"><value>07:11</value></Data><Data name="HORA_SALIDA"><value>08:51</value></Data><Data name="COD_SUERTE"><value>CA010304000112</value></Data><Data name="EDAD_MESES"><value>7.7</value></Data><Data name="KM_DESDE_ANTERIOR"><value>18.8</value></Data><Data name="ACCESO_PIE_M"><value>23.0</value></Data><Data name="LATITUD"><value>3.330369</value></Data><Data name="LONGITUD"><value>-76.42772</value></Data></ExtendedData>
<Point><coordinates>-76.427720,3.330369,0</coordinates></Point></Placemark><Placemark><name>INC-029</name><styleUrl>#dia7</styleUrl><ExtendedData><Data name="ID"><value>INC-029</value></Data><Data name="INGENIO"><value>Incauca</value></Data><Data name="DIA"><value>7</value></Data><Data name="ORDEN"><value>2</value></Data><Data name="HORA_LLEGADA"><value>09:04</value></Data><Data name="HORA_SALIDA"><value>10:44</value></Data><Data name="COD_SUERTE"><value>CA010301000925</value></Data><Data name="EDAD_MESES"><value>7.9</value></Data><Data name="KM_DESDE_ANTERIOR"><value>3.4</value></Data><Data name="ACCESO_PIE_M"><value>32.0</value></Data><Data name="LATITUD"><value>3.329202</value></Data><Data name="LONGITUD"><value>-76.45332</value></Data></ExtendedData>
<Point><coordinates>-76.453320,3.329202,0</coordinates></Point></Placemark><Placemark><name>INC-026</name><styleUrl>#dia7</styleUrl><ExtendedData><Data name="ID"><value>INC-026</value></Data><Data name="INGENIO"><value>Incauca</value></Data><Data name="DIA"><value>7</value></Data><Data name="ORDEN"><value>3</value></Data><Data name="HORA_LLEGADA"><value>10:51</value></Data><Data name="HORA_SALIDA"><value>12:30</value></Data><Data name="COD_SUERTE"><value>CA010301000923</value></Data><Data name="EDAD_MESES"><value>2.3</value></Data><Data name="KM_DESDE_ANTERIOR"><value>1.3</value></Data><Data name="ACCESO_PIE_M"><value>9.0</value></Data><Data name="LATITUD"><value>3.332256</value></Data><Data name="LONGITUD"><value>-76.459076</value></Data></ExtendedData>
<Point><coordinates>-76.459076,3.332256,0</coordinates></Point></Placemark><Placemark><name>INC-039</name><styleUrl>#dia8</styleUrl><ExtendedData><Data name="ID"><value>INC-039</value></Data><Data name="INGENIO"><value>Incauca</value></Data><Data name="DIA"><value>8</value></Data><Data name="ORDEN"><value>1</value></Data><Data name="HORA_LLEGADA"><value>06:57</value></Data><Data name="HORA_SALIDA"><value>09:07</value></Data><Data name="COD_SUERTE"><value>CA01207600020A</value></Data><Data name="EDAD_MESES"><value>8.2</value></Data><Data name="KM_DESDE_ANTERIOR"><value>15.3</value></Data><Data name="ACCESO_PIE_M"><value>928.0</value></Data><Data name="LATITUD"><value>3.299916</value></Data><Data name="LONGITUD"><value>-76.24024</value></Data></ExtendedData>
<Point><coordinates>-76.240240,3.299916,0</coordinates></Point></Placemark><Placemark><name>INC-016</name><styleUrl>#dia8</styleUrl><ExtendedData><Data name="ID"><value>INC-016</value></Data><Data name="INGENIO"><value>Incauca</value></Data><Data name="DIA"><value>8</value></Data><Data name="ORDEN"><value>2</value></Data><Data name="HORA_LLEGADA"><value>09:28</value></Data><Data name="HORA_SALIDA"><value>11:08</value></Data><Data name="COD_SUERTE"><value>CA01036600016G</value></Data><Data name="EDAD_MESES"><value>9.9</value></Data><Data name="KM_DESDE_ANTERIOR"><value>16.4</value></Data><Data name="ACCESO_PIE_M"><value>25.0</value></Data><Data name="LATITUD"><value>3.184393</value></Data><Data name="LONGITUD"><value>-76.26288</value></Data></ExtendedData>
<Point><coordinates>-76.262880,3.184393,0</coordinates></Point></Placemark><Placemark><name>INC-018</name><styleUrl>#dia8</styleUrl><ExtendedData><Data name="ID"><value>INC-018</value></Data><Data name="INGENIO"><value>Incauca</value></Data><Data name="DIA"><value>8</value></Data><Data name="ORDEN"><value>3</value></Data><Data name="HORA_LLEGADA"><value>11:25</value></Data><Data name="HORA_SALIDA"><value>13:06</value></Data><Data name="COD_SUERTE"><value>CA01036100014D</value></Data><Data name="EDAD_MESES"><value>8.4</value></Data><Data name="KM_DESDE_ANTERIOR"><value>5.4</value></Data><Data name="ACCESO_PIE_M"><value>35.0</value></Data><Data name="LATITUD"><value>3.213858</value></Data><Data name="LONGITUD"><value>-76.2848</value></Data></ExtendedData>
<Point><coordinates>-76.284800,3.213858,0</coordinates></Point></Placemark><Placemark><name>INC-034</name><styleUrl>#dia9</styleUrl><ExtendedData><Data name="ID"><value>INC-034</value></Data><Data name="INGENIO"><value>Incauca</value></Data><Data name="DIA"><value>9</value></Data><Data name="ORDEN"><value>1</value></Data><Data name="HORA_LLEGADA"><value>07:29</value></Data><Data name="HORA_SALIDA"><value>09:13</value></Data><Data name="COD_SUERTE"><value>CA010303000009</value></Data><Data name="EDAD_MESES"><value>2.1</value></Data><Data name="KM_DESDE_ANTERIOR"><value>23.8</value></Data><Data name="ACCESO_PIE_M"><value>150.0</value></Data><Data name="LATITUD"><value>3.377531</value></Data><Data name="LONGITUD"><value>-76.396996</value></Data></ExtendedData>
<Point><coordinates>-76.396996,3.377531,0</coordinates></Point></Placemark><Placemark><name>INC-045</name><styleUrl>#dia9</styleUrl><ExtendedData><Data name="ID"><value>INC-045</value></Data><Data name="INGENIO"><value>Incauca</value></Data><Data name="DIA"><value>9</value></Data><Data name="ORDEN"><value>2</value></Data><Data name="HORA_LLEGADA"><value>09:20</value></Data><Data name="HORA_SALIDA"><value>11:01</value></Data><Data name="COD_SUERTE"><value>CA01030300018A</value></Data><Data name="EDAD_MESES"><value>7.6</value></Data><Data name="KM_DESDE_ANTERIOR"><value>1.0</value></Data><Data name="ACCESO_PIE_M"><value>46.0</value></Data><Data name="LATITUD"><value>3.373129</value></Data><Data name="LONGITUD"><value>-76.40248</value></Data></ExtendedData>
<Point><coordinates>-76.402480,3.373129,0</coordinates></Point></Placemark><Placemark><name>INC-044</name><styleUrl>#dia9</styleUrl><ExtendedData><Data name="ID"><value>INC-044</value></Data><Data name="INGENIO"><value>Incauca</value></Data><Data name="DIA"><value>9</value></Data><Data name="ORDEN"><value>3</value></Data><Data name="HORA_LLEGADA"><value>11:13</value></Data><Data name="HORA_SALIDA"><value>12:53</value></Data><Data name="COD_SUERTE"><value>CA01030300020T</value></Data><Data name="EDAD_MESES"><value>7.8</value></Data><Data name="KM_DESDE_ANTERIOR"><value>1.7</value></Data><Data name="ACCESO_PIE_M"><value>26.0</value></Data><Data name="LATITUD"><value>3.364325</value></Data><Data name="LONGITUD"><value>-76.40077</value></Data></ExtendedData>
<Point><coordinates>-76.400770,3.364325,0</coordinates></Point></Placemark><Placemark><name>INC-035</name><styleUrl>#dia10</styleUrl><ExtendedData><Data name="ID"><value>INC-035</value></Data><Data name="INGENIO"><value>Incauca</value></Data><Data name="DIA"><value>10</value></Data><Data name="ORDEN"><value>1</value></Data><Data name="HORA_LLEGADA"><value>07:26</value></Data><Data name="HORA_SALIDA"><value>09:05</value></Data><Data name="COD_SUERTE"><value>CA011793000008</value></Data><Data name="EDAD_MESES"><value>11.4</value></Data><Data name="KM_DESDE_ANTERIOR"><value>18.9</value></Data><Data name="ACCESO_PIE_M"><value>19.0</value></Data><Data name="LATITUD"><value>3.303689</value></Data><Data name="LONGITUD"><value>-76.42126</value></Data></ExtendedData>
<Point><coordinates>-76.421260,3.303689,0</coordinates></Point></Placemark><Placemark><name>INC-030</name><styleUrl>#dia10</styleUrl><ExtendedData><Data name="ID"><value>INC-030</value></Data><Data name="INGENIO"><value>Incauca</value></Data><Data name="DIA"><value>10</value></Data><Data name="ORDEN"><value>2</value></Data><Data name="HORA_LLEGADA"><value>09:49</value></Data><Data name="HORA_SALIDA"><value>11:29</value></Data><Data name="COD_SUERTE"><value>CA010106000706</value></Data><Data name="EDAD_MESES"><value>10.3</value></Data><Data name="KM_DESDE_ANTERIOR"><value>6.1</value></Data><Data name="ACCESO_PIE_M"><value>46.0</value></Data><Data name="LATITUD"><value>3.308271</value></Data><Data name="LONGITUD"><value>-76.415054</value></Data></ExtendedData>
<Point><coordinates>-76.415054,3.308271,0</coordinates></Point></Placemark><Placemark><name>INC-017</name><styleUrl>#dia10</styleUrl><ExtendedData><Data name="ID"><value>INC-017</value></Data><Data name="INGENIO"><value>Incauca</value></Data><Data name="DIA"><value>10</value></Data><Data name="ORDEN"><value>3</value></Data><Data name="HORA_LLEGADA"><value>11:37</value></Data><Data name="HORA_SALIDA"><value>13:19</value></Data><Data name="COD_SUERTE"><value>CA01010600707A</value></Data><Data name="EDAD_MESES"><value>3.5</value></Data><Data name="KM_DESDE_ANTERIOR"><value>1.1</value></Data><Data name="ACCESO_PIE_M"><value>66.0</value></Data><Data name="LATITUD"><value>3.315457</value></Data><Data name="LONGITUD"><value>-76.41524</value></Data></ExtendedData>
<Point><coordinates>-76.415240,3.315457,0</coordinates></Point></Placemark><Placemark><name>INC-005</name><styleUrl>#dia11</styleUrl><ExtendedData><Data name="ID"><value>INC-005</value></Data><Data name="INGENIO"><value>Incauca</value></Data><Data name="DIA"><value>11</value></Data><Data name="ORDEN"><value>1</value></Data><Data name="HORA_LLEGADA"><value>07:12</value></Data><Data name="HORA_SALIDA"><value>09:03</value></Data><Data name="COD_SUERTE"><value>CA01221300008Z</value></Data><Data name="EDAD_MESES"><value>2.1</value></Data><Data name="KM_DESDE_ANTERIOR"><value>14.4</value></Data><Data name="ACCESO_PIE_M"><value>359.0</value></Data><Data name="LATITUD"><value>3.320578</value></Data><Data name="LONGITUD"><value>-76.383705</value></Data></ExtendedData>
<Point><coordinates>-76.383705,3.320578,0</coordinates></Point></Placemark><Placemark><name>INC-023</name><styleUrl>#dia11</styleUrl><ExtendedData><Data name="ID"><value>INC-023</value></Data><Data name="INGENIO"><value>Incauca</value></Data><Data name="DIA"><value>11</value></Data><Data name="ORDEN"><value>2</value></Data><Data name="HORA_LLEGADA"><value>09:35</value></Data><Data name="HORA_SALIDA"><value>11:31</value></Data><Data name="COD_SUERTE"><value>CA012213000006</value></Data><Data name="EDAD_MESES"><value>7.6</value></Data><Data name="KM_DESDE_ANTERIOR"><value>7.3</value></Data><Data name="ACCESO_PIE_M"><value>529.0</value></Data><Data name="LATITUD"><value>3.324979</value></Data><Data name="LONGITUD"><value>-76.38487</value></Data></ExtendedData>
<Point><coordinates>-76.384870,3.324979,0</coordinates></Point></Placemark><Placemark><name>INC-004</name><styleUrl>#dia11</styleUrl><ExtendedData><Data name="ID"><value>INC-004</value></Data><Data name="INGENIO"><value>Incauca</value></Data><Data name="DIA"><value>11</value></Data><Data name="ORDEN"><value>3</value></Data><Data name="HORA_LLEGADA"><value>11:31</value></Data><Data name="HORA_SALIDA"><value>13:28</value></Data><Data name="COD_SUERTE"><value>CA012213000005</value></Data><Data name="EDAD_MESES"><value>2.0</value></Data><Data name="KM_DESDE_ANTERIOR"><value>0.0</value></Data><Data name="ACCESO_PIE_M"><value>551.0</value></Data><Data name="LATITUD"><value>3.322464</value></Data><Data name="LONGITUD"><value>-76.38559</value></Data></ExtendedData>
<Point><coordinates>-76.385590,3.322464,0</coordinates></Point></Placemark><Placemark><name>INC-021</name><styleUrl>#dia12</styleUrl><ExtendedData><Data name="ID"><value>INC-021</value></Data><Data name="INGENIO"><value>Incauca</value></Data><Data name="DIA"><value>12</value></Data><Data name="ORDEN"><value>1</value></Data><Data name="HORA_LLEGADA"><value>07:24</value></Data><Data name="HORA_SALIDA"><value>09:11</value></Data><Data name="COD_SUERTE"><value>CA010303000013</value></Data><Data name="EDAD_MESES"><value>7.5</value></Data><Data name="KM_DESDE_ANTERIOR"><value>23.5</value></Data><Data name="ACCESO_PIE_M"><value>238.0</value></Data><Data name="LATITUD"><value>3.361271</value></Data><Data name="LONGITUD"><value>-76.38397</value></Data></ExtendedData>
<Point><coordinates>-76.383970,3.361271,0</coordinates></Point></Placemark><Placemark><name>INC-025</name><styleUrl>#dia12</styleUrl><ExtendedData><Data name="ID"><value>INC-025</value></Data><Data name="INGENIO"><value>Incauca</value></Data><Data name="DIA"><value>12</value></Data><Data name="ORDEN"><value>2</value></Data><Data name="HORA_LLEGADA"><value>09:16</value></Data><Data name="HORA_SALIDA"><value>11:02</value></Data><Data name="COD_SUERTE"><value>CA010303000014</value></Data><Data name="EDAD_MESES"><value>2.0</value></Data><Data name="KM_DESDE_ANTERIOR"><value>0.7</value></Data><Data name="ACCESO_PIE_M"><value>206.0</value></Data><Data name="LATITUD"><value>3.364415</value></Data><Data name="LONGITUD"><value>-76.389366</value></Data></ExtendedData>
<Point><coordinates>-76.389366,3.364415,0</coordinates></Point></Placemark><Placemark><name>INC-001</name><styleUrl>#dia12</styleUrl><ExtendedData><Data name="ID"><value>INC-001</value></Data><Data name="INGENIO"><value>Incauca</value></Data><Data name="DIA"><value>12</value></Data><Data name="ORDEN"><value>3</value></Data><Data name="HORA_LLEGADA"><value>11:31</value></Data><Data name="HORA_SALIDA"><value>13:10</value></Data><Data name="COD_SUERTE"><value>CA01271100001L</value></Data><Data name="EDAD_MESES"><value>12.7</value></Data><Data name="KM_DESDE_ANTERIOR"><value>8.4</value></Data><Data name="ACCESO_PIE_M"><value>18.0</value></Data><Data name="LATITUD"><value>3.370973</value></Data><Data name="LONGITUD"><value>-76.44102</value></Data></ExtendedData>
<Point><coordinates>-76.441020,3.370973,0</coordinates></Point></Placemark><Placemark><name>INC-014</name><styleUrl>#dia13</styleUrl><ExtendedData><Data name="ID"><value>INC-014</value></Data><Data name="INGENIO"><value>Incauca</value></Data><Data name="DIA"><value>13</value></Data><Data name="ORDEN"><value>1</value></Data><Data name="HORA_LLEGADA"><value>07:42</value></Data><Data name="HORA_SALIDA"><value>09:23</value></Data><Data name="COD_SUERTE"><value>CA01251900001B</value></Data><Data name="EDAD_MESES"><value>2.5</value></Data><Data name="KM_DESDE_ANTERIOR"><value>50.0</value></Data><Data name="ACCESO_PIE_M"><value>48.0</value></Data><Data name="LATITUD"><value>3.558901</value></Data><Data name="LONGITUD"><value>-76.433205</value></Data></ExtendedData>
<Point><coordinates>-76.433205,3.558901,0</coordinates></Point></Placemark><Placemark><name>INC-024</name><styleUrl>#dia13</styleUrl><ExtendedData><Data name="ID"><value>INC-024</value></Data><Data name="INGENIO"><value>Incauca</value></Data><Data name="DIA"><value>13</value></Data><Data name="ORDEN"><value>2</value></Data><Data name="HORA_LLEGADA"><value>09:30</value></Data><Data name="HORA_SALIDA"><value>11:10</value></Data><Data name="COD_SUERTE"><value>CA01251900002C</value></Data><Data name="EDAD_MESES"><value>9.4</value></Data><Data name="KM_DESDE_ANTERIOR"><value>1.7</value></Data><Data name="ACCESO_PIE_M"><value>27.0</value></Data><Data name="LATITUD"><value>3.560338</value></Data><Data name="LONGITUD"><value>-76.43626</value></Data></ExtendedData>
<Point><coordinates>-76.436260,3.560338,0</coordinates></Point></Placemark><Placemark><name>INC-007</name><styleUrl>#dia13</styleUrl><ExtendedData><Data name="ID"><value>INC-007</value></Data><Data name="INGENIO"><value>Incauca</value></Data><Data name="DIA"><value>13</value></Data><Data name="ORDEN"><value>3</value></Data><Data name="HORA_LLEGADA"><value>12:37</value></Data><Data name="HORA_SALIDA"><value>14:17</value></Data><Data name="COD_SUERTE"><value>CA010001000013</value></Data><Data name="EDAD_MESES"><value>7.6</value></Data><Data name="KM_DESDE_ANTERIOR"><value>57.5</value></Data><Data name="ACCESO_PIE_M"><value>46.0</value></Data><Data name="LATITUD"><value>3.272787</value></Data><Data name="LONGITUD"><value>-76.327286</value></Data></ExtendedData>
<Point><coordinates>-76.327286,3.272787,0</coordinates></Point></Placemark><Placemark><name>INC-027</name><styleUrl>#dia14</styleUrl><ExtendedData><Data name="ID"><value>INC-027</value></Data><Data name="INGENIO"><value>Incauca</value></Data><Data name="DIA"><value>14</value></Data><Data name="ORDEN"><value>1</value></Data><Data name="HORA_LLEGADA"><value>06:32</value></Data><Data name="HORA_SALIDA"><value>08:11</value></Data><Data name="COD_SUERTE"><value>CA01000200025Y</value></Data><Data name="EDAD_MESES"><value>11.1</value></Data><Data name="KM_DESDE_ANTERIOR"><value>0.3</value></Data><Data name="ACCESO_PIE_M"><value>11.0</value></Data><Data name="LATITUD"><value>3.267038</value></Data><Data name="LONGITUD"><value>-76.335106</value></Data></ExtendedData>
<Point><coordinates>-76.335106,3.267038,0</coordinates></Point></Placemark><Placemark><name>INC-013</name><styleUrl>#dia14</styleUrl><ExtendedData><Data name="ID"><value>INC-013</value></Data><Data name="INGENIO"><value>Incauca</value></Data><Data name="DIA"><value>14</value></Data><Data name="ORDEN"><value>2</value></Data><Data name="HORA_LLEGADA"><value>09:21</value></Data><Data name="HORA_SALIDA"><value>11:18</value></Data><Data name="COD_SUERTE"><value>CA011891000001</value></Data><Data name="EDAD_MESES"><value>14.9</value></Data><Data name="KM_DESDE_ANTERIOR"><value>45.5</value></Data><Data name="ACCESO_PIE_M"><value>539.0</value></Data><Data name="LATITUD"><value>3.528178</value></Data><Data name="LONGITUD"><value>-76.418106</value></Data></ExtendedData>
<Point><coordinates>-76.418106,3.528178,0</coordinates></Point></Placemark><Placemark><name>INC-033</name><styleUrl>#dia14</styleUrl><ExtendedData><Data name="ID"><value>INC-033</value></Data><Data name="INGENIO"><value>Incauca</value></Data><Data name="DIA"><value>14</value></Data><Data name="ORDEN"><value>3</value></Data><Data name="HORA_LLEGADA"><value>11:18</value></Data><Data name="HORA_SALIDA"><value>13:03</value></Data><Data name="COD_SUERTE"><value>CA011891000003</value></Data><Data name="EDAD_MESES"><value>3.1</value></Data><Data name="KM_DESDE_ANTERIOR"><value>0.1</value></Data><Data name="ACCESO_PIE_M"><value>168.0</value></Data><Data name="LATITUD"><value>3.524944</value></Data><Data name="LONGITUD"><value>-76.415596</value></Data></ExtendedData>
<Point><coordinates>-76.415596,3.524944,0</coordinates></Point></Placemark><Placemark><name>INC-009</name><styleUrl>#dia15</styleUrl><ExtendedData><Data name="ID"><value>INC-009</value></Data><Data name="INGENIO"><value>Incauca</value></Data><Data name="DIA"><value>15</value></Data><Data name="ORDEN"><value>1</value></Data><Data name="HORA_LLEGADA"><value>07:22</value></Data><Data name="HORA_SALIDA"><value>09:12</value></Data><Data name="COD_SUERTE"><value>CA012785000040</value></Data><Data name="EDAD_MESES"><value>11.6</value></Data><Data name="KM_DESDE_ANTERIOR"><value>23.1</value></Data><Data name="ACCESO_PIE_M"><value>349.0</value></Data><Data name="LATITUD"><value>3.364595</value></Data><Data name="LONGITUD"><value>-76.215</value></Data></ExtendedData>
<Point><coordinates>-76.215000,3.364595,0</coordinates></Point></Placemark><Placemark><name>INC-037</name><styleUrl>#dia15</styleUrl><ExtendedData><Data name="ID"><value>INC-037</value></Data><Data name="INGENIO"><value>Incauca</value></Data><Data name="DIA"><value>15</value></Data><Data name="ORDEN"><value>2</value></Data><Data name="HORA_LLEGADA"><value>10:09</value></Data><Data name="HORA_SALIDA"><value>12:03</value></Data><Data name="COD_SUERTE"><value>CA01189100002A</value></Data><Data name="EDAD_MESES"><value>2.9</value></Data><Data name="KM_DESDE_ANTERIOR"><value>42.9</value></Data><Data name="ACCESO_PIE_M"><value>454.0</value></Data><Data name="LATITUD"><value>3.525483</value></Data><Data name="LONGITUD"><value>-76.42287</value></Data></ExtendedData>
<Point><coordinates>-76.422870,3.525483,0</coordinates></Point></Placemark></Folder></Document></kml>