<?xml version="1.0" encoding="UTF-8"?>
<kml xmlns="http://www.opengis.net/kml/2.2"><Document><name>Rutas de muestreo — Manuelita</name>
<Style id="dia1"><IconStyle><color>ff912D5E</color><scale>1.1</scale>
<Icon><href>http://maps.google.com/mapfiles/kml/paddle/wht-blank.png</href></Icon></IconStyle>
<LabelStyle><scale>0.9</scale></LabelStyle><LineStyle><color>ff912D5E</color><width>4</width></LineStyle></Style><Style id="dia2"><IconStyle><color>ff7EC900</color><scale>1.1</scale>
<Icon><href>http://maps.google.com/mapfiles/kml/paddle/wht-blank.png</href></Icon></IconStyle>
<LabelStyle><scale>0.9</scale></LabelStyle><LineStyle><color>ff7EC900</color><width>4</width></LineStyle></Style><Style id="dia3"><IconStyle><color>ff963DEC</color><scale>1.1</scale>
<Icon><href>http://maps.google.com/mapfiles/kml/paddle/wht-blank.png</href></Icon></IconStyle>
<LabelStyle><scale>0.9</scale></LabelStyle><LineStyle><color>ff963DEC</color><width>4</width></LineStyle></Style><Style id="dia4"><IconStyle><color>ffE8CB59</color><scale>1.1</scale>
<Icon><href>http://maps.google.com/mapfiles/kml/paddle/wht-blank.png</href></Icon></IconStyle>
<LabelStyle><scale>0.9</scale></LabelStyle><LineStyle><color>ffE8CB59</color><width>4</width></LineStyle></Style><Style id="dia5"><IconStyle><color>ff0EC2FF</color><scale>1.1</scale>
<Icon><href>http://maps.google.com/mapfiles/kml/paddle/wht-blank.png</href></Icon></IconStyle>
<LabelStyle><scale>0.9</scale></LabelStyle><LineStyle><color>ff0EC2FF</color><width>4</width></LineStyle></Style><Style id="dia6"><IconStyle><color>ff57D97E</color><scale>1.1</scale>
<Icon><href>http://maps.google.com/mapfiles/kml/paddle/wht-blank.png</href></Icon></IconStyle>
<LabelStyle><scale>0.9</scale></LabelStyle><LineStyle><color>ff57D97E</color><width>4</width></LineStyle></Style><Style id="dia7"><IconStyle><color>ff912D5E</color><scale>1.1</scale>
<Icon><href>http://maps.google.com/mapfiles/kml/paddle/wht-blank.png</href></Icon></IconStyle>
<LabelStyle><scale>0.9</scale></LabelStyle><LineStyle><color>ff912D5E</color><width>4</width></LineStyle></Style><Style id="dia8"><IconStyle><color>ff7EC900</color><scale>1.1</scale>
<Icon><href>http://maps.google.com/mapfiles/kml/paddle/wht-blank.png</href></Icon></IconStyle>
<LabelStyle><scale>0.9</scale></LabelStyle><LineStyle><color>ff7EC900</color><width>4</width></LineStyle></Style><Style id="dia9"><IconStyle><color>ff963DEC</color><scale>1.1</scale>
<Icon><href>http://maps.google.com/mapfiles/kml/paddle/wht-blank.png</href></Icon></IconStyle>
<LabelStyle><scale>0.9</scale></LabelStyle><LineStyle><color>ff963DEC</color><width>4</width></LineStyle></Style><Style id="dia10"><IconStyle><color>ffE8CB59</color><scale>1.1</scale>
<Icon><href>http://maps.google.com/mapfiles/kml/paddle/wht-blank.png</href></Icon></IconStyle>
<LabelStyle><scale>0.9</scale></LabelStyle><LineStyle><color>ffE8CB59</color><width>4</width></LineStyle></Style><Style id="dia11"><IconStyle><color>ff0EC2FF</color><scale>1.1</scale>
<Icon><href>http://maps.google.com/mapfiles/kml/paddle/wht-blank.png</href></Icon></IconStyle>
<LabelStyle><scale>0.9</scale></LabelStyle><LineStyle><color>ff0EC2FF</color><width>4</width></LineStyle></Style><Style id="dia12"><IconStyle><color>ff57D97E</color><scale>1.1</scale>
<Icon><href>http://maps.google.com/mapfiles/kml/paddle/wht-blank.png</href></Icon></IconStyle>
<LabelStyle><scale>0.9</scale></LabelStyle><LineStyle><color>ff57D97E</color><width>4</width></LineStyle></Style><Style id="dia13"><IconStyle><color>ff912D5E</color><scale>1.1</scale>
<Icon><href>http://maps.google.com/mapfiles/kml/paddle/wht-blank.png</href></Icon></IconStyle>
<LabelStyle><scale>0.9</scale></LabelStyle><LineStyle><color>ff912D5E</color><width>4</width></LineStyle></Style><Folder><name>Sede</name><Placemark><name>Sede Manuelita</name><ExtendedData><Data name="NOMBRE"><value>Ingenio Manuelita (Palmira)</value></Data><Data name="FUENTE"><value>OSM: fábrica Ingenio Manuelita</value></Data></ExtendedData>
<Style><IconStyle><scale>1.3</scale><Icon><href>http://maps.google.com/mapfiles/kml/pal2/icon10.png</href></Icon></IconStyle></Style>
<Point><coordinates>-76.305140,3.587010,0</coordinates></Point></Placemark></Folder><Folder><name>Rutas por día</name><Placemark><name>Ruta día 1</name><styleUrl>#dia1</styleUrl><ExtendedData><Data name="INGENIO"><value>Manuelita</value></Data><Data name="DIA"><value>1</value></Data><Data name="PUNTOS"><value>MN-013, MN-027, MN-008, MN-003</value></Data><Data name="N_PUNTOS"><value>4</value></Data><Data name="KM"><value>11.2</value></Data><Data name="HORAS_VIAJE"><value>0.45</value></Data><Data name="HORAS_MUESTREO"><value>7.19</value></Data><Data name="HORAS_TOTALES"><value>7.64</value></Data><Data name="REGRESO"><value>14:08</value></Data><Data name="PEAJES"><value>0</value></Data><Data name="COSTO_COP"><value>497030</value></Data></ExtendedData><LineString><tessellate>1</tessellate><coordinates>-76.305140,3.587485,0 -76.305027,3.587584,0 -76.304990,3.587664,0 -76.304987,3.587747,0 -76.305049,3.588355,0 -76.305089,3.589125,0 -76.305096,3.589307,0 -76.304676,3.589354,0 -76.304343,3.589365,0 -76.304356,3.589479,0 -76.304393,3.589808,0 -76.304413,3.589979,0 -76.304426,3.590093,0 -76.304455,3.590354,0 -76.304480,3.590486,0 -76.304524,3.590607,0 -76.304579,3.590768,0 -76.304592,3.590918,0 -76.304591,3.591066,0 -76.304595,3.591215,0 -76.304611,3.591416,0 -76.304671,3.591416,0 -76.304767,3.591406,0 -76.306622,3.591218,0 -76.307060,3.591180,0 -76.307229,3.591165,0 -76.307079,3.589532,0 -76.306850,3.587972,0 -76.306730,3.587155,0 -76.306505,3.585239,0 -76.306267,3.583240,0 -76.306194,3.582625,0 -76.306041,3.581345,0 -76.305936,3.580475,0 -76.305869,3.580023,0 -76.305857,3.579918,0 -76.305808,3.579475,0 -76.305647,3.578038,0 -76.305462,3.576504,0 -76.305279,3.575015,0 -76.305091,3.573468,0 -76.304922,3.571950,0 -76.304681,3.570039,0 -76.304386,3.567450,0 -76.304214,3.566168,0 -76.304215,3.565955,0 -76.304263,3.565889,0 -76.304385,3.565875,0 -76.305565,3.566071,0 -76.306724,3.566276,0 -76.307926,3.566489,0 -76.308967,3.566670,0 -76.309938,3.566838,0 -76.310670,3.566955,0 -76.311006,3.567016,0 -76.311939,3.566727,0 -76.312954,3.566365,0 -76.313220,3.566279,0 -76.313304,3.566358,0 -76.313433,3.566631,0 -76.313583,3.568591,0 -76.313773,3.569449,0 -76.314173,3.569977,0 -76.315300,3.571401,0 -76.315922,3.572231,0 -76.316412,3.572629,0 -76.316845,3.572954,0 -76.317381,3.573216,0 -76.319936,3.573667,0 -76.320874,3.573821,0 -76.321308,3.573993,0 -76.321946,3.574346,0 -76.323352,3.575452,0 -76.324152,3.576157,0 -76.324921,3.576881,0 -76.326132,3.578028,0 -76.326583,3.578455,0 -76.327017,3.578976,0 -76.327288,3.579381,0 -76.327295,3.579499,0 -76.327286,3.579602,0 -76.327260,3.579738,0 -76.327183,3.580173,0 -76.327093,3.580729,0 -76.326957,3.581312,0 -76.326845,3.581574,0 -76.326699,3.581796,0 -76.326552,3.581998,0 -76.326012,3.582489,0 -76.325353,3.583049,0 -76.322656,3.585378,0 -76.321277,3.586518,0 -76.320671,3.587108,0 -76.320231,3.587499,0 -76.319902,3.587846,0 -76.319648,3.588159,0 -76.319335,3.588649,0 -76.319063,3.589155,0 -76.317467,3.592572,0 -76.317185,3.592453,0 -76.316850,3.592357,0 -76.316633,3.592322,0 -76.316362,3.592365,0 -76.315820,3.592600,0 -76.315329,3.592825,0 -76.315134,3.592980,0 -76.314930,3.593195,0 -76.314420,3.593481,0 -76.313996,3.593701,0 -76.313583,3.593757,0 -76.310147,3.594054,0 -76.309890,3.594059,0 -76.309643,3.593982,0 -76.308972,3.593738,0 -76.308855,3.593721,0 -76.308718,3.593701,0 -76.308345,3.593735,0 -76.307771,3.593837,0 -76.307554,3.593832,0 -76.307492,3.593824,0 -76.307452,3.593738,0 -76.307428,3.593620,0 -76.307327,3.592379,0 -76.307229,3.591165,0 -76.307060,3.591180,0 -76.306622,3.591218,0 -76.304767,3.591406,0 -76.304671,3.591416,0 -76.304611,3.591416,0 -76.304545,3.591417,0 -76.304486,3.591388,0 -76.304448,3.591357,0 -76.304414,3.591328,0 -76.304325,3.591250,0 -76.304262,3.591171,0 -76.304229,3.591064,0 -76.304218,3.590924,0 -76.304164,3.590419,0 -76.304142,3.590194,0 -76.304090,3.589750,0 -76.304056,3.589448,0 -76.304052,3.589400,0 -76.304035,3.589233,0 -76.304238,3.589220,0 -76.304192,3.588501,0 -76.304988,3.588367,0 -76.305049,3.588355,0 -76.304987,3.587747,0 -76.304990,3.587664,0 -76.305027,3.587584,0 -76.305140,3.587485,0</coordinates></LineString></Placemark><Placemark><name>Ruta día 2</name><styleUrl>#dia2</styleUrl><ExtendedData><Data name="INGENIO"><value>Manuelita</value></Data><Data name="DIA"><value>2</value></Data><Data name="PUNTOS"><value>MN-034, MN-019, MN-011, MN-039</value></Data><Data name="N_PUNTOS"><value>4</value></Data><Data name="KM"><value>22.1</value></Data><Data name="HORAS_VIAJE"><value>1.0</value></Data><Data name="HORAS_MUESTREO"><value>6.85</value></Data><Data name="HORAS_TOTALES"><value>7.85</value></Data><Data name="REGRESO"><value>14:20</value></Data><Data name="PEAJES"><value>0</value></Data><Data name="COSTO_COP"><value>500579</value></Data></ExtendedData><LineString><tessellate>1</tessellate><coordinates>-76.305140,3.587485,0 -76.305027,3.587584,0 -76.304990,3.587664,0 -76.304987,3.587747,0 -76.305049,3.588355,0 -76.305089,3.589125,0 -76.305096,3.589307,0 -76.304676,3.589354,0 -76.304343,3.589365,0 -76.304356,3.589479,0 -76.304393,3.589808,0 -76.304413,3.589979,0 -76.304426,3.590093,0 -76.304455,3.590354,0 -76.304480,3.590486,0 -76.304524,3.590607,0 -76.304579,3.590768,0 -76.304592,3.590918,0 -76.304591,3.591066,0 -76.304595,3.591215,0 -76.304611,3.591416,0 -76.304671,3.591416,0 -76.304767,3.591406,0 -76.306622,3.591218,0 -76.307060,3.591180,0 -76.307229,3.591165,0 -76.307310,3.591147,0 -76.307830,3.591018,0 -76.314189,3.589150,0 -76.317162,3.588292,0 -76.318235,3.587972,0 -76.318414,3.587854,0 -76.318490,3.587699,0 -76.318477,3.587497,0 -76.318402,3.587213,0 -76.318305,3.586842,0 -76.318272,3.586379,0 -76.318315,3.586127,0 -76.318406,3.586026,0 -76.318564,3.585948,0 -76.318873,3.586026,0 -76.318935,3.586057,0 -76.319516,3.586347,0 -76.319886,3.586526,0 -76.320699,3.586899,0 -76.321075,3.587071,0 -76.321855,3.587428,0 -76.322034,3.587520,0 -76.331316,3.591757,0 -76.332642,3.592319,0 -76.332726,3.592546,0 -76.332782,3.592864,0 -76.333935,3.599620,0 -76.334604,3.603536,0 -76.334631,3.603734,0 -76.334758,3.604428,0 -76.334878,3.605104,0 -76.335089,3.606438,0 -76.335356,3.608207,0 -76.335493,3.609104,0 -76.335656,3.610008,0 -76.335723,3.610147,0 -76.335810,3.610245,0 -76.335948,3.610318,0 -76.336028,3.610344,0 -76.336092,3.610376,0 -76.336180,3.610386,0 -76.336427,3.610368,0 -76.336564,3.610351,0 -76.336726,3.610343,0 -76.341277,3.609763,0 -76.350689,3.609024,0 -76.350789,3.609015,0 -76.350883,3.609214,0 -76.352722,3.612852,0 -76.352799,3.612936,0 -76.352906,3.612992,0 -76.354484,3.613494,0 -76.355740,3.613925,0 -76.354484,3.613494,0 -76.352906,3.612992,0 -76.352799,3.612936,0 -76.352722,3.612852,0 -76.350883,3.609214,0 -76.350789,3.609015,0 -76.351975,3.606801,0 -76.352335,3.606075,0 -76.352364,3.606013,0 -76.352408,3.605980,0 -76.352789,3.605768,0 -76.352862,3.605717,0 -76.352901,3.605634,0 -76.353018,3.604388,0 -76.353066,3.604217,0 -76.353682,3.602993,0 -76.354195,3.601659,0 -76.354262,3.601322,0 -76.354397,3.600391,0 -76.355074,3.594797,0 -76.355349,3.592655,0 -76.355418,3.591613,0 -76.354935,3.591620,0 -76.354466,3.591682,0 -76.354084,3.591832,0 -76.353728,3.591946,0 -76.353469,3.591995,0 -76.353221,3.592083,0 -76.353056,3.592198,0 -76.352920,3.592339,0 -76.352683,3.592523,0 -76.352357,3.592635,0 -76.352156,3.592676,0 -76.351906,3.592695,0 -76.351812,3.592731,0 -76.351753,3.592784,0 -76.351664,3.593084,0 -76.351659,3.593143,0 -76.351615,3.593204,0 -76.351536,3.593243,0 -76.351378,3.593305,0 -76.350816,3.593573,0 -76.350324,3.593904,0 -76.350072,3.594086,0 -76.349723,3.594242,0 -76.349493,3.594264,0 -76.349248,3.594244,0 -76.349174,3.594201,0 -76.349145,3.594041,0 -76.347465,3.603399,0 -76.347395,3.603587,0 -76.347228,3.603729,0 -76.347044,3.603788,0 -76.347034,3.603798,0 -76.347018,3.603974,0 -76.347013,3.604020,0 -76.346996,3.604064,0 -76.346896,3.604128,0 -76.346231,3.604577,0 -76.346212,3.604603,0 -76.346156,3.604888,0 -76.346018,3.605287,0 -76.345984,3.605316,0 -76.345672,3.605368,0 -76.345638,3.605364,0 -76.345123,3.605079,0 -76.345098,3.605077,0 -76.344594,3.605075,0 -76.344554,3.605082,0 -76.343900,3.605568,0 -76.343560,3.605884,0 -76.343367,3.605962,0 -76.343108,3.605956,0 -76.343033,3.605971,0 -76.342991,3.606034,0 -76.342963,3.606205,0 -76.342916,3.606343,0 -76.342903,3.606360,0 -76.342884,3.606365,0 -76.342781,3.606375,0 -76.342660,3.606361,0 -76.342421,3.606210,0 -76.342326,3.606034,0 -76.342345,3.605917,0 -76.342467,3.605837,0 -76.343108,3.605738,0 -76.343135,3.605712,0 -76.343507,3.605212,0 -76.343541,3.605138,0 -76.343536,3.605062,0 -76.343495,3.604963,0 -76.343140,3.604379,0 -76.343130,3.604338,0 -76.343131,3.604295,0 -76.343039,3.594493,0 -76.343029,3.592839,0 -76.343131,3.589150,0 -76.343131,3.587334,0 -76.343131,3.586519,0 -76.343129,3.586403,0 -76.340269,3.586184,0 -76.339662,3.586086,0 -76.337580,3.585416,0 -76.336629,3.585054,0 -76.335663,3.584652,0 -76.333716,3.583924,0 -76.332379,3.583326,0 -76.330692,3.582626,0 -76.329300,3.581943,0 -76.328679,3.581590,0 -76.328486,3.581459,0 -76.328399,3.581392,0 -76.328348,3.581329,0 -76.328278,3.581239,0 -76.328213,3.581145,0 -76.328183,3.581078,0 -76.328081,3.580905,0 -76.328010,3.580749,0 -76.327886,3.580531,0 -76.327614,3.580017,0 -76.327547,3.579974,0 -76.327470,3.579952,0 -76.327390,3.579956,0 -76.327315,3.579983,0 -76.327252,3.580031,0 -76.327206,3.580097,0 -76.327183,3.580173,0 -76.327093,3.580729,0 -76.326957,3.581312,0 -76.326845,3.581574,0 -76.326699,3.581796,0 -76.326552,3.581998,0 -76.326012,3.582489,0 -76.325353,3.583049,0 -76.322656,3.585378,0 -76.321277,3.586518,0 -76.321164,3.586595,0 -76.321102,3.586626,0 -76.321048,3.586647,0 -76.320972,3.586670,0 -76.320869,3.586687,0 -76.320782,3.586691,0 -76.320655,3.586678,0 -76.320439,3.586603,0 -76.319962,3.586432,0 -76.319608,3.586288,0 -76.319294,3.586175,0 -76.319122,3.586119,0 -76.318935,3.586057,0 -76.318873,3.586026,0 -76.318564,3.585948,0 -76.318406,3.586026,0 -76.318315,3.586127,0 -76.318272,3.586379,0 -76.318305,3.586842,0 -76.318402,3.587213,0 -76.318477,3.587497,0 -76.318490,3.587699,0 -76.318414,3.587854,0 -76.318235,3.587972,0 -76.317162,3.588292,0 -76.314189,3.589150,0 -76.307830,3.591018,0 -76.307310,3.591147,0 -76.307229,3.591165,0 -76.307060,3.591180,0 -76.306622,3.591218,0 -76.304767,3.591406,0 -76.304671,3.591416,0 -76.304611,3.591416,0 -76.304545,3.591417,0 -76.304486,3.591388,0 -76.304448,3.591357,0 -76.304414,3.591328,0 -76.304325,3.591250,0 -76.304262,3.591171,0 -76.304229,3.591064,0 -76.304218,3.590924,0 -76.304164,3.590419,0 -76.304142,3.590194,0 -76.304090,3.589750,0 -76.304056,3.589448,0 -76.304052,3.589400,0 -76.304035,3.589233,0 -76.304238,3.589220,0 -76.304192,3.588501,0 -76.304988,3.588367,0 -76.305049,3.588355,0 -76.304987,3.587747,0 -76.304990,3.587664,0 -76.305027,3.587584,0 -76.305140,3.587485,0</coordinates></LineString></Placemark><Placemark><name>Ruta día 3</name><styleUrl>#dia3</styleUrl><ExtendedData><Data name="INGENIO"><value>Manuelita</value></Data><Data name="DIA"><value>3</value></Data><Data name="PUNTOS"><value>MN-021, MN-029, MN-017, MN-002</value></Data><Data name="N_PUNTOS"><value>4</value></Data><Data name="KM"><value>22.1</value></Data><Data name="HORAS_VIAJE"><value>0.98</value></Data><Data name="HORAS_MUESTREO"><value>6.99</value></Data><Data name="HORAS_TOTALES"><value>7.97</value></Data><Data name="REGRESO"><value>14:28</value></Data><Data name="PEAJES"><value>0</value></Data><Data name="COSTO_COP"><value>500586</value></Data></ExtendedData><LineString><tessellate>1</tessellate><coordinates>-76.305140,3.587485,0 -76.305027,3.587584,0 -76.304990,3.587664,0 -76.304987,3.587747,0 -76.305049,3.588355,0 -76.305089,3.589125,0 -76.305096,3.589307,0 -76.304676,3.589354,0 -76.304343,3.589365,0 -76.304356,3.589479,0 -76.304393,3.589808,0 -76.304413,3.589979,0 -76.304426,3.590093,0 -76.304455,3.590354,0 -76.304480,3.590486,0 -76.304524,3.590607,0 -76.304579,3.590768,0 -76.304592,3.590918,0 -76.304591,3.591066,0 -76.304595,3.591215,0 -76.304611,3.591416,0 -76.304671,3.591416,0 -76.304767,3.591406,0 -76.306622,3.591218,0 -76.307060,3.591180,0 -76.307229,3.591165,0 -76.307310,3.591147,0 -76.307830,3.591018,0 -76.314189,3.589150,0 -76.317162,3.588292,0 -76.318235,3.587972,0 -76.318414,3.587854,0 -76.318490,3.587699,0 -76.318477,3.587497,0 -76.318402,3.587213,0 -76.318305,3.586842,0 -76.318272,3.586379,0 -76.318315,3.586127,0 -76.318406,3.586026,0 -76.318564,3.585948,0 -76.318873,3.586026,0 -76.318935,3.586057,0 -76.319516,3.586347,0 -76.319886,3.586526,0 -76.320699,3.586899,0 -76.321075,3.587071,0 -76.321855,3.587428,0 -76.322034,3.587520,0 -76.322262,3.587557,0 -76.322490,3.587516,0 -76.322689,3.587399,0 -76.322837,3.587222,0 -76.322916,3.587005,0 -76.322916,3.586774,0 -76.322837,3.586557,0 -76.322793,3.586451,0 -76.322682,3.586280,0 -76.322621,3.586085,0 -76.322613,3.585882,0 -76.322661,3.585684,0 -76.322760,3.585506,0 -76.323090,3.585217,0 -76.325420,3.583229,0 -76.325618,3.583061,0 -76.325986,3.582808,0 -76.326297,3.582578,0 -76.326541,3.582382,0 -76.326949,3.581978,0 -76.327203,3.581719,0 -76.327597,3.581350,0 -76.327809,3.581135,0 -76.327884,3.581090,0 -76.327969,3.581068,0 -76.328057,3.581071,0 -76.328140,3.581097,0 -76.328213,3.581145,0 -76.328278,3.581239,0 -76.328348,3.581329,0 -76.328399,3.581392,0 -76.328486,3.581459,0 -76.328679,3.581590,0 -76.329300,3.581943,0 -76.330692,3.582626,0 -76.332379,3.583326,0 -76.332511,3.583273,0 -76.340582,3.581959,0 -76.342568,3.581658,0 -76.342822,3.581658,0 -76.347981,3.582085,0 -76.348157,3.580096,0 -76.347981,3.582085,0 -76.351311,3.582361,0 -76.357963,3.582918,0 -76.359113,3.583040,0 -76.361151,3.583204,0 -76.361345,3.580969,0 -76.361472,3.579398,0 -76.361484,3.579249,0 -76.361536,3.578600,0 -76.361661,3.577125,0 -76.361726,3.576352,0 -76.361661,3.577125,0 -76.361536,3.578600,0 -76.361484,3.579249,0 -76.361472,3.579398,0 -76.362877,3.579550,0 -76.364252,3.579769,0 -76.365707,3.579975,0 -76.366857,3.580139,0 -76.366961,3.580193,0 -76.367007,3.580233,0 -76.367206,3.580257,0 -76.367442,3.580273,0 -76.369588,3.578576,0 -76.367442,3.580273,0 -76.369713,3.580861,0 -76.369922,3.583911,0 -76.370883,3.585279,0 -76.371208,3.585710,0 -76.372270,3.587362,0 -76.372401,3.587560,0 -76.372442,3.587680,0 -76.372450,3.587913,0 -76.372188,3.589672,0 -76.372735,3.590021,0 -76.373251,3.590377,0 -76.372735,3.590021,0 -76.372188,3.589672,0 -76.372187,3.590322,0 -76.372208,3.590432,0 -76.372294,3.590563,0 -76.373198,3.591386,0 -76.373482,3.591645,0 -76.374252,3.592338,0 -76.372446,3.594423,0 -76.372624,3.594632,0 -76.372828,3.594884,0 -76.372854,3.595083,0 -76.371875,3.594147,0 -76.371350,3.593537,0 -76.370370,3.592252,0 -76.370220,3.592113,0 -76.369749,3.591805,0 -76.369231,3.591556,0 -76.367240,3.590635,0 -76.365999,3.589854,0 -76.365625,3.589690,0 -76.361007,3.588255,0 -76.360777,3.588213,0 -76.360302,3.588151,0 -76.359953,3.588131,0 -76.358584,3.588190,0 -76.357645,3.588202,0 -76.356045,3.588403,0 -76.355842,3.588423,0 -76.352366,3.588583,0 -76.351375,3.588676,0 -76.350858,3.588671,0 -76.350375,3.588569,0 -76.350026,3.588457,0 -76.349544,3.588231,0 -76.349056,3.587924,0 -76.348806,3.587779,0 -76.348530,3.587618,0 -76.347976,3.587478,0 -76.346892,3.587245,0 -76.345938,3.587061,0 -76.345185,3.586748,0 -76.344804,3.586601,0 -76.344407,3.586495,0 -76.343806,3.586411,0 -76.343129,3.586403,0 -76.340269,3.586184,0 -76.339662,3.586086,0 -76.337580,3.585416,0 -76.336629,3.585054,0 -76.335663,3.584652,0 -76.333716,3.583924,0 -76.332379,3.583326,0 -76.330692,3.582626,0 -76.329300,3.581943,0 -76.328679,3.581590,0 -76.328486,3.581459,0 -76.328399,3.581392,0 -76.328348,3.581329,0 -76.328278,3.581239,0 -76.328213,3.581145,0 -76.328183,3.581078,0 -76.328081,3.580905,0 -76.328010,3.580749,0 -76.327886,3.580531,0 -76.327614,3.580017,0 -76.327547,3.579974,0 -76.327470,3.579952,0 -76.327390,3.579956,0 -76.327315,3.579983,0 -76.327252,3.580031,0 -76.327206,3.580097,0 -76.327183,3.580173,0 -76.327093,3.580729,0 -76.326957,3.581312,0 -76.326845,3.581574,0 -76.326699,3.581796,0 -76.326552,3.581998,0 -76.326012,3.582489,0 -76.325353,3.583049,0 -76.322656,3.585378,0 -76.321277,3.586518,0 -76.321164,3.586595,0 -76.321102,3.586626,0 -76.321048,3.586647,0 -76.320972,3.586670,0 -76.320869,3.586687,0 -76.320782,3.586691,0 -76.320655,3.586678,0 -76.320439,3.586603,0 -76.319962,3.586432,0 -76.319608,3.586288,0 -76.319294,3.586175,0 -76.319122,3.586119,0 -76.318935,3.586057,0 -76.318873,3.586026,0 -76.318564,3.585948,0 -76.318406,3.586026,0 -76.318315,3.586127,0 -76.318272,3.586379,0 -76.318305,3.586842,0 -76.318402,3.587213,0 -76.318477,3.587497,0 -76.318490,3.587699,0 -76.318414,3.587854,0 -76.318235,3.587972,0 -76.317162,3.588292,0 -76.314189,3.589150,0 -76.307830,3.591018,0 -76.307310,3.591147,0 -76.307229,3.591165,0 -76.307060,3.591180,0 -76.306622,3.591218,0 -76.304767,3.591406,0 -76.304671,3.591416,0 -76.304611,3.591416,0 -76.304545,3.591417,0 -76.304486,3.591388,0 -76.304448,3.591357,0 -76.304414,3.591328,0 -76.304325,3.591250,0 -76.304262,3.591171,0 -76.304229,3.591064,0 -76.304218,3.590924,0 -76.304164,3.590419,0 -76.304142,3.590194,0 -76.304090,3.589750,0 -76.304056,3.589448,0 -76.304052,3.589400,0 -76.304035,3.589233,0 -76.304238,3.589220,0 -76.304192,3.588501,0 -76.304988,3.588367,0 -76.305049,3.588355,0 -76.304987,3.587747,0 -76.304990,3.587664,0 -76.305027,3.587584,0 -76.305140,3.587485,0</coordinates></LineString></Placemark><Placemark><name>Ruta día 4</name><styleUrl>#dia4</styleUrl><ExtendedData><Data name="INGENIO"><value>Manuelita</value></Data><Data name="DIA"><value>4</value></Data><Data name="PUNTOS"><value>MN-026, MN-025, MN-036, MN-004</value></Data><Data name="N_PUNTOS"><value>4</value></Data><Data name="KM"><value>31.3</value></Data><Data name="HORAS_VIAJE"><value>1.22</value></Data><Data name="HORAS_MUESTREO"><value>6.89</value></Data><Data name="HORAS_TOTALES"><value>8.11</value></Data><Data name="REGRESO"><value>14:36</value></Data><Data name="PEAJES"><value>0</value></Data><Data name="COSTO_COP"><value>503564</value></Data></ExtendedData><LineString><tessellate>1</tessellate><coordinates>-76.305140,3.587485,0 -76.305027,3.587584,0 -76.304990,3.587664,0 -76.304987,3.587747,0 -76.305049,3.588355,0 -76.304988,3.588367,0 -76.304962,3.588214,0 -76.304949,3.588192,0 -76.304932,3.588173,0 -76.304909,3.588162,0 -76.304888,3.588157,0 -76.304797,3.588159,0 -76.304588,3.588180,0 -76.304370,3.588203,0 -76.304169,3.588228,0 -76.304013,3.588253,0 -76.303928,3.588266,0 -76.303808,3.587154,0 -76.303827,3.587033,0 -76.303874,3.586948,0 -76.303945,3.586849,0 -76.303982,3.586766,0 -76.304005,3.586677,0 -76.303996,3.586634,0 -76.303989,3.586599,0 -76.303946,3.586536,0 -76.303895,3.586513,0 -76.303849,3.586509,0 -76.303777,3.586505,0 -76.303722,3.586508,0 -76.303636,3.586479,0 -76.303591,3.586422,0 -76.303572,3.586382,0 -76.303528,3.586291,0 -76.303368,3.586295,0 -76.303246,3.586245,0 -76.302885,3.586013,0 -76.302273,3.585619,0 -76.302151,3.585534,0 -76.300981,3.584802,0 -76.300613,3.584572,0 -76.300341,3.584393,0 -76.300273,3.584357,0 -76.300162,3.584272,0 -76.299777,3.584043,0 -76.298431,3.583177,0 -76.293161,3.579745,0 -76.290812,3.578238,0 -76.287055,3.575794,0 -76.286980,3.575746,0 -76.286586,3.575490,0 -76.286336,3.575890,0 -76.284360,3.578995,0 -76.284165,3.579302,0 -76.283973,3.579604,0 -76.283873,3.579742,0 -76.282446,3.581702,0 -76.280688,3.584112,0 -76.280335,3.584553,0 -76.279827,3.585007,0 -76.276850,3.587412,0 -76.276222,3.587929,0 -76.273375,3.590248,0 -76.272888,3.590744,0 -76.272595,3.591231,0 -76.272037,3.593571,0 -76.271487,3.595935,0 -76.271370,3.596580,0 -76.271334,3.597057,0 -76.271272,3.598089,0 -76.271241,3.598537,0 -76.271173,3.598889,0 -76.270980,3.599444,0 -76.270494,3.600601,0 -76.270369,3.600900,0 -76.270286,3.601111,0 -76.270156,3.601507,0 -76.270070,3.601919,0 -76.270074,3.602161,0 -76.270098,3.602416,0 -76.270121,3.602593,0 -76.270454,3.604455,0 -76.270493,3.604678,0 -76.270523,3.604845,0 -76.270587,3.605246,0 -76.270666,3.605827,0 -76.270728,3.606386,0 -76.270747,3.606581,0 -76.270765,3.606763,0 -76.270782,3.606908,0 -76.270824,3.607266,0 -76.270851,3.607480,0 -76.270901,3.607870,0 -76.270916,3.607999,0 -76.270962,3.608518,0 -76.270990,3.608760,0 -76.271005,3.608856,0 -76.271018,3.608947,0 -76.271058,3.609205,0 -76.271067,3.609246,0 -76.271129,3.609586,0 -76.271158,3.609697,0 -76.271201,3.609849,0 -76.271239,3.609960,0 -76.271275,3.610050,0 -76.271333,3.610178,0 -76.271413,3.610337,0 -76.271552,3.610614,0 -76.271627,3.610764,0 -76.271866,3.611236,0 -76.271910,3.611321,0 -76.272107,3.611685,0 -76.272255,3.611934,0 -76.272329,3.612071,0 -76.272461,3.612263,0 -76.272589,3.612451,0 -76.272690,3.612599,0 -76.272793,3.612754,0 -76.272956,3.612990,0 -76.273034,3.613103,0 -76.273170,3.613298,0 -76.273216,3.613369,0 -76.273265,3.613427,0 -76.273292,3.613870,0 -76.273289,3.614069,0 -76.273299,3.614761,0 -76.273327,3.615189,0 -76.273203,3.615169,0 -76.273125,3.615169,0 -76.273066,3.615215,0 -76.272570,3.615688,0 -76.272143,3.616111,0 -76.271467,3.616829,0 -76.271383,3.616885,0 -76.271202,3.616965,0 -76.271051,3.617003,0 -76.267380,3.617445,0 -76.267272,3.617455,0 -76.267165,3.617461,0 -76.267012,3.617462,0 -76.266859,3.617455,0 -76.266713,3.617409,0 -76.266566,3.617369,0 -76.266416,3.617337,0 -76.266265,3.617312,0 -76.266114,3.617295,0 -76.265946,3.617284,0 -76.265777,3.617282,0 -76.265693,3.617284,0 -76.265609,3.617289,0 -76.265494,3.617303,0 -76.265379,3.617325,0 -76.265266,3.617354,0 -76.264817,3.617500,0 -76.264365,3.617637,0 -76.263942,3.617758,0 -76.263518,3.617871,0 -76.263092,3.617977,0 -76.262664,3.618076,0 -76.261630,3.618360,0 -76.261473,3.618403,0 -76.261630,3.618360,0 -76.262664,3.618076,0 -76.263092,3.617977,0 -76.263518,3.617871,0 -76.263942,3.617758,0 -76.264365,3.617637,0 -76.264817,3.617500,0 -76.265266,3.617354,0 -76.265379,3.617325,0 -76.265494,3.617303,0 -76.265609,3.617289,0 -76.265693,3.617284,0 -76.265777,3.617282,0 -76.265946,3.617284,0 -76.266114,3.617295,0 -76.266265,3.617312,0 -76.266416,3.617337,0 -76.266566,3.617369,0 -76.266713,3.617409,0 -76.266859,3.617455,0 -76.267012,3.617462,0 -76.267165,3.617461,0 -76.267272,3.617455,0 -76.267380,3.617445,0 -76.271051,3.617003,0 -76.271202,3.616965,0 -76.271383,3.616885,0 -76.271467,3.616829,0 -76.272143,3.616111,0 -76.272570,3.615688,0 -76.273066,3.615215,0 -76.273125,3.615169,0 -76.273203,3.615169,0 -76.273327,3.615189,0 -76.273299,3.614761,0 -76.273289,3.614069,0 -76.273292,3.613870,0 -76.273265,3.613427,0 -76.273216,3.613369,0 -76.273170,3.613298,0 -76.273034,3.613103,0 -76.272956,3.612990,0 -76.272793,3.612754,0 -76.272690,3.612599,0 -76.272589,3.612451,0 -76.272461,3.612263,0 -76.272329,3.612071,0 -76.272255,3.611934,0 -76.272107,3.611685,0 -76.271910,3.611321,0 -76.271866,3.611236,0 -76.271627,3.610764,0 -76.271552,3.610614,0 -76.271413,3.610337,0 -76.271333,3.610178,0 -76.271275,3.610050,0 -76.271239,3.609960,0 -76.271201,3.609849,0 -76.271158,3.609697,0 -76.271129,3.609586,0 -76.271067,3.609246,0 -76.271058,3.609205,0 -76.271018,3.608947,0 -76.271005,3.608856,0 -76.270990,3.608760,0 -76.270962,3.608518,0 -76.270916,3.607999,0 -76.270901,3.607870,0 -76.270851,3.607480,0 -76.270824,3.607266,0 -76.270782,3.606908,0 -76.270765,3.606763,0 -76.270747,3.606581,0 -76.270127,3.606727,0 -76.269954,3.606771,0 -76.269271,3.606940,0 -76.268771,3.607071,0 -76.268385,3.607172,0 -76.267859,3.607294,0 -76.267664,3.607336,0 -76.267582,3.607346,0 -76.267495,3.607346,0 -76.267167,3.607333,0 -76.266672,3.607320,0 -76.266254,3.607281,0 -76.266082,3.607417,0 -76.264558,3.608700,0 -76.266082,3.607417,0 -76.266254,3.607281,0 -76.265646,3.607172,0 -76.265566,3.607141,0 -76.265531,3.607126,0 -76.265488,3.607097,0 -76.263930,3.605680,0 -76.263450,3.605296,0 -76.263095,3.604935,0 -76.262768,3.604627,0 -76.262731,3.604583,0 -76.262693,3.604538,0 -76.262667,3.604488,0 -76.262398,3.603642,0 -76.261259,3.600760,0 -76.261069,3.600437,0 -76.256650,3.601396,0 -76.255546,3.601636,0 -76.255256,3.601699,0 -76.253529,3.602042,0 -76.250922,3.602629,0 -76.249404,3.602942,0 -76.249229,3.602177,0 -76.249091,3.601578,0 -76.248611,3.599486,0 -76.248890,3.598565,0 -76.249452,3.595725,0 -76.250100,3.592215,0 -76.250221,3.591338,0 -76.246240,3.590401,0 -76.246198,3.590375,0 -76.246165,3.590331,0 -76.246161,3.590281,0 -76.246166,3.590226,0 -76.246636,3.589016,0 -76.247490,3.587070,0 -76.248303,3.585112,0 -76.248297,3.585064,0 -76.248270,3.585022,0 -76.248212,3.584994,0 -76.246432,3.584618,0 -76.235424,3.582177,0 -76.233724,3.581790,0 -76.233678,3.581761,0 -76.233724,3.581790,0 -76.235424,3.582177,0 -76.246432,3.584618,0 -76.248212,3.584994,0 -76.248270,3.585022,0 -76.248297,3.585064,0 -76.248303,3.585112,0 -76.247490,3.587070,0 -76.246636,3.589016,0 -76.246166,3.590226,0 -76.246161,3.590281,0 -76.246165,3.590331,0 -76.246198,3.590375,0 -76.246240,3.590401,0 -76.250221,3.591338,0 -76.254849,3.592441,0 -76.257535,3.593059,0 -76.258757,3.593340,0 -76.259894,3.593589,0 -76.260022,3.593624,0 -76.260169,3.593667,0 -76.260593,3.590825,0 -76.260902,3.589115,0 -76.260899,3.588903,0 -76.260596,3.586288,0 -76.260599,3.586122,0 -76.260669,3.585975,0 -76.261838,3.585215,0 -76.262117,3.585014,0 -76.262173,3.584979,0 -76.262246,3.584979,0 -76.265239,3.586237,0 -76.266905,3.586898,0 -76.271644,3.588828,0 -76.273162,3.589417,0 -76.272858,3.590183,0 -76.272746,3.590426,0 -76.272589,3.590725,0 -76.272517,3.590878,0 -76.272457,3.591051,0 -76.271902,3.593502,0 -76.272037,3.593571,0 -76.272595,3.591231,0 -76.272888,3.590744,0 -76.273375,3.590248,0 -76.276222,3.587929,0 -76.276850,3.587412,0 -76.279827,3.585007,0 -76.280335,3.584553,0 -76.280688,3.584112,0 -76.282446,3.581702,0 -76.283873,3.579742,0 -76.283973,3.579604,0 -76.284165,3.579302,0 -76.284360,3.578995,0 -76.286336,3.575890,0 -76.286586,3.575490,0 -76.286980,3.575746,0 -76.287055,3.575794,0 -76.290812,3.578238,0 -76.293161,3.579745,0 -76.298431,3.583177,0 -76.299777,3.584043,0 -76.300162,3.584272,0 -76.300273,3.584357,0 -76.300341,3.584393,0 -76.300613,3.584572,0 -76.300981,3.584802,0 -76.302151,3.585534,0 -76.302273,3.585619,0 -76.302885,3.586013,0 -76.303246,3.586245,0 -76.303368,3.586295,0 -76.303528,3.586291,0 -76.303568,3.586570,0 -76.303587,3.586797,0 -76.303780,3.588288,0 -76.303928,3.588266,0 -76.304013,3.588253,0 -76.304169,3.588228,0 -76.304370,3.588203,0 -76.304588,3.588180,0 -76.304797,3.588159,0 -76.304888,3.588157,0 -76.304909,3.588162,0 -76.304932,3.588173,0 -76.304949,3.588192,0 -76.304962,3.588214,0 -76.304988,3.588367,0 -76.305049,3.588355,0 -76.304987,3.587747,0 -76.304990,3.587664,0 -76.305027,3.587584,0 -76.305140,3.587485,0</coordinates></LineString></Placemark><Placemark><name>Ruta día 5</name><styleUrl>#dia5</styleUrl><ExtendedData><Data name="INGENIO"><value>Manuelita</value></Data><Data name="DIA"><value>5</value></Data><Data name="PUNTOS"><value>MN-035, MN-009, MN-030, MN-024</value></Data><Data name="N_PUNTOS"><value>4</value></Data><Data name="KM"><value>45.3</value></Data><Data name="HORAS_VIAJE"><value>1.6</value></Data><Data name="HORAS_MUESTREO"><value>7.32</value></Data><Data name="HORAS_TOTALES"><value>8.92</value></Data><Data name="REGRESO"><value>15:24</value></Data><Data name="PEAJES"><value>0</value></Data><Data name="COSTO_COP"><value>508117</value></Data></ExtendedData><LineString><tessellate>1</tessellate><coordinates>-76.305140,3.587485,0 -76.305027,3.587584,0 -76.304990,3.587664,0 -76.304987,3.587747,0 -76.305049,3.588355,0 -76.305089,3.589125,0 -76.305096,3.589307,0 -76.304676,3.589354,0 -76.304343,3.589365,0 -76.304356,3.589479,0 -76.304393,3.589808,0 -76.304413,3.589979,0 -76.304426,3.590093,0 -76.304455,3.590354,0 -76.304480,3.590486,0 -76.304524,3.590607,0 -76.304579,3.590768,0 -76.304592,3.590918,0 -76.304591,3.591066,0 -76.304595,3.591215,0 -76.304611,3.591416,0 -76.304671,3.591416,0 -76.304767,3.591406,0 -76.306622,3.591218,0 -76.307060,3.591180,0 -76.307229,3.591165,0 -76.307310,3.591147,0 -76.307830,3.591018,0 -76.314189,3.589150,0 -76.317162,3.588292,0 -76.318235,3.587972,0 -76.318414,3.587854,0 -76.318490,3.587699,0 -76.318477,3.587497,0 -76.318402,3.587213,0 -76.318305,3.586842,0 -76.318272,3.586379,0 -76.318315,3.586127,0 -76.318406,3.586026,0 -76.318564,3.585948,0 -76.318873,3.586026,0 -76.318935,3.586057,0 -76.319516,3.586347,0 -76.319886,3.586526,0 -76.320699,3.586899,0 -76.321075,3.587071,0 -76.321855,3.587428,0 -76.322034,3.587520,0 -76.322262,3.587557,0 -76.322490,3.587516,0 -76.322689,3.587399,0 -76.322837,3.587222,0 -76.322916,3.587005,0 -76.322916,3.586774,0 -76.322837,3.586557,0 -76.322793,3.586451,0 -76.322682,3.586280,0 -76.322621,3.586085,0 -76.322613,3.585882,0 -76.322661,3.585684,0 -76.322760,3.585506,0 -76.323090,3.585217,0 -76.325420,3.583229,0 -76.325618,3.583061,0 -76.325940,3.582784,0 -76.326431,3.582350,0 -76.327177,3.581542,0 -76.327359,3.581311,0 -76.327541,3.581012,0 -76.327676,3.580744,0 -76.327784,3.580518,0 -76.327867,3.580317,0 -76.328006,3.579930,0 -76.328647,3.578142,0 -76.328733,3.577858,0 -76.328824,3.577540,0 -76.329585,3.574796,0 -76.331214,3.570290,0 -76.331278,3.570140,0 -76.331468,3.569747,0 -76.333062,3.566743,0 -76.333086,3.566687,0 -76.333378,3.566010,0 -76.333810,3.564238,0 -76.333978,3.563696,0 -76.334675,3.561889,0 -76.335057,3.560830,0 -76.335620,3.558929,0 -76.335883,3.558016,0 -76.336146,3.557026,0 -76.336228,3.556745,0 -76.336818,3.554714,0 -76.337453,3.552411,0 -76.337621,3.551824,0 -76.338365,3.549206,0 -76.338515,3.548521,0 -76.338595,3.548058,0 -76.338619,3.547562,0 -76.338579,3.546339,0 -76.338447,3.545496,0 -76.338370,3.545078,0 -76.338316,3.544698,0 -76.338321,3.544130,0 -76.338617,3.537746,0 -76.338624,3.537044,0 -76.338584,3.536355,0 -76.338405,3.535160,0 -76.338264,3.534572,0 -76.338213,3.534391,0 -76.338171,3.534142,0 -76.337903,3.533283,0 -76.337755,3.532340,0 -76.337820,3.532049,0 -76.337943,3.531883,0 -76.338363,3.531635,0 -76.338416,3.531623,0 -76.342911,3.530657,0 -76.348114,3.529595,0 -76.348361,3.529530,0 -76.348477,3.529582,0 -76.348533,3.529615,0 -76.348558,3.529666,0 -76.348562,3.532145,0 -76.348554,3.534852,0 -76.348599,3.535385,0 -76.348747,3.536332,0 -76.348838,3.536907,0 -76.348896,3.537000,0 -76.348996,3.537036,0 -76.349979,3.536947,0 -76.350179,3.536938,0 -76.350713,3.536936,0 -76.352775,3.536833,0 -76.354420,3.536742,0 -76.356182,3.536731,0 -76.357325,3.537141,0 -76.358336,3.537484,0 -76.359249,3.537789,0 -76.359408,3.537831,0 -76.359399,3.537982,0 -76.359283,3.538972,0 -76.359314,3.539286,0 -76.359371,3.539544,0 -76.359545,3.540028,0 -76.360789,3.543683,0 -76.360830,3.543805,0 -76.361781,3.546631,0 -76.362314,3.548240,0 -76.372318,3.543496,0 -76.372600,3.546473,0 -76.372656,3.547067,0 -76.372978,3.551179,0 -76.373141,3.553116,0 -76.374201,3.553428,0 -76.374621,3.555372,0 -76.374931,3.557428,0 -76.375056,3.557442,0 -76.375376,3.557497,0 -76.375490,3.557524,0 -76.375635,3.557560,0 -76.376041,3.557684,0 -76.376989,3.558033,0 -76.377596,3.558255,0 -76.378633,3.558691,0 -76.380006,3.559170,0 -76.380344,3.559304,0 -76.380646,3.559433,0 -76.380833,3.559507,0 -76.382378,3.560003,0 -76.383265,3.560312,0 -76.384084,3.560611,0 -76.384930,3.560922,0 -76.385330,3.561092,0 -76.386019,3.561425,0 -76.386277,3.561532,0 -76.386888,3.561774,0 -76.387395,3.561987,0 -76.388207,3.562327,0 -76.388507,3.562388,0 -76.389908,3.562947,0 -76.390189,3.563213,0 -76.390260,3.563405,0 -76.390242,3.563580,0 -76.390150,3.563771,0 -76.389619,3.564473,0 -76.389230,3.564934,0 -76.389213,3.565037,0 -76.389322,3.565491,0 -76.389361,3.565881,0 -76.389253,3.567150,0 -76.389227,3.567461,0 -76.389267,3.567583,0 -76.389350,3.567654,0 -76.390910,3.568262,0 -76.393179,3.569289,0 -76.394168,3.569882,0 -76.394271,3.569943,0 -76.396623,3.571044,0 -76.396841,3.571136,0 -76.397669,3.571488,0 -76.398377,3.571729,0 -76.399533,3.571884,0 -76.402244,3.573009,0 -76.403058,3.573298,0 -76.404114,3.573778,0 -76.404884,3.574083,0 -76.405760,3.574474,0 -76.406866,3.575030,0 -76.407997,3.575541,0 -76.406601,3.579415,0 -76.406093,3.580824,0 -76.405501,3.582314,0 -76.403429,3.586953,0 -76.402599,3.588810,0 -76.402382,3.589219,0 -76.401386,3.591390,0 -76.401233,3.591789,0 -76.401173,3.591960,0 -76.401125,3.592175,0 -76.401106,3.592429,0 -76.401090,3.592694,0 -76.401053,3.593328,0 -76.401021,3.593915,0 -76.400887,3.596129,0 -76.400844,3.596881,0 -76.400778,3.597932,0 -76.400728,3.598845,0 -76.400557,3.601750,0 -76.400514,3.602590,0 -76.400286,3.606496,0 -76.400121,3.609241,0 -76.399871,3.613407,0 -76.399800,3.614752,0 -76.399749,3.615417,0 -76.399691,3.615630,0 -76.399657,3.615720,0 -76.399618,3.615828,0 -76.399544,3.615979,0 -76.399413,3.616201,0 -76.399462,3.616156,0 -76.399504,3.616114,0 -76.399629,3.615989,0 -76.399677,3.615955,0 -76.399764,3.615953,0 -76.399840,3.615953,0 -76.400484,3.616024,0 -76.401783,3.616161,0 -76.402190,3.616209,0 -76.402525,3.616251,0 -76.402794,3.616290,0 -76.403964,3.616455,0 -76.405056,3.616608,0 -76.405693,3.616710,0 -76.405908,3.616743,0 -76.406255,3.616783,0 -76.406538,3.616814,0 -76.408311,3.616982,0 -76.409142,3.617062,0 -76.410040,3.617153,0 -76.411196,3.617258,0 -76.411225,3.616837,0 -76.411295,3.616572,0 -76.411521,3.615924,0 -76.411928,3.614872,0 -76.411926,3.614829,0 -76.411913,3.614804,0 -76.411926,3.614829,0 -76.411928,3.614872,0 -76.411521,3.615924,0 -76.411295,3.616572,0 -76.411225,3.616837,0 -76.411196,3.617258,0 -76.410040,3.617153,0 -76.409142,3.617062,0 -76.408311,3.616982,0 -76.406538,3.616814,0 -76.406255,3.616783,0 -76.405908,3.616743,0 -76.405693,3.616710,0 -76.405056,3.616608,0 -76.403964,3.616455,0 -76.402794,3.616290,0 -76.402525,3.616251,0 -76.402190,3.616209,0 -76.401783,3.616161,0 -76.400484,3.616024,0 -76.399840,3.615953,0 -76.399780,3.615928,0 -76.399731,3.615886,0 -76.399697,3.615831,0 -76.399681,3.615769,0 -76.399684,3.615704,0 -76.399691,3.615630,0 -76.399657,3.615720,0 -76.399596,3.615803,0 -76.399510,3.615887,0 -76.399399,3.615931,0 -76.399279,3.615922,0 -76.398549,3.615802,0 -76.397062,3.615639,0 -76.396800,3.615611,0 -76.395953,3.615522,0 -76.394942,3.615422,0 -76.393395,3.615267,0 -76.392481,3.615156,0 -76.391834,3.615102,0 -76.391401,3.615049,0 -76.391063,3.615033,0 -76.390826,3.615017,0 -76.390205,3.614957,0 -76.389897,3.614923,0 -76.389412,3.614877,0 -76.389270,3.614862,0 -76.389164,3.614851,0 -76.388458,3.614777,0 -76.387689,3.614711,0 -76.386800,3.614619,0 -76.386164,3.614571,0 -76.385960,3.613981,0 -76.385856,3.613657,0 -76.385702,3.613307,0 -76.385627,3.613135,0 -76.385488,3.612835,0 -76.385353,3.612545,0 -76.385233,3.612351,0 -76.384952,3.611943,0 -76.384616,3.611535,0 -76.384428,3.611384,0 -76.384132,3.611190,0 -76.383683,3.610904,0 -76.383474,3.610766,0 -76.383221,3.610550,0 -76.382989,3.610364,0 -76.382709,3.610078,0 -76.382543,3.609877,0 -76.382284,3.609536,0 -76.382006,3.609069,0 -76.381715,3.608505,0 -76.381631,3.608329,0 -76.381505,3.608097,0 -76.381452,3.607960,0 -76.381432,3.607797,0 -76.381396,3.607429,0 -76.381356,3.607298,0 -76.381297,3.607160,0 -76.381222,3.607066,0 -76.380868,3.606694,0 -76.380085,3.606054,0 -76.379145,3.605330,0 -76.379087,3.605288,0 -76.378642,3.604939,0 -76.378526,3.604843,0 -76.378148,3.604553,0 -76.377829,3.604261,0 -76.377477,3.603917,0 -76.377224,3.603656,0 -76.377068,3.603463,0 -76.375904,3.601541,0 -76.375824,3.601381,0 -76.375746,3.601225,0 -76.375599,3.600780,0 -76.375387,3.600088,0 -76.375220,3.599373,0 -76.375076,3.598629,0 -76.374984,3.598029,0 -76.374727,3.597071,0 -76.374673,3.596889,0 -76.374597,3.596733,0 -76.374453,3.596557,0 -76.374334,3.596401,0 -76.374088,3.596108,0 -76.373937,3.595956,0 -76.373441,3.595566,0 -76.372978,3.595202,0 -76.372854,3.595083,0 -76.371875,3.594147,0 -76.371350,3.593537,0 -76.370370,3.592252,0 -76.370220,3.592113,0 -76.369749,3.591805,0 -76.369231,3.591556,0 -76.367240,3.590635,0 -76.365999,3.589854,0 -76.365625,3.589690,0 -76.361007,3.588255,0 -76.360777,3.588213,0 -76.360302,3.588151,0 -76.359953,3.588131,0 -76.358584,3.588190,0 -76.357645,3.588202,0 -76.356045,3.588403,0 -76.355842,3.588423,0 -76.352366,3.588583,0 -76.351375,3.588676,0 -76.350858,3.588671,0 -76.350375,3.588569,0 -76.350026,3.588457,0 -76.349544,3.588231,0 -76.349056,3.587924,0 -76.348806,3.587779,0 -76.348530,3.587618,0 -76.347976,3.587478,0 -76.346892,3.587245,0 -76.345938,3.587061,0 -76.345185,3.586748,0 -76.344804,3.586601,0 -76.344407,3.586495,0 -76.343806,3.586411,0 -76.343129,3.586403,0 -76.340269,3.586184,0 -76.339662,3.586086,0 -76.337580,3.585416,0 -76.336629,3.585054,0 -76.335663,3.584652,0 -76.333716,3.583924,0 -76.332379,3.583326,0 -76.332313,3.583347,0 -76.332296,3.583352,0 -76.332245,3.583372,0 -76.332158,3.583408,0 -76.331316,3.591757,0 -76.332642,3.592319,0 -76.332726,3.592546,0 -76.332782,3.592864,0 -76.333935,3.599620,0 -76.332782,3.592864,0 -76.332726,3.592546,0 -76.332642,3.592319,0 -76.331316,3.591757,0 -76.322034,3.587520,0 -76.321855,3.587428,0 -76.321075,3.587071,0 -76.320699,3.586899,0 -76.319886,3.586526,0 -76.319516,3.586347,0 -76.318935,3.586057,0 -76.318873,3.586026,0 -76.318564,3.585948,0 -76.318406,3.586026,0 -76.318315,3.586127,0 -76.318272,3.586379,0 -76.318305,3.586842,0 -76.318402,3.587213,0 -76.318477,3.587497,0 -76.318490,3.587699,0 -76.318414,3.587854,0 -76.318235,3.587972,0 -76.317162,3.588292,0 -76.314189,3.589150,0 -76.307830,3.591018,0 -76.307310,3.591147,0 -76.307229,3.591165,0 -76.307060,3.591180,0 -76.306622,3.591218,0 -76.304767,3.591406,0 -76.304671,3.591416,0 -76.304611,3.591416,0 -76.304545,3.591417,0 -76.304486,3.591388,0 -76.304448,3.591357,0 -76.304414,3.591328,0 -76.304325,3.591250,0 -76.304262,3.591171,0 -76.304229,3.591064,0 -76.304218,3.590924,0 -76.304164,3.590419,0 -76.304142,3.590194,0 -76.304090,3.589750,0 -76.304056,3.589448,0 -76.304052,3.589400,0 -76.304035,3.589233,0 -76.304238,3.589220,0 -76.304192,3.588501,0 -76.304988,3.588367,0 -76.305049,3.588355,0 -76.304987,3.587747,0 -76.304990,3.587664,0 -76.305027,3.587584,0 -76.305140,3.587485,0</coordinates></LineString></Placemark><Placemark><name>Ruta día 6</name><styleUrl>#dia6</styleUrl><ExtendedData><Data name="INGENIO"><value>Manuelita</value></Data><Data name="DIA"><value>6</value></Data><Data name="PUNTOS"><value>MN-032, MN-045, MN-031, MN-028</value></Data><Data name="N_PUNTOS"><value>4</value></Data><Data name="KM"><value>54.5</value></Data><Data name="HORAS_VIAJE"><value>1.79</value></Data><Data name="HORAS_MUESTREO"><value>7.2</value></Data><Data name="HORAS_TOTALES"><value>8.98</value></Data><Data name="REGRESO"><value>15:29</value></Data><Data name="PEAJES"><value>1</value></Data><Data name="COSTO_COP"><value>525117</value></Data></ExtendedData><LineString><tessellate>1</tessellate><coordinates>-76.305140,3.587485,0 -76.305027,3.587584,0 -76.304990,3.587664,0 -76.304987,3.587747,0 -76.305049,3.588355,0 -76.305089,3.589125,0 -76.305096,3.589307,0 -76.304676,3.589354,0 -76.304343,3.589365,0 -76.304356,3.589479,0 -76.304393,3.589808,0 -76.304413,3.589979,0 -76.304426,3.590093,0 -76.304455,3.590354,0 -76.304480,3.590486,0 -76.304524,3.590607,0 -76.304579,3.590768,0 -76.304592,3.590918,0 -76.304591,3.591066,0 -76.304595,3.591215,0 -76.304611,3.591416,0 -76.304671,3.591416,0 -76.304767,3.591406,0 -76.306622,3.591218,0 -76.307060,3.591180,0 -76.307229,3.591165,0 -76.307310,3.591147,0 -76.307830,3.591018,0 -76.314189,3.589150,0 -76.313986,3.587541,0 -76.313589,3.584786,0 -76.313154,3.581938,0 -76.312916,3.580135,0 -76.314262,3.579944,0 -76.317121,3.579489,0 -76.320864,3.578892,0 -76.323615,3.578431,0 -76.325557,3.578137,0 -76.326132,3.578028,0 -76.326583,3.578455,0 -76.327017,3.578976,0 -76.327288,3.579381,0 -76.327448,3.579692,0 -76.327614,3.580017,0 -76.327886,3.580531,0 -76.328010,3.580749,0 -76.328069,3.580771,0 -76.328124,3.580777,0 -76.328225,3.580759,0 -76.328293,3.580731,0 -76.328336,3.580678,0 -76.328368,3.580627,0 -76.328394,3.580531,0 -76.328405,3.580142,0 -76.328400,3.579772,0 -76.328400,3.579459,0 -76.328419,3.579173,0 -76.328448,3.578964,0 -76.328491,3.578736,0 -76.328647,3.578142,0 -76.328733,3.577858,0 -76.328824,3.577540,0 -76.329585,3.574796,0 -76.331214,3.570290,0 -76.331278,3.570140,0 -76.331468,3.569747,0 -76.333062,3.566743,0 -76.333086,3.566687,0 -76.333378,3.566010,0 -76.333810,3.564238,0 -76.333978,3.563696,0 -76.334675,3.561889,0 -76.335057,3.560830,0 -76.335620,3.558929,0 -76.335883,3.558016,0 -76.336146,3.557026,0 -76.336228,3.556745,0 -76.336818,3.554714,0 -76.337453,3.552411,0 -76.337621,3.551824,0 -76.338365,3.549206,0 -76.338515,3.548521,0 -76.338595,3.548058,0 -76.338619,3.547562,0 -76.338579,3.546339,0 -76.338447,3.545496,0 -76.338370,3.545078,0 -76.338316,3.544698,0 -76.338321,3.544130,0 -76.338617,3.537746,0 -76.338624,3.537044,0 -76.338584,3.536355,0 -76.338405,3.535160,0 -76.338264,3.534572,0 -76.338213,3.534391,0 -76.337837,3.533298,0 -76.337536,3.531966,0 -76.337501,3.531639,0 -76.337495,3.531382,0 -76.337589,3.528405,0 -76.337602,3.527909,0 -76.337666,3.525696,0 -76.337716,3.524751,0 -76.337731,3.524224,0 -76.337761,3.523709,0 -76.337744,3.522877,0 -76.337771,3.521948,0 -76.337816,3.520711,0 -76.337820,3.520577,0 -76.337879,3.518507,0 -76.337887,3.518287,0 -76.337924,3.517059,0 -76.337930,3.516691,0 -76.337943,3.515884,0 -76.337951,3.515413,0 -76.337814,3.514674,0 -76.337235,3.513373,0 -76.336854,3.512626,0 -76.336736,3.512398,0 -76.334483,3.507997,0 -76.334445,3.507922,0 -76.332761,3.504643,0 -76.332174,3.503367,0 -76.331913,3.502743,0 -76.331644,3.502114,0 -76.332292,3.502126,0 -76.332868,3.502133,0 -76.333496,3.502143,0 -76.334121,3.502127,0 -76.334236,3.502113,0 -76.334340,3.502080,0 -76.334857,3.501709,0 -76.335383,3.501356,0 -76.335809,3.501139,0 -76.336269,3.500961,0 -76.338531,3.500269,0 -76.340834,3.499623,0 -76.343117,3.498972,0 -76.345428,3.498341,0 -76.345568,3.498271,0 -76.345654,3.498213,0 -76.345720,3.498144,0 -76.346264,3.497199,0 -76.346409,3.496984,0 -76.346562,3.496849,0 -76.352100,3.494457,0 -76.356323,3.493464,0 -76.356821,3.493347,0 -76.357080,3.493267,0 -76.358703,3.492411,0 -76.359201,3.492292,0 -76.360065,3.492166,0 -76.360523,3.492226,0 -76.362156,3.492802,0 -76.363795,3.494143,0 -76.365098,3.494718,0 -76.365464,3.494986,0 -76.366109,3.495655,0 -76.367005,3.496153,0 -76.367493,3.496320,0 -76.368425,3.496437,0 -76.369816,3.496074,0 -76.370646,3.496087,0 -76.371783,3.496185,0 -76.377628,3.495738,0 -76.379891,3.495609,0 -76.380121,3.495645,0 -76.381537,3.496517,0 -76.382499,3.496860,0 -76.384911,3.497054,0 -76.384936,3.497053,0 -76.384963,3.497038,0 -76.384998,3.497006,0 -76.385043,3.496947,0 -76.385578,3.495542,0 -76.386484,3.492786,0 -76.386552,3.492590,0 -76.386555,3.492582,0 -76.387398,3.490263,0 -76.388632,3.484941,0 -76.388744,3.484759,0 -76.388943,3.484727,0 -76.391598,3.484229,0 -76.391813,3.484202,0 -76.391974,3.484116,0 -76.392027,3.483881,0 -76.392263,3.483559,0 -76.392430,3.483367,0 -76.393796,3.479789,0 -76.393880,3.479569,0 -76.394399,3.478212,0 -76.394815,3.477123,0 -76.394868,3.476985,0 -76.394917,3.477015,0 -76.396540,3.477978,0 -76.397034,3.478206,0 -76.397505,3.478390,0 -76.398600,3.478819,0 -76.399402,3.479070,0 -76.399667,3.479111,0 -76.399906,3.479105,0 -76.400590,3.479024,0 -76.401154,3.478957,0 -76.401426,3.478924,0 -76.401560,3.478926,0 -76.401760,3.478950,0 -76.402629,3.479121,0 -76.402726,3.479123,0 -76.402795,3.479116,0 -76.403554,3.478993,0 -76.403622,3.478990,0 -76.403905,3.479003,0 -76.404023,3.479006,0 -76.404081,3.479017,0 -76.404123,3.479036,0 -76.404297,3.479127,0 -76.404627,3.479293,0 -76.405767,3.479951,0 -76.406567,3.480392,0 -76.406959,3.480592,0 -76.407187,3.480700,0 -76.407300,3.480746,0 -76.407431,3.480758,0 -76.407599,3.480729,0 -76.407782,3.480653,0 -76.408792,3.480176,0 -76.409015,3.480112,0 -76.409154,3.480095,0 -76.409779,3.480018,0 -76.410533,3.480024,0 -76.411668,3.480121,0 -76.413037,3.480234,0 -76.413431,3.480347,0 -76.413863,3.480539,0 -76.414016,3.480639,0 -76.414091,3.480687,0 -76.414582,3.481003,0 -76.414852,3.481121,0 -76.415668,3.481297,0 -76.417227,3.481345,0 -76.418330,3.481258,0 -76.418506,3.481244,0 -76.418710,3.481249,0 -76.418811,3.481257,0 -76.418905,3.481285,0 -76.420144,3.482181,0 -76.420363,3.482347,0 -76.420938,3.482946,0 -76.421176,3.483186,0 -76.421522,3.483402,0 -76.421971,3.483613,0 -76.422711,3.483793,0 -76.422966,3.483841,0 -76.423288,3.483845,0 -76.422873,3.484499,0 -76.422465,3.485094,0 -76.422421,3.485159,0 -76.422371,3.485249,0 -76.422352,3.485313,0 -76.422350,3.485376,0 -76.422358,3.485492,0 -76.422440,3.486097,0 -76.422460,3.486237,0 -76.422696,3.487803,0 -76.422838,3.488874,0 -76.422958,3.489784,0 -76.422980,3.489918,0 -76.423009,3.490095,0 -76.423122,3.490705,0 -76.423170,3.491048,0 -76.423234,3.491502,0 -76.423278,3.491813,0 -76.423355,3.492333,0 -76.423377,3.492580,0 -76.423379,3.492936,0 -76.423377,3.493420,0 -76.423396,3.494512,0 -76.423409,3.494678,0 -76.423436,3.494831,0 -76.423506,3.495090,0 -76.423648,3.495613,0 -76.423788,3.496159,0 -76.423895,3.496539,0 -76.423986,3.496884,0 -76.424066,3.497227,0 -76.424115,3.497521,0 -76.424149,3.497837,0 -76.424155,3.498257,0 -76.424173,3.498670,0 -76.424235,3.499497,0 -76.424257,3.499652,0 -76.424308,3.499799,0 -76.424404,3.500006,0 -76.424801,3.500697,0 -76.425185,3.501387,0 -76.425305,3.501636,0 -76.425394,3.501850,0 -76.425560,3.502279,0 -76.425780,3.502894,0 -76.426046,3.503655,0 -76.426318,3.504463,0 -76.426356,3.504613,0 -76.425992,3.504686,0 -76.425372,3.504803,0 -76.424149,3.505055,0 -76.420855,3.505729,0 -76.418715,3.506186,0 -76.416286,3.506744,0 -76.414837,3.507099,0 -76.414676,3.507137,0 -76.411116,3.507852,0 -76.407986,3.508526,0 -76.404524,3.509325,0 -76.403784,3.509471,0 -76.403281,3.509607,0 -76.403046,3.509687,0 -76.400518,3.510639,0 -76.400071,3.510769,0 -76.398641,3.511094,0 -76.398109,3.511156,0 -76.397791,3.511207,0 -76.397470,3.511210,0 -76.397226,3.511195,0 -76.397062,3.511175,0 -76.396809,3.511076,0 -76.396611,3.510985,0 -76.395994,3.510704,0 -76.395843,3.510658,0 -76.395694,3.510637,0 -76.395556,3.510634,0 -76.395383,3.510661,0 -76.395224,3.510725,0 -76.395125,3.510784,0 -76.395028,3.510851,0 -76.394929,3.510955,0 -76.394861,3.511069,0 -76.394799,3.511220,0 -76.394762,3.511344,0 -76.394678,3.511677,0 -76.394527,3.512259,0 -76.394316,3.513042,0 -76.394006,3.514314,0 -76.393827,3.514956,0 -76.393359,3.516759,0 -76.393244,3.517196,0 -76.393139,3.517584,0 -76.392915,3.518433,0 -76.392829,3.518777,0 -76.392766,3.519082,0 -76.392706,3.519455,0 -76.392647,3.519897,0 -76.392617,3.520145,0 -76.392570,3.520468,0 -76.392499,3.520819,0 -76.392354,3.521299,0 -76.392243,3.521820,0 -76.392214,3.521931,0 -76.392138,3.522211,0 -76.392082,3.522487,0 -76.392101,3.522604,0 -76.392117,3.522652,0 -76.392138,3.522695,0 -76.392159,3.522732,0 -76.392172,3.522751,0 -76.392210,3.522778,0 -76.392278,3.522791,0 -76.392338,3.522787,0 -76.392392,3.522764,0 -76.392434,3.522738,0 -76.392467,3.522708,0 -76.392497,3.522671,0 -76.392520,3.522628,0 -76.392556,3.522576,0 -76.392579,3.522370,0 -76.392598,3.522224,0 -76.392626,3.521959,0 -76.392634,3.521866,0 -76.392708,3.521097,0 -76.392808,3.520670,0 -76.392852,3.520173,0 -76.392878,3.519839,0 -76.392903,3.519598,0 -76.392928,3.519369,0 -76.392966,3.519144,0 -76.393022,3.518886,0 -76.393119,3.518512,0 -76.393293,3.517813,0 -76.393589,3.516780,0 -76.393680,3.516405,0 -76.393837,3.515834,0 -76.394002,3.515198,0 -76.394151,3.514594,0 -76.394235,3.514254,0 -76.394457,3.513381,0 -76.394766,3.512229,0 -76.394909,3.511674,0 -76.394992,3.511359,0 -76.395038,3.511194,0 -76.395074,3.511097,0 -76.395155,3.510987,0 -76.395283,3.510875,0 -76.395455,3.510789,0 -76.395613,3.510752,0 -76.395766,3.510752,0 -76.395900,3.510776,0 -76.396021,3.510813,0 -76.396130,3.510872,0 -76.396193,3.510947,0 -76.396244,3.511033,0 -76.396267,3.511140,0 -76.396267,3.511239,0 -76.396243,3.511349,0 -76.396182,3.511461,0 -76.396142,3.511505,0 -76.396127,3.511515,0 -76.396064,3.511549,0 -76.395943,3.511584,0 -76.395887,3.511604,0 -76.395856,3.511625,0 -76.392701,3.512159,0 -76.391204,3.512468,0 -76.386620,3.513516,0 -76.384870,3.513786,0 -76.383275,3.514110,0 -76.383259,3.514009,0 -76.381745,3.504021,0 -76.383259,3.514009,0 -76.383275,3.514110,0 -76.383097,3.514147,0 -76.381167,3.514611,0 -76.380419,3.514809,0 -76.379311,3.515126,0 -76.379025,3.515203,0 -76.378721,3.515275,0 -76.378375,3.515335,0 -76.378005,3.515392,0 -76.377532,3.515469,0 -76.376646,3.515619,0 -76.370997,3.516887,0 -76.367881,3.517612,0 -76.365579,3.518200,0 -76.362414,3.518957,0 -76.361158,3.519226,0 -76.360326,3.519475,0 -76.359309,3.519839,0 -76.358629,3.520124,0 -76.358073,3.520315,0 -76.357594,3.520422,0 -76.357136,3.520503,0 -76.356607,3.520576,0 -76.356473,3.520587,0 -76.355722,3.520704,0 -76.355047,3.520701,0 -76.354734,3.520702,0 -76.354566,3.520718,0 -76.354242,3.520780,0 -76.351736,3.521364,0 -76.345592,3.522696,0 -76.344784,3.522871,0 -76.342764,3.523309,0 -76.341713,3.523537,0 -76.341277,3.523631,0 -76.340470,3.523795,0 -76.338602,3.524222,0 -76.337046,3.524567,0 -76.336893,3.524575,0 -76.336742,3.524545,0 -76.336603,3.524480,0 -76.336485,3.524382,0 -76.336394,3.524259,0 -76.336336,3.524117,0 -76.336314,3.523965,0 -76.336331,3.523813,0 -76.336384,3.523669,0 -76.336471,3.523542,0 -76.336587,3.523441,0 -76.336724,3.523371,0 -76.336873,3.523337,0 -76.337027,3.523340,0 -76.337175,3.523381,0 -76.337309,3.523456,0 -76.337420,3.523563,0 -76.337501,3.523693,0 -76.337548,3.523838,0 -76.337552,3.523991,0 -76.337541,3.524240,0 -76.337527,3.524775,0 -76.337533,3.525503,0 -76.337501,3.526986,0 -76.337490,3.527640,0 -76.337486,3.527825,0 -76.337473,3.528378,0 -76.337345,3.531660,0 -76.337377,3.531979,0 -76.337471,3.532485,0 -76.338246,3.536193,0 -76.338442,3.537355,0 -76.338439,3.538300,0 -76.338156,3.544138,0 -76.338156,3.544547,0 -76.338174,3.544765,0 -76.338193,3.545032,0 -76.338257,3.545410,0 -76.338335,3.545806,0 -76.338402,3.546191,0 -76.338455,3.546593,0 -76.338474,3.546981,0 -76.338472,3.547367,0 -76.338453,3.547792,0 -76.338383,3.548313,0 -76.338288,3.548830,0 -76.337804,3.550555,0 -76.337302,3.552341,0 -76.337136,3.552910,0 -76.336025,3.556875,0 -76.335470,3.558835,0 -76.334888,3.560865,0 -76.334416,3.562166,0 -76.333893,3.563448,0 -76.333713,3.564056,0 -76.333485,3.564987,0 -76.333244,3.565935,0 -76.333190,3.566104,0 -76.333123,3.566259,0 -76.332997,3.566565,0 -76.332680,3.567175,0 -76.331132,3.570073,0 -76.331058,3.570237,0 -76.330953,3.570502,0 -76.329291,3.575256,0 -76.328608,3.577739,0 -76.328526,3.578013,0 -76.328346,3.578538,0 -76.327766,3.580104,0 -76.327688,3.580328,0 -76.327550,3.580648,0 -76.327370,3.580948,0 -76.327182,3.581247,0 -76.326906,3.581633,0 -76.326552,3.581998,0 -76.326012,3.582489,0 -76.325353,3.583049,0 -76.322656,3.585378,0 -76.321277,3.586518,0 -76.321164,3.586595,0 -76.321102,3.586626,0 -76.321048,3.586647,0 -76.320972,3.586670,0 -76.320869,3.586687,0 -76.320782,3.586691,0 -76.320655,3.586678,0 -76.320439,3.586603,0 -76.319962,3.586432,0 -76.319608,3.586288,0 -76.319294,3.586175,0 -76.319122,3.586119,0 -76.318935,3.586057,0 -76.318873,3.586026,0 -76.318564,3.585948,0 -76.318406,3.586026,0 -76.318315,3.586127,0 -76.318272,3.586379,0 -76.318305,3.586842,0 -76.318402,3.587213,0 -76.318477,3.587497,0 -76.318490,3.587699,0 -76.318414,3.587854,0 -76.318235,3.587972,0 -76.317162,3.588292,0 -76.314189,3.589150,0 -76.307830,3.591018,0 -76.307310,3.591147,0 -76.307229,3.591165,0 -76.307060,3.591180,0 -76.306622,3.591218,0 -76.304767,3.591406,0 -76.304671,3.591416,0 -76.304611,3.591416,0 -76.304545,3.591417,0 -76.304486,3.591388,0 -76.304448,3.591357,0 -76.304414,3.591328,0 -76.304325,3.591250,0 -76.304262,3.591171,0 -76.304229,3.591064,0 -76.304218,3.590924,0 -76.304164,3.590419,0 -76.304142,3.590194,0 -76.304090,3.589750,0 -76.304056,3.589448,0 -76.304052,3.589400,0 -76.304035,3.589233,0 -76.304238,3.589220,0 -76.304192,3.588501,0 -76.304988,3.588367,0 -76.305049,3.588355,0 -76.304987,3.587747,0 -76.304990,3.587664,0 -76.305027,3.587584,0 -76.305140,3.587485,0</coordinates></LineString></Placemark><Placemark><name>Ruta día 7</name><styleUrl>#dia7</styleUrl><ExtendedData><Data name="INGENIO"><value>Manuelita</value></Data><Data name="DIA"><value>7</value></Data><Data name="PUNTOS"><value>MN-044, MN-023, MN-001</value></Data><Data name="N_PUNTOS"><value>3</value></Data><Data name="KM"><value>8.4</value></Data><Data name="HORAS_VIAJE"><value>0.43</value></Data><Data name="HORAS_MUESTREO"><value>5.49</value></Data><Data name="HORAS_TOTALES"><value>5.92</value></Data><Data name="REGRESO"><value>12:25</value></Data><Data name="PEAJES"><value>0</value></Data><Data name="COSTO_COP"><value>496118</value></Data></ExtendedData><LineString><tessellate>1</tessellate><coordinates>-76.305140,3.587485,0 -76.305027,3.587584,0 -76.304990,3.587664,0 -76.304987,3.587747,0 -76.305049,3.588355,0 -76.304988,3.588367,0 -76.304192,3.588501,0 -76.304238,3.589220,0 -76.304253,3.589374,0 -76.304259,3.589427,0 -76.304056,3.589448,0 -76.304052,3.589400,0 -76.303977,3.589409,0 -76.303906,3.589418,0 -76.303888,3.589530,0 -76.303829,3.589635,0 -76.303785,3.589700,0 -76.303729,3.589787,0 -76.303689,3.589890,0 -76.303673,3.590075,0 -76.303691,3.590212,0 -76.303721,3.590381,0 -76.303777,3.590531,0 -76.303828,3.590606,0 -76.303906,3.590661,0 -76.303995,3.590733,0 -76.304061,3.590799,0 -76.304098,3.590884,0 -76.304116,3.590979,0 -76.304143,3.591141,0 -76.304166,3.591223,0 -76.304208,3.591311,0 -76.304283,3.591372,0 -76.304135,3.591346,0 -76.303978,3.591301,0 -76.303780,3.591226,0 -76.302225,3.590151,0 -76.301263,3.589453,0 -76.300148,3.588724,0 -76.296407,3.586305,0 -76.292603,3.583812,0 -76.288770,3.581330,0 -76.286740,3.584492,0 -76.285529,3.586423,0 -76.284697,3.587708,0 -76.284122,3.588609,0 -76.283654,3.589440,0 -76.283006,3.590739,0 -76.282276,3.592105,0 -76.285179,3.593529,0 -76.285254,3.593585,0 -76.285271,3.593694,0 -76.285248,3.593837,0 -76.285034,3.595312,0 -76.285034,3.595426,0 -76.285071,3.595501,0 -76.285159,3.595551,0 -76.285303,3.595580,0 -76.287242,3.595826,0 -76.292824,3.596523,0 -76.292982,3.596556,0 -76.293033,3.596582,0 -76.293066,3.596625,0 -76.293176,3.596773,0 -76.293237,3.596857,0 -76.293275,3.596891,0 -76.293322,3.596910,0 -76.293601,3.596994,0 -76.293703,3.597043,0 -76.294084,3.597206,0 -76.294279,3.597257,0 -76.294609,3.597304,0 -76.295021,3.597301,0 -76.295419,3.597322,0 -76.295453,3.597341,0 -76.295465,3.597380,0 -76.295402,3.598048,0 -76.295428,3.598782,0 -76.296916,3.598969,0 -76.300392,3.599333,0 -76.303781,3.598878,0 -76.304024,3.595103,0 -76.304115,3.593385,0 -76.304111,3.593208,0 -76.304158,3.593026,0 -76.304233,3.592843,0 -76.304254,3.592737,0 -76.304201,3.592081,0 -76.304135,3.591346,0 -76.304283,3.591372,0 -76.304545,3.591417,0 -76.304486,3.591388,0 -76.304448,3.591357,0 -76.304414,3.591328,0 -76.304325,3.591250,0 -76.304262,3.591171,0 -76.304229,3.591064,0 -76.304218,3.590924,0 -76.304164,3.590419,0 -76.304142,3.590194,0 -76.304090,3.589750,0 -76.304056,3.589448,0 -76.304052,3.589400,0 -76.304035,3.589233,0 -76.304238,3.589220,0 -76.304192,3.588501,0 -76.304988,3.588367,0 -76.305049,3.588355,0 -76.304987,3.587747,0 -76.304990,3.587664,0 -76.305027,3.587584,0 -76.305140,3.587485,0</coordinates></LineString></Placemark><Placemark><name>Ruta día 8</name><styleUrl>#dia8</styleUrl><ExtendedData><Data name="INGENIO"><value>Manuelita</value></Data><Data name="DIA"><value>8</value></Data><Data name="PUNTOS"><value>MN-043, MN-005, MN-022</value></Data><Data name="N_PUNTOS"><value>3</value></Data><Data name="KM"><value>12.7</value></Data><Data name="HORAS_VIAJE"><value>0.59</value></Data><Data name="HORAS_MUESTREO"><value>5.46</value></Data><Data name="HORAS_TOTALES"><value>6.05</value></Data><Data name="REGRESO"><value>12:32</value></Data><Data name="PEAJES"><value>0</value></Data><Data name="COSTO_COP"><value>497517</value></Data></ExtendedData><LineString><tessellate>1</tessellate><coordinates>-76.305140,3.587485,0 -76.305027,3.587584,0 -76.304990,3.587664,0 -76.304987,3.587747,0 -76.305049,3.588355,0 -76.304988,3.588367,0 -76.304962,3.588214,0 -76.304949,3.588192,0 -76.304932,3.588173,0 -76.304909,3.588162,0 -76.304888,3.588157,0 -76.304797,3.588159,0 -76.304588,3.588180,0 -76.304370,3.588203,0 -76.304169,3.588228,0 -76.304013,3.588253,0 -76.303928,3.588266,0 -76.303808,3.587154,0 -76.303827,3.587033,0 -76.303874,3.586948,0 -76.303945,3.586849,0 -76.303982,3.586766,0 -76.304005,3.586677,0 -76.303996,3.586634,0 -76.303989,3.586599,0 -76.303946,3.586536,0 -76.303895,3.586513,0 -76.303849,3.586509,0 -76.303777,3.586505,0 -76.303722,3.586508,0 -76.303636,3.586479,0 -76.303591,3.586422,0 -76.303572,3.586382,0 -76.303528,3.586291,0 -76.303368,3.586295,0 -76.303246,3.586245,0 -76.302885,3.586013,0 -76.302273,3.585619,0 -76.302151,3.585534,0 -76.300981,3.584802,0 -76.300613,3.584572,0 -76.300341,3.584393,0 -76.300273,3.584357,0 -76.300162,3.584272,0 -76.299777,3.584043,0 -76.298431,3.583177,0 -76.293161,3.579745,0 -76.290812,3.578238,0 -76.287055,3.575794,0 -76.286980,3.575746,0 -76.286586,3.575490,0 -76.286336,3.575890,0 -76.284360,3.578995,0 -76.284165,3.579302,0 -76.283973,3.579604,0 -76.283873,3.579742,0 -76.282446,3.581702,0 -76.283873,3.579742,0 -76.283973,3.579604,0 -76.283897,3.579561,0 -76.283691,3.579451,0 -76.283532,3.579404,0 -76.283315,3.579370,0 -76.281915,3.579165,0 -76.279614,3.578827,0 -76.279211,3.578755,0 -76.278807,3.578669,0 -76.278485,3.578573,0 -76.277051,3.578137,0 -76.275429,3.577606,0 -76.273808,3.577120,0 -76.272154,3.576608,0 -76.270809,3.576084,0 -76.269252,3.575484,0 -76.268692,3.575246,0 -76.269252,3.575484,0 -76.270809,3.576084,0 -76.272154,3.576608,0 -76.273808,3.577120,0 -76.275429,3.577606,0 -76.277051,3.578137,0 -76.277923,3.574629,0 -76.278198,3.573613,0 -76.278384,3.573666,0 -76.278509,3.573674,0 -76.278633,3.573660,0 -76.278730,3.573614,0 -76.279637,3.573004,0 -76.279724,3.572913,0 -76.279773,3.572845,0 -76.279793,3.572685,0 -76.279811,3.572551,0 -76.279862,3.572363,0 -76.280252,3.571307,0 -76.280936,3.569022,0 -76.282764,3.569117,0 -76.282732,3.568896,0 -76.282727,3.568813,0 -76.282741,3.568738,0 -76.282794,3.568585,0 -76.282877,3.568376,0 -76.283017,3.568106,0 -76.283301,3.567651,0 -76.283371,3.567544,0 -76.283438,3.567461,0 -76.283537,3.567370,0 -76.284049,3.566965,0 -76.284261,3.566794,0 -76.284307,3.566743,0 -76.284261,3.566794,0 -76.284049,3.566965,0 -76.283537,3.567370,0 -76.283438,3.567461,0 -76.283371,3.567544,0 -76.283301,3.567651,0 -76.283017,3.568106,0 -76.282877,3.568376,0 -76.282794,3.568585,0 -76.282741,3.568738,0 -76.282727,3.568813,0 -76.282732,3.568896,0 -76.282764,3.569117,0 -76.282824,3.569305,0 -76.282901,3.569643,0 -76.282923,3.569766,0 -76.282920,3.569913,0 -76.282904,3.570223,0 -76.282720,3.572355,0 -76.287578,3.572718,0 -76.288053,3.572754,0 -76.287792,3.573257,0 -76.287000,3.574778,0 -76.286930,3.574913,0 -76.286586,3.575490,0 -76.286980,3.575746,0 -76.287055,3.575794,0 -76.290812,3.578238,0 -76.293161,3.579745,0 -76.298431,3.583177,0 -76.299777,3.584043,0 -76.300162,3.584272,0 -76.300273,3.584357,0 -76.300341,3.584393,0 -76.300613,3.584572,0 -76.300981,3.584802,0 -76.302151,3.585534,0 -76.302273,3.585619,0 -76.302885,3.586013,0 -76.303246,3.586245,0 -76.303368,3.586295,0 -76.303528,3.586291,0 -76.303568,3.586570,0 -76.303587,3.586797,0 -76.303780,3.588288,0 -76.303928,3.588266,0 -76.304013,3.588253,0 -76.304169,3.588228,0 -76.304370,3.588203,0 -76.304588,3.588180,0 -76.304797,3.588159,0 -76.304888,3.588157,0 -76.304909,3.588162,0 -76.304932,3.588173,0 -76.304949,3.588192,0 -76.304962,3.588214,0 -76.304988,3.588367,0 -76.305049,3.588355,0 -76.304987,3.587747,0 -76.304990,3.587664,0 -76.305027,3.587584,0 -76.305140,3.587485,0</coordinates></LineString></Placemark><Placemark><name>Ruta día 9</name><styleUrl>#dia9</styleUrl><ExtendedData><Data name="INGENIO"><value>Manuelita</value></Data><Data name="DIA"><value>9</value></Data><Data name="PUNTOS"><value>MN-018, MN-014, MN-038</value></Data><Data name="N_PUNTOS"><value>3</value></Data><Data name="KM"><value>56.4</value></Data><Data name="HORAS_VIAJE"><value>1.64</value></Data><Data name="HORAS_MUESTREO"><value>5.67</value></Data><Data name="HORAS_TOTALES"><value>7.31</value></Data><Data name="REGRESO"><value>13:48</value></Data><Data name="PEAJES"><value>3</value></Data><Data name="COSTO_COP"><value>553728</value></Data></ExtendedData><LineString><tessellate>1</tessellate><coordinates>-76.305140,3.587485,0 -76.305027,3.587584,0 -76.304990,3.587664,0 -76.304987,3.587747,0 -76.305049,3.588355,0 -76.305089,3.589125,0 -76.305096,3.589307,0 -76.304676,3.589354,0 -76.304343,3.589365,0 -76.304356,3.589479,0 -76.304393,3.589808,0 -76.304413,3.589979,0 -76.304426,3.590093,0 -76.304455,3.590354,0 -76.304480,3.590486,0 -76.304524,3.590607,0 -76.304579,3.590768,0 -76.304592,3.590918,0 -76.304591,3.591066,0 -76.304595,3.591215,0 -76.304611,3.591416,0 -76.304671,3.591416,0 -76.304767,3.591406,0 -76.306622,3.591218,0 -76.307060,3.591180,0 -76.307229,3.591165,0 -76.307327,3.592379,0 -76.307428,3.593620,0 -76.307452,3.593738,0 -76.307492,3.593824,0 -76.307554,3.593832,0 -76.307771,3.593837,0 -76.308345,3.593735,0 -76.308718,3.593701,0 -76.308855,3.593721,0 -76.308972,3.593738,0 -76.309643,3.593982,0 -76.309890,3.594059,0 -76.310147,3.594054,0 -76.313583,3.593757,0 -76.313996,3.593701,0 -76.314420,3.593481,0 -76.314930,3.593195,0 -76.315134,3.592980,0 -76.315329,3.592825,0 -76.315820,3.592600,0 -76.316362,3.592365,0 -76.316633,3.592322,0 -76.316850,3.592357,0 -76.317185,3.592453,0 -76.317467,3.592572,0 -76.314897,3.598064,0 -76.312383,3.605146,0 -76.311364,3.607571,0 -76.310362,3.609968,0 -76.310232,3.610279,0 -76.310146,3.610458,0 -76.309937,3.610980,0 -76.309801,3.611330,0 -76.309764,3.611424,0 -76.309613,3.611799,0 -76.309326,3.612480,0 -76.308863,3.613550,0 -76.308642,3.614075,0 -76.308340,3.614778,0 -76.308054,3.615445,0 -76.307964,3.615667,0 -76.307868,3.615881,0 -76.307744,3.616141,0 -76.307660,3.616315,0 -76.307570,3.616489,0 -76.307478,3.616642,0 -76.307377,3.616786,0 -76.307221,3.616989,0 -76.307039,3.617220,0 -76.306813,3.617482,0 -76.306579,3.617707,0 -76.306352,3.617905,0 -76.306091,3.618122,0 -76.305384,3.618671,0 -76.304935,3.619016,0 -76.304161,3.619613,0 -76.303488,3.620140,0 -76.302929,3.620571,0 -76.302353,3.621008,0 -76.302276,3.621068,0 -76.302025,3.621265,0 -76.301524,3.621658,0 -76.300778,3.622234,0 -76.300612,3.622362,0 -76.300543,3.622415,0 -76.299864,3.622940,0 -76.299074,3.623545,0 -76.298053,3.624348,0 -76.297423,3.624827,0 -76.297087,3.625093,0 -76.296726,3.625371,0 -76.296414,3.625612,0 -76.296035,3.625930,0 -76.295696,3.626227,0 -76.295505,3.626409,0 -76.295331,3.626602,0 -76.295167,3.626800,0 -76.294888,3.627196,0 -76.294679,3.627523,0 -76.294593,3.627683,0 -76.294458,3.627951,0 -76.294362,3.628160,0 -76.294282,3.628363,0 -76.294196,3.628602,0 -76.294118,3.628856,0 -76.294046,3.629134,0 -76.293992,3.629440,0 -76.293955,3.629678,0 -76.293923,3.629919,0 -76.293896,3.630173,0 -76.293872,3.630550,0 -76.293845,3.631067,0 -76.293803,3.631647,0 -76.293777,3.631873,0 -76.293740,3.632293,0 -76.293708,3.632625,0 -76.293673,3.633238,0 -76.293668,3.633332,0 -76.293608,3.634182,0 -76.293598,3.634322,0 -76.293571,3.634630,0 -76.293555,3.634906,0 -76.293544,3.635205,0 -76.293534,3.635663,0 -76.293531,3.636000,0 -76.293531,3.636330,0 -76.293542,3.636581,0 -76.293569,3.636877,0 -76.293671,3.637415,0 -76.293721,3.637665,0 -76.293775,3.637914,0 -76.293833,3.638162,0 -76.293895,3.638409,0 -76.293961,3.638655,0 -76.294031,3.638900,0 -76.294105,3.639143,0 -76.294184,3.639386,0 -76.294266,3.639627,0 -76.294470,3.640189,0 -76.294757,3.640936,0 -76.295191,3.642612,0 -76.295924,3.646534,0 -76.296238,3.648509,0 -76.296259,3.649430,0 -76.296119,3.650297,0 -76.295484,3.651930,0 -76.295071,3.652578,0 -76.294373,3.653333,0 -76.294065,3.653841,0 -76.293880,3.654601,0 -76.293296,3.657650,0 -76.292490,3.662101,0 -76.292343,3.663136,0 -76.292171,3.664284,0 -76.291777,3.666949,0 -76.291761,3.667406,0 -76.291797,3.667725,0 -76.291889,3.668048,0 -76.292081,3.668452,0 -76.292365,3.668840,0 -76.292706,3.669157,0 -76.293659,3.669975,0 -76.294006,3.670215,0 -76.294435,3.670442,0 -76.294918,3.670664,0 -76.295864,3.671082,0 -76.296327,3.671310,0 -76.296953,3.671661,0 -76.297404,3.671941,0 -76.297806,3.672270,0 -76.298101,3.672629,0 -76.298526,3.673276,0 -76.298918,3.673883,0 -76.299137,3.674208,0 -76.299328,3.674492,0 -76.299416,3.674628,0 -76.299504,3.674754,0 -76.299544,3.674802,0 -76.299692,3.675001,0 -76.300084,3.675420,0 -76.301441,3.676612,0 -76.301881,3.677074,0 -76.302198,3.677429,0 -76.302911,3.678435,0 -76.303177,3.679047,0 -76.303260,3.679337,0 -76.303380,3.679764,0 -76.303479,3.680363,0 -76.303565,3.682036,0 -76.303638,3.682582,0 -76.303671,3.682791,0 -76.303728,3.682990,0 -76.303788,3.683143,0 -76.303887,3.683333,0 -76.304002,3.683534,0 -76.304501,3.684208,0 -76.304546,3.684281,0 -76.304859,3.684795,0 -76.305214,3.685381,0 -76.305564,3.685838,0 -76.305792,3.686075,0 -76.306920,3.686900,0 -76.307887,3.687857,0 -76.308061,3.688009,0 -76.308323,3.688173,0 -76.308627,3.688280,0 -76.309710,3.688691,0 -76.310182,3.689004,0 -76.310971,3.689528,0 -76.311711,3.690012,0 -76.311974,3.690225,0 -76.312167,3.690451,0 -76.312358,3.690796,0 -76.312532,3.691148,0 -76.312757,3.691510,0 -76.312946,3.691728,0 -76.313661,3.692485,0 -76.314187,3.693325,0 -76.314392,3.693722,0 -76.314606,3.694123,0 -76.314975,3.694904,0 -76.314999,3.694989,0 -76.315104,3.695372,0 -76.315370,3.696339,0 -76.315602,3.696804,0 -76.315869,3.697206,0 -76.316676,3.698122,0 -76.317333,3.699235,0 -76.317695,3.699832,0 -76.317896,3.700161,0 -76.317998,3.700328,0 -76.318095,3.700488,0 -76.318304,3.700822,0 -76.318526,3.701267,0 -76.318792,3.701960,0 -76.319443,3.704591,0 -76.319672,3.705519,0 -76.319715,3.706103,0 -76.319626,3.706919,0 -76.319581,3.707195,0 -76.319476,3.707854,0 -76.319291,3.709682,0 -76.319174,3.710433,0 -76.319012,3.711101,0 -76.318939,3.711457,0 -76.318848,3.712203,0 -76.318842,3.712867,0 -76.318841,3.712949,0 -76.318842,3.713021,0 -76.318842,3.713097,0 -76.318845,3.713209,0 -76.318858,3.713804,0 -76.318985,3.714912,0 -76.319265,3.716370,0 -76.319295,3.716544,0 -76.319300,3.716570,0 -76.319318,3.716665,0 -76.320700,3.724175,0 -76.321193,3.726852,0 -76.321350,3.727611,0 -76.321504,3.728302,0 -76.321611,3.728584,0 -76.321864,3.729044,0 -76.322588,3.730107,0 -76.322764,3.730492,0 -76.322864,3.730843,0 -76.322938,3.731221,0 -76.322952,3.731295,0 -76.323341,3.734613,0 -76.323374,3.734967,0 -76.323428,3.735456,0 -76.323463,3.735785,0 -76.323542,3.736755,0 -76.323508,3.737266,0 -76.323412,3.737953,0 -76.323439,3.738036,0 -76.323494,3.738104,0 -76.323569,3.738150,0 -76.323655,3.738167,0 -76.323742,3.738152,0 -76.323818,3.738109,0 -76.323875,3.738042,0 -76.323905,3.737960,0 -76.323904,3.737872,0 -76.323878,3.737570,0 -76.323599,3.734981,0 -76.323561,3.734662,0 -76.323513,3.734218,0 -76.323139,3.731066,0 -76.323164,3.730998,0 -76.323191,3.730961,0 -76.323218,3.730939,0 -76.323242,3.730920,0 -76.323272,3.730910,0 -76.323314,3.730910,0 -76.323375,3.730979,0 -76.323455,3.731133,0 -76.323696,3.730994,0 -76.323716,3.730959,0 -76.323710,3.730904,0 -76.323500,3.730372,0 -76.323293,3.728785,0 -76.323129,3.727297,0 -76.323140,3.727257,0 -76.328673,3.720356,0 -76.323140,3.727257,0 -76.323129,3.727297,0 -76.323293,3.728785,0 -76.323500,3.730372,0 -76.323710,3.730904,0 -76.323716,3.730959,0 -76.323696,3.730994,0 -76.323455,3.731133,0 -76.323375,3.730979,0 -76.323314,3.730910,0 -76.322967,3.730368,0 -76.322689,3.729831,0 -76.322362,3.729379,0 -76.321901,3.728723,0 -76.321697,3.728270,0 -76.321241,3.725816,0 -76.321204,3.725612,0 -76.321015,3.724567,0 -76.320328,3.720981,0 -76.319935,3.718794,0 -76.319592,3.716797,0 -76.319567,3.716610,0 -76.319544,3.716381,0 -76.319495,3.715471,0 -76.319493,3.714816,0 -76.319492,3.714276,0 -76.319492,3.714007,0 -76.319494,3.713795,0 -76.319499,3.713226,0 -76.319500,3.713112,0 -76.319500,3.713042,0 -76.319500,3.712971,0 -76.319499,3.712881,0 -76.319493,3.712383,0 -76.319491,3.712184,0 -76.319494,3.711671,0 -76.319496,3.711402,0 -76.319497,3.710745,0 -76.319492,3.710545,0 -76.319491,3.710161,0 -76.319506,3.709593,0 -76.319543,3.709026,0 -76.319789,3.707205,0 -76.319825,3.706968,0 -76.319860,3.706722,0 -76.319884,3.706477,0 -76.319916,3.706159,0 -76.319881,3.705736,0 -76.319636,3.704695,0 -76.319411,3.703736,0 -76.319307,3.703293,0 -76.319247,3.702926,0 -76.319065,3.702162,0 -76.318975,3.701612,0 -76.319004,3.701415,0 -76.319073,3.701225,0 -76.319210,3.701031,0 -76.319332,3.700929,0 -76.319788,3.700737,0 -76.319899,3.700700,0 -76.319952,3.700684,0 -76.320014,3.700658,0 -76.320058,3.700616,0 -76.320919,3.700295,0 -76.321504,3.700010,0 -76.321834,3.699780,0 -76.322333,3.699241,0 -76.322620,3.698670,0 -76.323033,3.697313,0 -76.323347,3.696751,0 -76.325814,3.693914,0 -76.327478,3.691273,0 -76.327833,3.690704,0 -76.327917,3.690416,0 -76.328181,3.688784,0 -76.328355,3.687689,0 -76.328639,3.685940,0 -76.328699,3.685683,0 -76.328745,3.685362,0 -76.328879,3.684505,0 -76.328892,3.684417,0 -76.329027,3.683778,0 -76.329169,3.683260,0 -76.329624,3.681518,0 -76.329875,3.680820,0 -76.330233,3.679984,0 -76.330444,3.679048,0 -76.330696,3.678082,0 -76.331231,3.676169,0 -76.331390,3.675847,0 -76.331582,3.675540,0 -76.331962,3.675142,0 -76.332352,3.674834,0 -76.332808,3.674620,0 -76.333195,3.674505,0 -76.333654,3.674446,0 -76.334045,3.674457,0 -76.337833,3.675084,0 -76.339778,3.675375,0 -76.341655,3.675712,0 -76.342293,3.675782,0 -76.342848,3.675831,0 -76.343171,3.675810,0 -76.343420,3.675769,0 -76.343502,3.675751,0 -76.343786,3.675667,0 -76.344112,3.675531,0 -76.344415,3.675358,0 -76.345062,3.674878,0 -76.345667,3.674366,0 -76.346099,3.674112,0 -76.346654,3.673900,0 -76.347335,3.673817,0 -76.349308,3.673801,0 -76.350389,3.673785,0 -76.351102,3.673796,0 -76.351857,3.673788,0 -76.352221,3.673745,0 -76.352519,3.673672,0 -76.352973,3.673461,0 -76.353612,3.673074,0 -76.354240,3.672658,0 -76.354789,3.672377,0 -76.356591,3.671689,0 -76.359626,3.670530,0 -76.360923,3.670204,0 -76.362015,3.669865,0 -76.362660,3.672515,0 -76.362718,3.672578,0 -76.362806,3.672626,0 -76.362901,3.672644,0 -76.363439,3.672712,0 -76.364859,3.672892,0 -76.364966,3.672959,0 -76.364990,3.673046,0 -76.364714,3.675481,0 -76.364449,3.677939,0 -76.364714,3.675481,0 -76.364990,3.673046,0 -76.364966,3.672959,0 -76.364859,3.672892,0 -76.363439,3.672712,0 -76.362901,3.672644,0 -76.362806,3.672626,0 -76.362718,3.672578,0 -76.362660,3.672515,0 -76.362015,3.669865,0 -76.362472,3.669709,0 -76.363236,3.669417,0 -76.364350,3.668884,0 -76.364990,3.668553,0 -76.365546,3.668199,0 -76.366423,3.667482,0 -76.367192,3.666632,0 -76.367481,3.666234,0 -76.368165,3.664900,0 -76.368246,3.664746,0 -76.368795,3.663898,0 -76.368823,3.663856,0 -76.369203,3.663294,0 -76.369236,3.663245,0 -76.371813,3.659268,0 -76.373283,3.656999,0 -76.373647,3.656381,0 -76.375115,3.653889,0 -76.376945,3.650626,0 -76.377307,3.649964,0 -76.377910,3.648846,0 -76.378600,3.647797,0 -76.379040,3.647305,0 -76.379326,3.647047,0 -76.379611,3.646681,0 -76.379802,3.646392,0 -76.380035,3.646004,0 -76.381028,3.644051,0 -76.381072,3.643968,0 -76.381102,3.643912,0 -76.381135,3.643848,0 -76.381171,3.643780,0 -76.382433,3.641475,0 -76.382827,3.641006,0 -76.383491,3.640483,0 -76.384296,3.639896,0 -76.384715,3.639494,0 -76.385222,3.638685,0 -76.385727,3.637473,0 -76.386082,3.637037,0 -76.386133,3.637014,0 -76.386160,3.636997,0 -76.386219,3.636943,0 -76.386259,3.636875,0 -76.386279,3.636798,0 -76.386274,3.636718,0 -76.386247,3.636643,0 -76.386228,3.636612,0 -76.386204,3.636584,0 -76.386181,3.636488,0 -76.386159,3.636359,0 -76.386151,3.636094,0 -76.386321,3.635422,0 -76.386554,3.634740,0 -76.386715,3.634434,0 -76.387546,3.633085,0 -76.387592,3.632480,0 -76.387759,3.630857,0 -76.387766,3.630794,0 -76.387929,3.628951,0 -76.387959,3.628611,0 -76.388101,3.627110,0 -76.388107,3.627022,0 -76.388165,3.626490,0 -76.388194,3.626113,0 -76.388243,3.625448,0 -76.388268,3.625242,0 -76.388386,3.624275,0 -76.388457,3.623469,0 -76.388491,3.623120,0 -76.388613,3.621868,0 -76.388656,3.621454,0 -76.388688,3.621131,0 -76.388716,3.620865,0 -76.388758,3.620467,0 -76.388795,3.620062,0 -76.388821,3.619674,0 -76.388862,3.619229,0 -76.388882,3.618853,0 -76.388468,3.618006,0 -76.388074,3.617255,0 -76.387658,3.616586,0 -76.387553,3.616445,0 -76.387129,3.615926,0 -76.386642,3.615389,0 -76.386457,3.615165,0 -76.386299,3.614953,0 -76.386164,3.614571,0 -76.385960,3.613981,0 -76.385856,3.613657,0 -76.385702,3.613307,0 -76.385627,3.613135,0 -76.385488,3.612835,0 -76.385353,3.612545,0 -76.385233,3.612351,0 -76.384952,3.611943,0 -76.384616,3.611535,0 -76.384428,3.611384,0 -76.384132,3.611190,0 -76.383683,3.610904,0 -76.383474,3.610766,0 -76.383221,3.610550,0 -76.382989,3.610364,0 -76.382709,3.610078,0 -76.382543,3.609877,0 -76.382284,3.609536,0 -76.382006,3.609069,0 -76.381715,3.608505,0 -76.381631,3.608329,0 -76.381505,3.608097,0 -76.381452,3.607960,0 -76.381432,3.607797,0 -76.381396,3.607429,0 -76.381356,3.607298,0 -76.381297,3.607160,0 -76.381222,3.607066,0 -76.380868,3.606694,0 -76.380085,3.606054,0 -76.379145,3.605330,0 -76.379087,3.605288,0 -76.378642,3.604939,0 -76.378526,3.604843,0 -76.378148,3.604553,0 -76.377829,3.604261,0 -76.377477,3.603917,0 -76.377224,3.603656,0 -76.377068,3.603463,0 -76.375904,3.601541,0 -76.375824,3.601381,0 -76.375746,3.601225,0 -76.375599,3.600780,0 -76.375387,3.600088,0 -76.375220,3.599373,0 -76.375076,3.598629,0 -76.374984,3.598029,0 -76.374727,3.597071,0 -76.374673,3.596889,0 -76.374597,3.596733,0 -76.374453,3.596557,0 -76.374334,3.596401,0 -76.374088,3.596108,0 -76.373937,3.595956,0 -76.373441,3.595566,0 -76.372978,3.595202,0 -76.372854,3.595083,0 -76.371875,3.594147,0 -76.371350,3.593537,0 -76.370370,3.592252,0 -76.370220,3.592113,0 -76.369749,3.591805,0 -76.369231,3.591556,0 -76.367240,3.590635,0 -76.365999,3.589854,0 -76.365625,3.589690,0 -76.361007,3.588255,0 -76.360777,3.588213,0 -76.360302,3.588151,0 -76.359953,3.588131,0 -76.358584,3.588190,0 -76.357645,3.588202,0 -76.356045,3.588403,0 -76.355842,3.588423,0 -76.352366,3.588583,0 -76.351375,3.588676,0 -76.350858,3.588671,0 -76.350375,3.588569,0 -76.350026,3.588457,0 -76.349544,3.588231,0 -76.349056,3.587924,0 -76.348806,3.587779,0 -76.348530,3.587618,0 -76.347976,3.587478,0 -76.346892,3.587245,0 -76.345938,3.587061,0 -76.345185,3.586748,0 -76.344804,3.586601,0 -76.344407,3.586495,0 -76.343806,3.586411,0 -76.343129,3.586403,0 -76.340269,3.586184,0 -76.339662,3.586086,0 -76.337580,3.585416,0 -76.336629,3.585054,0 -76.335663,3.584652,0 -76.333716,3.583924,0 -76.332379,3.583326,0 -76.330692,3.582626,0 -76.329300,3.581943,0 -76.328679,3.581590,0 -76.328486,3.581459,0 -76.328399,3.581392,0 -76.328348,3.581329,0 -76.328278,3.581239,0 -76.328213,3.581145,0 -76.328183,3.581078,0 -76.328081,3.580905,0 -76.328010,3.580749,0 -76.327886,3.580531,0 -76.327614,3.580017,0 -76.327547,3.579974,0 -76.327470,3.579952,0 -76.327390,3.579956,0 -76.327315,3.579983,0 -76.327252,3.580031,0 -76.327206,3.580097,0 -76.327183,3.580173,0 -76.327093,3.580729,0 -76.326957,3.581312,0 -76.326845,3.581574,0 -76.326699,3.581796,0 -76.326552,3.581998,0 -76.326012,3.582489,0 -76.325353,3.583049,0 -76.322656,3.585378,0 -76.321277,3.586518,0 -76.321164,3.586595,0 -76.321102,3.586626,0 -76.321048,3.586647,0 -76.320972,3.586670,0 -76.320869,3.586687,0 -76.320782,3.586691,0 -76.320655,3.586678,0 -76.320439,3.586603,0 -76.319962,3.586432,0 -76.319608,3.586288,0 -76.319294,3.586175,0 -76.319122,3.586119,0 -76.318935,3.586057,0 -76.318873,3.586026,0 -76.318564,3.585948,0 -76.318406,3.586026,0 -76.318315,3.586127,0 -76.318272,3.586379,0 -76.318305,3.586842,0 -76.318402,3.587213,0 -76.318477,3.587497,0 -76.318490,3.587699,0 -76.318414,3.587854,0 -76.318235,3.587972,0 -76.317162,3.588292,0 -76.314189,3.589150,0 -76.307830,3.591018,0 -76.307310,3.591147,0 -76.307229,3.591165,0 -76.307060,3.591180,0 -76.306622,3.591218,0 -76.304767,3.591406,0 -76.304671,3.591416,0 -76.304611,3.591416,0 -76.304545,3.591417,0 -76.304486,3.591388,0 -76.304448,3.591357,0 -76.304414,3.591328,0 -76.304325,3.591250,0 -76.304262,3.591171,0 -76.304229,3.591064,0 -76.304218,3.590924,0 -76.304164,3.590419,0 -76.304142,3.590194,0 -76.304090,3.589750,0 -76.304056,3.589448,0 -76.304052,3.589400,0 -76.304035,3.589233,0 -76.304238,3.589220,0 -76.304192,3.588501,0 -76.304988,3.588367,0 -76.305049,3.588355,0 -76.304987,3.587747,0 -76.304990,3.587664,0 -76.305027,3.587584,0 -76.305140,3.587485,0</coordinates></LineString></Placemark><Placemark><name>Ruta día 10</name><styleUrl>#dia10</styleUrl><ExtendedData><Data name="INGENIO"><value>Manuelita</value></Data><Data name="DIA"><value>10</value></Data><Data name="PUNTOS"><value>MN-041, MN-037, MN-012</value></Data><Data name="N_PUNTOS"><value>3</value></Data><Data name="KM"><value>76.4</value></Data><Data name="HORAS_VIAJE"><value>2.16</value></Data><Data name="HORAS_MUESTREO"><value>5.19</value></Data><Data name="HORAS_TOTALES"><value>7.35</value></Data><Data name="REGRESO"><value>13:51</value></Data><Data name="PEAJES"><value>3</value></Data><Data name="COSTO_COP"><value>560246</value></Data></ExtendedData><LineString><tessellate>1</tessellate><coordinates>-76.305140,3.587485,0 -76.305027,3.587584,0 -76.304990,3.587664,0 -76.304987,3.587747,0 -76.305049,3.588355,0 -76.305089,3.589125,0 -76.305096,3.589307,0 -76.304676,3.589354,0 -76.304343,3.589365,0 -76.304356,3.589479,0 -76.304393,3.589808,0 -76.304413,3.589979,0 -76.304426,3.590093,0 -76.304455,3.590354,0 -76.304480,3.590486,0 -76.304524,3.590607,0 -76.304579,3.590768,0 -76.304592,3.590918,0 -76.304591,3.591066,0 -76.304595,3.591215,0 -76.304611,3.591416,0 -76.304671,3.591416,0 -76.304767,3.591406,0 -76.306622,3.591218,0 -76.307060,3.591180,0 -76.307229,3.591165,0 -76.307310,3.591147,0 -76.307830,3.591018,0 -76.314189,3.589150,0 -76.317162,3.588292,0 -76.318235,3.587972,0 -76.318414,3.587854,0 -76.318490,3.587699,0 -76.318477,3.587497,0 -76.318402,3.587213,0 -76.318305,3.586842,0 -76.318272,3.586379,0 -76.318315,3.586127,0 -76.318406,3.586026,0 -76.318564,3.585948,0 -76.318873,3.586026,0 -76.318935,3.586057,0 -76.319516,3.586347,0 -76.319886,3.586526,0 -76.320699,3.586899,0 -76.321075,3.587071,0 -76.321855,3.587428,0 -76.322034,3.587520,0 -76.322262,3.587557,0 -76.322490,3.587516,0 -76.322689,3.587399,0 -76.322837,3.587222,0 -76.322916,3.587005,0 -76.322916,3.586774,0 -76.322837,3.586557,0 -76.322793,3.586451,0 -76.322682,3.586280,0 -76.322621,3.586085,0 -76.322613,3.585882,0 -76.322661,3.585684,0 -76.322760,3.585506,0 -76.323090,3.585217,0 -76.325420,3.583229,0 -76.325618,3.583061,0 -76.325986,3.582808,0 -76.326297,3.582578,0 -76.326541,3.582382,0 -76.326949,3.581978,0 -76.327203,3.581719,0 -76.327597,3.581350,0 -76.327809,3.581135,0 -76.327884,3.581090,0 -76.327969,3.581068,0 -76.328057,3.581071,0 -76.328140,3.581097,0 -76.328213,3.581145,0 -76.328278,3.581239,0 -76.328348,3.581329,0 -76.328399,3.581392,0 -76.328486,3.581459,0 -76.328679,3.581590,0 -76.329300,3.581943,0 -76.330692,3.582626,0 -76.332379,3.583326,0 -76.333716,3.583924,0 -76.335663,3.584652,0 -76.336629,3.585054,0 -76.337580,3.585416,0 -76.339662,3.586086,0 -76.340269,3.586184,0 -76.343129,3.586403,0 -76.343806,3.586411,0 -76.344407,3.586495,0 -76.344804,3.586601,0 -76.345185,3.586748,0 -76.345938,3.587061,0 -76.346892,3.587245,0 -76.347976,3.587478,0 -76.348530,3.587618,0 -76.348806,3.587779,0 -76.349056,3.587924,0 -76.349544,3.588231,0 -76.350026,3.588457,0 -76.350375,3.588569,0 -76.350858,3.588671,0 -76.351375,3.588676,0 -76.352366,3.588583,0 -76.355842,3.588423,0 -76.356045,3.588403,0 -76.357645,3.588202,0 -76.358584,3.588190,0 -76.359953,3.588131,0 -76.360302,3.588151,0 -76.360777,3.588213,0 -76.361007,3.588255,0 -76.365625,3.589690,0 -76.365999,3.589854,0 -76.367240,3.590635,0 -76.369231,3.591556,0 -76.369749,3.591805,0 -76.370220,3.592113,0 -76.370370,3.592252,0 -76.371350,3.593537,0 -76.371875,3.594147,0 -76.372854,3.595083,0 -76.372978,3.595202,0 -76.373441,3.595566,0 -76.373937,3.595956,0 -76.374088,3.596108,0 -76.374334,3.596401,0 -76.374453,3.596557,0 -76.374597,3.596733,0 -76.374673,3.596889,0 -76.374727,3.597071,0 -76.374984,3.598029,0 -76.375076,3.598629,0 -76.375220,3.599373,0 -76.375387,3.600088,0 -76.375599,3.600780,0 -76.375746,3.601225,0 -76.375824,3.601381,0 -76.375904,3.601541,0 -76.377068,3.603463,0 -76.377224,3.603656,0 -76.377477,3.603917,0 -76.377829,3.604261,0 -76.378148,3.604553,0 -76.378526,3.604843,0 -76.378642,3.604939,0 -76.379087,3.605288,0 -76.379145,3.605330,0 -76.380085,3.606054,0 -76.380868,3.606694,0 -76.381222,3.607066,0 -76.381297,3.607160,0 -76.381356,3.607298,0 -76.381396,3.607429,0 -76.381432,3.607797,0 -76.381452,3.607960,0 -76.381505,3.608097,0 -76.381631,3.608329,0 -76.381715,3.608505,0 -76.382006,3.609069,0 -76.382284,3.609536,0 -76.382543,3.609877,0 -76.382709,3.610078,0 -76.382989,3.610364,0 -76.383221,3.610550,0 -76.383474,3.610766,0 -76.383683,3.610904,0 -76.384132,3.611190,0 -76.384428,3.611384,0 -76.384616,3.611535,0 -76.384952,3.611943,0 -76.385233,3.612351,0 -76.385353,3.612545,0 -76.385488,3.612835,0 -76.385627,3.613135,0 -76.385702,3.613307,0 -76.385856,3.613657,0 -76.385960,3.613981,0 -76.386164,3.614571,0 -76.386800,3.614619,0 -76.387689,3.614711,0 -76.388458,3.614777,0 -76.389164,3.614851,0 -76.389270,3.614862,0 -76.389412,3.614877,0 -76.389897,3.614923,0 -76.390205,3.614957,0 -76.390826,3.615017,0 -76.391063,3.615033,0 -76.391401,3.615049,0 -76.391834,3.615102,0 -76.392481,3.615156,0 -76.393395,3.615267,0 -76.394942,3.615422,0 -76.395953,3.615522,0 -76.396800,3.615611,0 -76.397062,3.615639,0 -76.398549,3.615802,0 -76.399279,3.615922,0 -76.399331,3.615955,0 -76.399375,3.615988,0 -76.399406,3.616035,0 -76.399420,3.616088,0 -76.399413,3.616139,0 -76.399394,3.616224,0 -76.399413,3.616201,0 -76.399462,3.616156,0 -76.399504,3.616114,0 -76.399629,3.615989,0 -76.399677,3.615955,0 -76.399764,3.615953,0 -76.399840,3.615953,0 -76.400484,3.616024,0 -76.401783,3.616161,0 -76.402190,3.616209,0 -76.402525,3.616251,0 -76.402794,3.616290,0 -76.403964,3.616455,0 -76.405056,3.616608,0 -76.405693,3.616710,0 -76.405908,3.616743,0 -76.406255,3.616783,0 -76.406538,3.616814,0 -76.408311,3.616982,0 -76.409142,3.617062,0 -76.410040,3.617153,0 -76.411196,3.617258,0 -76.411692,3.617301,0 -76.412210,3.617348,0 -76.412717,3.617393,0 -76.414756,3.617576,0 -76.415914,3.617685,0 -76.416418,3.617743,0 -76.417459,3.617829,0 -76.417730,3.617858,0 -76.417997,3.617887,0 -76.418479,3.617928,0 -76.419973,3.618048,0 -76.420081,3.618059,0 -76.420975,3.618151,0 -76.421137,3.618168,0 -76.421458,3.618203,0 -76.421670,3.618220,0 -76.423170,3.618362,0 -76.423929,3.618456,0 -76.424076,3.618475,0 -76.424286,3.618497,0 -76.425557,3.618617,0 -76.425788,3.618632,0 -76.427222,3.618770,0 -76.428061,3.618873,0 -76.428435,3.618904,0 -76.428950,3.618969,0 -76.429127,3.618974,0 -76.429280,3.618997,0 -76.429455,3.619026,0 -76.429690,3.619050,0 -76.430056,3.619082,0 -76.430431,3.619136,0 -76.430514,3.619145,0 -76.430694,3.619158,0 -76.431877,3.619250,0 -76.431917,3.619251,0 -76.432234,3.619264,0 -76.432325,3.619299,0 -76.432434,3.619317,0 -76.432475,3.619333,0 -76.432516,3.619354,0 -76.432569,3.619401,0 -76.432590,3.619488,0 -76.432628,3.619569,0 -76.432682,3.619640,0 -76.432749,3.619699,0 -76.432832,3.619746,0 -76.432923,3.619775,0 -76.433019,3.619782,0 -76.433113,3.619770,0 -76.433203,3.619737,0 -76.433284,3.619686,0 -76.433342,3.619630,0 -76.433389,3.619565,0 -76.433424,3.619492,0 -76.433444,3.619414,0 -76.433450,3.619333,0 -76.433442,3.619253,0 -76.433418,3.619176,0 -76.433382,3.619105,0 -76.433332,3.619041,0 -76.433273,3.618987,0 -76.433204,3.618945,0 -76.433129,3.618916,0 -76.432208,3.618372,0 -76.432025,3.618245,0 -76.431944,3.618196,0 -76.431845,3.618121,0 -76.431684,3.617991,0 -76.431557,3.617866,0 -76.431358,3.617644,0 -76.431214,3.617412,0 -76.431136,3.617225,0 -76.431075,3.617048,0 -76.431037,3.616840,0 -76.431016,3.616647,0 -76.431010,3.616422,0 -76.431023,3.616301,0 -76.431226,3.614320,0 -76.431735,3.609355,0 -76.431712,3.608863,0 -76.431630,3.608367,0 -76.431221,3.607021,0 -76.431146,3.606704,0 -76.431108,3.606317,0 -76.431106,3.605844,0 -76.431162,3.605456,0 -76.431249,3.605114,0 -76.431911,3.602811,0 -76.432000,3.602044,0 -76.432227,3.600103,0 -76.432217,3.599453,0 -76.432137,3.598905,0 -76.431900,3.598262,0 -76.431705,3.597876,0 -76.431571,3.597703,0 -76.431379,3.597445,0 -76.431229,3.597258,0 -76.431064,3.597084,0 -76.430880,3.596920,0 -76.430636,3.596725,0 -76.430448,3.596602,0 -76.430277,3.596500,0 -76.430082,3.596396,0 -76.429767,3.596240,0 -76.429502,3.596112,0 -76.429284,3.596008,0 -76.429090,3.595896,0 -76.428914,3.595780,0 -76.428599,3.595556,0 -76.428347,3.595339,0 -76.428098,3.595074,0 -76.427887,3.594781,0 -76.427726,3.594549,0 -76.427581,3.594257,0 -76.427481,3.594038,0 -76.427369,3.593719,0 -76.427277,3.593347,0 -76.427206,3.592977,0 -76.427183,3.592689,0 -76.427172,3.592483,0 -76.427160,3.592241,0 -76.427191,3.592017,0 -76.427234,3.591776,0 -76.427286,3.591543,0 -76.427355,3.591324,0 -76.427454,3.591069,0 -76.427681,3.590525,0 -76.427872,3.590028,0 -76.428021,3.589655,0 -76.428140,3.589351,0 -76.428238,3.588970,0 -76.428315,3.588708,0 -76.428426,3.588231,0 -76.428535,3.587758,0 -76.428642,3.587279,0 -76.428780,3.586697,0 -76.428972,3.586064,0 -76.429055,3.585768,0 -76.429137,3.585511,0 -76.429208,3.585295,0 -76.429315,3.584995,0 -76.429387,3.584827,0 -76.429542,3.584465,0 -76.429742,3.584050,0 -76.430029,3.583464,0 -76.430241,3.583014,0 -76.430436,3.582583,0 -76.430762,3.581817,0 -76.430881,3.581559,0 -76.430985,3.581338,0 -76.431109,3.581093,0 -76.431189,3.580876,0 -76.431259,3.580605,0 -76.431309,3.580336,0 -76.431346,3.580024,0 -76.431391,3.579318,0 -76.431433,3.578903,0 -76.431485,3.578621,0 -76.431565,3.578332,0 -76.431674,3.578052,0 -76.431818,3.577714,0 -76.432082,3.577103,0 -76.432101,3.577060,0 -76.432402,3.577106,0 -76.433746,3.577060,0 -76.434851,3.577500,0 -76.435018,3.577368,0 -76.435447,3.576174,0 -76.440386,3.578258,0 -76.440766,3.578418,0 -76.441704,3.578858,0 -76.440766,3.578418,0 -76.440386,3.578258,0 -76.435447,3.576174,0 -76.435018,3.577368,0 -76.434851,3.577500,0 -76.433746,3.577060,0 -76.432402,3.577106,0 -76.432101,3.577060,0 -76.432172,3.576901,0 -76.432274,3.576672,0 -76.432483,3.576183,0 -76.432612,3.575863,0 -76.432837,3.575334,0 -76.432940,3.575020,0 -76.433105,3.574619,0 -76.433249,3.574212,0 -76.433407,3.573774,0 -76.433483,3.573550,0 -76.433563,3.573320,0 -76.433788,3.572650,0 -76.433952,3.572192,0 -76.434078,3.571849,0 -76.434318,3.571179,0 -76.434464,3.570798,0 -76.434608,3.570420,0 -76.434852,3.569758,0 -76.434879,3.569685,0 -76.435597,3.567779,0 -76.436329,3.565796,0 -76.436579,3.564917,0 -76.436710,3.564436,0 -76.436785,3.564133,0 -76.436926,3.563613,0 -76.437048,3.563143,0 -76.437143,3.562801,0 -76.437234,3.562424,0 -76.437244,3.562384,0 -76.437306,3.562129,0 -76.437373,3.561795,0 -76.437429,3.561385,0 -76.437466,3.561041,0 -76.437470,3.560849,0 -76.437496,3.560709,0 -76.437528,3.560613,0 -76.437560,3.560543,0 -76.437606,3.560471,0 -76.437662,3.560396,0 -76.437719,3.560337,0 -76.437788,3.560286,0 -76.437858,3.560243,0 -76.437966,3.560202,0 -76.438172,3.560126,0 -76.438370,3.560053,0 -76.438553,3.560000,0 -76.438671,3.559952,0 -76.438746,3.559903,0 -76.438826,3.559834,0 -76.438888,3.559751,0 -76.438950,3.559646,0 -76.438979,3.559561,0 -76.438995,3.559462,0 -76.439011,3.559325,0 -76.439036,3.559223,0 -76.439073,3.559122,0 -76.439105,3.559066,0 -76.439156,3.558999,0 -76.439229,3.558926,0 -76.439296,3.558881,0 -76.439387,3.558830,0 -76.439475,3.558793,0 -76.439550,3.558774,0 -76.439735,3.558782,0 -76.441393,3.558922,0 -76.441565,3.558894,0 -76.443547,3.559092,0 -76.444633,3.559202,0 -76.445172,3.559261,0 -76.445795,3.559328,0 -76.445874,3.559337,0 -76.446752,3.559435,0 -76.447289,3.559483,0 -76.447584,3.559515,0 -76.448010,3.559569,0 -76.448640,3.559638,0 -76.449252,3.559711,0 -76.449830,3.559766,0 -76.450121,3.559794,0 -76.451156,3.559898,0 -76.451722,3.559965,0 -76.452444,3.560045,0 -76.453887,3.560150,0 -76.454278,3.560178,0 -76.454563,3.560201,0 -76.454965,3.560209,0 -76.455298,3.560201,0 -76.455403,3.560192,0 -76.455454,3.560189,0 -76.455697,3.560171,0 -76.455979,3.560149,0 -76.456038,3.560144,0 -76.456473,3.560104,0 -76.456776,3.560048,0 -76.457174,3.559972,0 -76.457604,3.559863,0 -76.458036,3.559746,0 -76.458341,3.559649,0 -76.458546,3.559585,0 -76.458921,3.559448,0 -76.459345,3.559266,0 -76.459761,3.559079,0 -76.460405,3.558763,0 -76.460877,3.558530,0 -76.461443,3.558268,0 -76.461904,3.558072,0 -76.462116,3.557981,0 -76.462239,3.557939,0 -76.462446,3.557861,0 -76.462852,3.557728,0 -76.463336,3.557583,0 -76.463554,3.557518,0 -76.464383,3.557273,0 -76.464867,3.557132,0 -76.465239,3.557021,0 -76.466024,3.556782,0 -76.466383,3.556678,0 -76.466950,3.556516,0 -76.467622,3.556322,0 -76.468596,3.556033,0 -76.469337,3.555820,0 -76.470121,3.555581,0 -76.470289,3.555533,0 -76.471380,3.555219,0 -76.472450,3.554903,0 -76.473409,3.554620,0 -76.474334,3.554345,0 -76.474409,3.554323,0 -76.475214,3.554090,0 -76.475836,3.553908,0 -76.476628,3.553670,0 -76.477176,3.553505,0 -76.477957,3.553275,0 -76.478594,3.553089,0 -76.479349,3.552868,0 -76.480266,3.552606,0 -76.481055,3.552370,0 -76.481551,3.552194,0 -76.481948,3.552030,0 -76.482361,3.551835,0 -76.482839,3.551575,0 -76.483160,3.551374,0 -76.483445,3.551184,0 -76.483664,3.551023,0 -76.484037,3.550718,0 -76.484346,3.550448,0 -76.484579,3.550223,0 -76.484841,3.549933,0 -76.485161,3.549557,0 -76.485252,3.549460,0 -76.485331,3.549376,0 -76.485498,3.549167,0 -76.486625,3.547907,0 -76.486861,3.547647,0 -76.487178,3.547273,0 -76.487334,3.547102,0 -76.487521,3.546922,0 -76.487774,3.546706,0 -76.488018,3.546524,0 -76.488168,3.546419,0 -76.488321,3.546312,0 -76.488753,3.546028,0 -76.488954,3.545905,0 -76.489069,3.545838,0 -76.489176,3.545806,0 -76.489281,3.545780,0 -76.489392,3.545780,0 -76.489489,3.545805,0 -76.489600,3.545852,0 -76.489692,3.545909,0 -76.489783,3.545964,0 -76.489938,3.546083,0 -76.489971,3.546115,0 -76.490005,3.546146,0 -76.490042,3.546175,0 -76.490081,3.546203,0 -76.490123,3.546228,0 -76.490165,3.546250,0 -76.490210,3.546270,0 -76.490255,3.546287,0 -76.490301,3.546301,0 -76.490348,3.546312,0 -76.490396,3.546320,0 -76.490444,3.546325,0 -76.490492,3.546327,0 -76.490540,3.546327,0 -76.490589,3.546323,0 -76.490636,3.546316,0 -76.490684,3.546306,0 -76.490730,3.546293,0 -76.490776,3.546277,0 -76.490821,3.546258,0 -76.490864,3.546237,0 -76.490906,3.546213,0 -76.490946,3.546186,0 -76.490985,3.546157,0 -76.491012,3.546134,0 -76.491038,3.546110,0 -76.491063,3.546084,0 -76.491191,3.545983,0 -76.491293,3.545922,0 -76.491462,3.545842,0 -76.491607,3.545806,0 -76.491763,3.545792,0 -76.492027,3.545803,0 -76.492213,3.545842,0 -76.492424,3.545895,0 -76.492584,3.545962,0 -76.492656,3.546032,0 -76.493155,3.546876,0 -76.493376,3.547323,0 -76.493915,3.547503,0 -76.495607,3.548117,0 -76.496661,3.548503,0 -76.497586,3.548860,0 -76.497636,3.548879,0 -76.497697,3.548903,0 -76.498408,3.549176,0 -76.500377,3.549892,0 -76.502062,3.550559,0 -76.502920,3.550916,0 -76.503586,3.549288,0 -76.504141,3.548063,0 -76.504273,3.547764,0 -76.504670,3.546892,0 -76.504905,3.546420,0 -76.505379,3.545593,0 -76.505428,3.545502,0 -76.505480,3.545415,0 -76.505571,3.545263,0 -76.505918,3.544665,0 -76.506081,3.544384,0 -76.507036,3.542738,0 -76.507518,3.541879,0 -76.507626,3.541717,0 -76.507755,3.541567,0 -76.507905,3.541403,0 -76.508141,3.541195,0 -76.508609,3.540804,0 -76.509561,3.540016,0 -76.509744,3.539863,0 -76.509875,3.539740,0 -76.510023,3.539577,0 -76.510188,3.539356,0 -76.510275,3.539217,0 -76.510352,3.539076,0 -76.510429,3.538912,0 -76.510513,3.538678,0 -76.510600,3.538392,0 -76.510732,3.537949,0 -76.510971,3.537291,0 -76.511290,3.536241,0 -76.511572,3.535473,0 -76.512430,3.533176,0 -76.513337,3.530906,0 -76.514112,3.529026,0 -76.514423,3.528231,0 -76.514692,3.527553,0 -76.514788,3.527295,0 -76.514951,3.526884,0 -76.515027,3.526679,0 -76.515099,3.526456,0 -76.515266,3.525785,0 -76.515397,3.525215,0 -76.515510,3.524699,0 -76.515593,3.524245,0 -76.515621,3.524121,0 -76.515649,3.524000,0 -76.515714,3.523778,0 -76.515813,3.523529,0 -76.515898,3.523361,0 -76.516015,3.523166,0 -76.516180,3.522908,0 -76.516594,3.522423,0 -76.516853,3.522115,0 -76.516947,3.522003,0 -76.517233,3.521665,0 -76.517312,3.521559,0 -76.517390,3.521453,0 -76.517463,3.521325,0 -76.517534,3.521139,0 -76.517564,3.521004,0 -76.517578,3.520869,0 -76.517576,3.520741,0 -76.517571,3.520609,0 -76.517558,3.520515,0 -76.517527,3.520393,0 -76.517436,3.520063,0 -76.517448,3.519975,0 -76.517395,3.519725,0 -76.517357,3.519541,0 -76.517308,3.519321,0 -76.517265,3.519118,0 -76.517092,3.518320,0 -76.516779,3.516903,0 -76.516711,3.516520,0 -76.516685,3.516317,0 -76.516682,3.516149,0 -76.516692,3.516007,0 -76.516701,3.515915,0 -76.516717,3.515811,0 -76.516731,3.515702,0 -76.516755,3.515574,0 -76.516812,3.515376,0 -76.516889,3.515163,0 -76.516969,3.514954,0 -76.517094,3.514636,0 -76.517178,3.514437,0 -76.517208,3.514353,0 -76.517293,3.514125,0 -76.517350,3.513982,0 -76.517377,3.513916,0 -76.517467,3.513660,0 -76.517552,3.513416,0 -76.517601,3.513281,0 -76.517761,3.512837,0 -76.517921,3.512411,0 -76.518089,3.511927,0 -76.518154,3.511755,0 -76.518236,3.511581,0 -76.518373,3.511295,0 -76.518512,3.510992,0 -76.518664,3.510689,0 -76.518815,3.510417,0 -76.518859,3.510334,0 -76.518958,3.510141,0 -76.519065,3.509932,0 -76.519181,3.509708,0 -76.519273,3.509533,0 -76.519346,3.509403,0 -76.519469,3.509189,0 -76.519596,3.508993,0 -76.519826,3.508660,0 -76.520018,3.508393,0 -76.520220,3.508138,0 -76.520338,3.507969,0 -76.520379,3.507905,0 -76.520443,3.507806,0 -76.520574,3.507620,0 -76.520610,3.507569,0 -76.520645,3.507519,0 -76.520776,3.507338,0 -76.520829,3.507259,0 -76.520958,3.507093,0 -76.521107,3.506910,0 -76.521251,3.506719,0 -76.521390,3.506550,0 -76.521492,3.506403,0 -76.521533,3.506332,0 -76.521579,3.506254,0 -76.521658,3.506108,0 -76.521704,3.505990,0 -76.521732,3.505907,0 -76.521756,3.505834,0 -76.521775,3.505756,0 -76.521794,3.505648,0 -76.521806,3.505562,0 -76.521816,3.505370,0 -76.521814,3.505237,0 -76.521806,3.505128,0 -76.521789,3.504994,0 -76.521758,3.504857,0 -76.521716,3.504730,0 -76.521618,3.504434,0 -76.521583,3.504341,0 -76.521445,3.503931,0 -76.521392,3.503769,0 -76.521326,3.503576,0 -76.521284,3.503429,0 -76.521231,3.503238,0 -76.521166,3.502988,0 -76.521106,3.502771,0 -76.521060,3.502601,0 -76.520919,3.502000,0 -76.520871,3.501758,0 -76.520857,3.501676,0 -76.520843,3.501539,0 -76.520837,3.501412,0 -76.520836,3.501272,0 -76.520846,3.501122,0 -76.520859,3.500970,0 -76.520907,3.500732,0 -76.520989,3.500424,0 -76.521045,3.500204,0 -76.521342,3.499184,0 -76.521517,3.498565,0 -76.521599,3.498283,0 -76.521703,3.497854,0 -76.521779,3.497535,0 -76.521856,3.497265,0 -76.521953,3.496926,0 -76.522018,3.496743,0 -76.522055,3.496626,0 -76.522111,3.496471,0 -76.522190,3.496261,0 -76.522240,3.496181,0 -76.522416,3.495769,0 -76.522507,3.495625,0 -76.522606,3.495465,0 -76.522796,3.495105,0 -76.523032,3.494644,0 -76.523275,3.494171,0 -76.523273,3.494093,0 -76.523242,3.494021,0 -76.523188,3.493964,0 -76.523117,3.493931,0 -76.523039,3.493926,0 -76.522964,3.493948,0 -76.522907,3.493972,0 -76.522708,3.494105,0 -76.522489,3.494192,0 -76.522298,3.494242,0 -76.522205,3.494249,0 -76.522031,3.494225,0 -76.521879,3.494185,0 -76.520879,3.493866,0 -76.518192,3.493030,0 -76.517819,3.492910,0 -76.517781,3.492896,0 -76.517625,3.492846,0 -76.517517,3.492810,0 -76.517458,3.492790,0 -76.517016,3.492647,0 -76.516487,3.492494,0 -76.514600,3.491911,0 -76.513539,3.491577,0 -76.512850,3.491365,0 -76.512612,3.491283,0 -76.512419,3.491205,0 -76.511955,3.491047,0 -76.511788,3.490981,0 -76.511533,3.490863,0 -76.511362,3.490777,0 -76.511196,3.490681,0 -76.511034,3.490575,0 -76.510867,3.490419,0 -76.510773,3.490326,0 -76.510651,3.490223,0 -76.510597,3.490167,0 -76.510540,3.490116,0 -76.510480,3.490068,0 -76.510416,3.490025,0 -76.510350,3.489986,0 -76.510280,3.489952,0 -76.510209,3.489923,0 -76.510136,3.489899,0 -76.510061,3.489880,0 -76.509986,3.489866,0 -76.509909,3.489857,0 -76.509832,3.489854,0 -76.509755,3.489856,0 -76.509679,3.489863,0 -76.509603,3.489876,0 -76.509528,3.489894,0 -76.509117,3.489933,0 -76.508959,3.489943,0 -76.508811,3.489944,0 -76.508640,3.489938,0 -76.508464,3.489921,0 -76.508287,3.489895,0 -76.508046,3.489845,0 -76.507665,3.489733,0 -76.507421,3.489659,0 -76.507346,3.489631,0 -76.507014,3.489533,0 -76.506912,3.489503,0 -76.506488,3.489378,0 -76.506052,3.489249,0 -76.505932,3.489214,0 -76.505731,3.489155,0 -76.505698,3.489146,0 -76.505445,3.489070,0 -76.504906,3.488909,0 -76.504279,3.488722,0 -76.503928,3.488573,0 -76.503704,3.488466,0 -76.503589,3.488402,0 -76.503120,3.488150,0 -76.502523,3.487809,0 -76.502131,3.487607,0 -76.502047,3.487569,0 -76.501839,3.487486,0 -76.500779,3.487160,0 -76.500705,3.487136,0 -76.500463,3.487057,0 -76.499731,3.486823,0 -76.499287,3.486698,0 -76.499128,3.486654,0 -76.498993,3.486651,0 -76.498952,3.486650,0 -76.498569,3.486666,0 -76.498428,3.486675,0 -76.498284,3.486675,0 -76.498109,3.486644,0 -76.497927,3.486586,0 -76.497582,3.486488,0 -76.496539,3.486174,0 -76.496388,3.486135,0 -76.496177,3.486082,0 -76.496059,3.486057,0 -76.495697,3.485975,0 -76.495561,3.485936,0 -76.495354,3.485877,0 -76.495221,3.485822,0 -76.495160,3.485795,0 -76.495110,3.485810,0 -76.495068,3.485826,0 -76.494957,3.485940,0 -76.494917,3.485979,0 -76.494850,3.486087,0 -76.494831,3.486128,0 -76.494748,3.486318,0 -76.494732,3.486375,0 -76.494728,3.486433,0 -76.494695,3.486499,0 -76.494650,3.486605,0 -76.494631,3.486645,0 -76.494604,3.486694,0 -76.494569,3.486756,0 -76.494539,3.486803,0 -76.494505,3.486851,0 -76.494466,3.486895,0 -76.494419,3.486942,0 -76.494363,3.486994,0 -76.494247,3.487099,0 -76.494060,3.487272,0 -76.493935,3.487495,0 -76.493790,3.487732,0 -76.493741,3.487812,0 -76.493691,3.487892,0 -76.493612,3.488023,0 -76.493529,3.488155,0 -76.493416,3.488344,0 -76.493392,3.488385,0 -76.493236,3.488645,0 -76.493098,3.488863,0 -76.493008,3.488996,0 -76.492959,3.489067,0 -76.492830,3.489238,0 -76.492709,3.489388,0 -76.492583,3.489506,0 -76.492411,3.489644,0 -76.492162,3.489843,0 -76.492006,3.489968,0 -76.491792,3.490135,0 -76.491691,3.490214,0 -76.491612,3.490272,0 -76.491572,3.490298,0 -76.491411,3.490392,0 -76.491323,3.490438,0 -76.491218,3.490491,0 -76.490842,3.490647,0 -76.490725,3.490695,0 -76.490545,3.490795,0 -76.490426,3.490901,0 -76.490316,3.491009,0 -76.490224,3.491101,0 -76.490125,3.491188,0 -76.490063,3.491236,0 -76.490012,3.491270,0 -76.489920,3.491324,0 -76.489727,3.491412,0 -76.489548,3.491468,0 -76.489361,3.491511,0 -76.489175,3.491539,0 -76.487364,3.491817,0 -76.486627,3.491910,0 -76.486183,3.491994,0 -76.485722,3.492095,0 -76.485633,3.492129,0 -76.485194,3.492326,0 -76.484993,3.492424,0 -76.484779,3.492505,0 -76.484475,3.492565,0 -76.484000,3.492644,0 -76.482407,3.492918,0 -76.481898,3.492998,0 -76.481612,3.493020,0 -76.481389,3.493031,0 -76.481176,3.493045,0 -76.480305,3.493049,0 -76.479864,3.493084,0 -76.479083,3.493184,0 -76.477864,3.493371,0 -76.477826,3.493374,0 -76.477108,3.493501,0 -76.477020,3.493510,0 -76.476602,3.493543,0 -76.476482,3.493549,0 -76.476302,3.493557,0 -76.473884,3.493669,0 -76.471634,3.493746,0 -76.471744,3.493653,0 -76.471841,3.493581,0 -76.471897,3.493530,0 -76.471956,3.493473,0 -76.472021,3.493398,0 -76.472065,3.493343,0 -76.472091,3.493297,0 -76.472100,3.493241,0 -76.472176,3.493191,0 -76.472215,3.493175,0 -76.472261,3.493161,0 -76.472394,3.493139,0 -76.473270,3.493113,0 -76.473581,3.493100,0 -76.473672,3.493048,0 -76.473723,3.492950,0 -76.473781,3.492361,0 -76.473859,3.491386,0 -76.473876,3.490667,0 -76.473806,3.490241,0 -76.473681,3.489779,0 -76.473434,3.488902,0 -76.473326,3.488489,0 -76.473258,3.488021,0 -76.473183,3.487472,0 -76.473142,3.487277,0 -76.472854,3.486528,0 -76.472661,3.486150,0 -76.472001,3.485182,0 -76.471909,3.485095,0 -76.471823,3.485073,0 -76.471512,3.485143,0 -76.471823,3.485073,0 -76.471909,3.485095,0 -76.472001,3.485182,0 -76.472661,3.486150,0 -76.472854,3.486528,0 -76.473142,3.487277,0 -76.473183,3.487472,0 -76.473258,3.488021,0 -76.473326,3.488489,0 -76.473434,3.488902,0 -76.473681,3.489779,0 -76.473806,3.490241,0 -76.473876,3.490667,0 -76.473859,3.491386,0 -76.473781,3.492361,0 -76.473723,3.492950,0 -76.473672,3.493048,0 -76.473581,3.493100,0 -76.473270,3.493113,0 -76.472394,3.493139,0 -76.472261,3.493161,0 -76.472215,3.493175,0 -76.472176,3.493191,0 -76.472100,3.493241,0 -76.472091,3.493297,0 -76.472065,3.493343,0 -76.472021,3.493398,0 -76.471956,3.493473,0 -76.471897,3.493530,0 -76.471841,3.493581,0 -76.471744,3.493653,0 -76.471634,3.493746,0 -76.470456,3.493772,0 -76.469303,3.493830,0 -76.468757,3.493860,0 -76.468350,3.493905,0 -76.467993,3.493986,0 -76.467640,3.494083,0 -76.467271,3.494213,0 -76.465301,3.495065,0 -76.463479,3.495853,0 -76.463174,3.495969,0 -76.462730,3.496134,0 -76.462278,3.496274,0 -76.461609,3.496451,0 -76.455664,3.497797,0 -76.455202,3.497909,0 -76.452739,3.498490,0 -76.448025,3.499619,0 -76.447641,3.499717,0 -76.444355,3.500387,0 -76.443158,3.500701,0 -76.443094,3.500717,0 -76.443022,3.500736,0 -76.442956,3.500753,0 -76.442879,3.500774,0 -76.441277,3.501193,0 -76.436553,3.502462,0 -76.435255,3.502786,0 -76.434496,3.502982,0 -76.433094,3.503282,0 -76.432196,3.503492,0 -76.431273,3.503696,0 -76.427266,3.504436,0 -76.426356,3.504613,0 -76.425992,3.504686,0 -76.425372,3.504803,0 -76.424149,3.505055,0 -76.420855,3.505729,0 -76.418715,3.506186,0 -76.416286,3.506744,0 -76.414837,3.507099,0 -76.414676,3.507137,0 -76.411116,3.507852,0 -76.407986,3.508526,0 -76.404524,3.509325,0 -76.403784,3.509471,0 -76.403281,3.509607,0 -76.403046,3.509687,0 -76.400518,3.510639,0 -76.400071,3.510769,0 -76.398641,3.511094,0 -76.396913,3.511476,0 -76.396338,3.511562,0 -76.395856,3.511625,0 -76.392701,3.512159,0 -76.391204,3.512468,0 -76.386620,3.513516,0 -76.384870,3.513786,0 -76.383275,3.514110,0 -76.383097,3.514147,0 -76.381167,3.514611,0 -76.380419,3.514809,0 -76.379311,3.515126,0 -76.379025,3.515203,0 -76.378721,3.515275,0 -76.378375,3.515335,0 -76.378005,3.515392,0 -76.377532,3.515469,0 -76.376646,3.515619,0 -76.370997,3.516887,0 -76.367881,3.517612,0 -76.365579,3.518200,0 -76.362414,3.518957,0 -76.361158,3.519226,0 -76.360326,3.519475,0 -76.359309,3.519839,0 -76.358629,3.520124,0 -76.358073,3.520315,0 -76.357594,3.520422,0 -76.357136,3.520503,0 -76.356607,3.520576,0 -76.356473,3.520587,0 -76.355722,3.520704,0 -76.355047,3.520701,0 -76.354734,3.520702,0 -76.354566,3.520718,0 -76.354242,3.520780,0 -76.351736,3.521364,0 -76.345592,3.522696,0 -76.344784,3.522871,0 -76.342764,3.523309,0 -76.341713,3.523537,0 -76.341277,3.523631,0 -76.340470,3.523795,0 -76.338602,3.524222,0 -76.337046,3.524567,0 -76.336893,3.524575,0 -76.336742,3.524545,0 -76.336603,3.524480,0 -76.336485,3.524382,0 -76.336394,3.524259,0 -76.336336,3.524117,0 -76.336314,3.523965,0 -76.336331,3.523813,0 -76.336384,3.523669,0 -76.336471,3.523542,0 -76.336587,3.523441,0 -76.336724,3.523371,0 -76.336873,3.523337,0 -76.337027,3.523340,0 -76.337175,3.523381,0 -76.337309,3.523456,0 -76.337420,3.523563,0 -76.337501,3.523693,0 -76.337548,3.523838,0 -76.337552,3.523991,0 -76.337541,3.524240,0 -76.337527,3.524775,0 -76.337533,3.525503,0 -76.337501,3.526986,0 -76.337490,3.527640,0 -76.337486,3.527825,0 -76.337473,3.528378,0 -76.337345,3.531660,0 -76.337377,3.531979,0 -76.337471,3.532485,0 -76.338246,3.536193,0 -76.338442,3.537355,0 -76.338439,3.538300,0 -76.338156,3.544138,0 -76.338156,3.544547,0 -76.338174,3.544765,0 -76.338193,3.545032,0 -76.338257,3.545410,0 -76.338335,3.545806,0 -76.338402,3.546191,0 -76.338455,3.546593,0 -76.338474,3.546981,0 -76.338472,3.547367,0 -76.338453,3.547792,0 -76.338383,3.548313,0 -76.338288,3.548830,0 -76.337804,3.550555,0 -76.337302,3.552341,0 -76.337136,3.552910,0 -76.336025,3.556875,0 -76.335470,3.558835,0 -76.334888,3.560865,0 -76.334416,3.562166,0 -76.333893,3.563448,0 -76.333713,3.564056,0 -76.333485,3.564987,0 -76.333244,3.565935,0 -76.333190,3.566104,0 -76.333123,3.566259,0 -76.332997,3.566565,0 -76.332680,3.567175,0 -76.331132,3.570073,0 -76.331058,3.570237,0 -76.330953,3.570502,0 -76.329291,3.575256,0 -76.328608,3.577739,0 -76.328526,3.578013,0 -76.328346,3.578538,0 -76.327766,3.580104,0 -76.327688,3.580328,0 -76.327550,3.580648,0 -76.327370,3.580948,0 -76.327182,3.581247,0 -76.326906,3.581633,0 -76.326552,3.581998,0 -76.326012,3.582489,0 -76.325353,3.583049,0 -76.322656,3.585378,0 -76.321277,3.586518,0 -76.321164,3.586595,0 -76.321102,3.586626,0 -76.321048,3.586647,0 -76.320972,3.586670,0 -76.320869,3.586687,0 -76.320782,3.586691,0 -76.320655,3.586678,0 -76.320439,3.586603,0 -76.319962,3.586432,0 -76.319608,3.586288,0 -76.319294,3.586175,0 -76.319122,3.586119,0 -76.318935,3.586057,0 -76.318873,3.586026,0 -76.318564,3.585948,0 -76.318406,3.586026,0 -76.318315,3.586127,0 -76.318272,3.586379,0 -76.318305,3.586842,0 -76.318402,3.587213,0 -76.318477,3.587497,0 -76.318490,3.587699,0 -76.318414,3.587854,0 -76.318235,3.587972,0 -76.317162,3.588292,0 -76.314189,3.589150,0 -76.307830,3.591018,0 -76.307310,3.591147,0 -76.307229,3.591165,0 -76.307060,3.591180,0 -76.306622,3.591218,0 -76.304767,3.591406,0 -76.304671,3.591416,0 -76.304611,3.591416,0 -76.304545,3.591417,0 -76.304486,3.591388,0 -76.304448,3.591357,0 -76.304414,3.591328,0 -76.304325,3.591250,0 -76.304262,3.591171,0 -76.304229,3.591064,0 -76.304218,3.590924,0 -76.304164,3.590419,0 -76.304142,3.590194,0 -76.304090,3.589750,0 -76.304056,3.589448,0 -76.304052,3.589400,0 -76.304035,3.589233,0 -76.304238,3.589220,0 -76.304192,3.588501,0 -76.304988,3.588367,0 -76.305049,3.588355,0 -76.304987,3.587747,0 -76.304990,3.587664,0 -76.305027,3.587584,0 -76.305140,3.587485,0</coordinates></LineString></Placemark><Placemark><name>Ruta día 11</name><styleUrl>#dia11</styleUrl><ExtendedData><Data name="INGENIO"><value>Manuelita</value></Data><Data name="DIA"><value>11</value></Data><Data name="PUNTOS"><value>MN-007, MN-010, MN-015</value></Data><Data name="N_PUNTOS"><value>3</value></Data><Data name="KM"><value>51.5</value></Data><Data name="HORAS_VIAJE"><value>1.95</value></Data><Data name="HORAS_MUESTREO"><value>5.42</value></Data><Data name="HORAS_TOTALES"><value>7.37</value></Data><Data name="REGRESO"><value>13:52</value></Data><Data name="PEAJES"><value>2</value></Data><Data name="COSTO_COP"><value>538144</value></Data></ExtendedData><LineString><tessellate>1</tessellate><coordinates>-76.305140,3.587485,0 -76.305027,3.587584,0 -76.304990,3.587664,0 -76.304987,3.587747,0 -76.305049,3.588355,0 -76.305089,3.589125,0 -76.305096,3.589307,0 -76.304676,3.589354,0 -76.304343,3.589365,0 -76.304356,3.589479,0 -76.304393,3.589808,0 -76.304413,3.589979,0 -76.304426,3.590093,0 -76.304455,3.590354,0 -76.304480,3.590486,0 -76.304524,3.590607,0 -76.304579,3.590768,0 -76.304592,3.590918,0 -76.304591,3.591066,0 -76.304595,3.591215,0 -76.304611,3.591416,0 -76.304671,3.591416,0 -76.304767,3.591406,0 -76.306622,3.591218,0 -76.307060,3.591180,0 -76.307229,3.591165,0 -76.307310,3.591147,0 -76.307830,3.591018,0 -76.314189,3.589150,0 -76.317162,3.588292,0 -76.318235,3.587972,0 -76.318414,3.587854,0 -76.318490,3.587699,0 -76.318477,3.587497,0 -76.318402,3.587213,0 -76.318305,3.586842,0 -76.318272,3.586379,0 -76.318315,3.586127,0 -76.318406,3.586026,0 -76.318564,3.585948,0 -76.318873,3.586026,0 -76.318935,3.586057,0 -76.319516,3.586347,0 -76.319886,3.586526,0 -76.320699,3.586899,0 -76.321075,3.587071,0 -76.321855,3.587428,0 -76.322034,3.587520,0 -76.322262,3.587557,0 -76.322490,3.587516,0 -76.322689,3.587399,0 -76.322837,3.587222,0 -76.322916,3.587005,0 -76.322916,3.586774,0 -76.322837,3.586557,0 -76.322793,3.586451,0 -76.322682,3.586280,0 -76.322621,3.586085,0 -76.322613,3.585882,0 -76.322661,3.585684,0 -76.322760,3.585506,0 -76.323090,3.585217,0 -76.325420,3.583229,0 -76.325618,3.583061,0 -76.325986,3.582808,0 -76.326297,3.582578,0 -76.326541,3.582382,0 -76.326949,3.581978,0 -76.327203,3.581719,0 -76.327597,3.581350,0 -76.327809,3.581135,0 -76.327884,3.581090,0 -76.327969,3.581068,0 -76.328057,3.581071,0 -76.328140,3.581097,0 -76.328213,3.581145,0 -76.328278,3.581239,0 -76.328348,3.581329,0 -76.328399,3.581392,0 -76.328486,3.581459,0 -76.328679,3.581590,0 -76.329300,3.581943,0 -76.330692,3.582626,0 -76.332379,3.583326,0 -76.333716,3.583924,0 -76.335663,3.584652,0 -76.336629,3.585054,0 -76.337580,3.585416,0 -76.339662,3.586086,0 -76.340269,3.586184,0 -76.343129,3.586403,0 -76.343806,3.586411,0 -76.344407,3.586495,0 -76.344804,3.586601,0 -76.345185,3.586748,0 -76.345938,3.587061,0 -76.346892,3.587245,0 -76.347976,3.587478,0 -76.348530,3.587618,0 -76.348806,3.587779,0 -76.349056,3.587924,0 -76.349544,3.588231,0 -76.350026,3.588457,0 -76.350375,3.588569,0 -76.350858,3.588671,0 -76.351375,3.588676,0 -76.352366,3.588583,0 -76.355842,3.588423,0 -76.356045,3.588403,0 -76.357645,3.588202,0 -76.358584,3.588190,0 -76.359953,3.588131,0 -76.360302,3.588151,0 -76.360777,3.588213,0 -76.360774,3.588049,0 -76.360989,3.585407,0 -76.361151,3.583204,0 -76.362593,3.583320,0 -76.363976,3.583432,0 -76.365345,3.583542,0 -76.366753,3.583655,0 -76.366822,3.583661,0 -76.367274,3.583697,0 -76.368519,3.583798,0 -76.369784,3.583900,0 -76.369922,3.583911,0 -76.369713,3.580861,0 -76.369699,3.580665,0 -76.369695,3.580605,0 -76.369725,3.580487,0 -76.369765,3.580401,0 -76.369926,3.580342,0 -76.372681,3.580631,0 -76.373858,3.580755,0 -76.374126,3.580776,0 -76.374323,3.580761,0 -76.374434,3.580759,0 -76.374544,3.580764,0 -76.374655,3.580776,0 -76.374764,3.580794,0 -76.374872,3.580819,0 -76.374966,3.580846,0 -76.375093,3.580919,0 -76.375797,3.581451,0 -76.376784,3.582212,0 -76.378536,3.583565,0 -76.378601,3.583619,0 -76.380676,3.582029,0 -76.381035,3.581804,0 -76.384544,3.580492,0 -76.384672,3.580444,0 -76.384823,3.580433,0 -76.387167,3.580749,0 -76.387478,3.580723,0 -76.389359,3.579166,0 -76.391244,3.579309,0 -76.392478,3.579791,0 -76.392982,3.579973,0 -76.392950,3.581836,0 -76.392440,3.583764,0 -76.392174,3.584870,0 -76.391936,3.585862,0 -76.392174,3.584870,0 -76.392440,3.583764,0 -76.395994,3.584078,0 -76.397975,3.584254,0 -76.398558,3.586457,0 -76.400865,3.586649,0 -76.403429,3.586953,0 -76.405501,3.582314,0 -76.406093,3.580824,0 -76.406601,3.579415,0 -76.407997,3.575541,0 -76.409431,3.576215,0 -76.410653,3.576800,0 -76.411743,3.577319,0 -76.411937,3.577409,0 -76.412676,3.577751,0 -76.412867,3.577842,0 -76.413624,3.578206,0 -76.413781,3.578276,0 -76.414762,3.578717,0 -76.415192,3.578912,0 -76.415719,3.579152,0 -76.416197,3.579377,0 -76.416718,3.579648,0 -76.416821,3.579692,0 -76.417641,3.580079,0 -76.417862,3.580197,0 -76.418499,3.580493,0 -76.418892,3.580682,0 -76.419262,3.580848,0 -76.420526,3.581448,0 -76.420884,3.581615,0 -76.423629,3.576006,0 -76.425736,3.571437,0 -76.425195,3.571372,0 -76.423623,3.571205,0 -76.423663,3.571060,0 -76.424269,3.568855,0 -76.421038,3.569388,0 -76.420051,3.569361,0 -76.421038,3.569388,0 -76.424269,3.568855,0 -76.423663,3.571060,0 -76.423623,3.571205,0 -76.425195,3.571372,0 -76.425736,3.571437,0 -76.423629,3.576006,0 -76.425594,3.576951,0 -76.427374,3.577808,0 -76.428289,3.578249,0 -76.429017,3.578589,0 -76.430953,3.579494,0 -76.430804,3.579866,0 -76.430699,3.580120,0 -76.430593,3.580417,0 -76.430448,3.580912,0 -76.430316,3.581427,0 -76.430245,3.581702,0 -76.430172,3.581972,0 -76.430122,3.582143,0 -76.430033,3.582583,0 -76.429814,3.583277,0 -76.429652,3.583793,0 -76.429414,3.584449,0 -76.429261,3.584778,0 -76.429226,3.584872,0 -76.428977,3.585519,0 -76.428785,3.585985,0 -76.428612,3.586422,0 -76.428461,3.586802,0 -76.428309,3.587163,0 -76.428115,3.587645,0 -76.427953,3.588141,0 -76.427708,3.588679,0 -76.427677,3.588760,0 -76.427538,3.589123,0 -76.427451,3.589353,0 -76.427359,3.589620,0 -76.427271,3.589918,0 -76.427185,3.590279,0 -76.427132,3.590585,0 -76.427092,3.590882,0 -76.427048,3.591237,0 -76.427019,3.591607,0 -76.427011,3.591937,0 -76.427008,3.592330,0 -76.427018,3.592675,0 -76.427038,3.592940,0 -76.427077,3.593224,0 -76.427143,3.593591,0 -76.427212,3.593845,0 -76.427294,3.594072,0 -76.427412,3.594337,0 -76.427534,3.594573,0 -76.427654,3.594768,0 -76.427802,3.594988,0 -76.428009,3.595235,0 -76.428173,3.595403,0 -76.428422,3.595617,0 -76.428574,3.595727,0 -76.428804,3.595884,0 -76.429142,3.596072,0 -76.429424,3.596211,0 -76.429704,3.596343,0 -76.429899,3.596433,0 -76.430129,3.596556,0 -76.430323,3.596671,0 -76.430505,3.596795,0 -76.430642,3.596904,0 -76.430804,3.597041,0 -76.430966,3.597196,0 -76.431115,3.597349,0 -76.431245,3.597507,0 -76.431324,3.597604,0 -76.431442,3.597780,0 -76.431578,3.597974,0 -76.431630,3.598060,0 -76.431705,3.598184,0 -76.431972,3.598862,0 -76.432091,3.599447,0 -76.432094,3.600070,0 -76.431867,3.602266,0 -76.431749,3.603011,0 -76.431098,3.605195,0 -76.431025,3.605498,0 -76.430975,3.605836,0 -76.430967,3.606270,0 -76.430997,3.606746,0 -76.431116,3.607207,0 -76.431470,3.608361,0 -76.431571,3.608838,0 -76.431605,3.609300,0 -76.431559,3.609986,0 -76.431481,3.610630,0 -76.430841,3.616138,0 -76.430825,3.616409,0 -76.430817,3.616671,0 -76.430849,3.616899,0 -76.430884,3.617102,0 -76.430983,3.617316,0 -76.431168,3.617669,0 -76.431297,3.617872,0 -76.431473,3.618074,0 -76.431684,3.618244,0 -76.432383,3.618721,0 -76.432488,3.618806,0 -76.432563,3.618892,0 -76.432602,3.618947,0 -76.432627,3.618994,0 -76.432664,3.619062,0 -76.432626,3.619116,0 -76.432597,3.619175,0 -76.432575,3.619249,0 -76.432565,3.619325,0 -76.432569,3.619401,0 -76.432590,3.619488,0 -76.432628,3.619569,0 -76.432682,3.619640,0 -76.432749,3.619699,0 -76.432832,3.619746,0 -76.432923,3.619775,0 -76.433019,3.619782,0 -76.433113,3.619770,0 -76.433203,3.619737,0 -76.433284,3.619686,0 -76.433342,3.619630,0 -76.433389,3.619565,0 -76.433490,3.619521,0 -76.433517,3.619510,0 -76.433638,3.619467,0 -76.433768,3.619437,0 -76.434004,3.619444,0 -76.439321,3.619965,0 -76.441235,3.620122,0 -76.445242,3.620726,0 -76.451870,3.621444,0 -76.453898,3.621691,0 -76.454285,3.621809,0 -76.454713,3.622009,0 -76.455105,3.622255,0 -76.455421,3.622497,0 -76.455768,3.622885,0 -76.456045,3.623245,0 -76.456277,3.623653,0 -76.456687,3.624780,0 -76.456764,3.625032,0 -76.457279,3.626747,0 -76.457308,3.626903,0 -76.457439,3.627350,0 -76.457483,3.627363,0 -76.457529,3.627361,0 -76.457572,3.627344,0 -76.457608,3.627315,0 -76.457632,3.627276,0 -76.457470,3.626869,0 -76.457420,3.626700,0 -76.456903,3.625007,0 -76.456815,3.624741,0 -76.456625,3.624126,0 -76.456427,3.623596,0 -76.456164,3.623125,0 -76.455804,3.622632,0 -76.455574,3.622413,0 -76.455410,3.622268,0 -76.455268,3.622150,0 -76.454671,3.621782,0 -76.454372,3.621672,0 -76.454627,3.621567,0 -76.454946,3.621744,0 -76.455845,3.622426,0 -76.456502,3.623245,0 -76.455845,3.622426,0 -76.454946,3.621744,0 -76.454627,3.621567,0 -76.454372,3.621672,0 -76.454099,3.621573,0 -76.453476,3.621406,0 -76.446055,3.620678,0 -76.443772,3.620334,0 -76.441390,3.619975,0 -76.439511,3.619765,0 -76.434867,3.619335,0 -76.434103,3.619281,0 -76.433912,3.619241,0 -76.433727,3.619169,0 -76.433332,3.619041,0 -76.433273,3.618987,0 -76.433204,3.618945,0 -76.433129,3.618916,0 -76.433045,3.618901,0 -76.432959,3.618902,0 -76.432875,3.618919,0 -76.432796,3.618953,0 -76.432725,3.619001,0 -76.432664,3.619062,0 -76.432626,3.619116,0 -76.432597,3.619175,0 -76.432527,3.619211,0 -76.432416,3.619237,0 -76.432314,3.619247,0 -76.432234,3.619264,0 -76.431917,3.619251,0 -76.431877,3.619250,0 -76.430694,3.619158,0 -76.430514,3.619145,0 -76.430431,3.619136,0 -76.430056,3.619082,0 -76.429690,3.619050,0 -76.429455,3.619026,0 -76.429280,3.618997,0 -76.429127,3.618974,0 -76.428950,3.618969,0 -76.428435,3.618904,0 -76.428061,3.618873,0 -76.427222,3.618770,0 -76.425788,3.618632,0 -76.425557,3.618617,0 -76.424286,3.618497,0 -76.424076,3.618475,0 -76.423929,3.618456,0 -76.423170,3.618362,0 -76.421670,3.618220,0 -76.421458,3.618203,0 -76.421137,3.618168,0 -76.420975,3.618151,0 -76.420081,3.618059,0 -76.419973,3.618048,0 -76.418479,3.617928,0 -76.417997,3.617887,0 -76.417730,3.617858,0 -76.417459,3.617829,0 -76.416418,3.617743,0 -76.415914,3.617685,0 -76.414756,3.617576,0 -76.412717,3.617393,0 -76.412210,3.617348,0 -76.411692,3.617301,0 -76.411196,3.617258,0 -76.410040,3.617153,0 -76.409142,3.617062,0 -76.408311,3.616982,0 -76.406538,3.616814,0 -76.406255,3.616783,0 -76.405908,3.616743,0 -76.405693,3.616710,0 -76.405056,3.616608,0 -76.403964,3.616455,0 -76.402794,3.616290,0 -76.402525,3.616251,0 -76.402190,3.616209,0 -76.401783,3.616161,0 -76.400484,3.616024,0 -76.399840,3.615953,0 -76.399780,3.615928,0 -76.399731,3.615886,0 -76.399697,3.615831,0 -76.399681,3.615769,0 -76.399684,3.615704,0 -76.399691,3.615630,0 -76.399657,3.615720,0 -76.399596,3.615803,0 -76.399510,3.615887,0 -76.399399,3.615931,0 -76.399279,3.615922,0 -76.398549,3.615802,0 -76.397062,3.615639,0 -76.396800,3.615611,0 -76.395953,3.615522,0 -76.394942,3.615422,0 -76.393395,3.615267,0 -76.392481,3.615156,0 -76.391834,3.615102,0 -76.391401,3.615049,0 -76.391063,3.615033,0 -76.390826,3.615017,0 -76.390205,3.614957,0 -76.389897,3.614923,0 -76.389412,3.614877,0 -76.389270,3.614862,0 -76.389164,3.614851,0 -76.388458,3.614777,0 -76.387689,3.614711,0 -76.386800,3.614619,0 -76.386164,3.614571,0 -76.385960,3.613981,0 -76.385856,3.613657,0 -76.385702,3.613307,0 -76.385627,3.613135,0 -76.385488,3.612835,0 -76.385353,3.612545,0 -76.385233,3.612351,0 -76.384952,3.611943,0 -76.384616,3.611535,0 -76.384428,3.611384,0 -76.384132,3.611190,0 -76.383683,3.610904,0 -76.383474,3.610766,0 -76.383221,3.610550,0 -76.382989,3.610364,0 -76.382709,3.610078,0 -76.382543,3.609877,0 -76.382284,3.609536,0 -76.382006,3.609069,0 -76.381715,3.608505,0 -76.381631,3.608329,0 -76.381505,3.608097,0 -76.381452,3.607960,0 -76.381432,3.607797,0 -76.381396,3.607429,0 -76.381356,3.607298,0 -76.381297,3.607160,0 -76.381222,3.607066,0 -76.380868,3.606694,0 -76.380085,3.606054,0 -76.379145,3.605330,0 -76.379087,3.605288,0 -76.378642,3.604939,0 -76.378526,3.604843,0 -76.378148,3.604553,0 -76.377829,3.604261,0 -76.377477,3.603917,0 -76.377224,3.603656,0 -76.377068,3.603463,0 -76.375904,3.601541,0 -76.375824,3.601381,0 -76.375746,3.601225,0 -76.375599,3.600780,0 -76.375387,3.600088,0 -76.375220,3.599373,0 -76.375076,3.598629,0 -76.374984,3.598029,0 -76.374727,3.597071,0 -76.374673,3.596889,0 -76.374597,3.596733,0 -76.374453,3.596557,0 -76.374334,3.596401,0 -76.374088,3.596108,0 -76.373937,3.595956,0 -76.373441,3.595566,0 -76.372978,3.595202,0 -76.372854,3.595083,0 -76.371875,3.594147,0 -76.371350,3.593537,0 -76.370370,3.592252,0 -76.370220,3.592113,0 -76.369749,3.591805,0 -76.369231,3.591556,0 -76.367240,3.590635,0 -76.365999,3.589854,0 -76.365625,3.589690,0 -76.361007,3.588255,0 -76.360777,3.588213,0 -76.360302,3.588151,0 -76.359953,3.588131,0 -76.358584,3.588190,0 -76.357645,3.588202,0 -76.356045,3.588403,0 -76.355842,3.588423,0 -76.352366,3.588583,0 -76.351375,3.588676,0 -76.350858,3.588671,0 -76.350375,3.588569,0 -76.350026,3.588457,0 -76.349544,3.588231,0 -76.349056,3.587924,0 -76.348806,3.587779,0 -76.348530,3.587618,0 -76.347976,3.587478,0 -76.346892,3.587245,0 -76.345938,3.587061,0 -76.345185,3.586748,0 -76.344804,3.586601,0 -76.344407,3.586495,0 -76.343806,3.586411,0 -76.343129,3.586403,0 -76.340269,3.586184,0 -76.339662,3.586086,0 -76.337580,3.585416,0 -76.336629,3.585054,0 -76.335663,3.584652,0 -76.333716,3.583924,0 -76.332379,3.583326,0 -76.330692,3.582626,0 -76.329300,3.581943,0 -76.328679,3.581590,0 -76.328486,3.581459,0 -76.328399,3.581392,0 -76.328348,3.581329,0 -76.328278,3.581239,0 -76.328213,3.581145,0 -76.328183,3.581078,0 -76.328081,3.580905,0 -76.328010,3.580749,0 -76.327886,3.580531,0 -76.327614,3.580017,0 -76.327547,3.579974,0 -76.327470,3.579952,0 -76.327390,3.579956,0 -76.327315,3.579983,0 -76.327252,3.580031,0 -76.327206,3.580097,0 -76.327183,3.580173,0 -76.327093,3.580729,0 -76.326957,3.581312,0 -76.326845,3.581574,0 -76.326699,3.581796,0 -76.326552,3.581998,0 -76.326012,3.582489,0 -76.325353,3.583049,0 -76.322656,3.585378,0 -76.321277,3.586518,0 -76.321164,3.586595,0 -76.321102,3.586626,0 -76.321048,3.586647,0 -76.320972,3.586670,0 -76.320869,3.586687,0 -76.320782,3.586691,0 -76.320655,3.586678,0 -76.320439,3.586603,0 -76.319962,3.586432,0 -76.319608,3.586288,0 -76.319294,3.586175,0 -76.319122,3.586119,0 -76.318935,3.586057,0 -76.318873,3.586026,0 -76.318564,3.585948,0 -76.318406,3.586026,0 -76.318315,3.586127,0 -76.318272,3.586379,0 -76.318305,3.586842,0 -76.318402,3.587213,0 -76.318477,3.587497,0 -76.318490,3.587699,0 -76.318414,3.587854,0 -76.318235,3.587972,0 -76.317162,3.588292,0 -76.314189,3.589150,0 -76.307830,3.591018,0 -76.307310,3.591147,0 -76.307229,3.591165,0 -76.307060,3.591180,0 -76.306622,3.591218,0 -76.304767,3.591406,0 -76.304671,3.591416,0 -76.304611,3.591416,0 -76.304545,3.591417,0 -76.304486,3.591388,0 -76.304448,3.591357,0 -76.304414,3.591328,0 -76.304325,3.591250,0 -76.304262,3.591171,0 -76.304229,3.591064,0 -76.304218,3.590924,0 -76.304164,3.590419,0 -76.304142,3.590194,0 -76.304090,3.589750,0 -76.304056,3.589448,0 -76.304052,3.589400,0 -76.304035,3.589233,0 -76.304238,3.589220,0 -76.304192,3.588501,0 -76.304988,3.588367,0 -76.305049,3.588355,0 -76.304987,3.587747,0 -76.304990,3.587664,0 -76.305027,3.587584,0 -76.305140,3.587485,0</coordinates></LineString></Placemark><Placemark><name>Ruta día 12</name><styleUrl>#dia12</styleUrl><ExtendedData><Data name="INGENIO"><value>Manuelita</value></Data><Data name="DIA"><value>12</value></Data><Data name="PUNTOS"><value>MN-042, MN-040, MN-016</value></Data><Data name="N_PUNTOS"><value>3</value></Data><Data name="KM"><value>86.4</value></Data><Data name="HORAS_VIAJE"><value>2.56</value></Data><Data name="HORAS_MUESTREO"><value>5.21</value></Data><Data name="HORAS_TOTALES"><value>7.77</value></Data><Data name="REGRESO"><value>14:16</value></Data><Data name="PEAJES"><value>2</value></Data><Data name="COSTO_COP"><value>549495</value></Data></ExtendedData><LineString><tessellate>1</tessellate><coordinates>-76.305140,3.587485,0 -76.305027,3.587584,0 -76.304990,3.587664,0 -76.304987,3.587747,0 -76.305049,3.588355,0 -76.305089,3.589125,0 -76.305096,3.589307,0 -76.304676,3.589354,0 -76.304343,3.589365,0 -76.304356,3.589479,0 -76.304393,3.589808,0 -76.304413,3.589979,0 -76.304426,3.590093,0 -76.304455,3.590354,0 -76.304480,3.590486,0 -76.304524,3.590607,0 -76.304579,3.590768,0 -76.304592,3.590918,0 -76.304591,3.591066,0 -76.304595,3.591215,0 -76.304611,3.591416,0 -76.304671,3.591416,0 -76.304767,3.591406,0 -76.306622,3.591218,0 -76.307060,3.591180,0 -76.307229,3.591165,0 -76.307327,3.592379,0 -76.307428,3.593620,0 -76.307452,3.593738,0 -76.307492,3.593824,0 -76.307554,3.593832,0 -76.307771,3.593837,0 -76.308345,3.593735,0 -76.308718,3.593701,0 -76.308855,3.593721,0 -76.308972,3.593738,0 -76.309643,3.593982,0 -76.309890,3.594059,0 -76.310147,3.594054,0 -76.313583,3.593757,0 -76.313996,3.593701,0 -76.314420,3.593481,0 -76.314930,3.593195,0 -76.315134,3.592980,0 -76.315329,3.592825,0 -76.315820,3.592600,0 -76.316362,3.592365,0 -76.316633,3.592322,0 -76.316850,3.592357,0 -76.317185,3.592453,0 -76.317467,3.592572,0 -76.314897,3.598064,0 -76.312383,3.605146,0 -76.311364,3.607571,0 -76.310362,3.609968,0 -76.310232,3.610279,0 -76.310146,3.610458,0 -76.309937,3.610980,0 -76.309801,3.611330,0 -76.309764,3.611424,0 -76.309613,3.611799,0 -76.309326,3.612480,0 -76.308863,3.613550,0 -76.308642,3.614075,0 -76.308340,3.614778,0 -76.308054,3.615445,0 -76.307964,3.615667,0 -76.307868,3.615881,0 -76.307744,3.616141,0 -76.307660,3.616315,0 -76.307570,3.616489,0 -76.307478,3.616642,0 -76.307377,3.616786,0 -76.307221,3.616989,0 -76.307039,3.617220,0 -76.306813,3.617482,0 -76.306579,3.617707,0 -76.306352,3.617905,0 -76.306091,3.618122,0 -76.305384,3.618671,0 -76.304935,3.619016,0 -76.304161,3.619613,0 -76.303488,3.620140,0 -76.302929,3.620571,0 -76.302353,3.621008,0 -76.302276,3.621068,0 -76.302025,3.621265,0 -76.301524,3.621658,0 -76.300778,3.622234,0 -76.300612,3.622362,0 -76.300543,3.622415,0 -76.299864,3.622940,0 -76.299074,3.623545,0 -76.298053,3.624348,0 -76.297423,3.624827,0 -76.297087,3.625093,0 -76.296726,3.625371,0 -76.296414,3.625612,0 -76.296035,3.625930,0 -76.295696,3.626227,0 -76.295505,3.626409,0 -76.295331,3.626602,0 -76.295167,3.626800,0 -76.294888,3.627196,0 -76.294679,3.627523,0 -76.294593,3.627683,0 -76.294458,3.627951,0 -76.294362,3.628160,0 -76.294282,3.628363,0 -76.294196,3.628602,0 -76.294118,3.628856,0 -76.294046,3.629134,0 -76.293992,3.629440,0 -76.293955,3.629678,0 -76.293923,3.629919,0 -76.293896,3.630173,0 -76.293872,3.630550,0 -76.293845,3.631067,0 -76.293803,3.631647,0 -76.293777,3.631873,0 -76.293740,3.632293,0 -76.293708,3.632625,0 -76.293673,3.633238,0 -76.293668,3.633332,0 -76.293608,3.634182,0 -76.293598,3.634322,0 -76.293571,3.634630,0 -76.293555,3.634906,0 -76.293544,3.635205,0 -76.293534,3.635663,0 -76.293531,3.636000,0 -76.293531,3.636330,0 -76.293542,3.636581,0 -76.293569,3.636877,0 -76.293671,3.637415,0 -76.293721,3.637665,0 -76.293775,3.637914,0 -76.293833,3.638162,0 -76.293895,3.638409,0 -76.293961,3.638655,0 -76.294031,3.638900,0 -76.294105,3.639143,0 -76.294184,3.639386,0 -76.294266,3.639627,0 -76.294470,3.640189,0 -76.294757,3.640936,0 -76.295191,3.642612,0 -76.295924,3.646534,0 -76.296238,3.648509,0 -76.296259,3.649430,0 -76.296119,3.650297,0 -76.295484,3.651930,0 -76.295071,3.652578,0 -76.294373,3.653333,0 -76.294065,3.653841,0 -76.293880,3.654601,0 -76.293296,3.657650,0 -76.292490,3.662101,0 -76.292343,3.663136,0 -76.292171,3.664284,0 -76.291777,3.666949,0 -76.291761,3.667406,0 -76.291797,3.667725,0 -76.291889,3.668048,0 -76.292081,3.668452,0 -76.292365,3.668840,0 -76.292706,3.669157,0 -76.293659,3.669975,0 -76.294006,3.670215,0 -76.294435,3.670442,0 -76.294918,3.670664,0 -76.295864,3.671082,0 -76.296327,3.671310,0 -76.296953,3.671661,0 -76.297404,3.671941,0 -76.297806,3.672270,0 -76.298101,3.672629,0 -76.298526,3.673276,0 -76.298918,3.673883,0 -76.299137,3.674208,0 -76.299328,3.674492,0 -76.299416,3.674628,0 -76.299504,3.674754,0 -76.299544,3.674802,0 -76.299692,3.675001,0 -76.300084,3.675420,0 -76.301441,3.676612,0 -76.301881,3.677074,0 -76.302198,3.677429,0 -76.302911,3.678435,0 -76.303177,3.679047,0 -76.303260,3.679337,0 -76.303380,3.679764,0 -76.303479,3.680363,0 -76.303565,3.682036,0 -76.303638,3.682582,0 -76.303671,3.682791,0 -76.303728,3.682990,0 -76.303788,3.683143,0 -76.303887,3.683333,0 -76.304002,3.683534,0 -76.304501,3.684208,0 -76.304546,3.684281,0 -76.304859,3.684795,0 -76.305214,3.685381,0 -76.305564,3.685838,0 -76.305792,3.686075,0 -76.306920,3.686900,0 -76.307887,3.687857,0 -76.308061,3.688009,0 -76.308323,3.688173,0 -76.308627,3.688280,0 -76.309710,3.688691,0 -76.310182,3.689004,0 -76.310971,3.689528,0 -76.311711,3.690012,0 -76.311974,3.690225,0 -76.312167,3.690451,0 -76.312358,3.690796,0 -76.312532,3.691148,0 -76.312757,3.691510,0 -76.312946,3.691728,0 -76.313661,3.692485,0 -76.314187,3.693325,0 -76.314392,3.693722,0 -76.314606,3.694123,0 -76.314975,3.694904,0 -76.314999,3.694989,0 -76.315104,3.695372,0 -76.315370,3.696339,0 -76.315602,3.696804,0 -76.315869,3.697206,0 -76.316676,3.698122,0 -76.317333,3.699235,0 -76.317695,3.699832,0 -76.317896,3.700161,0 -76.317998,3.700328,0 -76.318095,3.700488,0 -76.318304,3.700822,0 -76.318526,3.701267,0 -76.318792,3.701960,0 -76.319443,3.704591,0 -76.319672,3.705519,0 -76.319715,3.706103,0 -76.319626,3.706919,0 -76.319581,3.707195,0 -76.319476,3.707854,0 -76.319291,3.709682,0 -76.319174,3.710433,0 -76.319012,3.711101,0 -76.318939,3.711457,0 -76.318848,3.712203,0 -76.318842,3.712867,0 -76.318841,3.712949,0 -76.318842,3.713021,0 -76.318842,3.713097,0 -76.318845,3.713209,0 -76.318858,3.713804,0 -76.318985,3.714912,0 -76.319265,3.716370,0 -76.319295,3.716544,0 -76.319300,3.716570,0 -76.319318,3.716665,0 -76.320700,3.724175,0 -76.321193,3.726852,0 -76.321350,3.727611,0 -76.321504,3.728302,0 -76.321611,3.728584,0 -76.321864,3.729044,0 -76.322588,3.730107,0 -76.322764,3.730492,0 -76.322864,3.730843,0 -76.322938,3.731221,0 -76.322952,3.731295,0 -76.323341,3.734613,0 -76.323374,3.734967,0 -76.323428,3.735456,0 -76.323463,3.735785,0 -76.323542,3.736755,0 -76.323508,3.737266,0 -76.323412,3.737953,0 -76.323407,3.738123,0 -76.323407,3.738231,0 -76.323434,3.738445,0 -76.323503,3.738667,0 -76.323784,3.739319,0 -76.323893,3.739670,0 -76.324120,3.741290,0 -76.324176,3.741690,0 -76.324246,3.742589,0 -76.325393,3.752538,0 -76.325390,3.752916,0 -76.325248,3.753712,0 -76.325231,3.753882,0 -76.325237,3.754028,0 -76.325273,3.754218,0 -76.325319,3.754348,0 -76.325359,3.754433,0 -76.325446,3.754647,0 -76.325603,3.755041,0 -76.325766,3.755606,0 -76.326037,3.757680,0 -76.326069,3.758180,0 -76.325974,3.759406,0 -76.325846,3.760479,0 -76.325868,3.760731,0 -76.325897,3.760950,0 -76.326306,3.762489,0 -76.326364,3.762710,0 -76.326807,3.764288,0 -76.326903,3.764714,0 -76.326968,3.765358,0 -76.326978,3.765905,0 -76.327020,3.768045,0 -76.327049,3.768732,0 -76.326998,3.769295,0 -76.326834,3.769834,0 -76.326409,3.770877,0 -76.326342,3.771118,0 -76.326308,3.771364,0 -76.326297,3.771674,0 -76.326415,3.773029,0 -76.326317,3.773983,0 -76.326223,3.774573,0 -76.326155,3.775043,0 -76.325776,3.777533,0 -76.325602,3.778136,0 -76.325398,3.778646,0 -76.324246,3.780341,0 -76.323531,3.782065,0 -76.323310,3.782484,0 -76.323036,3.782863,0 -76.322805,3.783106,0 -76.322133,3.783608,0 -76.321856,3.783851,0 -76.321578,3.784170,0 -76.321399,3.784449,0 -76.320964,3.785242,0 -76.320717,3.785657,0 -76.319814,3.786616,0 -76.318861,3.787469,0 -76.318765,3.787562,0 -76.315497,3.790528,0 -76.314080,3.791373,0 -76.313613,3.791752,0 -76.313532,3.791838,0 -76.313302,3.792084,0 -76.312813,3.792944,0 -76.312778,3.793032,0 -76.312499,3.793737,0 -76.312085,3.794689,0 -76.312070,3.794726,0 -76.311826,3.795340,0 -76.311703,3.795647,0 -76.310997,3.797607,0 -76.310849,3.798062,0 -76.310521,3.798903,0 -76.310226,3.799702,0 -76.310037,3.800340,0 -76.309831,3.801000,0 -76.309659,3.801523,0 -76.309530,3.801937,0 -76.309411,3.802284,0 -76.309393,3.802359,0 -76.309329,3.802611,0 -76.309256,3.802937,0 -76.309198,3.803167,0 -76.309133,3.803416,0 -76.309000,3.803833,0 -76.308747,3.804549,0 -76.308525,3.805177,0 -76.308407,3.805523,0 -76.308286,3.805862,0 -76.308221,3.806095,0 -76.308176,3.806347,0 -76.308149,3.806593,0 -76.308130,3.806909,0 -76.308130,3.806994,0 -76.308131,3.807361,0 -76.308124,3.807775,0 -76.308122,3.807875,0 -76.308120,3.808384,0 -76.308095,3.809625,0 -76.308072,3.809984,0 -76.308006,3.812719,0 -76.307996,3.812789,0 -76.307948,3.813016,0 -76.307890,3.813287,0 -76.307829,3.813527,0 -76.307767,3.813770,0 -76.307750,3.813820,0 -76.307568,3.814452,0 -76.307450,3.814914,0 -76.307391,3.815104,0 -76.307286,3.815423,0 -76.307251,3.815543,0 -76.307167,3.815838,0 -76.307098,3.816083,0 -76.307039,3.816291,0 -76.306980,3.816501,0 -76.306928,3.816699,0 -76.306872,3.816910,0 -76.306765,3.817298,0 -76.306613,3.817856,0 -76.306567,3.818027,0 -76.306510,3.818235,0 -76.306471,3.818373,0 -76.306363,3.818751,0 -76.306349,3.818802,0 -76.306290,3.819016,0 -76.306223,3.819244,0 -76.306148,3.819485,0 -76.306065,3.819688,0 -76.305923,3.820023,0 -76.305730,3.820427,0 -76.305403,3.821077,0 -76.305199,3.821482,0 -76.305095,3.821666,0 -76.304957,3.821961,0 -76.304921,3.822037,0 -76.304637,3.822598,0 -76.304512,3.822852,0 -76.304306,3.823261,0 -76.304129,3.823601,0 -76.303903,3.824070,0 -76.303707,3.824436,0 -76.303512,3.824781,0 -76.303313,3.825108,0 -76.303074,3.825483,0 -76.302914,3.825744,0 -76.302739,3.826023,0 -76.302616,3.826210,0 -76.302495,3.826424,0 -76.302380,3.826638,0 -76.302278,3.826836,0 -76.302203,3.827045,0 -76.302130,3.827305,0 -76.302058,3.827631,0 -76.301854,3.828493,0 -76.301709,3.829130,0 -76.301556,3.829762,0 -76.301379,3.830570,0 -76.301296,3.830985,0 -76.301234,3.831421,0 -76.301157,3.831983,0 -76.301074,3.832596,0 -76.300977,3.833281,0 -76.300921,3.833686,0 -76.300832,3.834338,0 -76.300773,3.834779,0 -76.300711,3.835181,0 -76.300636,3.835657,0 -76.300556,3.836203,0 -76.300443,3.836861,0 -76.300365,3.837300,0 -76.300285,3.837721,0 -76.300151,3.838373,0 -76.300100,3.838613,0 -76.300022,3.838981,0 -76.299896,3.839479,0 -76.299731,3.840165,0 -76.299584,3.840792,0 -76.299450,3.841477,0 -76.299326,3.842295,0 -76.299098,3.843662,0 -76.298908,3.844554,0 -76.298779,3.845162,0 -76.298528,3.846355,0 -76.298481,3.846581,0 -76.298382,3.847033,0 -76.298188,3.847946,0 -76.298139,3.848172,0 -76.297858,3.849466,0 -76.297673,3.850319,0 -76.297372,3.851657,0 -76.297318,3.852001,0 -76.297270,3.853058,0 -76.297238,3.853583,0 -76.297195,3.854152,0 -76.297165,3.854562,0 -76.297156,3.854698,0 -76.297150,3.854770,0 -76.297133,3.855095,0 -76.297088,3.855862,0 -76.297053,3.856406,0 -76.297026,3.856735,0 -76.296983,3.856986,0 -76.296935,3.857216,0 -76.296862,3.857513,0 -76.296774,3.857862,0 -76.296629,3.858466,0 -76.296374,3.859456,0 -76.296301,3.859831,0 -76.296290,3.859854,0 -76.296263,3.859917,0 -76.296232,3.860116,0 -76.296231,3.860317,0 -76.296260,3.860517,0 -76.296317,3.860709,0 -76.296402,3.860892,0 -76.296513,3.861060,0 -76.296648,3.861210,0 -76.296691,3.861255,0 -76.296730,3.861291,0 -76.296810,3.861345,0 -76.296900,3.861381,0 -76.296995,3.861398,0 -76.297092,3.861396,0 -76.297186,3.861375,0 -76.297274,3.861335,0 -76.297352,3.861279,0 -76.297418,3.861207,0 -76.297467,3.861124,0 -76.297499,3.861033,0 -76.297512,3.860938,0 -76.297505,3.860841,0 -76.297495,3.860683,0 -76.297469,3.860526,0 -76.297428,3.860372,0 -76.297373,3.860224,0 -76.297303,3.860081,0 -76.297219,3.859946,0 -76.297122,3.859820,0 -76.297026,3.859628,0 -76.296927,3.859392,0 -76.296868,3.859170,0 -76.296841,3.858958,0 -76.297039,3.859010,0 -76.297296,3.859019,0 -76.301953,3.858510,0 -76.306243,3.858126,0 -76.308225,3.857975,0 -76.310148,3.858157,0 -76.310891,3.858197,0 -76.311646,3.858279,0 -76.314284,3.858592,0 -76.311646,3.858279,0 -76.310891,3.858197,0 -76.310148,3.858157,0 -76.308225,3.857975,0 -76.306243,3.858126,0 -76.301953,3.858510,0 -76.297296,3.859019,0 -76.297039,3.859010,0 -76.296841,3.858958,0 -76.296830,3.858801,0 -76.296836,3.858640,0 -76.296857,3.858466,0 -76.296897,3.858292,0 -76.296937,3.858108,0 -76.296965,3.858001,0 -76.297045,3.857696,0 -76.297112,3.857455,0 -76.297152,3.857251,0 -76.297192,3.857013,0 -76.297214,3.856823,0 -76.297235,3.856625,0 -76.297257,3.856339,0 -76.297286,3.855932,0 -76.297308,3.855653,0 -76.297332,3.855276,0 -76.297340,3.855118,0 -76.297359,3.854764,0 -76.297363,3.854701,0 -76.297415,3.854075,0 -76.297444,3.853654,0 -76.297517,3.852298,0 -76.297522,3.852183,0 -76.297560,3.851848,0 -76.297720,3.851132,0 -76.298218,3.848901,0 -76.298369,3.848225,0 -76.298427,3.848012,0 -76.298917,3.846686,0 -76.299008,3.846319,0 -76.299032,3.846172,0 -76.299052,3.845944,0 -76.299040,3.844628,0 -76.299054,3.844456,0 -76.299518,3.841812,0 -76.299644,3.841141,0 -76.299719,3.840794,0 -76.299775,3.840571,0 -76.299866,3.840300,0 -76.299981,3.840032,0 -76.300199,3.839658,0 -76.300312,3.839449,0 -76.300424,3.839222,0 -76.300509,3.839024,0 -76.300526,3.838984,0 -76.300607,3.838719,0 -76.300631,3.838630,0 -76.300655,3.838494,0 -76.300677,3.838317,0 -76.300687,3.838074,0 -76.300687,3.837860,0 -76.300682,3.837544,0 -76.300674,3.837252,0 -76.300693,3.836987,0 -76.300714,3.836704,0 -76.300770,3.836275,0 -76.300851,3.835724,0 -76.300931,3.835176,0 -76.301044,3.834423,0 -76.301151,3.833672,0 -76.301259,3.832960,0 -76.301575,3.830824,0 -76.301803,3.829769,0 -76.301929,3.829181,0 -76.302036,3.828616,0 -76.302130,3.828199,0 -76.302254,3.827682,0 -76.302340,3.827318,0 -76.302401,3.827104,0 -76.302490,3.826866,0 -76.302589,3.826662,0 -76.302669,3.826524,0 -76.302916,3.826116,0 -76.303150,3.825756,0 -76.303437,3.825308,0 -76.303670,3.824926,0 -76.303816,3.824675,0 -76.303909,3.824516,0 -76.304113,3.824133,0 -76.304257,3.823863,0 -76.304351,3.823705,0 -76.304507,3.823526,0 -76.304648,3.823384,0 -76.304773,3.823268,0 -76.304907,3.823148,0 -76.305031,3.823018,0 -76.305143,3.822878,0 -76.305229,3.822751,0 -76.305306,3.822617,0 -76.305373,3.822479,0 -76.305430,3.822337,0 -76.305476,3.822190,0 -76.305528,3.821944,0 -76.305551,3.821693,0 -76.305562,3.821540,0 -76.305620,3.821248,0 -76.305673,3.821048,0 -76.305746,3.820877,0 -76.305912,3.820550,0 -76.306065,3.820245,0 -76.306189,3.819969,0 -76.306307,3.819681,0 -76.306395,3.819412,0 -76.306470,3.819153,0 -76.306591,3.818717,0 -76.306703,3.818288,0 -76.306883,3.817673,0 -76.306982,3.817306,0 -76.307087,3.817047,0 -76.307165,3.816857,0 -76.307283,3.816619,0 -76.307393,3.816461,0 -76.307494,3.816296,0 -76.307584,3.816124,0 -76.307663,3.815948,0 -76.307731,3.815767,0 -76.307783,3.815581,0 -76.307825,3.815425,0 -76.307855,3.815265,0 -76.307887,3.814695,0 -76.307886,3.814433,0 -76.307889,3.814251,0 -76.307905,3.814099,0 -76.307940,3.813940,0 -76.307988,3.813786,0 -76.308049,3.813626,0 -76.308160,3.813308,0 -76.308253,3.812954,0 -76.308299,3.812717,0 -76.308321,3.812309,0 -76.308400,3.811546,0 -76.308455,3.811166,0 -76.308512,3.810910,0 -76.308580,3.810652,0 -76.308626,3.810407,0 -76.308653,3.810159,0 -76.308662,3.809909,0 -76.308653,3.809678,0 -76.308629,3.809448,0 -76.308588,3.809220,0 -76.308532,3.808995,0 -76.308489,3.808769,0 -76.308438,3.808505,0 -76.308396,3.808287,0 -76.308373,3.808098,0 -76.308358,3.807875,0 -76.308356,3.807337,0 -76.308369,3.806601,0 -76.308382,3.806218,0 -76.308404,3.806031,0 -76.308436,3.805849,0 -76.308474,3.805675,0 -76.308557,3.805432,0 -76.308622,3.805226,0 -76.308830,3.804562,0 -76.309085,3.803850,0 -76.309161,3.803626,0 -76.309250,3.803359,0 -76.309409,3.802880,0 -76.309480,3.802674,0 -76.309565,3.802429,0 -76.309629,3.802245,0 -76.309859,3.801629,0 -76.309973,3.801308,0 -76.310012,3.801210,0 -76.310063,3.801079,0 -76.310151,3.800890,0 -76.310245,3.800704,0 -76.310340,3.800560,0 -76.310507,3.800315,0 -76.310663,3.800093,0 -76.310793,3.799874,0 -76.310871,3.799634,0 -76.310943,3.799451,0 -76.311003,3.799265,0 -76.311044,3.799105,0 -76.311067,3.798990,0 -76.311072,3.798937,0 -76.311094,3.798745,0 -76.311109,3.798478,0 -76.311135,3.798199,0 -76.311169,3.798001,0 -76.311177,3.797949,0 -76.311242,3.797658,0 -76.311344,3.797218,0 -76.311394,3.796988,0 -76.311449,3.796807,0 -76.311502,3.796639,0 -76.311588,3.796396,0 -76.311624,3.796313,0 -76.313033,3.793054,0 -76.313232,3.792594,0 -76.313378,3.792290,0 -76.313496,3.792097,0 -76.313614,3.791946,0 -76.313764,3.791805,0 -76.313979,3.791620,0 -76.314127,3.791494,0 -76.314572,3.791218,0 -76.315212,3.790894,0 -76.315471,3.790774,0 -76.315815,3.790568,0 -76.316992,3.789467,0 -76.319041,3.787550,0 -76.320688,3.786013,0 -76.321090,3.785535,0 -76.321995,3.784492,0 -76.322809,3.783533,0 -76.323479,3.782603,0 -76.323720,3.782131,0 -76.324358,3.780675,0 -76.324520,3.780352,0 -76.325179,3.779355,0 -76.325511,3.778801,0 -76.325841,3.778393,0 -76.326124,3.778003,0 -76.326282,3.777785,0 -76.326360,3.777674,0 -76.328231,3.774755,0 -76.328896,3.773733,0 -76.329751,3.772418,0 -76.331254,3.770149,0 -76.331554,3.769577,0 -76.331688,3.769172,0 -76.331771,3.768915,0 -76.331884,3.768564,0 -76.332284,3.768622,0 -76.332825,3.768702,0 -76.332937,3.768266,0 -76.333093,3.767533,0 -76.334074,3.767768,0 -76.335143,3.768038,0 -76.335569,3.768147,0 -76.336280,3.768327,0 -76.336935,3.768521,0 -76.337385,3.768641,0 -76.338238,3.768788,0 -76.338356,3.769111,0 -76.338399,3.769178,0 -76.338961,3.769632,0 -76.339937,3.770027,0 -76.341246,3.770545,0 -76.341769,3.770777,0 -76.342349,3.771102,0 -76.342412,3.771180,0 -76.342432,3.771331,0 -76.342446,3.772518,0 -76.342449,3.772850,0 -76.342479,3.773097,0 -76.342584,3.773262,0 -76.342801,3.773382,0 -76.343347,3.773589,0 -76.344010,3.773840,0 -76.344665,3.774158,0 -76.344896,3.774351,0 -76.346422,3.775631,0 -76.346778,3.775930,0 -76.347163,3.776316,0 -76.347545,3.776693,0 -76.348758,3.778077,0 -76.348823,3.778300,0 -76.348932,3.779399,0 -76.349155,3.780310,0 -76.349219,3.780429,0 -76.350915,3.781170,0 -76.353761,3.782446,0 -76.353881,3.782786,0 -76.353887,3.783086,0 -76.353838,3.783706,0 -76.354216,3.783772,0 -76.354581,3.783777,0 -76.354849,3.783788,0 -76.354959,3.783809,0 -76.355043,3.783840,0 -76.355168,3.783911,0 -76.355305,3.783994,0 -76.358642,3.786010,0 -76.358768,3.786084,0 -76.358883,3.786146,0 -76.359004,3.786197,0 -76.359167,3.786240,0 -76.361241,3.786893,0 -76.361345,3.786922,0 -76.361423,3.786944,0 -76.361482,3.786944,0 -76.361547,3.786925,0 -76.361589,3.786882,0 -76.362568,3.784289,0 -76.361589,3.786882,0 -76.361547,3.786925,0 -76.361482,3.786944,0 -76.361423,3.786944,0 -76.361345,3.786922,0 -76.361241,3.786893,0 -76.359167,3.786240,0 -76.359004,3.786197,0 -76.358883,3.786146,0 -76.358768,3.786084,0 -76.358642,3.786010,0 -76.355305,3.783994,0 -76.355168,3.783911,0 -76.355043,3.783840,0 -76.354959,3.783809,0 -76.354849,3.783788,0 -76.354581,3.783777,0 -76.354216,3.783772,0 -76.353838,3.783706,0 -76.353887,3.783086,0 -76.353881,3.782786,0 -76.353761,3.782446,0 -76.350915,3.781170,0 -76.349219,3.780429,0 -76.349155,3.780310,0 -76.348932,3.779399,0 -76.348823,3.778300,0 -76.348758,3.778077,0 -76.347545,3.776693,0 -76.347163,3.776316,0 -76.346778,3.775930,0 -76.346422,3.775631,0 -76.344896,3.774351,0 -76.344665,3.774158,0 -76.344010,3.773840,0 -76.343347,3.773589,0 -76.342801,3.773382,0 -76.342584,3.773262,0 -76.342479,3.773097,0 -76.342449,3.772850,0 -76.342446,3.772518,0 -76.342432,3.771331,0 -76.342412,3.771180,0 -76.342349,3.771102,0 -76.341769,3.770777,0 -76.341246,3.770545,0 -76.339937,3.770027,0 -76.338961,3.769632,0 -76.338399,3.769178,0 -76.338356,3.769111,0 -76.338238,3.768788,0 -76.338131,3.768273,0 -76.338012,3.767759,0 -76.337252,3.767626,0 -76.336356,3.767454,0 -76.335258,3.767219,0 -76.334237,3.767013,0 -76.333274,3.766795,0 -76.332501,3.766611,0 -76.332652,3.765775,0 -76.332798,3.764938,0 -76.332903,3.764376,0 -76.332964,3.764092,0 -76.332039,3.763887,0 -76.331820,3.763843,0 -76.331046,3.763698,0 -76.330987,3.763651,0 -76.330012,3.763421,0 -76.329467,3.763293,0 -76.329195,3.763229,0 -76.328722,3.763117,0 -76.327461,3.762821,0 -76.327157,3.762790,0 -76.327119,3.762781,0 -76.326953,3.762743,0 -76.326947,3.762654,0 -76.326932,3.762390,0 -76.326914,3.762277,0 -76.326860,3.762120,0 -76.326742,3.761874,0 -76.326268,3.760990,0 -76.326169,3.760790,0 -76.326102,3.760578,0 -76.326067,3.760358,0 -76.326065,3.760136,0 -76.326168,3.759167,0 -76.326281,3.758183,0 -76.326238,3.757669,0 -76.326087,3.756349,0 -76.325857,3.754330,0 -76.325845,3.754235,0 -76.325770,3.753630,0 -76.325659,3.752683,0 -76.325640,3.752500,0 -76.324508,3.742486,0 -76.324262,3.740290,0 -76.324157,3.739426,0 -76.323980,3.738562,0 -76.323904,3.737872,0 -76.323878,3.737570,0 -76.323599,3.734981,0 -76.323561,3.734662,0 -76.323513,3.734218,0 -76.323139,3.731066,0 -76.322967,3.730368,0 -76.322689,3.729831,0 -76.322362,3.729379,0 -76.321901,3.728723,0 -76.321697,3.728270,0 -76.321241,3.725816,0 -76.321204,3.725612,0 -76.321015,3.724567,0 -76.320328,3.720981,0 -76.319935,3.718794,0 -76.319592,3.716797,0 -76.319567,3.716610,0 -76.319544,3.716381,0 -76.319495,3.715471,0 -76.319493,3.714816,0 -76.319492,3.714276,0 -76.319492,3.714007,0 -76.319494,3.713795,0 -76.319499,3.713226,0 -76.319500,3.713112,0 -76.319500,3.713042,0 -76.319500,3.712971,0 -76.319499,3.712881,0 -76.319493,3.712383,0 -76.319491,3.712184,0 -76.319494,3.711671,0 -76.319496,3.711402,0 -76.319497,3.710745,0 -76.319492,3.710545,0 -76.319491,3.710161,0 -76.319506,3.709593,0 -76.319543,3.709026,0 -76.319789,3.707205,0 -76.319825,3.706968,0 -76.319860,3.706722,0 -76.319884,3.706477,0 -76.319916,3.706159,0 -76.319881,3.705736,0 -76.319636,3.704695,0 -76.319411,3.703736,0 -76.319307,3.703293,0 -76.318964,3.702110,0 -76.318569,3.701007,0 -76.317771,3.699683,0 -76.317531,3.699291,0 -76.317244,3.698764,0 -76.316904,3.698154,0 -76.316527,3.697456,0 -76.316249,3.696928,0 -76.316056,3.696537,0 -76.315983,3.696413,0 -76.315798,3.696053,0 -76.315665,3.695779,0 -76.315633,3.695706,0 -76.315241,3.695035,0 -76.315142,3.694845,0 -76.314940,3.694457,0 -76.314718,3.694026,0 -76.314588,3.693776,0 -76.314410,3.693432,0 -76.314204,3.693036,0 -76.313714,3.692085,0 -76.313346,3.691411,0 -76.313207,3.691166,0 -76.312978,3.690838,0 -76.312793,3.690634,0 -76.312529,3.690337,0 -76.312264,3.690086,0 -76.311991,3.689885,0 -76.311940,3.689850,0 -76.311455,3.689503,0 -76.308468,3.687600,0 -76.308136,3.687385,0 -76.307767,3.687145,0 -76.307400,3.686877,0 -76.306691,3.686396,0 -76.305920,3.685853,0 -76.305775,3.685734,0 -76.305471,3.685402,0 -76.305360,3.685260,0 -76.305271,3.685124,0 -76.304980,3.684668,0 -76.304873,3.684448,0 -76.304723,3.684029,0 -76.304522,3.683417,0 -76.304438,3.683112,0 -76.304256,3.682475,0 -76.304112,3.681965,0 -76.304076,3.681839,0 -76.303913,3.681268,0 -76.303480,3.679744,0 -76.303365,3.679326,0 -76.303304,3.679025,0 -76.303272,3.678894,0 -76.303177,3.678596,0 -76.302978,3.678154,0 -76.302784,3.677837,0 -76.302578,3.677567,0 -76.302020,3.676990,0 -76.301784,3.676749,0 -76.301592,3.676506,0 -76.300831,3.674837,0 -76.300503,3.674228,0 -76.300127,3.673650,0 -76.299867,3.673370,0 -76.299615,3.673108,0 -76.299318,3.672808,0 -76.299108,3.672616,0 -76.298767,3.672338,0 -76.298408,3.672083,0 -76.298033,3.671853,0 -76.297397,3.671535,0 -76.296731,3.671234,0 -76.294505,3.670172,0 -76.294081,3.669928,0 -76.293530,3.669516,0 -76.292927,3.668995,0 -76.292567,3.668584,0 -76.292325,3.668160,0 -76.292147,3.667680,0 -76.292045,3.667205,0 -76.292052,3.666561,0 -76.292316,3.665117,0 -76.292592,3.664513,0 -76.292748,3.663982,0 -76.292796,3.663705,0 -76.292818,3.663354,0 -76.292811,3.663080,0 -76.292793,3.662574,0 -76.292788,3.662281,0 -76.292809,3.661970,0 -76.292930,3.660988,0 -76.293357,3.658769,0 -76.293526,3.657736,0 -76.294062,3.654462,0 -76.294296,3.653863,0 -76.294430,3.653646,0 -76.295409,3.652516,0 -76.295609,3.652182,0 -76.296237,3.650549,0 -76.296337,3.650166,0 -76.296444,3.649449,0 -76.296455,3.648961,0 -76.296248,3.647288,0 -76.296134,3.646652,0 -76.295386,3.642697,0 -76.295270,3.642143,0 -76.295132,3.641632,0 -76.294728,3.640362,0 -76.294606,3.639926,0 -76.294523,3.639711,0 -76.294431,3.639510,0 -76.294343,3.639307,0 -76.294261,3.639102,0 -76.294183,3.638895,0 -76.294110,3.638686,0 -76.294042,3.638476,0 -76.293979,3.638265,0 -76.293920,3.638051,0 -76.293867,3.637837,0 -76.293818,3.637621,0 -76.293775,3.637405,0 -76.293693,3.636877,0 -76.293667,3.636678,0 -76.293659,3.636592,0 -76.293649,3.636439,0 -76.293647,3.636275,0 -76.293645,3.636196,0 -76.293648,3.635894,0 -76.293662,3.635647,0 -76.293683,3.634919,0 -76.293876,3.632506,0 -76.293920,3.632025,0 -76.293928,3.631942,0 -76.293953,3.631610,0 -76.293982,3.631236,0 -76.294025,3.630588,0 -76.294051,3.630122,0 -76.294076,3.629887,0 -76.294105,3.629667,0 -76.294148,3.629402,0 -76.294201,3.629135,0 -76.294255,3.628936,0 -76.294335,3.628674,0 -76.294416,3.628430,0 -76.294501,3.628219,0 -76.294584,3.628029,0 -76.294702,3.627796,0 -76.294867,3.627509,0 -76.295038,3.627245,0 -76.295218,3.626977,0 -76.295393,3.626763,0 -76.295604,3.626527,0 -76.295838,3.626308,0 -76.296507,3.625735,0 -76.296819,3.625500,0 -76.297391,3.625049,0 -76.297962,3.624616,0 -76.298744,3.624006,0 -76.299649,3.623302,0 -76.300359,3.622758,0 -76.300712,3.622479,0 -76.300773,3.622433,0 -76.301368,3.621979,0 -76.302282,3.621259,0 -76.302390,3.621178,0 -76.303101,3.620638,0 -76.304120,3.619840,0 -76.304938,3.619212,0 -76.305544,3.618743,0 -76.305947,3.618424,0 -76.306311,3.618138,0 -76.306560,3.617929,0 -76.306787,3.617723,0 -76.307009,3.617479,0 -76.307194,3.617265,0 -76.307350,3.617075,0 -76.307489,3.616880,0 -76.307610,3.616708,0 -76.307741,3.616478,0 -76.307860,3.616259,0 -76.307979,3.616015,0 -76.308071,3.615845,0 -76.308111,3.615742,0 -76.308243,3.615416,0 -76.308446,3.614929,0 -76.308715,3.614297,0 -76.309066,3.613469,0 -76.309368,3.612744,0 -76.309661,3.612075,0 -76.309744,3.611890,0 -76.309860,3.611601,0 -76.309989,3.611265,0 -76.310378,3.610289,0 -76.310483,3.610043,0 -76.310911,3.609023,0 -76.311534,3.607543,0 -76.312560,3.605051,0 -76.315095,3.597987,0 -76.319360,3.588922,0 -76.319844,3.588174,0 -76.320173,3.587784,0 -76.320544,3.587415,0 -76.320838,3.587140,0 -76.321809,3.586291,0 -76.321965,3.586182,0 -76.322147,3.586128,0 -76.322337,3.586132,0 -76.322516,3.586196,0 -76.322666,3.586311,0 -76.322793,3.586451,0 -76.322837,3.586557,0 -76.322916,3.586774,0 -76.322916,3.587005,0 -76.322837,3.587222,0 -76.322689,3.587399,0 -76.322490,3.587516,0 -76.322262,3.587557,0 -76.322034,3.587520,0 -76.321855,3.587428,0 -76.321075,3.587071,0 -76.320699,3.586899,0 -76.319886,3.586526,0 -76.319516,3.586347,0 -76.318935,3.586057,0 -76.318873,3.586026,0 -76.318564,3.585948,0 -76.318406,3.586026,0 -76.318315,3.586127,0 -76.318272,3.586379,0 -76.318305,3.586842,0 -76.318402,3.587213,0 -76.318477,3.587497,0 -76.318490,3.587699,0 -76.318414,3.587854,0 -76.318235,3.587972,0 -76.317162,3.588292,0 -76.314189,3.589150,0 -76.307830,3.591018,0 -76.307310,3.591147,0 -76.307229,3.591165,0 -76.307060,3.591180,0 -76.306622,3.591218,0 -76.304767,3.591406,0 -76.304671,3.591416,0 -76.304611,3.591416,0 -76.304545,3.591417,0 -76.304486,3.591388,0 -76.304448,3.591357,0 -76.304414,3.591328,0 -76.304325,3.591250,0 -76.304262,3.591171,0 -76.304229,3.591064,0 -76.304218,3.590924,0 -76.304164,3.590419,0 -76.304142,3.590194,0 -76.304090,3.589750,0 -76.304056,3.589448,0 -76.304052,3.589400,0 -76.304035,3.589233,0 -76.304238,3.589220,0 -76.304192,3.588501,0 -76.304988,3.588367,0 -76.305049,3.588355,0 -76.304987,3.587747,0 -76.304990,3.587664,0 -76.305027,3.587584,0 -76.305140,3.587485,0</coordinates></LineString></Placemark><Placemark><name>Ruta día 13</name><styleUrl>#dia13</styleUrl><ExtendedData><Data name="INGENIO"><value>Manuelita</value></Data><Data name="DIA"><value>13</value></Data><Data name="PUNTOS"><value>MN-006, MN-033, MN-020</value></Data><Data name="N_PUNTOS"><value>3</value></Data><Data name="KM"><value>83.1</value></Data><Data name="HORAS_VIAJE"><value>2.35</value></Data><Data name="HORAS_MUESTREO"><value>5.7</value></Data><Data name="HORAS_TOTALES"><value>8.06</value></Data><Data name="REGRESO"><value>14:33</value></Data><Data name="PEAJES"><value>0</value></Data><Data name="COSTO_COP"><value>520400</value></Data></ExtendedData><LineString><tessellate>1</tessellate><coordinates>-76.305140,3.587485,0 -76.305027,3.587584,0 -76.304990,3.587664,0 -76.304987,3.587747,0 -76.305049,3.588355,0 -76.305089,3.589125,0 -76.305096,3.589307,0 -76.304676,3.589354,0 -76.304343,3.589365,0 -76.304356,3.589479,0 -76.304393,3.589808,0 -76.304413,3.589979,0 -76.304426,3.590093,0 -76.304455,3.590354,0 -76.304480,3.590486,0 -76.304524,3.590607,0 -76.304579,3.590768,0 -76.304592,3.590918,0 -76.304591,3.591066,0 -76.304595,3.591215,0 -76.304611,3.591416,0 -76.304671,3.591416,0 -76.304767,3.591406,0 -76.306622,3.591218,0 -76.307060,3.591180,0 -76.307229,3.591165,0 -76.307327,3.592379,0 -76.307428,3.593620,0 -76.307452,3.593738,0 -76.307492,3.593824,0 -76.307554,3.593832,0 -76.307771,3.593837,0 -76.308345,3.593735,0 -76.308718,3.593701,0 -76.308855,3.593721,0 -76.308972,3.593738,0 -76.309643,3.593982,0 -76.309890,3.594059,0 -76.310147,3.594054,0 -76.313583,3.593757,0 -76.313996,3.593701,0 -76.314420,3.593481,0 -76.314930,3.593195,0 -76.315134,3.592980,0 -76.315329,3.592825,0 -76.315820,3.592600,0 -76.316362,3.592365,0 -76.316633,3.592322,0 -76.316850,3.592357,0 -76.317185,3.592453,0 -76.317467,3.592572,0 -76.314897,3.598064,0 -76.312383,3.605146,0 -76.311364,3.607571,0 -76.310362,3.609968,0 -76.310232,3.610279,0 -76.310146,3.610458,0 -76.309937,3.610980,0 -76.309801,3.611330,0 -76.309764,3.611424,0 -76.309613,3.611799,0 -76.309326,3.612480,0 -76.308863,3.613550,0 -76.308642,3.614075,0 -76.308340,3.614778,0 -76.308054,3.615445,0 -76.307964,3.615667,0 -76.307868,3.615881,0 -76.307744,3.616141,0 -76.307660,3.616315,0 -76.307570,3.616489,0 -76.307478,3.616642,0 -76.307377,3.616786,0 -76.307221,3.616989,0 -76.307039,3.617220,0 -76.306813,3.617482,0 -76.306579,3.617707,0 -76.306352,3.617905,0 -76.306091,3.618122,0 -76.305384,3.618671,0 -76.304935,3.619016,0 -76.304161,3.619613,0 -76.303488,3.620140,0 -76.302929,3.620571,0 -76.302353,3.621008,0 -76.302276,3.621068,0 -76.301465,3.620745,0 -76.299708,3.620020,0 -76.298512,3.619500,0 -76.298334,3.621028,0 -76.298287,3.621434,0 -76.298592,3.621551,0 -76.299294,3.621835,0 -76.300097,3.622161,0 -76.301021,3.622536,0 -76.301766,3.622864,0 -76.302390,3.621178,0 -76.303101,3.620638,0 -76.304120,3.619840,0 -76.304938,3.619212,0 -76.305544,3.618743,0 -76.305947,3.618424,0 -76.306311,3.618138,0 -76.306560,3.617929,0 -76.306787,3.617723,0 -76.307009,3.617479,0 -76.307194,3.617265,0 -76.307350,3.617075,0 -76.307489,3.616880,0 -76.307610,3.616708,0 -76.307741,3.616478,0 -76.307860,3.616259,0 -76.307979,3.616015,0 -76.308071,3.615845,0 -76.308111,3.615742,0 -76.308243,3.615416,0 -76.308446,3.614929,0 -76.308715,3.614297,0 -76.309066,3.613469,0 -76.309368,3.612744,0 -76.309661,3.612075,0 -76.309744,3.611890,0 -76.309860,3.611601,0 -76.309989,3.611265,0 -76.310378,3.610289,0 -76.310483,3.610043,0 -76.310911,3.609023,0 -76.311534,3.607543,0 -76.312560,3.605051,0 -76.315095,3.597987,0 -76.319360,3.588922,0 -76.319844,3.588174,0 -76.320173,3.587784,0 -76.320544,3.587415,0 -76.320838,3.587140,0 -76.321809,3.586291,0 -76.322760,3.585506,0 -76.323090,3.585217,0 -76.325420,3.583229,0 -76.325618,3.583061,0 -76.325940,3.582784,0 -76.326431,3.582350,0 -76.327177,3.581542,0 -76.327359,3.581311,0 -76.327541,3.581012,0 -76.327676,3.580744,0 -76.327784,3.580518,0 -76.327867,3.580317,0 -76.328006,3.579930,0 -76.328647,3.578142,0 -76.328733,3.577858,0 -76.328824,3.577540,0 -76.329585,3.574796,0 -76.331214,3.570290,0 -76.331278,3.570140,0 -76.331468,3.569747,0 -76.333062,3.566743,0 -76.333086,3.566687,0 -76.333378,3.566010,0 -76.333810,3.564238,0 -76.333978,3.563696,0 -76.334675,3.561889,0 -76.335057,3.560830,0 -76.335620,3.558929,0 -76.335883,3.558016,0 -76.336146,3.557026,0 -76.336228,3.556745,0 -76.336818,3.554714,0 -76.337453,3.552411,0 -76.337621,3.551824,0 -76.338365,3.549206,0 -76.338515,3.548521,0 -76.338595,3.548058,0 -76.338619,3.547562,0 -76.338579,3.546339,0 -76.338447,3.545496,0 -76.338370,3.545078,0 -76.338316,3.544698,0 -76.338321,3.544130,0 -76.338617,3.537746,0 -76.338624,3.537044,0 -76.338584,3.536355,0 -76.338405,3.535160,0 -76.338264,3.534572,0 -76.338213,3.534391,0 -76.337837,3.533298,0 -76.337536,3.531966,0 -76.337501,3.531639,0 -76.337495,3.531382,0 -76.337589,3.528405,0 -76.337602,3.527909,0 -76.337666,3.525696,0 -76.337716,3.524751,0 -76.337731,3.524224,0 -76.337761,3.523709,0 -76.337744,3.522877,0 -76.337771,3.521948,0 -76.337816,3.520711,0 -76.337820,3.520577,0 -76.337879,3.518507,0 -76.337887,3.518287,0 -76.337924,3.517059,0 -76.337930,3.516691,0 -76.337943,3.515884,0 -76.337951,3.515413,0 -76.337814,3.514674,0 -76.337235,3.513373,0 -76.336854,3.512626,0 -76.336736,3.512398,0 -76.334483,3.507997,0 -76.334445,3.507922,0 -76.332761,3.504643,0 -76.332174,3.503367,0 -76.331913,3.502743,0 -76.331644,3.502114,0 -76.331183,3.500972,0 -76.330685,3.499850,0 -76.330228,3.498715,0 -76.329768,3.497577,0 -76.329499,3.496753,0 -76.329265,3.495922,0 -76.328785,3.494262,0 -76.328547,3.493426,0 -76.328287,3.492606,0 -76.328043,3.491776,0 -76.327740,3.490962,0 -76.327705,3.490865,0 -76.327660,3.490732,0 -76.327556,3.490365,0 -76.327493,3.489987,0 -76.327504,3.488713,0 -76.327550,3.488349,0 -76.327833,3.487163,0 -76.328022,3.486518,0 -76.328260,3.485786,0 -76.328756,3.484223,0 -76.328908,3.483794,0 -76.329052,3.483386,0 -76.329130,3.483186,0 -76.329213,3.482901,0 -76.329311,3.482258,0 -76.329572,3.480548,0 -76.329715,3.479319,0 -76.329899,3.477787,0 -76.330033,3.476593,0 -76.330189,3.474993,0 -76.330322,3.473587,0 -76.330356,3.473237,0 -76.330423,3.472520,0 -76.330456,3.472180,0 -76.330472,3.472009,0 -76.330485,3.471868,0 -76.330538,3.470990,0 -76.330594,3.470626,0 -76.330629,3.470411,0 -76.330672,3.470205,0 -76.330799,3.469773,0 -76.331310,3.468328,0 -76.331600,3.467010,0 -76.331683,3.466580,0 -76.331760,3.466307,0 -76.331830,3.466103,0 -76.331964,3.465780,0 -76.332095,3.465520,0 -76.332599,3.464823,0 -76.332735,3.464632,0 -76.333357,3.463764,0 -76.333708,3.463273,0 -76.333813,3.463127,0 -76.334062,3.462779,0 -76.334598,3.462031,0 -76.334621,3.461998,0 -76.334932,3.461603,0 -76.335001,3.461525,0 -76.335056,3.461467,0 -76.335194,3.461307,0 -76.335321,3.461139,0 -76.335382,3.461049,0 -76.335625,3.460598,0 -76.335790,3.460113,0 -76.336111,3.459582,0 -76.336178,3.459437,0 -76.336287,3.459158,0 -76.336340,3.458998,0 -76.336400,3.458778,0 -76.336488,3.458310,0 -76.336645,3.457930,0 -76.337060,3.456893,0 -76.337480,3.455845,0 -76.337631,3.455467,0 -76.338125,3.454234,0 -76.339873,3.449916,0 -76.340350,3.448677,0 -76.341518,3.445760,0 -76.341617,3.445512,0 -76.342390,3.443601,0 -76.342749,3.442715,0 -76.343039,3.441998,0 -76.343300,3.441353,0 -76.343471,3.440929,0 -76.343525,3.440793,0 -76.345569,3.435646,0 -76.345589,3.435600,0 -76.345781,3.435167,0 -76.346320,3.434267,0 -76.346411,3.434139,0 -76.346636,3.433780,0 -76.347025,3.433159,0 -76.347398,3.432552,0 -76.347815,3.431875,0 -76.347947,3.431660,0 -76.348876,3.430270,0 -76.349238,3.429697,0 -76.349573,3.429180,0 -76.349675,3.429009,0 -76.349762,3.428841,0 -76.349828,3.428693,0 -76.349904,3.428491,0 -76.349966,3.428281,0 -76.350016,3.428049,0 -76.350049,3.427807,0 -76.350063,3.427595,0 -76.350056,3.427281,0 -76.349967,3.426741,0 -76.349908,3.425975,0 -76.349879,3.425667,0 -76.349842,3.425240,0 -76.349745,3.424497,0 -76.349702,3.424093,0 -76.349675,3.423641,0 -76.349688,3.423199,0 -76.349777,3.422661,0 -76.349831,3.422486,0 -76.349952,3.422158,0 -76.350197,3.421576,0 -76.350248,3.421447,0 -76.350349,3.421244,0 -76.350435,3.421035,0 -76.350504,3.420820,0 -76.350558,3.420601,0 -76.350596,3.420378,0 -76.350617,3.420153,0 -76.350621,3.419927,0 -76.350609,3.419701,0 -76.350579,3.419477,0 -76.350534,3.419256,0 -76.350472,3.419038,0 -76.350394,3.418826,0 -76.350346,3.418566,0 -76.350311,3.418318,0 -76.350300,3.418049,0 -76.350313,3.417833,0 -76.350338,3.417524,0 -76.350348,3.417284,0 -76.350343,3.417035,0 -76.350308,3.416780,0 -76.350265,3.416550,0 -76.350052,3.416064,0 -76.349897,3.415556,0 -76.349809,3.415127,0 -76.349798,3.414873,0 -76.349801,3.414695,0 -76.349834,3.414485,0 -76.349866,3.414306,0 -76.350018,3.413782,0 -76.350485,3.412251,0 -76.350882,3.411001,0 -76.351153,3.410198,0 -76.351385,3.409372,0 -76.351435,3.409047,0 -76.351459,3.408695,0 -76.351528,3.407487,0 -76.351602,3.406130,0 -76.351661,3.405700,0 -76.351737,3.405356,0 -76.351884,3.404767,0 -76.351976,3.404380,0 -76.352092,3.403822,0 -76.352161,3.403415,0 -76.352237,3.403048,0 -76.352292,3.402743,0 -76.352419,3.402221,0 -76.352603,3.401493,0 -76.352985,3.399956,0 -76.353339,3.398820,0 -76.353454,3.398407,0 -76.353507,3.398217,0 -76.353639,3.397681,0 -76.353785,3.397124,0 -76.353829,3.396957,0 -76.353867,3.396830,0 -76.353912,3.396762,0 -76.353976,3.396701,0 -76.354053,3.396657,0 -76.354127,3.396635,0 -76.354215,3.396628,0 -76.354301,3.396642,0 -76.354818,3.396713,0 -76.354915,3.396713,0 -76.354982,3.396709,0 -76.355064,3.396673,0 -76.355165,3.396616,0 -76.355219,3.396557,0 -76.355274,3.396490,0 -76.355305,3.396440,0 -76.355337,3.396356,0 -76.355375,3.396281,0 -76.355437,3.396219,0 -76.355561,3.396162,0 -76.355702,3.396143,0 -76.355837,3.396161,0 -76.356171,3.396210,0 -76.356823,3.396359,0 -76.357412,3.396478,0 -76.357923,3.396584,0 -76.358215,3.396638,0 -76.358575,3.396648,0 -76.359357,3.396550,0 -76.359519,3.396528,0 -76.359767,3.396495,0 -76.360378,3.396422,0 -76.361215,3.396352,0 -76.361336,3.396348,0 -76.362535,3.396219,0 -76.363538,3.396088,0 -76.364136,3.395984,0 -76.364627,3.395851,0 -76.365011,3.395687,0 -76.365441,3.395452,0 -76.366460,3.394826,0 -76.367158,3.394404,0 -76.367356,3.394292,0 -76.368040,3.393910,0 -76.368807,3.393672,0 -76.369365,3.393604,0 -76.369864,3.393578,0 -76.370323,3.393645,0 -76.371341,3.393915,0 -76.375698,3.395321,0 -76.376041,3.395431,0 -76.376212,3.395492,0 -76.376375,3.395574,0 -76.376526,3.395676,0 -76.376613,3.395724,0 -76.376664,3.395795,0 -76.376745,3.395859,0 -76.376833,3.395913,0 -76.376926,3.395959,0 -76.377024,3.395995,0 -76.377124,3.396021,0 -76.377246,3.396048,0 -76.377331,3.396041,0 -76.377417,3.396011,0 -76.377492,3.395959,0 -76.377553,3.395892,0 -76.377596,3.395811,0 -76.377619,3.395723,0 -76.377620,3.395632,0 -76.377599,3.395543,0 -76.377556,3.395463,0 -76.377515,3.395426,0 -76.377495,3.395318,0 -76.377462,3.395164,0 -76.377459,3.395007,0 -76.377501,3.394857,0 -76.377539,3.394679,0 -76.377603,3.394112,0 -76.378124,3.394055,0 -76.378652,3.393977,0 -76.379042,3.393899,0 -76.380234,3.393731,0 -76.380376,3.393721,0 -76.380660,3.393774,0 -76.380743,3.393785,0 -76.381086,3.393832,0 -76.381424,3.393897,0 -76.382696,3.394034,0 -76.382977,3.394064,0 -76.383125,3.394076,0 -76.383098,3.393978,0 -76.383095,3.393877,0 -76.383164,3.393629,0 -76.383408,3.392749,0 -76.383601,3.392057,0 -76.383658,3.391850,0 -76.383653,3.391717,0 -76.383644,3.391604,0 -76.383623,3.391499,0 -76.383436,3.391113,0 -76.383297,3.390844,0 -76.383215,3.390640,0 -76.383195,3.390582,0 -76.383119,3.390355,0 -76.383108,3.390316,0 -76.383039,3.390077,0 -76.382974,3.389854,0 -76.382913,3.389637,0 -76.382872,3.389416,0 -76.382847,3.389018,0 -76.382736,3.388221,0 -76.382482,3.386868,0 -76.382357,3.386176,0 -76.382390,3.386065,0 -76.382691,3.385547,0 -76.382954,3.385141,0 -76.383406,3.383970,0 -76.383435,3.383892,0 -76.383449,3.383853,0 -76.383614,3.383434,0 -76.383656,3.383374,0 -76.384022,3.382652,0 -76.384575,3.381632,0 -76.384604,3.381531,0 -76.384617,3.381433,0 -76.384598,3.381361,0 -76.384505,3.381299,0 -76.384388,3.381251,0 -76.383702,3.381088,0 -76.383804,3.380641,0 -76.383991,3.379962,0 -76.384163,3.379491,0 -76.384330,3.379037,0 -76.384369,3.378809,0 -76.384362,3.378579,0 -76.384182,3.377242,0 -76.384157,3.376873,0 -76.384184,3.376517,0 -76.384284,3.376065,0 -76.384337,3.375730,0 -76.384363,3.375169,0 -76.384397,3.374662,0 -76.384463,3.374179,0 -76.384595,3.373874,0 -76.384761,3.373575,0 -76.384946,3.373301,0 -76.385164,3.373058,0 -76.385376,3.372876,0 -76.385630,3.372683,0 -76.386003,3.372319,0 -76.389978,3.366845,0 -76.392046,3.363920,0 -76.393023,3.362612,0 -76.393092,3.362315,0 -76.393822,3.361241,0 -76.394766,3.359919,0 -76.395507,3.358913,0 -76.396073,3.358145,0 -76.397681,3.355964,0 -76.397798,3.355668,0 -76.397802,3.355600,0 -76.397869,3.355033,0 -76.397871,3.354874,0 -76.397853,3.353431,0 -76.397656,3.351155,0 -76.397646,3.351025,0 -76.397482,3.349352,0 -76.397192,3.345783,0 -76.391791,3.345711,0 -76.397192,3.345783,0 -76.397482,3.349352,0 -76.397646,3.351025,0 -76.397656,3.351155,0 -76.397853,3.353431,0 -76.397871,3.354874,0 -76.397869,3.355033,0 -76.397802,3.355600,0 -76.397798,3.355668,0 -76.397681,3.355964,0 -76.396073,3.358145,0 -76.395507,3.358913,0 -76.394766,3.359919,0 -76.393822,3.361241,0 -76.393092,3.362315,0 -76.393023,3.362612,0 -76.392046,3.363920,0 -76.389978,3.366845,0 -76.386003,3.372319,0 -76.385630,3.372683,0 -76.385376,3.372876,0 -76.385164,3.373058,0 -76.384946,3.373301,0 -76.384761,3.373575,0 -76.384595,3.373874,0 -76.384463,3.374179,0 -76.384397,3.374662,0 -76.384363,3.375169,0 -76.384337,3.375730,0 -76.384284,3.376065,0 -76.384184,3.376517,0 -76.384157,3.376873,0 -76.384182,3.377242,0 -76.384362,3.378579,0 -76.384369,3.378809,0 -76.384330,3.379037,0 -76.384163,3.379491,0 -76.383991,3.379962,0 -76.383804,3.380641,0 -76.383702,3.381088,0 -76.384388,3.381251,0 -76.384505,3.381299,0 -76.384598,3.381361,0 -76.384617,3.381433,0 -76.384604,3.381531,0 -76.384575,3.381632,0 -76.384022,3.382652,0 -76.383656,3.383374,0 -76.383614,3.383434,0 -76.383449,3.383853,0 -76.383435,3.383892,0 -76.383406,3.383970,0 -76.382954,3.385141,0 -76.382691,3.385547,0 -76.382390,3.386065,0 -76.382357,3.386176,0 -76.382482,3.386868,0 -76.382736,3.388221,0 -76.382847,3.389018,0 -76.382872,3.389416,0 -76.382913,3.389637,0 -76.382974,3.389854,0 -76.383039,3.390077,0 -76.383108,3.390316,0 -76.383119,3.390355,0 -76.383195,3.390582,0 -76.383215,3.390640,0 -76.383297,3.390844,0 -76.383436,3.391113,0 -76.383623,3.391499,0 -76.383644,3.391604,0 -76.383653,3.391717,0 -76.383658,3.391850,0 -76.383601,3.392057,0 -76.383408,3.392749,0 -76.383164,3.393629,0 -76.383095,3.393877,0 -76.383098,3.393978,0 -76.383125,3.394076,0 -76.383154,3.394122,0 -76.383227,3.394187,0 -76.383393,3.394277,0 -76.383329,3.394502,0 -76.383312,3.394542,0 -76.383275,3.394547,0 -76.383209,3.394522,0 -76.383178,3.394522,0 -76.383166,3.394549,0 -76.383093,3.394966,0 -76.383053,3.395371,0 -76.382992,3.395592,0 -76.382997,3.395638,0 -76.383016,3.395683,0 -76.383051,3.395717,0 -76.383068,3.395757,0 -76.383067,3.395803,0 -76.382954,3.396016,0 -76.382873,3.396219,0 -76.382820,3.396340,0 -76.382387,3.397316,0 -76.382084,3.397191,0 -76.381990,3.397151,0 -76.380527,3.396644,0 -76.378109,3.395870,0 -76.378007,3.395816,0 -76.377909,3.395757,0 -76.377814,3.395691,0 -76.377724,3.395620,0 -76.377638,3.395544,0 -76.377556,3.395463,0 -76.377515,3.395426,0 -76.377479,3.395394,0 -76.377393,3.395335,0 -76.377301,3.395286,0 -76.377205,3.395248,0 -76.377105,3.395221,0 -76.377002,3.395205,0 -76.376897,3.395193,0 -76.376786,3.395217,0 -76.376591,3.395243,0 -76.376348,3.395236,0 -76.376191,3.395218,0 -76.376103,3.395198,0 -76.371304,3.393666,0 -76.370639,3.393438,0 -76.370124,3.393297,0 -76.369834,3.393245,0 -76.369390,3.393227,0 -76.368966,3.393248,0 -76.368648,3.393333,0 -76.368019,3.393581,0 -76.367185,3.394052,0 -76.367032,3.394143,0 -76.366356,3.394519,0 -76.365322,3.395126,0 -76.364341,3.395640,0 -76.363574,3.395854,0 -76.359663,3.396421,0 -76.358974,3.396505,0 -76.358570,3.396517,0 -76.358223,3.396490,0 -76.357959,3.396447,0 -76.355972,3.396063,0 -76.355930,3.396056,0 -76.355830,3.396039,0 -76.355377,3.395951,0 -76.354897,3.395874,0 -76.354155,3.395719,0 -76.353713,3.395641,0 -76.353554,3.395610,0 -76.353341,3.395524,0 -76.353261,3.395478,0 -76.353196,3.395414,0 -76.353158,3.395354,0 -76.353134,3.395290,0 -76.353122,3.395217,0 -76.353128,3.395130,0 -76.353149,3.395060,0 -76.353187,3.394991,0 -76.353241,3.394931,0 -76.353309,3.394884,0 -76.353383,3.394854,0 -76.353460,3.394842,0 -76.353544,3.394848,0 -76.353626,3.394874,0 -76.353712,3.394929,0 -76.353767,3.394990,0 -76.353800,3.395048,0 -76.353825,3.395125,0 -76.353863,3.395275,0 -76.353869,3.395455,0 -76.353859,3.395668,0 -76.353836,3.395880,0 -76.353796,3.396089,0 -76.353783,3.396167,0 -76.353747,3.396385,0 -76.353698,3.396604,0 -76.353647,3.396813,0 -76.353611,3.396923,0 -76.353472,3.397548,0 -76.353221,3.398533,0 -76.353068,3.399183,0 -76.352902,3.399842,0 -76.352513,3.401442,0 -76.352284,3.402253,0 -76.352043,3.403241,0 -76.351885,3.403894,0 -76.351788,3.404314,0 -76.351692,3.404728,0 -76.351473,3.405720,0 -76.351409,3.406270,0 -76.351339,3.407035,0 -76.351320,3.407627,0 -76.351302,3.408335,0 -76.351289,3.408666,0 -76.351270,3.408930,0 -76.351229,3.409212,0 -76.351191,3.409369,0 -76.351008,3.410030,0 -76.350881,3.410433,0 -76.350755,3.410833,0 -76.350477,3.411661,0 -76.350197,3.412511,0 -76.349574,3.414414,0 -76.349487,3.414811,0 -76.349460,3.415043,0 -76.349450,3.415291,0 -76.349450,3.415358,0 -76.349461,3.415567,0 -76.349466,3.415611,0 -76.349550,3.416087,0 -76.349632,3.416356,0 -76.349711,3.416684,0 -76.350021,3.417650,0 -76.350308,3.418559,0 -76.350394,3.418826,0 -76.350472,3.419038,0 -76.350534,3.419256,0 -76.350579,3.419477,0 -76.350609,3.419701,0 -76.350621,3.419927,0 -76.350617,3.420153,0 -76.350596,3.420378,0 -76.350558,3.420601,0 -76.350504,3.420820,0 -76.350435,3.421035,0 -76.350349,3.421244,0 -76.350248,3.421447,0 -76.350197,3.421576,0 -76.349952,3.422158,0 -76.349831,3.422486,0 -76.349702,3.422452,0 -76.349495,3.422382,0 -76.347347,3.421699,0 -76.345894,3.421236,0 -76.338909,3.418872,0 -76.345894,3.421236,0 -76.347347,3.421699,0 -76.349495,3.422382,0 -76.349702,3.422452,0 -76.349831,3.422486,0 -76.349777,3.422661,0 -76.349688,3.423199,0 -76.349675,3.423641,0 -76.349702,3.424093,0 -76.349745,3.424497,0 -76.349842,3.425240,0 -76.349879,3.425667,0 -76.349908,3.425975,0 -76.349967,3.426741,0 -76.350056,3.427281,0 -76.350063,3.427595,0 -76.350049,3.427807,0 -76.350016,3.428049,0 -76.349966,3.428281,0 -76.349904,3.428491,0 -76.349828,3.428693,0 -76.349762,3.428841,0 -76.349675,3.429009,0 -76.349573,3.429180,0 -76.349238,3.429697,0 -76.348876,3.430270,0 -76.347947,3.431660,0 -76.347815,3.431875,0 -76.347398,3.432552,0 -76.347025,3.433159,0 -76.346636,3.433780,0 -76.346411,3.434139,0 -76.346320,3.434267,0 -76.345781,3.435167,0 -76.345589,3.435600,0 -76.345569,3.435646,0 -76.343525,3.440793,0 -76.343471,3.440929,0 -76.343300,3.441353,0 -76.343039,3.441998,0 -76.342749,3.442715,0 -76.342390,3.443601,0 -76.341617,3.445512,0 -76.341518,3.445760,0 -76.340350,3.448677,0 -76.339873,3.449916,0 -76.338125,3.454234,0 -76.337631,3.455467,0 -76.337480,3.455845,0 -76.337060,3.456893,0 -76.336645,3.457930,0 -76.336488,3.458310,0 -76.336353,3.458663,0 -76.336269,3.458887,0 -76.336179,3.459123,0 -76.336076,3.459395,0 -76.335790,3.460113,0 -76.335625,3.460598,0 -76.335382,3.461049,0 -76.335321,3.461139,0 -76.335194,3.461307,0 -76.335056,3.461467,0 -76.335001,3.461525,0 -76.334932,3.461603,0 -76.334621,3.461998,0 -76.334598,3.462031,0 -76.334062,3.462779,0 -76.333813,3.463127,0 -76.333708,3.463273,0 -76.333357,3.463764,0 -76.332735,3.464632,0 -76.332599,3.464823,0 -76.332095,3.465520,0 -76.331964,3.465780,0 -76.331830,3.466103,0 -76.331760,3.466307,0 -76.331683,3.466580,0 -76.331600,3.467010,0 -76.331310,3.468328,0 -76.330799,3.469773,0 -76.330672,3.470205,0 -76.330629,3.470411,0 -76.330594,3.470626,0 -76.330538,3.470990,0 -76.330485,3.471868,0 -76.330472,3.472009,0 -76.330456,3.472180,0 -76.330423,3.472520,0 -76.330356,3.473237,0 -76.330322,3.473587,0 -76.330189,3.474993,0 -76.330033,3.476593,0 -76.329899,3.477787,0 -76.329715,3.479319,0 -76.329572,3.480548,0 -76.329311,3.482258,0 -76.329213,3.482901,0 -76.329130,3.483186,0 -76.329052,3.483386,0 -76.328908,3.483794,0 -76.328756,3.484223,0 -76.328647,3.484446,0 -76.327853,3.485602,0 -76.327428,3.486268,0 -76.326843,3.487158,0 -76.326721,3.487449,0 -76.326662,3.487883,0 -76.326705,3.488247,0 -76.326938,3.489061,0 -76.327032,3.489388,0 -76.327080,3.489562,0 -76.327576,3.490898,0 -76.327622,3.491007,0 -76.327928,3.491825,0 -76.328172,3.492659,0 -76.328660,3.494287,0 -76.329135,3.495930,0 -76.329371,3.496754,0 -76.329626,3.497575,0 -76.330541,3.499825,0 -76.331026,3.500939,0 -76.331262,3.501502,0 -76.331490,3.502088,0 -76.331908,3.503096,0 -76.332353,3.504117,0 -76.333316,3.506041,0 -76.334311,3.507965,0 -76.334351,3.508045,0 -76.336586,3.512417,0 -76.336717,3.512668,0 -76.336918,3.513057,0 -76.337538,3.514355,0 -76.337661,3.514733,0 -76.337747,3.515217,0 -76.337779,3.515763,0 -76.337712,3.518625,0 -76.337672,3.520564,0 -76.337667,3.520697,0 -76.337652,3.521273,0 -76.337615,3.522324,0 -76.337552,3.523991,0 -76.337541,3.524240,0 -76.337527,3.524775,0 -76.337533,3.525503,0 -76.337501,3.526986,0 -76.337490,3.527640,0 -76.337486,3.527825,0 -76.337473,3.528378,0 -76.337345,3.531660,0 -76.337377,3.531979,0 -76.337471,3.532485,0 -76.338246,3.536193,0 -76.338442,3.537355,0 -76.338439,3.538300,0 -76.338156,3.544138,0 -76.338156,3.544547,0 -76.338174,3.544765,0 -76.338193,3.545032,0 -76.338257,3.545410,0 -76.338335,3.545806,0 -76.338402,3.546191,0 -76.338455,3.546593,0 -76.338474,3.546981,0 -76.338472,3.547367,0 -76.338453,3.547792,0 -76.338383,3.548313,0 -76.338288,3.548830,0 -76.337804,3.550555,0 -76.337302,3.552341,0 -76.337136,3.552910,0 -76.336025,3.556875,0 -76.335470,3.558835,0 -76.334888,3.560865,0 -76.334416,3.562166,0 -76.333893,3.563448,0 -76.333713,3.564056,0 -76.333485,3.564987,0 -76.333244,3.565935,0 -76.333190,3.566104,0 -76.333123,3.566259,0 -76.332997,3.566565,0 -76.332680,3.567175,0 -76.331132,3.570073,0 -76.331058,3.570237,0 -76.330953,3.570502,0 -76.329291,3.575256,0 -76.328608,3.577739,0 -76.328526,3.578013,0 -76.328346,3.578538,0 -76.327766,3.580104,0 -76.327688,3.580328,0 -76.327550,3.580648,0 -76.327370,3.580948,0 -76.327182,3.581247,0 -76.326906,3.581633,0 -76.326552,3.581998,0 -76.326012,3.582489,0 -76.325353,3.583049,0 -76.322656,3.585378,0 -76.321277,3.586518,0 -76.321164,3.586595,0 -76.321102,3.586626,0 -76.321048,3.586647,0 -76.320972,3.586670,0 -76.320869,3.586687,0 -76.320782,3.586691,0 -76.320655,3.586678,0 -76.320439,3.586603,0 -76.319962,3.586432,0 -76.319608,3.586288,0 -76.319294,3.586175,0 -76.319122,3.586119,0 -76.318935,3.586057,0 -76.318873,3.586026,0 -76.318564,3.585948,0 -76.318406,3.586026,0 -76.318315,3.586127,0 -76.318272,3.586379,0 -76.318305,3.586842,0 -76.318402,3.587213,0 -76.318477,3.587497,0 -76.318490,3.587699,0 -76.318414,3.587854,0 -76.318235,3.587972,0 -76.317162,3.588292,0 -76.314189,3.589150,0 -76.307830,3.591018,0 -76.307310,3.591147,0 -76.307229,3.591165,0 -76.307060,3.591180,0 -76.306622,3.591218,0 -76.304767,3.591406,0 -76.304671,3.591416,0 -76.304611,3.591416,0 -76.304545,3.591417,0 -76.304486,3.591388,0 -76.304448,3.591357,0 -76.304414,3.591328,0 -76.304325,3.591250,0 -76.304262,3.591171,0 -76.304229,3.591064,0 -76.304218,3.590924,0 -76.304164,3.590419,0 -76.304142,3.590194,0 -76.304090,3.589750,0 -76.304056,3.589448,0 -76.304052,3.589400,0 -76.304035,3.589233,0 -76.304238,3.589220,0 -76.304192,3.588501,0 -76.304988,3.588367,0 -76.305049,3.588355,0 -76.304987,3.587747,0 -76.304990,3.587664,0 -76.305027,3.587584,0 -76.305140,3.587485,0</coordinates></LineString></Placemark></Folder><Folder><name>Puntos de muestreo</name><Placemark><name>MN-013</name><styleUrl>#dia1</styleUrl><ExtendedData><Data name="ID"><value>MN-013</value></Data><Data name="INGENIO"><value>Manuelita</value></Data><Data name="DIA"><value>1</value></Data><Data name="ORDEN"><value>1</value></Data><Data name="HORA_LLEGADA"><value>06:31</value></Data><Data name="HORA_SALIDA"><value>08:13</value></Data><Data name="COD_SUERTE"><value>MN000005000101</value></Data><Data name="EDAD_MESES"><value>4.9281314168377826</value></Data><Data name="KM_DESDE_ANTERIOR"><value>0.5</value></Data><Data name="ACCESO_PIE_M"><value>64.0</value></Data><Data name="LATITUD"><value>3.590602</value></Data><Data name="LONGITUD"><value>-76.30513</value></Data></ExtendedData>
<Point><coordinates>-76.305130,3.590602,0</coordinates></Point></Placemark><Placemark><name>MN-027</name><styleUrl>#dia1</styleUrl><ExtendedData><Data name="ID"><value>MN-027</value></Data><Data name="INGENIO"><value>Manuelita</value></Data><Data name="DIA"><value>1</value></Data><Data name="ORDEN"><value>2</value></Data><Data name="HORA_LLEGADA"><value>08:18</value></Data><Data name="HORA_SALIDA"><value>10:18</value></Data><Data name="COD_SUERTE"><value>MN000005000095</value></Data><Data name="EDAD_MESES"><value>7.392197125256674</value></Data><Data name="KM_DESDE_ANTERIOR"><value>2.0</value></Data><Data name="ACCESO_PIE_M"><value>633.0</value></Data><Data name="LATITUD"><value>3.577235</value></Data><Data name="LONGITUD"><value>-76.299812</value></Data></ExtendedData>
<Point><coordinates>-76.299812,3.577235,0</coordinates></Point></Placemark><Placemark><name>MN-008</name><styleUrl>#dia1</styleUrl><ExtendedData><Data name="ID"><value>MN-008</value></Data><Data name="INGENIO"><value>Manuelita</value></Data><Data name="DIA"><value>1</value></Data><Data name="ORDEN"><value>3</value></Data><Data name="HORA_LLEGADA"><value>10:21</value></Data><Data name="HORA_SALIDA"><value>12:06</value></Data><Data name="COD_SUERTE"><value>MN000008000042</value></Data><Data name="EDAD_MESES"><value>6.767967145790554</value></Data><Data name="KM_DESDE_ANTERIOR"><value>1.0</value></Data><Data name="ACCESO_PIE_M"><value>196.0</value></Data><Data name="LATITUD"><value>3.56818</value></Data><Data name="LONGITUD"><value>-76.305992</value></Data></ExtendedData>
<Point><coordinates>-76.305992,3.568180,0</coordinates></Point></Placemark><Placemark><name>MN-003</name><styleUrl>#dia1</styleUrl><ExtendedData><Data name="ID"><value>MN-003</value></Data><Data name="INGENIO"><value>Manuelita</value></Data><Data name="DIA"><value>1</value></Data><Data name="ORDEN"><value>4</value></Data><Data name="HORA_LLEGADA"><value>12:17</value></Data><Data name="HORA_SALIDA"><value>14:02</value></Data><Data name="COD_SUERTE"><value>MN000009000002</value></Data><Data name="EDAD_MESES"><value>7.260780287474333</value></Data><Data name="KM_DESDE_ANTERIOR"><value>5.7</value></Data><Data name="ACCESO_PIE_M"><value>176.0</value></Data><Data name="LATITUD"><value>3.594627</value></Data><Data name="LONGITUD"><value>-76.31562</value></Data></ExtendedData>
<Point><coordinates>-76.315620,3.594627,0</coordinates></Point></Placemark><Placemark><name>MN-034</name><styleUrl>#dia2</styleUrl><ExtendedData><Data name="ID"><value>MN-034</value></Data><Data name="INGENIO"><value>Manuelita</value></Data><Data name="DIA"><value>2</value></Data><Data name="ORDEN"><value>1</value></Data><Data name="HORA_LLEGADA"><value>06:47</value></Data><Data name="HORA_SALIDA"><value>08:29</value></Data><Data name="COD_SUERTE"><value>MN000010000120</value></Data><Data name="EDAD_MESES"><value>5.683778234086242</value></Data><Data name="KM_DESDE_ANTERIOR"><value>6.1</value></Data><Data name="ACCESO_PIE_M"><value>86.0</value></Data><Data name="LATITUD"><value>3.611156</value></Data><Data name="LONGITUD"><value>-76.336029</value></Data></ExtendedData>
<Point><coordinates>-76.336029,3.611156,0</coordinates></Point></Placemark><Placemark><name>MN-019</name><styleUrl>#dia2</styleUrl><ExtendedData><Data name="ID"><value>MN-019</value></Data><Data name="INGENIO"><value>Manuelita</value></Data><Data name="DIA"><value>2</value></Data><Data name="ORDEN"><value>2</value></Data><Data name="HORA_LLEGADA"><value>08:36</value></Data><Data name="HORA_SALIDA"><value>10:22</value></Data><Data name="COD_SUERTE"><value>MN000010000124</value></Data><Data name="EDAD_MESES"><value>7.096509240246407</value></Data><Data name="KM_DESDE_ANTERIOR"><value>2.5</value></Data><Data name="ACCESO_PIE_M"><value>193.0</value></Data><Data name="LATITUD"><value>3.612737</value></Data><Data name="LONGITUD"><value>-76.357018</value></Data></ExtendedData>
<Point><coordinates>-76.357018,3.612737,0</coordinates></Point></Placemark><Placemark><name>MN-011</name><styleUrl>#dia2</styleUrl><ExtendedData><Data name="ID"><value>MN-011</value></Data><Data name="INGENIO"><value>Manuelita</value></Data><Data name="DIA"><value>2</value></Data><Data name="ORDEN"><value>3</value></Data><Data name="HORA_LLEGADA"><value>10:32</value></Data><Data name="HORA_SALIDA"><value>12:12</value></Data><Data name="COD_SUERTE"><value>MN00009900002A</value></Data><Data name="EDAD_MESES"><value>7.655030800821355</value></Data><Data name="KM_DESDE_ANTERIOR"><value>3.5</value></Data><Data name="ACCESO_PIE_M"><value>19.0</value></Data><Data name="LATITUD"><value>3.594052</value></Data><Data name="LONGITUD"><value>-76.350403</value></Data></ExtendedData>
<Point><coordinates>-76.350403,3.594052,0</coordinates></Point></Placemark><Placemark><name>MN-039</name><styleUrl>#dia2</styleUrl><ExtendedData><Data name="ID"><value>MN-039</value></Data><Data name="INGENIO"><value>Manuelita</value></Data><Data name="DIA"><value>2</value></Data><Data name="ORDEN"><value>4</value></Data><Data name="HORA_LLEGADA"><value>12:16</value></Data><Data name="HORA_SALIDA"><value>14:00</value></Data><Data name="COD_SUERTE"><value>MN000010000145</value></Data><Data name="EDAD_MESES"><value>6.93223819301848</value></Data><Data name="KM_DESDE_ANTERIOR"><value>1.5</value></Data><Data name="ACCESO_PIE_M"><value>150.0</value></Data><Data name="LATITUD"><value>3.6067</value></Data><Data name="LONGITUD"><value>-76.345947</value></Data></ExtendedData>
<Point><coordinates>-76.345947,3.606700,0</coordinates></Point></Placemark><Placemark><name>MN-021</name><styleUrl>#dia3</styleUrl><ExtendedData><Data name="ID"><value>MN-021</value></Data><Data name="INGENIO"><value>Manuelita</value></Data><Data name="DIA"><value>3</value></Data><Data name="ORDEN"><value>1</value></Data><Data name="HORA_LLEGADA"><value>06:47</value></Data><Data name="HORA_SALIDA"><value>08:33</value></Data><Data name="COD_SUERTE"><value>MN000007000221</value></Data><Data name="EDAD_MESES"><value>5.683778234086242</value></Data><Data name="KM_DESDE_ANTERIOR"><value>6.4</value></Data><Data name="ACCESO_PIE_M"><value>218.0</value></Data><Data name="LATITUD"><value>3.579679</value></Data><Data name="LONGITUD"><value>-76.346237</value></Data></ExtendedData>
<Point><coordinates>-76.346237,3.579679,0</coordinates></Point></Placemark><Placemark><name>MN-029</name><styleUrl>#dia3</styleUrl><ExtendedData><Data name="ID"><value>MN-029</value></Data><Data name="INGENIO"><value>Manuelita</value></Data><Data name="DIA"><value>3</value></Data><Data name="ORDEN"><value>2</value></Data><Data name="HORA_LLEGADA"><value>08:41</value></Data><Data name="HORA_SALIDA"><value>10:33</value></Data><Data name="COD_SUERTE"><value>MN000007000240</value></Data><Data name="EDAD_MESES"><value>5.683778234086242</value></Data><Data name="KM_DESDE_ANTERIOR"><value>2.5</value></Data><Data name="ACCESO_PIE_M"><value>401.0</value></Data><Data name="LATITUD"><value>3.575798</value></Data><Data name="LONGITUD"><value>-76.358162</value></Data></ExtendedData>
<Point><coordinates>-76.358162,3.575798,0</coordinates></Point></Placemark><Placemark><name>MN-017</name><styleUrl>#dia3</styleUrl><ExtendedData><Data name="ID"><value>MN-017</value></Data><Data name="INGENIO"><value>Manuelita</value></Data><Data name="DIA"><value>3</value></Data><Data name="ORDEN"><value>3</value></Data><Data name="HORA_LLEGADA"><value>10:39</value></Data><Data name="HORA_SALIDA"><value>12:20</value></Data><Data name="COD_SUERTE"><value>MN00001500228G</value></Data><Data name="EDAD_MESES"><value>7.786447638603696</value></Data><Data name="KM_DESDE_ANTERIOR"><value>1.3</value></Data><Data name="ACCESO_PIE_M"><value>77.0</value></Data><Data name="LATITUD"><value>3.578816</value></Data><Data name="LONGITUD"><value>-76.370239</value></Data></ExtendedData>
<Point><coordinates>-76.370239,3.578816,0</coordinates></Point></Placemark><Placemark><name>MN-002</name><styleUrl>#dia3</styleUrl><ExtendedData><Data name="ID"><value>MN-002</value></Data><Data name="INGENIO"><value>Manuelita</value></Data><Data name="DIA"><value>3</value></Data><Data name="ORDEN"><value>4</value></Data><Data name="HORA_LLEGADA"><value>12:26</value></Data><Data name="HORA_SALIDA"><value>14:06</value></Data><Data name="COD_SUERTE"><value>MN00001500215C</value></Data><Data name="EDAD_MESES"><value>7.786447638603696</value></Data><Data name="KM_DESDE_ANTERIOR"><value>1.8</value></Data><Data name="ACCESO_PIE_M"><value>18.0</value></Data><Data name="LATITUD"><value>3.590315</value></Data><Data name="LONGITUD"><value>-76.373398</value></Data></ExtendedData>
<Point><coordinates>-76.373398,3.590315,0</coordinates></Point></Placemark><Placemark><name>MN-026</name><styleUrl>#dia4</styleUrl><ExtendedData><Data name="ID"><value>MN-026</value></Data><Data name="INGENIO"><value>Manuelita</value></Data><Data name="DIA"><value>4</value></Data><Data name="ORDEN"><value>1</value></Data><Data name="HORA_LLEGADA"><value>06:49</value></Data><Data name="HORA_SALIDA"><value>08:32</value></Data><Data name="COD_SUERTE"><value>MN00000200503A</value></Data><Data name="EDAD_MESES"><value>6.078028747433265</value></Data><Data name="KM_DESDE_ANTERIOR"><value>9.3</value></Data><Data name="ACCESO_PIE_M"><value>123.0</value></Data><Data name="LATITUD"><value>3.619492</value></Data><Data name="LONGITUD"><value>-76.261719</value></Data></ExtendedData>
<Point><coordinates>-76.261719,3.619492,0</coordinates></Point></Placemark><Placemark><name>MN-025</name><styleUrl>#dia4</styleUrl><ExtendedData><Data name="ID"><value>MN-025</value></Data><Data name="INGENIO"><value>Manuelita</value></Data><Data name="DIA"><value>4</value></Data><Data name="ORDEN"><value>2</value></Data><Data name="HORA_LLEGADA"><value>08:39</value></Data><Data name="HORA_SALIDA"><value>10:24</value></Data><Data name="COD_SUERTE"><value>MN000002000001</value></Data><Data name="EDAD_MESES"><value>4.468172484599589</value></Data><Data name="KM_DESDE_ANTERIOR"><value>3.2</value></Data><Data name="ACCESO_PIE_M"><value>164.0</value></Data><Data name="LATITUD"><value>3.609575</value></Data><Data name="LONGITUD"><value>-76.265747</value></Data></ExtendedData>
<Point><coordinates>-76.265747,3.609575,0</coordinates></Point></Placemark><Placemark><name>MN-036</name><styleUrl>#dia4</styleUrl><ExtendedData><Data name="ID"><value>MN-036</value></Data><Data name="INGENIO"><value>Manuelita</value></Data><Data name="DIA"><value>4</value></Data><Data name="ORDEN"><value>3</value></Data><Data name="HORA_LLEGADA"><value>10:39</value></Data><Data name="HORA_SALIDA"><value>12:24</value></Data><Data name="COD_SUERTE"><value>MN000144000002</value></Data><Data name="EDAD_MESES"><value>4.566735112936345</value></Data><Data name="KM_DESDE_ANTERIOR"><value>6.7</value></Data><Data name="ACCESO_PIE_M"><value>178.0</value></Data><Data name="LATITUD"><value>3.583128</value></Data><Data name="LONGITUD"><value>-76.232834</value></Data></ExtendedData>
<Point><coordinates>-76.232834,3.583128,0</coordinates></Point></Placemark><Placemark><name>MN-004</name><styleUrl>#dia4</styleUrl><ExtendedData><Data name="ID"><value>MN-004</value></Data><Data name="INGENIO"><value>Manuelita</value></Data><Data name="DIA"><value>4</value></Data><Data name="ORDEN"><value>4</value></Data><Data name="HORA_LLEGADA"><value>12:41</value></Data><Data name="HORA_SALIDA"><value>14:22</value></Data><Data name="COD_SUERTE"><value>MN000004000030</value></Data><Data name="EDAD_MESES"><value>6.143737166324435</value></Data><Data name="KM_DESDE_ANTERIOR"><value>6.1</value></Data><Data name="ACCESO_PIE_M"><value>66.0</value></Data><Data name="LATITUD"><value>3.588302</value></Data><Data name="LONGITUD"><value>-76.271355</value></Data></ExtendedData>
<Point><coordinates>-76.271355,3.588302,0</coordinates></Point></Placemark><Placemark><name>MN-035</name><styleUrl>#dia5</styleUrl><ExtendedData><Data name="ID"><value>MN-035</value></Data><Data name="INGENIO"><value>Manuelita</value></Data><Data name="DIA"><value>5</value></Data><Data name="ORDEN"><value>1</value></Data><Data name="HORA_LLEGADA"><value>07:01</value></Data><Data name="HORA_SALIDA"><value>08:50</value></Data><Data name="COD_SUERTE"><value>MN000091000027</value></Data><Data name="EDAD_MESES"><value>5.946611909650924</value></Data><Data name="KM_DESDE_ANTERIOR"><value>15.2</value></Data><Data name="ACCESO_PIE_M"><value>314.0</value></Data><Data name="LATITUD"><value>3.54504</value></Data><Data name="LONGITUD"><value>-76.369949</value></Data></ExtendedData>
<Point><coordinates>-76.369949,3.545040,0</coordinates></Point></Placemark><Placemark><name>MN-009</name><styleUrl>#dia5</styleUrl><ExtendedData><Data name="ID"><value>MN-009</value></Data><Data name="INGENIO"><value>Manuelita</value></Data><Data name="DIA"><value>5</value></Data><Data name="ORDEN"><value>2</value></Data><Data name="HORA_LLEGADA"><value>09:00</value></Data><Data name="HORA_SALIDA"><value>10:51</value></Data><Data name="COD_SUERTE"><value>MN000052000012</value></Data><Data name="EDAD_MESES"><value>5.519507186858316</value></Data><Data name="KM_DESDE_ANTERIOR"><value>2.6</value></Data><Data name="ACCESO_PIE_M"><value>387.0</value></Data><Data name="LATITUD"><value>3.563581</value></Data><Data name="LONGITUD"><value>-76.382027</value></Data></ExtendedData>
<Point><coordinates>-76.382027,3.563581,0</coordinates></Point></Placemark><Placemark><name>MN-030</name><styleUrl>#dia5</styleUrl><ExtendedData><Data name="ID"><value>MN-030</value></Data><Data name="INGENIO"><value>Manuelita</value></Data><Data name="DIA"><value>5</value></Data><Data name="ORDEN"><value>3</value></Data><Data name="HORA_LLEGADA"><value>11:08</value></Data><Data name="HORA_SALIDA"><value>12:56</value></Data><Data name="COD_SUERTE"><value>MN00006600006B</value></Data><Data name="EDAD_MESES"><value>6.636550308008213</value></Data><Data name="KM_DESDE_ANTERIOR"><value>9.9</value></Data><Data name="ACCESO_PIE_M"><value>256.0</value></Data><Data name="LATITUD"><value>3.613455</value></Data><Data name="LONGITUD"><value>-76.413788</value></Data></ExtendedData>
<Point><coordinates>-76.413788,3.613455,0</coordinates></Point></Placemark><Placemark><name>MN-024</name><styleUrl>#dia5</styleUrl><ExtendedData><Data name="ID"><value>MN-024</value></Data><Data name="INGENIO"><value>Manuelita</value></Data><Data name="DIA"><value>5</value></Data><Data name="ORDEN"><value>4</value></Data><Data name="HORA_LLEGADA"><value>13:20</value></Data><Data name="HORA_SALIDA"><value>15:10</value></Data><Data name="COD_SUERTE"><value>MN00000900018A</value></Data><Data name="EDAD_MESES"><value>7.359342915811088</value></Data><Data name="KM_DESDE_ANTERIOR"><value>12.6</value></Data><Data name="ACCESO_PIE_M"><value>350.0</value></Data><Data name="LATITUD"><value>3.601094</value></Data><Data name="LONGITUD"><value>-76.331146</value></Data></ExtendedData>
<Point><coordinates>-76.331146,3.601094,0</coordinates></Point></Placemark><Placemark><name>MN-032</name><styleUrl>#dia6</styleUrl><ExtendedData><Data name="ID"><value>MN-032</value></Data><Data name="INGENIO"><value>Manuelita</value></Data><Data name="DIA"><value>6</value></Data><Data name="ORDEN"><value>1</value></Data><Data name="HORA_LLEGADA"><value>06:41</value></Data><Data name="HORA_SALIDA"><value>08:25</value></Data><Data name="COD_SUERTE"><value>MN000008000048</value></Data><Data name="EDAD_MESES"><value>7.950718685831622</value></Data><Data name="KM_DESDE_ANTERIOR"><value>3.1</value></Data><Data name="ACCESO_PIE_M"><value>158.0</value></Data><Data name="LATITUD"><value>3.580685</value></Data><Data name="LONGITUD"><value>-76.316338</value></Data></ExtendedData>
<Point><coordinates>-76.316338,3.580685,0</coordinates></Point></Placemark><Placemark><name>MN-045</name><styleUrl>#dia6</styleUrl><ExtendedData><Data name="ID"><value>MN-045</value></Data><Data name="INGENIO"><value>Manuelita</value></Data><Data name="DIA"><value>6</value></Data><Data name="ORDEN"><value>2</value></Data><Data name="HORA_LLEGADA"><value>08:59</value></Data><Data name="HORA_SALIDA"><value>10:49</value></Data><Data name="COD_SUERTE"><value>MN000058000022</value></Data><Data name="EDAD_MESES"><value>6.176591375770021</value></Data><Data name="KM_DESDE_ANTERIOR"><value>16.9</value></Data><Data name="ACCESO_PIE_M"><value>316.0</value></Data><Data name="LATITUD"><value>3.497752</value></Data><Data name="LONGITUD"><value>-76.387772</value></Data></ExtendedData>
<Point><coordinates>-76.387772,3.497752,0</coordinates></Point></Placemark><Placemark><name>MN-031</name><styleUrl>#dia6</styleUrl><ExtendedData><Data name="ID"><value>MN-031</value></Data><Data name="INGENIO"><value>Manuelita</value></Data><Data name="DIA"><value>6</value></Data><Data name="ORDEN"><value>3</value></Data><Data name="HORA_LLEGADA"><value>11:11</value></Data><Data name="HORA_SALIDA"><value>13:03</value></Data><Data name="COD_SUERTE"><value>MN000058000025</value></Data><Data name="EDAD_MESES"><value>5.256673511293634</value></Data><Data name="KM_DESDE_ANTERIOR"><value>12.0</value></Data><Data name="ACCESO_PIE_M"><value>387.0</value></Data><Data name="LATITUD"><value>3.507526</value></Data><Data name="LONGITUD"><value>-76.393806</value></Data></ExtendedData>
<Point><coordinates>-76.393806,3.507526,0</coordinates></Point></Placemark><Placemark><name>MN-028</name><styleUrl>#dia6</styleUrl><ExtendedData><Data name="ID"><value>MN-028</value></Data><Data name="INGENIO"><value>Manuelita</value></Data><Data name="DIA"><value>6</value></Data><Data name="ORDEN"><value>4</value></Data><Data name="HORA_LLEGADA"><value>13:14</value></Data><Data name="HORA_SALIDA"><value>15:00</value></Data><Data name="COD_SUERTE"><value>MN000058000012</value></Data><Data name="EDAD_MESES"><value>7.425051334702259</value></Data><Data name="KM_DESDE_ANTERIOR"><value>5.6</value></Data><Data name="ACCESO_PIE_M"><value>222.0</value></Data><Data name="LATITUD"><value>3.505945</value></Data><Data name="LONGITUD"><value>-76.381165</value></Data></ExtendedData>
<Point><coordinates>-76.381165,3.505945,0</coordinates></Point></Placemark><Placemark><name>MN-044</name><styleUrl>#dia7</styleUrl><ExtendedData><Data name="ID"><value>MN-044</value></Data><Data name="INGENIO"><value>Manuelita</value></Data><Data name="DIA"><value>7</value></Data><Data name="ORDEN"><value>1</value></Data><Data name="HORA_LLEGADA"><value>06:35</value></Data><Data name="HORA_SALIDA"><value>08:28</value></Data><Data name="COD_SUERTE"><value>MN00000500092B</value></Data><Data name="EDAD_MESES"><value>7.392197125256674</value></Data><Data name="KM_DESDE_ANTERIOR"><value>1.6</value></Data><Data name="ACCESO_PIE_M"><value>428.0</value></Data><Data name="LATITUD"><value>3.58974</value></Data><Data name="LONGITUD"><value>-76.294632</value></Data></ExtendedData>
<Point><coordinates>-76.294632,3.589740,0</coordinates></Point></Placemark><Placemark><name>MN-023</name><styleUrl>#dia7</styleUrl><ExtendedData><Data name="ID"><value>MN-023</value></Data><Data name="INGENIO"><value>Manuelita</value></Data><Data name="DIA"><value>7</value></Data><Data name="ORDEN"><value>2</value></Data><Data name="HORA_LLEGADA"><value>08:36</value></Data><Data name="HORA_SALIDA"><value>10:20</value></Data><Data name="COD_SUERTE"><value>MN000004000113</value></Data><Data name="EDAD_MESES"><value>7.62217659137577</value></Data><Data name="KM_DESDE_ANTERIOR"><value>2.8</value></Data><Data name="ACCESO_PIE_M"><value>178.0</value></Data><Data name="LATITUD"><value>3.592039</value></Data><Data name="LONGITUD"><value>-76.284576</value></Data></ExtendedData>
<Point><coordinates>-76.284576,3.592039,0</coordinates></Point></Placemark><Placemark><name>MN-001</name><styleUrl>#dia7</styleUrl><ExtendedData><Data name="ID"><value>MN-001</value></Data><Data name="INGENIO"><value>Manuelita</value></Data><Data name="DIA"><value>7</value></Data><Data name="ORDEN"><value>3</value></Data><Data name="HORA_LLEGADA"><value>10:25</value></Data><Data name="HORA_SALIDA"><value>12:16</value></Data><Data name="COD_SUERTE"><value>MN00000500150A</value></Data><Data name="EDAD_MESES"><value>7.523613963039014</value></Data><Data name="KM_DESDE_ANTERIOR"><value>1.6</value></Data><Data name="ACCESO_PIE_M"><value>375.0</value></Data><Data name="LATITUD"><value>3.601813</value></Data><Data name="LONGITUD"><value>-76.293915</value></Data></ExtendedData>
<Point><coordinates>-76.293915,3.601813,0</coordinates></Point></Placemark><Placemark><name>MN-043</name><styleUrl>#dia8</styleUrl><ExtendedData><Data name="ID"><value>MN-043</value></Data><Data name="INGENIO"><value>Manuelita</value></Data><Data name="DIA"><value>8</value></Data><Data name="ORDEN"><value>1</value></Data><Data name="HORA_LLEGADA"><value>06:39</value></Data><Data name="HORA_SALIDA"><value>08:24</value></Data><Data name="COD_SUERTE"><value>MN000005000075</value></Data><Data name="EDAD_MESES"><value>5.979466119096509</value></Data><Data name="KM_DESDE_ANTERIOR"><value>3.6</value></Data><Data name="ACCESO_PIE_M"><value>188.0</value></Data><Data name="LATITUD"><value>3.581691</value></Data><Data name="LONGITUD"><value>-76.284142</value></Data></ExtendedData>
<Point><coordinates>-76.284142,3.581691,0</coordinates></Point></Placemark><Placemark><name>MN-005</name><styleUrl>#dia8</styleUrl><ExtendedData><Data name="ID"><value>MN-005</value></Data><Data name="INGENIO"><value>Manuelita</value></Data><Data name="DIA"><value>8</value></Data><Data name="ORDEN"><value>2</value></Data><Data name="HORA_LLEGADA"><value>08:30</value></Data><Data name="HORA_SALIDA"><value>10:24</value></Data><Data name="COD_SUERTE"><value>MN000004000028</value></Data><Data name="EDAD_MESES"><value>5.092402464065708</value></Data><Data name="KM_DESDE_ANTERIOR"><value>2.1</value></Data><Data name="ACCESO_PIE_M"><value>457.0</value></Data><Data name="LATITUD"><value>3.578816</value></Data><Data name="LONGITUD"><value>-76.266609</value></Data></ExtendedData>
<Point><coordinates>-76.266609,3.578816,0</coordinates></Point></Placemark><Placemark><name>MN-022</name><styleUrl>#dia8</styleUrl><ExtendedData><Data name="ID"><value>MN-022</value></Data><Data name="INGENIO"><value>Manuelita</value></Data><Data name="DIA"><value>8</value></Data><Data name="ORDEN"><value>3</value></Data><Data name="HORA_LLEGADA"><value>10:31</value></Data><Data name="HORA_SALIDA"><value>12:19</value></Data><Data name="COD_SUERTE"><value>MN00000300002A</value></Data><Data name="EDAD_MESES"><value>7.227926078028747</value></Data><Data name="KM_DESDE_ANTERIOR"><value>2.7</value></Data><Data name="ACCESO_PIE_M"><value>277.0</value></Data><Data name="LATITUD"><value>3.568037</value></Data><Data name="LONGITUD"><value>-76.286446</value></Data></ExtendedData>
<Point><coordinates>-76.286446,3.568037,0</coordinates></Point></Placemark><Placemark><name>MN-018</name><styleUrl>#dia9</styleUrl><ExtendedData><Data name="ID"><value>MN-018</value></Data><Data name="INGENIO"><value>Manuelita</value></Data><Data name="DIA"><value>9</value></Data><Data name="ORDEN"><value>1</value></Data><Data name="HORA_LLEGADA"><value>07:06</value></Data><Data name="HORA_SALIDA"><value>08:57</value></Data><Data name="COD_SUERTE"><value>MN000068000007</value></Data><Data name="EDAD_MESES"><value>6.7351129363449695</value></Data><Data name="KM_DESDE_ANTERIOR"><value>23.1</value></Data><Data name="ACCESO_PIE_M"><value>351.0</value></Data><Data name="LATITUD"><value>3.717229</value></Data><Data name="LONGITUD"><value>-76.328125</value></Data></ExtendedData>
<Point><coordinates>-76.328125,3.717229,0</coordinates></Point></Placemark><Placemark><name>MN-014</name><styleUrl>#dia9</styleUrl><ExtendedData><Data name="ID"><value>MN-014</value></Data><Data name="INGENIO"><value>Manuelita</value></Data><Data name="DIA"><value>9</value></Data><Data name="ORDEN"><value>2</value></Data><Data name="HORA_LLEGADA"><value>08:57</value></Data><Data name="HORA_SALIDA"><value>11:03</value></Data><Data name="COD_SUERTE"><value>MN000113000018</value></Data><Data name="EDAD_MESES"><value>6.7351129363449695</value></Data><Data name="KM_DESDE_ANTERIOR"><value>0.0</value></Data><Data name="ACCESO_PIE_M"><value>810.0</value></Data><Data name="LATITUD"><value>3.727433</value></Data><Data name="LONGITUD"><value>-76.330566</value></Data></ExtendedData>
<Point><coordinates>-76.330566,3.727433,0</coordinates></Point></Placemark><Placemark><name>MN-038</name><styleUrl>#dia9</styleUrl><ExtendedData><Data name="ID"><value>MN-038</value></Data><Data name="INGENIO"><value>Manuelita</value></Data><Data name="DIA"><value>9</value></Data><Data name="ORDEN"><value>3</value></Data><Data name="HORA_LLEGADA"><value>11:26</value></Data><Data name="HORA_SALIDA"><value>13:10</value></Data><Data name="COD_SUERTE"><value>MN000143000001</value></Data><Data name="EDAD_MESES"><value>7.983572895277208</value></Data><Data name="KM_DESDE_ANTERIOR"><value>12.9</value></Data><Data name="ACCESO_PIE_M"><value>144.0</value></Data><Data name="LATITUD"><value>3.676697</value></Data><Data name="LONGITUD"><value>-76.364059</value></Data></ExtendedData>
<Point><coordinates>-76.364059,3.676697,0</coordinates></Point></Placemark><Placemark><name>MN-041</name><styleUrl>#dia10</styleUrl><ExtendedData><Data name="ID"><value>MN-041</value></Data><Data name="INGENIO"><value>Manuelita</value></Data><Data name="DIA"><value>10</value></Data><Data name="ORDEN"><value>1</value></Data><Data name="HORA_LLEGADA"><value>07:14</value></Data><Data name="HORA_SALIDA"><value>09:00</value></Data><Data name="COD_SUERTE"><value>MN000079000002</value></Data><Data name="EDAD_MESES"><value>7.129363449691992</value></Data><Data name="KM_DESDE_ANTERIOR"><value>23.7</value></Data><Data name="ACCESO_PIE_M"><value>220.0</value></Data><Data name="LATITUD"><value>3.578816</value></Data><Data name="LONGITUD"><value>-76.443687</value></Data></ExtendedData>
<Point><coordinates>-76.443687,3.578816,0</coordinates></Point></Placemark><Placemark><name>MN-037</name><styleUrl>#dia10</styleUrl><ExtendedData><Data name="ID"><value>MN-037</value></Data><Data name="INGENIO"><value>Manuelita</value></Data><Data name="DIA"><value>10</value></Data><Data name="ORDEN"><value>2</value></Data><Data name="HORA_LLEGADA"><value>09:25</value></Data><Data name="HORA_SALIDA"><value>11:07</value></Data><Data name="COD_SUERTE"><value>MN000088000013</value></Data><Data name="EDAD_MESES"><value>7.195071868583162</value></Data><Data name="KM_DESDE_ANTERIOR"><value>12.7</value></Data><Data name="ACCESO_PIE_M"><value>119.0</value></Data><Data name="LATITUD"><value>3.538859</value></Data><Data name="LONGITUD"><value>-76.509224</value></Data></ExtendedData>
<Point><coordinates>-76.509224,3.538859,0</coordinates></Point></Placemark><Placemark><name>MN-012</name><styleUrl>#dia10</styleUrl><ExtendedData><Data name="ID"><value>MN-012</value></Data><Data name="INGENIO"><value>Manuelita</value></Data><Data name="DIA"><value>10</value></Data><Data name="ORDEN"><value>3</value></Data><Data name="HORA_LLEGADA"><value>11:29</value></Data><Data name="HORA_SALIDA"><value>13:11</value></Data><Data name="COD_SUERTE"><value>MN00007400007A</value></Data><Data name="EDAD_MESES"><value>6.373716632443532</value></Data><Data name="KM_DESDE_ANTERIOR"><value>12.9</value></Data><Data name="ACCESO_PIE_M"><value>95.0</value></Data><Data name="LATITUD"><value>3.485966</value></Data><Data name="LONGITUD"><value>-76.471283</value></Data></ExtendedData>
<Point><coordinates>-76.471283,3.485966,0</coordinates></Point></Placemark><Placemark><name>MN-007</name><styleUrl>#dia11</styleUrl><ExtendedData><Data name="ID"><value>MN-007</value></Data><Data name="INGENIO"><value>Manuelita</value></Data><Data name="DIA"><value>11</value></Data><Data name="ORDEN"><value>1</value></Data><Data name="HORA_LLEGADA"><value>07:05</value></Data><Data name="HORA_SALIDA"><value>09:01</value></Data><Data name="COD_SUERTE"><value>MN000059000004</value></Data><Data name="EDAD_MESES"><value>6.833675564681725</value></Data><Data name="KM_DESDE_ANTERIOR"><value>13.1</value></Data><Data name="ACCESO_PIE_M"><value>510.0</value></Data><Data name="LATITUD"><value>3.590458</value></Data><Data name="LONGITUD"><value>-76.392372</value></Data></ExtendedData>
<Point><coordinates>-76.392372,3.590458,0</coordinates></Point></Placemark><Placemark><name>MN-010</name><styleUrl>#dia11</styleUrl><ExtendedData><Data name="ID"><value>MN-010</value></Data><Data name="INGENIO"><value>Manuelita</value></Data><Data name="DIA"><value>11</value></Data><Data name="ORDEN"><value>2</value></Data><Data name="HORA_LLEGADA"><value>09:23</value></Data><Data name="HORA_SALIDA"><value>11:11</value></Data><Data name="COD_SUERTE"><value>MN000076000008</value></Data><Data name="EDAD_MESES"><value>6.93223819301848</value></Data><Data name="KM_DESDE_ANTERIOR"><value>6.8</value></Data><Data name="ACCESO_PIE_M"><value>290.0</value></Data><Data name="LATITUD"><value>3.566743</value></Data><Data name="LONGITUD"><value>-76.420258</value></Data></ExtendedData>
<Point><coordinates>-76.420258,3.566743,0</coordinates></Point></Placemark><Placemark><name>MN-015</name><styleUrl>#dia11</styleUrl><ExtendedData><Data name="ID"><value>MN-015</value></Data><Data name="INGENIO"><value>Manuelita</value></Data><Data name="DIA"><value>11</value></Data><Data name="ORDEN"><value>3</value></Data><Data name="HORA_LLEGADA"><value>11:35</value></Data><Data name="HORA_SALIDA"><value>13:16</value></Data><Data name="COD_SUERTE"><value>MN00005400001D</value></Data><Data name="EDAD_MESES"><value>5.486652977412731</value></Data><Data name="KM_DESDE_ANTERIOR"><value>11.6</value></Data><Data name="ACCESO_PIE_M"><value>47.0</value></Data><Data name="LATITUD"><value>3.623373</value></Data><Data name="LONGITUD"><value>-76.456909</value></Data></ExtendedData>
<Point><coordinates>-76.456909,3.623373,0</coordinates></Point></Placemark><Placemark><name>MN-042</name><styleUrl>#dia12</styleUrl><ExtendedData><Data name="ID"><value>MN-042</value></Data><Data name="INGENIO"><value>Manuelita</value></Data><Data name="DIA"><value>12</value></Data><Data name="ORDEN"><value>1</value></Data><Data name="HORA_LLEGADA"><value>07:20</value></Data><Data name="HORA_SALIDA"><value>09:03</value></Data><Data name="COD_SUERTE"><value>MN000075000001</value></Data><Data name="EDAD_MESES"><value>5.322381930184805</value></Data><Data name="KM_DESDE_ANTERIOR"><value>36.4</value></Data><Data name="ACCESO_PIE_M"><value>124.0</value></Data><Data name="LATITUD"><value>3.859234</value></Data><Data name="LONGITUD"><value>-76.301102</value></Data></ExtendedData>
<Point><coordinates>-76.301102,3.859234,0</coordinates></Point></Placemark><Placemark><name>MN-040</name><styleUrl>#dia12</styleUrl><ExtendedData><Data name="ID"><value>MN-040</value></Data><Data name="INGENIO"><value>Manuelita</value></Data><Data name="DIA"><value>12</value></Data><Data name="ORDEN"><value>2</value></Data><Data name="HORA_LLEGADA"><value>09:08</value></Data><Data name="HORA_SALIDA"><value>10:54</value></Data><Data name="COD_SUERTE"><value>MN000094000005</value></Data><Data name="EDAD_MESES"><value>5.28952772073922</value></Data><Data name="KM_DESDE_ANTERIOR"><value>1.4</value></Data><Data name="ACCESO_PIE_M"><value>195.0</value></Data><Data name="LATITUD"><value>3.857078</value></Data><Data name="LONGITUD"><value>-76.315186</value></Data></ExtendedData>
<Point><coordinates>-76.315186,3.857078,0</coordinates></Point></Placemark><Placemark><name>MN-016</name><styleUrl>#dia12</styleUrl><ExtendedData><Data name="ID"><value>MN-016</value></Data><Data name="INGENIO"><value>Manuelita</value></Data><Data name="DIA"><value>12</value></Data><Data name="ORDEN"><value>3</value></Data><Data name="HORA_LLEGADA"><value>11:35</value></Data><Data name="HORA_SALIDA"><value>13:19</value></Data><Data name="COD_SUERTE"><value>MN000083000001</value></Data><Data name="EDAD_MESES"><value>5.322381930184805</value></Data><Data name="KM_DESDE_ANTERIOR"><value>17.8</value></Data><Data name="ACCESO_PIE_M"><value>154.0</value></Data><Data name="LATITUD"><value>3.784638</value></Data><Data name="LONGITUD"><value>-76.363914</value></Data></ExtendedData>
<Point><coordinates>-76.363914,3.784638,0</coordinates></Point></Placemark><Placemark><name>MN-006</name><styleUrl>#dia13</styleUrl><ExtendedData><Data name="ID"><value>MN-006</value></Data><Data name="INGENIO"><value>Manuelita</value></Data><Data name="DIA"><value>13</value></Data><Data name="ORDEN"><value>1</value></Data><Data name="HORA_LLEGADA"><value>06:48</value></Data><Data name="HORA_SALIDA"><value>08:55</value></Data><Data name="COD_SUERTE"><value>MN000009000006</value></Data><Data name="EDAD_MESES"><value>7.425051334702259</value></Data><Data name="KM_DESDE_ANTERIOR"><value>9.4</value></Data><Data name="ACCESO_PIE_M"><value>852.0</value></Data><Data name="LATITUD"><value>3.604688</value></Data><Data name="LONGITUD"><value>-76.320221</value></Data></ExtendedData>
<Point><coordinates>-76.320221,3.604688,0</coordinates></Point></Placemark><Placemark><name>MN-033</name><styleUrl>#dia13</styleUrl><ExtendedData><Data name="ID"><value>MN-033</value></Data><Data name="INGENIO"><value>Manuelita</value></Data><Data name="DIA"><value>13</value></Data><Data name="ORDEN"><value>2</value></Data><Data name="HORA_LLEGADA"><value>09:50</value></Data><Data name="HORA_SALIDA"><value>11:33</value></Data><Data name="COD_SUERTE"><value>MN000084000150</value></Data><Data name="EDAD_MESES"><value>5.683778234086242</value></Data><Data name="KM_DESDE_ANTERIOR"><value>35.1</value></Data><Data name="ACCESO_PIE_M"><value>101.0</value></Data><Data name="LATITUD"><value>3.34626</value></Data><Data name="LONGITUD"><value>-76.392517</value></Data></ExtendedData>
<Point><coordinates>-76.392517,3.346260,0</coordinates></Point></Placemark><Placemark><name>MN-020</name><styleUrl>#dia13</styleUrl><ExtendedData><Data name="ID"><value>MN-020</value></Data><Data name="INGENIO"><value>Manuelita</value></Data><Data name="DIA"><value>13</value></Data><Data name="ORDEN"><value>3</value></Data><Data name="HORA_LLEGADA"><value>12:05</value></Data><Data name="HORA_SALIDA"><value>13:58</value></Data><Data name="COD_SUERTE"><value>MN000014000002</value></Data><Data name="EDAD_MESES"><value>6.078028747433265</value></Data><Data name="KM_DESDE_ANTERIOR"><value>15.0</value></Data><Data name="ACCESO_PIE_M"><value>417.0</value></Data><Data name="LATITUD"><value>3.422294</value></Data><Data name="LONGITUD"><value>-76.337326</value></Data></ExtendedData>
<Point><coordinates>-76.337326,3.422294,0</coordinates></Point></Placemark></Folder><Style id="peaje"><IconStyle><color>ff0ec2ff</color><scale>1.1</scale><Icon><href>http://maps.google.com/mapfiles/kml/shapes/dollar.png</href></Icon></IconStyle></Style><Folder><name>Peajes</name><Placemark><name>Peaje Estambul</name><styleUrl>#peaje</styleUrl><ExtendedData><Data name="NOMBRE"><value>Estambul</value></Data><Data name="VIA"><value>2505</value></Data><Data name="ADMINISTRA"><value>ANI</value></Data><Data name="SENTIDO"><value>Norte</value></Data><Data name="SECTOR"><value>Cali - Palmira - Buga</value></Data><Data name="DIAS_QUE_LO_CRUZAN"><value>10</value></Data><Data name="TARIFA_PLAN_COP"><value>14000</value></Data></ExtendedData>
<Point><coordinates>-76.442959,3.500654,0</coordinates></Point></Placemark><Placemark><name>Peaje CIAT</name><styleUrl>#peaje</styleUrl><ExtendedData><Data name="NOMBRE"><value>CIAT</value></Data><Data name="VIA"><value>2505</value></Data><Data name="ADMINISTRA"><value>ANI</value></Data><Data name="SENTIDO"><value>Sur</value></Data><Data name="SECTOR"><value>Cali - Palmira - Buga</value></Data><Data name="DIAS_QUE_LO_CRUZAN"><value>6, 10</value></Data><Data name="TARIFA_PLAN_COP"><value>14000</value></Data></ExtendedData>
<Point><coordinates>-76.343241,3.523439,0</coordinates></Point></Placemark><Placemark><name>Peaje CENCAR</name><styleUrl>#peaje</styleUrl><ExtendedData><Data name="NOMBRE"><value>CENCAR</value></Data><Data name="VIA"><value>2301</value></Data><Data name="ADMINISTRA"><value>ANI</value></Data><Data name="SENTIDO"><value>Norte</value></Data><Data name="SECTOR"><value>Cali - Yumbo</value></Data><Data name="DIAS_QUE_LO_CRUZAN"><value>10</value></Data><Data name="TARIFA_PLAN_COP"><value>14000</value></Data></ExtendedData>
<Point><coordinates>-76.462657,3.557357,0</coordinates></Point></Placemark><Placemark><name>Peaje Rozo</name><styleUrl>#peaje</styleUrl><ExtendedData><Data name="NOMBRE"><value>Rozo</value></Data><Data name="VIA"><value>25VL01-1</value></Data><Data name="ADMINISTRA"><value>ANI</value></Data><Data name="SENTIDO"><value>Sur</value></Data><Data name="SECTOR"><value></value></Data><Data name="DIAS_QUE_LO_CRUZAN"><value>9</value></Data><Data name="TARIFA_PLAN_COP"><value>14000</value></Data></ExtendedData>
<Point><coordinates>-76.381097,3.643917,0</coordinates></Point></Placemark><Placemark><name>Peaje Paso de la Torre</name><styleUrl>#peaje</styleUrl><ExtendedData><Data name="NOMBRE"><value>Paso de la Torre</value></Data><Data name="VIA"><value></value></Data><Data name="ADMINISTRA"><value>ANI</value></Data><Data name="SENTIDO"><value>Ambos</value></Data><Data name="SECTOR"><value></value></Data><Data name="DIAS_QUE_LO_CRUZAN"><value>11</value></Data><Data name="TARIFA_PLAN_COP"><value>14000</value></Data></ExtendedData>
<Point><coordinates>-76.457701,3.627589,0</coordinates></Point></Placemark><Placemark><name>Peaje Cerrito</name><styleUrl>#peaje</styleUrl><ExtendedData><Data name="NOMBRE"><value>Cerrito</value></Data><Data name="VIA"><value>2505</value></Data><Data name="ADMINISTRA"><value>ANI</value></Data><Data name="SENTIDO"><value>Ambos</value></Data><Data name="SECTOR"><value>Cali - Palmira - Buga</value></Data><Data name="DIAS_QUE_LO_CRUZAN"><value>9, 12</value></Data><Data name="TARIFA_PLAN_COP"><value>14000</value></Data></ExtendedData>
<Point><coordinates>-76.319190,3.713021,0</coordinates></Point></Placemark><Placemark><name>Peaje Mediacanoa</name><styleUrl>#peaje</styleUrl><ExtendedData><Data name="NOMBRE"><value>Mediacanoa</value></Data><Data name="VIA"><value>2301</value></Data><Data name="ADMINISTRA"><value>ANI</value></Data><Data name="SENTIDO"><value>Ambos</value></Data><Data name="SECTOR"><value>Yumbo - Mediacanoa</value></Data><Data name="DIAS_QUE_LO_CRUZAN"><value>ninguno</value></Data><Data name="TARIFA_PLAN_COP"><value>14000</value></Data></ExtendedData>
<Point><coordinates>-76.411376,3.759930,0</coordinates></Point></Placemark></Folder></Document></kml>