<?xml version="1.0" encoding="UTF-8"?>
<kml xmlns="http://www.opengis.net/kml/2.2"><Document><name>Rutas de muestreo — Providencia</name>
<Style id="dia1"><IconStyle><color>ff912D5E</color><scale>1.1</scale>
<Icon><href>http://maps.google.com/mapfiles/kml/paddle/wht-blank.png</href></Icon></IconStyle>
<LabelStyle><scale>0.9</scale></LabelStyle><LineStyle><color>ff912D5E</color><width>4</width></LineStyle></Style><Style id="dia2"><IconStyle><color>ff7EC900</color><scale>1.1</scale>
<Icon><href>http://maps.google.com/mapfiles/kml/paddle/wht-blank.png</href></Icon></IconStyle>
<LabelStyle><scale>0.9</scale></LabelStyle><LineStyle><color>ff7EC900</color><width>4</width></LineStyle></Style><Style id="dia3"><IconStyle><color>ff963DEC</color><scale>1.1</scale>
<Icon><href>http://maps.google.com/mapfiles/kml/paddle/wht-blank.png</href></Icon></IconStyle>
<LabelStyle><scale>0.9</scale></LabelStyle><LineStyle><color>ff963DEC</color><width>4</width></LineStyle></Style><Style id="dia4"><IconStyle><color>ffE8CB59</color><scale>1.1</scale>
<Icon><href>http://maps.google.com/mapfiles/kml/paddle/wht-blank.png</href></Icon></IconStyle>
<LabelStyle><scale>0.9</scale></LabelStyle><LineStyle><color>ffE8CB59</color><width>4</width></LineStyle></Style><Style id="dia5"><IconStyle><color>ff0EC2FF</color><scale>1.1</scale>
<Icon><href>http://maps.google.com/mapfiles/kml/paddle/wht-blank.png</href></Icon></IconStyle>
<LabelStyle><scale>0.9</scale></LabelStyle><LineStyle><color>ff0EC2FF</color><width>4</width></LineStyle></Style><Style id="dia6"><IconStyle><color>ff57D97E</color><scale>1.1</scale>
<Icon><href>http://maps.google.com/mapfiles/kml/paddle/wht-blank.png</href></Icon></IconStyle>
<LabelStyle><scale>0.9</scale></LabelStyle><LineStyle><color>ff57D97E</color><width>4</width></LineStyle></Style><Style id="dia7"><IconStyle><color>ff912D5E</color><scale>1.1</scale>
<Icon><href>http://maps.google.com/mapfiles/kml/paddle/wht-blank.png</href></Icon></IconStyle>
<LabelStyle><scale>0.9</scale></LabelStyle><LineStyle><color>ff912D5E</color><width>4</width></LineStyle></Style><Style id="dia8"><IconStyle><color>ff7EC900</color><scale>1.1</scale>
<Icon><href>http://maps.google.com/mapfiles/kml/paddle/wht-blank.png</href></Icon></IconStyle>
<LabelStyle><scale>0.9</scale></LabelStyle><LineStyle><color>ff7EC900</color><width>4</width></LineStyle></Style><Style id="dia9"><IconStyle><color>ff963DEC</color><scale>1.1</scale>
<Icon><href>http://maps.google.com/mapfiles/kml/paddle/wht-blank.png</href></Icon></IconStyle>
<LabelStyle><scale>0.9</scale></LabelStyle><LineStyle><color>ff963DEC</color><width>4</width></LineStyle></Style><Style id="dia10"><IconStyle><color>ffE8CB59</color><scale>1.1</scale>
<Icon><href>http://maps.google.com/mapfiles/kml/paddle/wht-blank.png</href></Icon></IconStyle>
<LabelStyle><scale>0.9</scale></LabelStyle><LineStyle><color>ffE8CB59</color><width>4</width></LineStyle></Style><Style id="dia11"><IconStyle><color>ff0EC2FF</color><scale>1.1</scale>
<Icon><href>http://maps.google.com/mapfiles/kml/paddle/wht-blank.png</href></Icon></IconStyle>
<LabelStyle><scale>0.9</scale></LabelStyle><LineStyle><color>ff0EC2FF</color><width>4</width></LineStyle></Style><Style id="dia12"><IconStyle><color>ff57D97E</color><scale>1.1</scale>
<Icon><href>http://maps.google.com/mapfiles/kml/paddle/wht-blank.png</href></Icon></IconStyle>
<LabelStyle><scale>0.9</scale></LabelStyle><LineStyle><color>ff57D97E</color><width>4</width></LineStyle></Style><Style id="dia13"><IconStyle><color>ff912D5E</color><scale>1.1</scale>
<Icon><href>http://maps.google.com/mapfiles/kml/paddle/wht-blank.png</href></Icon></IconStyle>
<LabelStyle><scale>0.9</scale></LabelStyle><LineStyle><color>ff912D5E</color><width>4</width></LineStyle></Style><Style id="dia14"><IconStyle><color>ff7EC900</color><scale>1.1</scale>
<Icon><href>http://maps.google.com/mapfiles/kml/paddle/wht-blank.png</href></Icon></IconStyle>
<LabelStyle><scale>0.9</scale></LabelStyle><LineStyle><color>ff7EC900</color><width>4</width></LineStyle></Style><Style id="dia15"><IconStyle><color>ff963DEC</color><scale>1.1</scale>
<Icon><href>http://maps.google.com/mapfiles/kml/paddle/wht-blank.png</href></Icon></IconStyle>
<LabelStyle><scale>0.9</scale></LabelStyle><LineStyle><color>ff963DEC</color><width>4</width></LineStyle></Style><Folder><name>Sede</name><Placemark><name>Sede Providencia</name><ExtendedData><Data name="NOMBRE"><value>Ingenio Providencia (El Cerrito)</value></Data><Data name="FUENTE"><value>OSM: fábrica Ingenio Providencia</value></Data></ExtendedData>
<Style><IconStyle><scale>1.3</scale><Icon><href>http://maps.google.com/mapfiles/kml/pal2/icon10.png</href></Icon></IconStyle></Style>
<Point><coordinates>-76.284910,3.634280,0</coordinates></Point></Placemark></Folder><Folder><name>Rutas por día</name><Placemark><name>Ruta día 1</name><styleUrl>#dia1</styleUrl><ExtendedData><Data name="INGENIO"><value>Providencia</value></Data><Data name="DIA"><value>1</value></Data><Data name="PUNTOS"><value>PR-020, PR-003, PR-022</value></Data><Data name="N_PUNTOS"><value>3</value></Data><Data name="KM"><value>14.1</value></Data><Data name="HORAS_TOTALES"><value>5.79</value></Data><Data name="REGRESO"><value>12:17</value></Data><Data name="PEAJES"><value>0</value></Data><Data name="COSTO_COP"><value>497979</value></Data></ExtendedData><LineString><tessellate>1</tessellate><coordinates>-76.283955,3.634317,0 -76.283957,3.634370,0 -76.283908,3.634503,0 -76.283766,3.634702,0 -76.283730,3.634779,0 -76.283752,3.634848,0 -76.283804,3.634871,0 -76.284038,3.634916,0 -76.284146,3.634945,0 -76.284199,3.635027,0 -76.284200,3.635058,0 -76.284201,3.635114,0 -76.284047,3.635600,0 -76.283847,3.635568,0 -76.283253,3.635476,0 -76.283339,3.635631,0 -76.283363,3.635685,0 -76.283352,3.635746,0 -76.283323,3.635887,0 -76.283184,3.636239,0 -76.282855,3.637072,0 -76.282056,3.638987,0 -76.281720,3.639793,0 -76.281417,3.640350,0 -76.276371,3.640068,0 -76.275582,3.640019,0 -76.275464,3.641151,0 -76.275303,3.642296,0 -76.275179,3.643239,0 -76.275162,3.643377,0 -76.275078,3.644031,0 -76.275029,3.644459,0 -76.269472,3.643030,0 -76.269364,3.643549,0 -76.269339,3.643751,0 -76.269311,3.643756,0 -76.269289,3.643778,0 -76.268717,3.645478,0 -76.267472,3.644927,0 -76.264582,3.643647,0 -76.264865,3.642955,0 -76.265052,3.642497,0 -76.263560,3.641863,0 -76.262965,3.640572,0 -76.262385,3.640112,0 -76.261229,3.640120,0 -76.261030,3.640089,0 -76.259156,3.640947,0 -76.259210,3.639812,0 -76.258597,3.639490,0 -76.253130,3.639602,0 -76.252696,3.640331,0 -76.251985,3.641528,0 -76.251905,3.641671,0 -76.251727,3.641987,0 -76.251618,3.642276,0 -76.251511,3.642545,0 -76.251489,3.642601,0 -76.251323,3.642480,0 -76.251489,3.642601,0 -76.251511,3.642545,0 -76.251618,3.642276,0 -76.251727,3.641987,0 -76.251905,3.641671,0 -76.251985,3.641528,0 -76.253130,3.639602,0 -76.253613,3.638676,0 -76.253812,3.638143,0 -76.254000,3.637624,0 -76.254077,3.637500,0 -76.254722,3.636266,0 -76.254789,3.636052,0 -76.254787,3.635660,0 -76.254825,3.635509,0 -76.255197,3.634707,0 -76.255299,3.634312,0 -76.256069,3.633088,0 -76.256128,3.632926,0 -76.256188,3.632486,0 -76.256263,3.631882,0 -76.256291,3.631655,0 -76.256456,3.630452,0 -76.256541,3.629727,0 -76.256848,3.627491,0 -76.256998,3.626512,0 -76.257092,3.626307,0 -76.257164,3.626206,0 -76.257219,3.626132,0 -76.257304,3.626051,0 -76.257493,3.625957,0 -76.259474,3.625629,0 -76.261389,3.625311,0 -76.261908,3.625280,0 -76.262020,3.625293,0 -76.262074,3.625302,0 -76.262171,3.625319,0 -76.262294,3.625326,0 -76.262617,3.625314,0 -76.268348,3.624239,0 -76.269708,3.623969,0 -76.270840,3.623783,0 -76.272371,3.623492,0 -76.273413,3.623280,0 -76.273537,3.623207,0 -76.273622,3.623117,0 -76.273674,3.623008,0 -76.273689,3.622876,0 -76.273661,3.621918,0 -76.273589,3.620668,0 -76.273488,3.618952,0 -76.273440,3.618133,0 -76.273345,3.615470,0 -76.273327,3.615189,0 -76.273299,3.614761,0 -76.273289,3.614069,0 -76.273292,3.613870,0 -76.273265,3.613427,0 -76.273297,3.613463,0 -76.273371,3.613572,0 -76.273509,3.613744,0 -76.273641,3.613885,0 -76.273823,3.614064,0 -76.273946,3.614180,0 -76.274377,3.614574,0 -76.274407,3.614614,0 -76.274805,3.614966,0 -76.275082,3.615233,0 -76.275749,3.615858,0 -76.276335,3.616397,0 -76.276545,3.616590,0 -76.276863,3.616892,0 -76.277057,3.617109,0 -76.277184,3.617235,0 -76.277873,3.617832,0 -76.278505,3.618424,0 -76.281749,3.621462,0 -76.283247,3.622876,0 -76.283737,3.623365,0 -76.281347,3.624521,0 -76.280490,3.624906,0 -76.280386,3.624967,0 -76.280319,3.625031,0 -76.280296,3.625116,0 -76.280317,3.625210,0 -76.281008,3.626334,0 -76.281248,3.626724,0 -76.282495,3.628754,0 -76.282495,3.628796,0 -76.282625,3.628993,0 -76.282672,3.629074,0 -76.282695,3.629154,0 -76.282733,3.629405,0 -76.282726,3.629460,0 -76.282694,3.629509,0 -76.283186,3.631222,0 -76.283145,3.631584,0 -76.283115,3.631617,0 -76.283090,3.631655,0 -76.283072,3.631696,0 -76.283061,3.631740,0 -76.283058,3.631784,0 -76.283062,3.631829,0 -76.283073,3.631872,0 -76.282987,3.632063,0 -76.282488,3.634079,0 -76.282451,3.634504,0 -76.282526,3.634732,0 -76.282856,3.635125,0 -76.283253,3.635476,0 -76.283847,3.635568,0 -76.284047,3.635600,0 -76.284201,3.635114,0 -76.284200,3.635058,0 -76.284199,3.635027,0 -76.284146,3.634945,0 -76.284038,3.634916,0 -76.283804,3.634871,0 -76.283752,3.634848,0 -76.283730,3.634779,0 -76.283766,3.634702,0 -76.283908,3.634503,0 -76.283957,3.634370,0 -76.283955,3.634317,0</coordinates></LineString></Placemark><Placemark><name>Ruta día 2</name><styleUrl>#dia2</styleUrl><ExtendedData><Data name="INGENIO"><value>Providencia</value></Data><Data name="DIA"><value>2</value></Data><Data name="PUNTOS"><value>PR-026, PR-010, PR-014</value></Data><Data name="N_PUNTOS"><value>3</value></Data><Data name="KM"><value>33.9</value></Data><Data name="HORAS_TOTALES"><value>6.33</value></Data><Data name="REGRESO"><value>12:49</value></Data><Data name="PEAJES"><value>0</value></Data><Data name="COSTO_COP"><value>504428</value></Data></ExtendedData><LineString><tessellate>1</tessellate><coordinates>-76.283955,3.634317,0 -76.283957,3.634370,0 -76.283908,3.634503,0 -76.283766,3.634702,0 -76.283730,3.634779,0 -76.283752,3.634848,0 -76.283804,3.634871,0 -76.284038,3.634916,0 -76.284146,3.634945,0 -76.284199,3.635027,0 -76.284200,3.635058,0 -76.284201,3.635114,0 -76.284047,3.635600,0 -76.283847,3.635568,0 -76.283253,3.635476,0 -76.282856,3.635125,0 -76.282526,3.634732,0 -76.282451,3.634504,0 -76.282488,3.634079,0 -76.282987,3.632063,0 -76.283073,3.631872,0 -76.283091,3.631912,0 -76.283115,3.631949,0 -76.283145,3.631981,0 -76.283180,3.632008,0 -76.283219,3.632029,0 -76.283261,3.632043,0 -76.283304,3.632051,0 -76.283349,3.632051,0 -76.283392,3.632044,0 -76.283434,3.632029,0 -76.283473,3.632009,0 -76.283508,3.631982,0 -76.283538,3.631950,0 -76.283563,3.631913,0 -76.283581,3.631873,0 -76.283592,3.631830,0 -76.283596,3.631786,0 -76.283593,3.631742,0 -76.283583,3.631699,0 -76.283566,3.631658,0 -76.283542,3.631620,0 -76.283512,3.631587,0 -76.283477,3.631560,0 -76.283439,3.631538,0 -76.283390,3.631519,0 -76.283353,3.631515,0 -76.283285,3.631394,0 -76.283186,3.631222,0 -76.282694,3.629509,0 -76.282726,3.629460,0 -76.282733,3.629405,0 -76.282695,3.629154,0 -76.282672,3.629074,0 -76.282625,3.628993,0 -76.282495,3.628796,0 -76.282495,3.628754,0 -76.281248,3.626724,0 -76.281008,3.626334,0 -76.280317,3.625210,0 -76.280296,3.625116,0 -76.280319,3.625031,0 -76.280386,3.624967,0 -76.280490,3.624906,0 -76.281347,3.624521,0 -76.283737,3.623365,0 -76.285610,3.625090,0 -76.287206,3.626574,0 -76.287473,3.626830,0 -76.287995,3.627314,0 -76.288784,3.628047,0 -76.289221,3.628462,0 -76.289498,3.628733,0 -76.289609,3.628851,0 -76.289697,3.628955,0 -76.289777,3.629059,0 -76.289834,3.629153,0 -76.289891,3.629246,0 -76.289945,3.629359,0 -76.289995,3.629473,0 -76.290048,3.629613,0 -76.290088,3.629740,0 -76.290161,3.629987,0 -76.290458,3.631035,0 -76.290694,3.631860,0 -76.290705,3.631898,0 -76.290721,3.631954,0 -76.290734,3.631998,0 -76.290774,3.632140,0 -76.291016,3.632990,0 -76.291153,3.633469,0 -76.291201,3.633631,0 -76.291257,3.633798,0 -76.291309,3.633924,0 -76.291374,3.634081,0 -76.291598,3.634548,0 -76.291639,3.634639,0 -76.291717,3.634802,0 -76.291810,3.634999,0 -76.291826,3.635033,0 -76.291929,3.635251,0 -76.292026,3.635462,0 -76.292100,3.635634,0 -76.292166,3.635788,0 -76.292256,3.636016,0 -76.292386,3.636304,0 -76.292513,3.636557,0 -76.292631,3.636784,0 -76.292752,3.637004,0 -76.292830,3.637139,0 -76.292979,3.637403,0 -76.293402,3.638166,0 -76.293786,3.638864,0 -76.294019,3.639245,0 -76.294139,3.639488,0 -76.294470,3.640189,0 -76.294757,3.640936,0 -76.295191,3.642612,0 -76.295924,3.646534,0 -76.296238,3.648509,0 -76.296259,3.649430,0 -76.296119,3.650297,0 -76.295484,3.651930,0 -76.295071,3.652578,0 -76.294373,3.653333,0 -76.294065,3.653841,0 -76.293880,3.654601,0 -76.293296,3.657650,0 -76.292490,3.662102,0 -76.292343,3.663136,0 -76.292171,3.664285,0 -76.291777,3.666949,0 -76.291761,3.667406,0 -76.291797,3.667725,0 -76.291889,3.668048,0 -76.292081,3.668452,0 -76.292365,3.668840,0 -76.292706,3.669157,0 -76.293659,3.669975,0 -76.294006,3.670215,0 -76.294435,3.670442,0 -76.294918,3.670664,0 -76.295865,3.671082,0 -76.296327,3.671310,0 -76.296953,3.671661,0 -76.297404,3.671941,0 -76.297806,3.672270,0 -76.298101,3.672629,0 -76.298526,3.673276,0 -76.298918,3.673883,0 -76.299137,3.674208,0 -76.299328,3.674492,0 -76.299416,3.674628,0 -76.299504,3.674754,0 -76.299544,3.674802,0 -76.299692,3.675001,0 -76.300084,3.675420,0 -76.301441,3.676612,0 -76.301881,3.677074,0 -76.302198,3.677429,0 -76.302911,3.678435,0 -76.303177,3.679047,0 -76.303260,3.679337,0 -76.303380,3.679764,0 -76.303480,3.680363,0 -76.303565,3.682036,0 -76.303638,3.682582,0 -76.303671,3.682791,0 -76.303728,3.682990,0 -76.303788,3.683143,0 -76.303887,3.683333,0 -76.304003,3.683534,0 -76.304501,3.684208,0 -76.304546,3.684282,0 -76.304859,3.684795,0 -76.305214,3.685381,0 -76.305224,3.685540,0 -76.305218,3.685699,0 -76.305197,3.685858,0 -76.305160,3.686013,0 -76.304875,3.686185,0 -76.304548,3.686275,0 -76.304210,3.686294,0 -76.303875,3.686242,0 -76.303455,3.686171,0 -76.303315,3.686523,0 -76.302518,3.688567,0 -76.302316,3.689090,0 -76.301826,3.690085,0 -76.301313,3.690589,0 -76.300529,3.691733,0 -76.300354,3.691882,0 -76.300151,3.691920,0 -76.299711,3.691821,0 -76.299464,3.691810,0 -76.299174,3.691850,0 -76.298909,3.691982,0 -76.298814,3.692105,0 -76.297748,3.694463,0 -76.297502,3.695008,0 -76.297351,3.695358,0 -76.296434,3.697479,0 -76.295891,3.698734,0 -76.295815,3.698958,0 -76.295790,3.699097,0 -76.295773,3.699275,0 -76.295836,3.699482,0 -76.295998,3.699804,0 -76.296085,3.700103,0 -76.296100,3.700342,0 -76.296062,3.700475,0 -76.295899,3.700725,0 -76.295338,3.701368,0 -76.294948,3.701814,0 -76.294767,3.702048,0 -76.293573,3.703430,0 -76.293398,3.703619,0 -76.293183,3.703761,0 -76.293101,3.703790,0 -76.293004,3.703794,0 -76.292896,3.703777,0 -76.292540,3.703651,0 -76.292367,3.703621,0 -76.292021,3.703633,0 -76.291861,3.703646,0 -76.291771,3.703683,0 -76.291727,3.703720,0 -76.291509,3.704029,0 -76.291317,3.704393,0 -76.291258,3.704475,0 -76.291212,3.704510,0 -76.291147,3.704538,0 -76.291095,3.704548,0 -76.290872,3.704551,0 -76.290479,3.704533,0 -76.289947,3.704508,0 -76.289855,3.704510,0 -76.289770,3.704524,0 -76.289699,3.704558,0 -76.288852,3.705243,0 -76.288277,3.705684,0 -76.288212,3.705716,0 -76.288153,3.705737,0 -76.288091,3.705746,0 -76.287970,3.705727,0 -76.287871,3.705702,0 -76.287393,3.705558,0 -76.287286,3.705526,0 -76.287091,3.705483,0 -76.286840,3.705449,0 -76.286720,3.705447,0 -76.286615,3.705455,0 -76.286401,3.705481,0 -76.286290,3.705501,0 -76.286097,3.705556,0 -76.285878,3.705664,0 -76.284869,3.706422,0 -76.284047,3.707048,0 -76.283195,3.707640,0 -76.283003,3.707770,0 -76.282841,3.707846,0 -76.282647,3.707881,0 -76.282392,3.707916,0 -76.282100,3.707932,0 -76.281941,3.707941,0 -76.281759,3.707964,0 -76.281250,3.708068,0 -76.280786,3.708165,0 -76.280395,3.708278,0 -76.279848,3.708399,0 -76.278664,3.708723,0 -76.278513,3.707924,0 -76.278508,3.707656,0 -76.278605,3.706807,0 -76.278717,3.705825,0 -76.278664,3.705413,0 -76.278479,3.705001,0 -76.278229,3.704730,0 -76.277854,3.704476,0 -76.277384,3.704243,0 -76.277127,3.704340,0 -76.276062,3.705297,0 -76.275314,3.705777,0 -76.274911,3.706050,0 -76.274636,3.706332,0 -76.274109,3.706937,0 -76.273253,3.708036,0 -76.272997,3.708326,0 -76.272513,3.707495,0 -76.272379,3.707335,0 -76.272256,3.707335,0 -76.272036,3.707404,0 -76.271757,3.707586,0 -76.272036,3.707404,0 -76.272256,3.707335,0 -76.272379,3.707335,0 -76.272513,3.707495,0 -76.272997,3.708326,0 -76.273253,3.708036,0 -76.274109,3.706937,0 -76.274636,3.706332,0 -76.274911,3.706050,0 -76.275314,3.705777,0 -76.275698,3.705531,0 -76.276062,3.705297,0 -76.277127,3.704340,0 -76.277384,3.704243,0 -76.277302,3.704195,0 -76.277086,3.704066,0 -76.276799,3.703818,0 -76.276574,3.703395,0 -76.276335,3.702123,0 -76.276177,3.701601,0 -76.276024,3.701154,0 -76.275941,3.700689,0 -76.275861,3.700204,0 -76.275737,3.699787,0 -76.275597,3.699180,0 -76.275610,3.698754,0 -76.275846,3.697564,0 -76.275851,3.697007,0 -76.275756,3.696482,0 -76.275481,3.695803,0 -76.275150,3.694985,0 -76.274946,3.694626,0 -76.274664,3.694377,0 -76.274495,3.694200,0 -76.274402,3.694029,0 -76.274309,3.693808,0 -76.273672,3.691562,0 -76.273510,3.691297,0 -76.274358,3.691559,0 -76.276038,3.692078,0 -76.279074,3.694455,0 -76.279761,3.697019,0 -76.280637,3.697268,0 -76.280825,3.697320,0 -76.281868,3.697606,0 -76.282272,3.697717,0 -76.282965,3.697920,0 -76.283574,3.698100,0 -76.284042,3.698232,0 -76.285015,3.698508,0 -76.285172,3.698552,0 -76.286246,3.698855,0 -76.286386,3.698894,0 -76.286872,3.699024,0 -76.287373,3.699159,0 -76.287530,3.699199,0 -76.287651,3.699217,0 -76.287805,3.699196,0 -76.287976,3.699138,0 -76.288911,3.698864,0 -76.289114,3.698804,0 -76.289534,3.698677,0 -76.289989,3.698547,0 -76.290721,3.698333,0 -76.290695,3.698492,0 -76.290585,3.698935,0 -76.290426,3.699431,0 -76.290211,3.700105,0 -76.290088,3.700553,0 -76.290066,3.700686,0 -76.290082,3.701053,0 -76.290226,3.702319,0 -76.290479,3.704533,0 -76.290872,3.704551,0 -76.291095,3.704548,0 -76.291147,3.704538,0 -76.291212,3.704510,0 -76.291258,3.704475,0 -76.291317,3.704393,0 -76.291509,3.704029,0 -76.291727,3.703720,0 -76.291771,3.703683,0 -76.291861,3.703646,0 -76.292021,3.703633,0 -76.292367,3.703621,0 -76.292540,3.703651,0 -76.292896,3.703777,0 -76.293004,3.703794,0 -76.293101,3.703790,0 -76.293183,3.703761,0 -76.293398,3.703619,0 -76.293573,3.703430,0 -76.294767,3.702048,0 -76.294948,3.701814,0 -76.295338,3.701368,0 -76.295899,3.700725,0 -76.296062,3.700475,0 -76.296100,3.700342,0 -76.296085,3.700103,0 -76.295998,3.699804,0 -76.295836,3.699482,0 -76.295773,3.699275,0 -76.295790,3.699097,0 -76.295815,3.698958,0 -76.295891,3.698734,0 -76.296434,3.697479,0 -76.297351,3.695358,0 -76.297502,3.695008,0 -76.297748,3.694463,0 -76.298814,3.692105,0 -76.298909,3.691982,0 -76.299174,3.691850,0 -76.299464,3.691810,0 -76.299711,3.691821,0 -76.300151,3.691920,0 -76.300354,3.691882,0 -76.300529,3.691733,0 -76.301313,3.690589,0 -76.301826,3.690085,0 -76.302316,3.689090,0 -76.302518,3.688567,0 -76.303315,3.686523,0 -76.303475,3.686381,0 -76.303666,3.686285,0 -76.303875,3.686242,0 -76.304210,3.686294,0 -76.304548,3.686275,0 -76.304875,3.686185,0 -76.305160,3.686013,0 -76.305327,3.685994,0 -76.305470,3.686007,0 -76.305633,3.686021,0 -76.305792,3.686076,0 -76.306920,3.686900,0 -76.307887,3.687857,0 -76.308061,3.688009,0 -76.308323,3.688173,0 -76.308444,3.688204,0 -76.308567,3.688180,0 -76.308667,3.688106,0 -76.308708,3.688002,0 -76.308700,3.687882,0 -76.308628,3.687773,0 -76.308136,3.687385,0 -76.307767,3.687145,0 -76.307400,3.686877,0 -76.306691,3.686396,0 -76.305920,3.685853,0 -76.305775,3.685734,0 -76.305472,3.685402,0 -76.305360,3.685260,0 -76.305271,3.685124,0 -76.304980,3.684668,0 -76.304873,3.684448,0 -76.304723,3.684029,0 -76.304522,3.683417,0 -76.304438,3.683112,0 -76.304256,3.682475,0 -76.304112,3.681965,0 -76.304076,3.681839,0 -76.303913,3.681268,0 -76.303480,3.679744,0 -76.303365,3.679326,0 -76.303304,3.679025,0 -76.303272,3.678894,0 -76.303165,3.678623,0 -76.302978,3.678154,0 -76.302784,3.677837,0 -76.302578,3.677567,0 -76.302020,3.676990,0 -76.301784,3.676749,0 -76.301592,3.676506,0 -76.300831,3.674837,0 -76.300503,3.674228,0 -76.300127,3.673650,0 -76.299867,3.673370,0 -76.299615,3.673108,0 -76.299319,3.672808,0 -76.299108,3.672616,0 -76.298767,3.672338,0 -76.298408,3.672083,0 -76.298033,3.671853,0 -76.297397,3.671535,0 -76.296731,3.671234,0 -76.294505,3.670172,0 -76.294081,3.669928,0 -76.293530,3.669516,0 -76.292927,3.668995,0 -76.292567,3.668584,0 -76.292325,3.668160,0 -76.292147,3.667680,0 -76.292045,3.667205,0 -76.292052,3.666561,0 -76.292316,3.665117,0 -76.292592,3.664513,0 -76.292748,3.663982,0 -76.292796,3.663705,0 -76.292818,3.663354,0 -76.292811,3.663080,0 -76.292793,3.662574,0 -76.292788,3.662281,0 -76.292809,3.661970,0 -76.292930,3.660988,0 -76.293357,3.658769,0 -76.293526,3.657736,0 -76.294062,3.654462,0 -76.294296,3.653863,0 -76.294430,3.653646,0 -76.295409,3.652516,0 -76.295609,3.652182,0 -76.296237,3.650549,0 -76.296337,3.650166,0 -76.296444,3.649449,0 -76.296455,3.648961,0 -76.296248,3.647288,0 -76.296135,3.646652,0 -76.295386,3.642697,0 -76.295270,3.642143,0 -76.295132,3.641632,0 -76.294728,3.640362,0 -76.294606,3.639926,0 -76.294506,3.639555,0 -76.294431,3.639261,0 -76.294328,3.638818,0 -76.294217,3.638378,0 -76.294119,3.638005,0 -76.294135,3.637930,0 -76.294144,3.637854,0 -76.294146,3.637777,0 -76.294139,3.637701,0 -76.294125,3.637626,0 -76.294104,3.637552,0 -76.294075,3.637481,0 -76.294040,3.637413,0 -76.293998,3.637349,0 -76.293949,3.637289,0 -76.293895,3.637235,0 -76.293836,3.637186,0 -76.292685,3.637341,0 -76.291879,3.637461,0 -76.291780,3.637513,0 -76.291724,3.637594,0 -76.291648,3.637771,0 -76.291558,3.638281,0 -76.291108,3.640649,0 -76.291060,3.640788,0 -76.290978,3.640876,0 -76.290884,3.640943,0 -76.288914,3.640820,0 -76.281417,3.640350,0 -76.281720,3.639793,0 -76.282056,3.638987,0 -76.282855,3.637072,0 -76.283184,3.636239,0 -76.283323,3.635887,0 -76.283352,3.635746,0 -76.283363,3.635685,0 -76.283339,3.635631,0 -76.283253,3.635476,0 -76.283847,3.635568,0 -76.284047,3.635600,0 -76.284201,3.635114,0 -76.284200,3.635058,0 -76.284199,3.635027,0 -76.284146,3.634945,0 -76.284038,3.634916,0 -76.283804,3.634871,0 -76.283752,3.634848,0 -76.283730,3.634779,0 -76.283766,3.634702,0 -76.283908,3.634503,0 -76.283957,3.634370,0 -76.283955,3.634317,0</coordinates></LineString></Placemark><Placemark><name>Ruta día 3</name><styleUrl>#dia3</styleUrl><ExtendedData><Data name="INGENIO"><value>Providencia</value></Data><Data name="DIA"><value>3</value></Data><Data name="PUNTOS"><value>PR-027, PR-042, PR-015</value></Data><Data name="N_PUNTOS"><value>3</value></Data><Data name="KM"><value>32.8</value></Data><Data name="HORAS_TOTALES"><value>6.49</value></Data><Data name="REGRESO"><value>12:59</value></Data><Data name="PEAJES"><value>2</value></Data><Data name="COSTO_COP"><value>532049</value></Data></ExtendedData><LineString><tessellate>1</tessellate><coordinates>-76.283955,3.634317,0 -76.283957,3.634370,0 -76.283908,3.634503,0 -76.283766,3.634702,0 -76.283730,3.634779,0 -76.283752,3.634848,0 -76.283804,3.634871,0 -76.284038,3.634916,0 -76.284146,3.634945,0 -76.284199,3.635027,0 -76.284200,3.635058,0 -76.284201,3.635114,0 -76.284047,3.635600,0 -76.283847,3.635568,0 -76.283253,3.635476,0 -76.282856,3.635125,0 -76.282526,3.634732,0 -76.282451,3.634504,0 -76.282488,3.634079,0 -76.282987,3.632063,0 -76.283073,3.631872,0 -76.283091,3.631912,0 -76.283115,3.631949,0 -76.283145,3.631981,0 -76.283180,3.632008,0 -76.283219,3.632029,0 -76.283261,3.632043,0 -76.283304,3.632051,0 -76.283349,3.632051,0 -76.283392,3.632044,0 -76.283434,3.632029,0 -76.283473,3.632009,0 -76.283508,3.631982,0 -76.283538,3.631950,0 -76.283563,3.631913,0 -76.283581,3.631873,0 -76.283592,3.631830,0 -76.283596,3.631786,0 -76.283593,3.631742,0 -76.283583,3.631699,0 -76.283566,3.631658,0 -76.283542,3.631620,0 -76.283512,3.631587,0 -76.283477,3.631560,0 -76.283439,3.631538,0 -76.283390,3.631519,0 -76.283353,3.631515,0 -76.283285,3.631394,0 -76.283186,3.631222,0 -76.282694,3.629509,0 -76.282726,3.629460,0 -76.282733,3.629405,0 -76.282695,3.629154,0 -76.282672,3.629074,0 -76.282625,3.628993,0 -76.282495,3.628796,0 -76.282495,3.628754,0 -76.281248,3.626724,0 -76.281008,3.626334,0 -76.280317,3.625210,0 -76.280296,3.625116,0 -76.280319,3.625031,0 -76.280386,3.624967,0 -76.280490,3.624906,0 -76.281347,3.624521,0 -76.283737,3.623365,0 -76.285610,3.625090,0 -76.287206,3.626574,0 -76.287473,3.626830,0 -76.287995,3.627314,0 -76.288784,3.628047,0 -76.289221,3.628462,0 -76.289498,3.628733,0 -76.289609,3.628851,0 -76.289697,3.628955,0 -76.289777,3.629059,0 -76.289834,3.629153,0 -76.289891,3.629246,0 -76.289945,3.629359,0 -76.289995,3.629473,0 -76.290048,3.629613,0 -76.290088,3.629740,0 -76.290161,3.629987,0 -76.290458,3.631035,0 -76.290694,3.631860,0 -76.290705,3.631898,0 -76.290721,3.631954,0 -76.290734,3.631998,0 -76.290774,3.632140,0 -76.291016,3.632990,0 -76.291153,3.633469,0 -76.291201,3.633631,0 -76.291257,3.633798,0 -76.291309,3.633924,0 -76.291374,3.634081,0 -76.291598,3.634548,0 -76.291639,3.634639,0 -76.291717,3.634802,0 -76.291810,3.634999,0 -76.291826,3.635033,0 -76.291929,3.635251,0 -76.292026,3.635462,0 -76.292100,3.635634,0 -76.292166,3.635788,0 -76.292256,3.636016,0 -76.292386,3.636304,0 -76.292513,3.636557,0 -76.292631,3.636784,0 -76.292752,3.637004,0 -76.292830,3.637139,0 -76.292979,3.637403,0 -76.293402,3.638166,0 -76.293786,3.638864,0 -76.294019,3.639245,0 -76.294139,3.639488,0 -76.294470,3.640189,0 -76.294757,3.640936,0 -76.295191,3.642612,0 -76.295924,3.646534,0 -76.296238,3.648509,0 -76.296259,3.649430,0 -76.296119,3.650297,0 -76.295484,3.651930,0 -76.295071,3.652578,0 -76.294373,3.653333,0 -76.294065,3.653841,0 -76.293880,3.654601,0 -76.293296,3.657650,0 -76.292490,3.662102,0 -76.292343,3.663136,0 -76.292171,3.664285,0 -76.291777,3.666949,0 -76.291761,3.667406,0 -76.291797,3.667725,0 -76.291889,3.668048,0 -76.292081,3.668452,0 -76.292365,3.668840,0 -76.292706,3.669157,0 -76.293659,3.669975,0 -76.294006,3.670215,0 -76.294435,3.670442,0 -76.294918,3.670664,0 -76.295865,3.671082,0 -76.296327,3.671310,0 -76.296953,3.671661,0 -76.297404,3.671941,0 -76.297806,3.672270,0 -76.298101,3.672629,0 -76.298526,3.673276,0 -76.298918,3.673883,0 -76.299137,3.674208,0 -76.299328,3.674492,0 -76.299416,3.674628,0 -76.299504,3.674754,0 -76.299544,3.674802,0 -76.299692,3.675001,0 -76.300084,3.675420,0 -76.301441,3.676612,0 -76.301881,3.677074,0 -76.302198,3.677429,0 -76.302911,3.678435,0 -76.303177,3.679047,0 -76.303260,3.679337,0 -76.303380,3.679764,0 -76.303480,3.680363,0 -76.303565,3.682036,0 -76.303638,3.682582,0 -76.303671,3.682791,0 -76.303728,3.682990,0 -76.303788,3.683143,0 -76.303887,3.683333,0 -76.304003,3.683534,0 -76.304501,3.684208,0 -76.304383,3.684268,0 -76.304296,3.684322,0 -76.304225,3.684393,0 -76.304108,3.684605,0 -76.303806,3.685339,0 -76.303620,3.685259,0 -76.303620,3.685259,0 -76.301846,3.684666,0 -76.299795,3.684005,0 -76.301846,3.684666,0 -76.303620,3.685259,0 -76.303806,3.685339,0 -76.304108,3.684605,0 -76.304225,3.684393,0 -76.304296,3.684322,0 -76.304383,3.684268,0 -76.304501,3.684208,0 -76.304546,3.684282,0 -76.304859,3.684795,0 -76.305214,3.685381,0 -76.305564,3.685838,0 -76.305792,3.686076,0 -76.306920,3.686900,0 -76.307887,3.687857,0 -76.308061,3.688009,0 -76.308323,3.688173,0 -76.308627,3.688280,0 -76.309710,3.688691,0 -76.310182,3.689004,0 -76.310971,3.689528,0 -76.311711,3.690012,0 -76.311974,3.690225,0 -76.312167,3.690451,0 -76.312358,3.690796,0 -76.312532,3.691148,0 -76.312757,3.691510,0 -76.312946,3.691728,0 -76.313661,3.692485,0 -76.314187,3.693325,0 -76.314392,3.693722,0 -76.314606,3.694123,0 -76.314975,3.694904,0 -76.314999,3.694989,0 -76.315104,3.695372,0 -76.315370,3.696339,0 -76.315602,3.696804,0 -76.315869,3.697206,0 -76.316676,3.698122,0 -76.317333,3.699235,0 -76.317695,3.699832,0 -76.317896,3.700161,0 -76.317998,3.700328,0 -76.318095,3.700488,0 -76.318304,3.700822,0 -76.318526,3.701267,0 -76.318792,3.701960,0 -76.319443,3.704591,0 -76.319672,3.705520,0 -76.319715,3.706103,0 -76.319627,3.706919,0 -76.319581,3.707195,0 -76.319476,3.707854,0 -76.319291,3.709682,0 -76.318129,3.709739,0 -76.317990,3.709764,0 -76.317837,3.709824,0 -76.317664,3.709907,0 -76.317483,3.709959,0 -76.317296,3.709970,0 -76.317155,3.709954,0 -76.314679,3.709238,0 -76.314599,3.709211,0 -76.314521,3.709224,0 -76.314514,3.707736,0 -76.314517,3.707616,0 -76.314525,3.707466,0 -76.313922,3.707011,0 -76.313302,3.706542,0 -76.313138,3.706232,0 -76.313127,3.706044,0 -76.312832,3.705873,0 -76.312430,3.705648,0 -76.312135,3.705541,0 -76.311887,3.705526,0 -76.311711,3.705515,0 -76.311373,3.705482,0 -76.310842,3.705311,0 -76.310543,3.705288,0 -76.310091,3.705252,0 -76.309496,3.705092,0 -76.309286,3.704990,0 -76.309882,3.703025,0 -76.309351,3.702683,0 -76.309050,3.702533,0 -76.309050,3.702533,0 -76.308557,3.702881,0 -76.308112,3.704299,0 -76.309024,3.704942,0 -76.309286,3.704990,0 -76.309496,3.705092,0 -76.310091,3.705252,0 -76.310543,3.705288,0 -76.310842,3.705311,0 -76.311373,3.705482,0 -76.311711,3.705515,0 -76.311887,3.705526,0 -76.312135,3.705541,0 -76.312430,3.705648,0 -76.312832,3.705873,0 -76.313127,3.706044,0 -76.313138,3.706232,0 -76.313302,3.706542,0 -76.313922,3.707011,0 -76.314525,3.707466,0 -76.314517,3.707616,0 -76.314514,3.707736,0 -76.314521,3.709224,0 -76.314599,3.709211,0 -76.314679,3.709238,0 -76.317155,3.709954,0 -76.317296,3.709970,0 -76.317483,3.709959,0 -76.317664,3.709907,0 -76.317837,3.709824,0 -76.317990,3.709764,0 -76.318129,3.709739,0 -76.319291,3.709682,0 -76.319174,3.710433,0 -76.319012,3.711101,0 -76.318940,3.711457,0 -76.318848,3.712203,0 -76.318926,3.712409,0 -76.318931,3.712570,0 -76.318962,3.712662,0 -76.319020,3.712727,0 -76.319126,3.712774,0 -76.319230,3.712768,0 -76.319310,3.712728,0 -76.319379,3.712643,0 -76.319401,3.712559,0 -76.319409,3.712353,0 -76.319491,3.712184,0 -76.319494,3.711671,0 -76.319496,3.711402,0 -76.319497,3.710745,0 -76.319492,3.710545,0 -76.319491,3.710161,0 -76.319506,3.709593,0 -76.319543,3.709026,0 -76.319789,3.707205,0 -76.319825,3.706968,0 -76.319860,3.706722,0 -76.319884,3.706477,0 -76.319916,3.706159,0 -76.319881,3.705737,0 -76.319636,3.704695,0 -76.319411,3.703736,0 -76.319307,3.703293,0 -76.318964,3.702110,0 -76.318569,3.701007,0 -76.317771,3.699683,0 -76.317531,3.699291,0 -76.317244,3.698764,0 -76.316904,3.698154,0 -76.316527,3.697456,0 -76.316249,3.696928,0 -76.316056,3.696537,0 -76.315983,3.696413,0 -76.315798,3.696053,0 -76.315665,3.695779,0 -76.315633,3.695706,0 -76.315241,3.695035,0 -76.315142,3.694845,0 -76.314940,3.694457,0 -76.314718,3.694026,0 -76.314588,3.693776,0 -76.314410,3.693432,0 -76.314204,3.693036,0 -76.313714,3.692085,0 -76.313346,3.691411,0 -76.313207,3.691166,0 -76.312978,3.690838,0 -76.312793,3.690634,0 -76.312529,3.690337,0 -76.312264,3.690086,0 -76.311991,3.689885,0 -76.311940,3.689850,0 -76.311455,3.689503,0 -76.308468,3.687600,0 -76.308136,3.687385,0 -76.307767,3.687145,0 -76.307400,3.686877,0 -76.306691,3.686396,0 -76.305920,3.685853,0 -76.305775,3.685734,0 -76.305472,3.685402,0 -76.305360,3.685260,0 -76.305271,3.685124,0 -76.304980,3.684668,0 -76.304873,3.684448,0 -76.304723,3.684029,0 -76.304522,3.683417,0 -76.304438,3.683112,0 -76.304256,3.682475,0 -76.304112,3.681965,0 -76.304076,3.681839,0 -76.303913,3.681268,0 -76.303480,3.679744,0 -76.303365,3.679326,0 -76.303304,3.679025,0 -76.303272,3.678894,0 -76.303165,3.678623,0 -76.302978,3.678154,0 -76.302784,3.677837,0 -76.302578,3.677567,0 -76.302020,3.676990,0 -76.301784,3.676749,0 -76.301592,3.676506,0 -76.300831,3.674837,0 -76.300503,3.674228,0 -76.300127,3.673650,0 -76.299867,3.673370,0 -76.299615,3.673108,0 -76.299319,3.672808,0 -76.299108,3.672616,0 -76.298767,3.672338,0 -76.298408,3.672083,0 -76.298033,3.671853,0 -76.297397,3.671535,0 -76.296731,3.671234,0 -76.294505,3.670172,0 -76.294081,3.669928,0 -76.293530,3.669516,0 -76.292927,3.668995,0 -76.292567,3.668584,0 -76.292325,3.668160,0 -76.292147,3.667680,0 -76.292045,3.667205,0 -76.292052,3.666561,0 -76.292316,3.665117,0 -76.292592,3.664513,0 -76.292748,3.663982,0 -76.292796,3.663705,0 -76.292818,3.663354,0 -76.292811,3.663080,0 -76.292793,3.662574,0 -76.292788,3.662281,0 -76.292809,3.661970,0 -76.292930,3.660988,0 -76.293357,3.658769,0 -76.293526,3.657736,0 -76.294062,3.654462,0 -76.294296,3.653863,0 -76.294430,3.653646,0 -76.295409,3.652516,0 -76.295609,3.652182,0 -76.296237,3.650549,0 -76.296337,3.650166,0 -76.296444,3.649449,0 -76.296455,3.648961,0 -76.296248,3.647288,0 -76.296135,3.646652,0 -76.295386,3.642697,0 -76.295270,3.642143,0 -76.295132,3.641632,0 -76.294728,3.640362,0 -76.294606,3.639926,0 -76.294506,3.639555,0 -76.294431,3.639261,0 -76.294328,3.638818,0 -76.294217,3.638378,0 -76.294119,3.638005,0 -76.294135,3.637930,0 -76.294144,3.637854,0 -76.294146,3.637777,0 -76.294139,3.637701,0 -76.294125,3.637626,0 -76.294104,3.637552,0 -76.294075,3.637481,0 -76.294040,3.637413,0 -76.293998,3.637349,0 -76.293949,3.637289,0 -76.293895,3.637235,0 -76.293836,3.637186,0 -76.292685,3.637341,0 -76.291879,3.637461,0 -76.291780,3.637513,0 -76.291724,3.637594,0 -76.291648,3.637771,0 -76.291558,3.638281,0 -76.291108,3.640649,0 -76.291060,3.640788,0 -76.290978,3.640876,0 -76.290884,3.640943,0 -76.291690,3.641008,0 -76.291750,3.641102,0 -76.291766,3.641220,0 -76.291874,3.643222,0 -76.291997,3.645546,0 -76.292006,3.645724,0 -76.292147,3.648501,0 -76.288526,3.648071,0 -76.288740,3.643270,0 -76.288914,3.640820,0 -76.281417,3.640350,0 -76.281720,3.639793,0 -76.282056,3.638987,0 -76.282855,3.637072,0 -76.283184,3.636239,0 -76.283323,3.635887,0 -76.283352,3.635746,0 -76.283363,3.635685,0 -76.283339,3.635631,0 -76.283253,3.635476,0 -76.283847,3.635568,0 -76.284047,3.635600,0 -76.284201,3.635114,0 -76.284200,3.635058,0 -76.284199,3.635027,0 -76.284146,3.634945,0 -76.284038,3.634916,0 -76.283804,3.634871,0 -76.283752,3.634848,0 -76.283730,3.634779,0 -76.283766,3.634702,0 -76.283908,3.634503,0 -76.283957,3.634370,0 -76.283955,3.634317,0</coordinates></LineString></Placemark><Placemark><name>Ruta día 4</name><styleUrl>#dia4</styleUrl><ExtendedData><Data name="INGENIO"><value>Providencia</value></Data><Data name="DIA"><value>4</value></Data><Data name="PUNTOS"><value>PR-001, PR-008, PR-045</value></Data><Data name="N_PUNTOS"><value>3</value></Data><Data name="KM"><value>19.2</value></Data><Data name="HORAS_TOTALES"><value>6.55</value></Data><Data name="REGRESO"><value>13:02</value></Data><Data name="PEAJES"><value>0</value></Data><Data name="COSTO_COP"><value>499627</value></Data></ExtendedData><LineString><tessellate>1</tessellate><coordinates>-76.283955,3.634317,0 -76.283957,3.634370,0 -76.283908,3.634503,0 -76.283766,3.634702,0 -76.283730,3.634779,0 -76.283752,3.634848,0 -76.283804,3.634871,0 -76.284038,3.634916,0 -76.284146,3.634945,0 -76.284199,3.635027,0 -76.284200,3.635058,0 -76.284201,3.635114,0 -76.284047,3.635600,0 -76.283847,3.635568,0 -76.283253,3.635476,0 -76.283339,3.635631,0 -76.283363,3.635685,0 -76.283352,3.635746,0 -76.283323,3.635887,0 -76.283184,3.636239,0 -76.282855,3.637072,0 -76.282056,3.638987,0 -76.281720,3.639793,0 -76.281417,3.640350,0 -76.288914,3.640820,0 -76.290884,3.640943,0 -76.290978,3.640876,0 -76.291060,3.640788,0 -76.291108,3.640649,0 -76.291558,3.638281,0 -76.291648,3.637771,0 -76.291724,3.637594,0 -76.291780,3.637513,0 -76.291879,3.637461,0 -76.292685,3.637341,0 -76.293836,3.637186,0 -76.294548,3.637088,0 -76.294800,3.637045,0 -76.294976,3.636974,0 -76.295173,3.636854,0 -76.295343,3.636713,0 -76.295475,3.636571,0 -76.295586,3.636374,0 -76.295654,3.636168,0 -76.295697,3.635950,0 -76.295731,3.635587,0 -76.295768,3.635307,0 -76.295811,3.635117,0 -76.295876,3.634917,0 -76.295968,3.634775,0 -76.296088,3.634625,0 -76.296255,3.634489,0 -76.296430,3.634397,0 -76.296640,3.634330,0 -76.296757,3.634323,0 -76.296862,3.634317,0 -76.297720,3.634393,0 -76.300704,3.634717,0 -76.306578,3.635347,0 -76.306607,3.635371,0 -76.306615,3.635402,0 -76.306615,3.635402,0 -76.306243,3.638548,0 -76.306008,3.640887,0 -76.305799,3.642519,0 -76.305673,3.643617,0 -76.305629,3.644143,0 -76.307390,3.644378,0 -76.307538,3.644416,0 -76.308601,3.644971,0 -76.313605,3.647697,0 -76.313625,3.647795,0 -76.314197,3.652841,0 -76.314293,3.652909,0 -76.316370,3.654398,0 -76.319152,3.656392,0 -76.319247,3.656377,0 -76.319320,3.656310,0 -76.319385,3.656054,0 -76.319573,3.654933,0 -76.326554,3.655086,0 -76.327512,3.650951,0 -76.332834,3.651090,0 -76.333197,3.648144,0 -76.333788,3.643792,0 -76.334238,3.640440,0 -76.334422,3.639015,0 -76.334696,3.636873,0 -76.334825,3.636104,0 -76.334990,3.634493,0 -76.335275,3.632412,0 -76.333669,3.632398,0 -76.328888,3.632275,0 -76.320979,3.632071,0 -76.319724,3.632039,0 -76.311826,3.630483,0 -76.311667,3.630452,0 -76.311132,3.630339,0 -76.310143,3.629995,0 -76.309813,3.629931,0 -76.309415,3.629928,0 -76.304472,3.630492,0 -76.302391,3.630703,0 -76.298113,3.631163,0 -76.298019,3.631234,0 -76.297980,3.631413,0 -76.297723,3.634343,0 -76.297720,3.634393,0 -76.296862,3.634317,0 -76.296757,3.634323,0 -76.296640,3.634330,0 -76.296430,3.634397,0 -76.296255,3.634489,0 -76.296088,3.634625,0 -76.295968,3.634775,0 -76.295876,3.634917,0 -76.295811,3.635117,0 -76.295768,3.635307,0 -76.295731,3.635587,0 -76.295697,3.635950,0 -76.295654,3.636168,0 -76.295586,3.636374,0 -76.295475,3.636571,0 -76.295343,3.636713,0 -76.295173,3.636854,0 -76.294976,3.636974,0 -76.294800,3.637045,0 -76.294548,3.637088,0 -76.293836,3.637186,0 -76.292685,3.637341,0 -76.291879,3.637461,0 -76.291780,3.637513,0 -76.291724,3.637594,0 -76.291648,3.637771,0 -76.291558,3.638281,0 -76.291108,3.640649,0 -76.291060,3.640788,0 -76.290978,3.640876,0 -76.290884,3.640943,0 -76.288914,3.640820,0 -76.281417,3.640350,0 -76.281720,3.639793,0 -76.282056,3.638987,0 -76.282855,3.637072,0 -76.283184,3.636239,0 -76.283323,3.635887,0 -76.283352,3.635746,0 -76.283363,3.635685,0 -76.283339,3.635631,0 -76.283253,3.635476,0 -76.283847,3.635568,0 -76.284047,3.635600,0 -76.284201,3.635114,0 -76.284200,3.635058,0 -76.284199,3.635027,0 -76.284146,3.634945,0 -76.284038,3.634916,0 -76.283804,3.634871,0 -76.283752,3.634848,0 -76.283730,3.634779,0 -76.283766,3.634702,0 -76.283908,3.634503,0 -76.283957,3.634370,0 -76.283955,3.634317,0</coordinates></LineString></Placemark><Placemark><name>Ruta día 5</name><styleUrl>#dia5</styleUrl><ExtendedData><Data name="INGENIO"><value>Providencia</value></Data><Data name="DIA"><value>5</value></Data><Data name="PUNTOS"><value>PR-016, PR-034, PR-039</value></Data><Data name="N_PUNTOS"><value>3</value></Data><Data name="KM"><value>25.7</value></Data><Data name="HORAS_TOTALES"><value>6.73</value></Data><Data name="REGRESO"><value>13:13</value></Data><Data name="PEAJES"><value>0</value></Data><Data name="COSTO_COP"><value>501756</value></Data></ExtendedData><LineString><tessellate>1</tessellate><coordinates>-76.283955,3.634317,0 -76.283957,3.634370,0 -76.283908,3.634503,0 -76.283766,3.634702,0 -76.283730,3.634779,0 -76.283752,3.634848,0 -76.283804,3.634871,0 -76.284038,3.634916,0 -76.284146,3.634945,0 -76.284199,3.635027,0 -76.284200,3.635058,0 -76.284201,3.635114,0 -76.284047,3.635600,0 -76.283847,3.635568,0 -76.283253,3.635476,0 -76.283339,3.635631,0 -76.283363,3.635685,0 -76.283352,3.635746,0 -76.283323,3.635887,0 -76.283184,3.636239,0 -76.282855,3.637072,0 -76.282170,3.637085,0 -76.279535,3.637114,0 -76.278414,3.637130,0 -76.277797,3.637087,0 -76.276011,3.636911,0 -76.275253,3.636837,0 -76.272801,3.636577,0 -76.271161,3.636399,0 -76.269559,3.636383,0 -76.269389,3.636412,0 -76.263729,3.636069,0 -76.262671,3.635989,0 -76.262466,3.636102,0 -76.261594,3.638460,0 -76.261532,3.638649,0 -76.261437,3.638935,0 -76.261404,3.639025,0 -76.261030,3.640089,0 -76.259156,3.640947,0 -76.259210,3.639812,0 -76.258597,3.639490,0 -76.253130,3.639602,0 -76.251985,3.641528,0 -76.251905,3.641671,0 -76.251727,3.641987,0 -76.251618,3.642276,0 -76.251511,3.642545,0 -76.251489,3.642601,0 -76.251358,3.642928,0 -76.251306,3.643057,0 -76.251110,3.643366,0 -76.250818,3.643694,0 -76.250697,3.643801,0 -76.250272,3.644104,0 -76.249861,3.644318,0 -76.249560,3.644646,0 -76.249388,3.645103,0 -76.249270,3.645397,0 -76.249219,3.645517,0 -76.249165,3.645581,0 -76.248355,3.646085,0 -76.247968,3.646349,0 -76.247630,3.646580,0 -76.246792,3.647227,0 -76.246433,3.647465,0 -76.245613,3.647824,0 -76.245026,3.648158,0 -76.244611,3.648466,0 -76.244440,3.648812,0 -76.244496,3.649623,0 -76.244538,3.650136,0 -76.244546,3.650221,0 -76.244582,3.650424,0 -76.244702,3.650832,0 -76.244705,3.651010,0 -76.244683,3.651196,0 -76.244424,3.651807,0 -76.244066,3.652958,0 -76.243790,3.653791,0 -76.243760,3.653963,0 -76.243676,3.654231,0 -76.243067,3.656702,0 -76.242856,3.657540,0 -76.242646,3.658399,0 -76.242571,3.658787,0 -76.242534,3.659002,0 -76.242504,3.659195,0 -76.242454,3.659571,0 -76.242432,3.659759,0 -76.242196,3.660849,0 -76.241933,3.661759,0 -76.241909,3.661863,0 -76.241912,3.661954,0 -76.241950,3.662046,0 -76.242109,3.662382,0 -76.242127,3.662458,0 -76.242119,3.662527,0 -76.241683,3.663810,0 -76.241246,3.665099,0 -76.241206,3.665216,0 -76.241193,3.665256,0 -76.240941,3.665994,0 -76.240758,3.666527,0 -76.240749,3.666848,0 -76.240836,3.667818,0 -76.240804,3.668089,0 -76.240475,3.669078,0 -76.240326,3.669527,0 -76.240246,3.669768,0 -76.240134,3.670102,0 -76.240086,3.670249,0 -76.239670,3.671499,0 -76.239654,3.671544,0 -76.239456,3.672140,0 -76.239269,3.672703,0 -76.239012,3.673381,0 -76.238960,3.673463,0 -76.238553,3.674104,0 -76.238305,3.674598,0 -76.237975,3.675706,0 -76.237684,3.676780,0 -76.237720,3.676904,0 -76.237974,3.677053,0 -76.238177,3.677195,0 -76.243168,3.681329,0 -76.241600,3.685881,0 -76.241406,3.686683,0 -76.241416,3.686782,0 -76.241423,3.686835,0 -76.241491,3.686991,0 -76.241496,3.687233,0 -76.241492,3.687264,0 -76.241693,3.687230,0 -76.241836,3.687188,0 -76.242096,3.687273,0 -76.242733,3.687532,0 -76.242738,3.688406,0 -76.242757,3.689360,0 -76.242756,3.689507,0 -76.243854,3.689448,0 -76.244085,3.689436,0 -76.245944,3.689851,0 -76.246035,3.689870,0 -76.246169,3.689859,0 -76.246735,3.689736,0 -76.247279,3.689597,0 -76.247923,3.689415,0 -76.248202,3.689425,0 -76.248419,3.689506,0 -76.248419,3.689506,0 -76.248202,3.689425,0 -76.247923,3.689415,0 -76.247279,3.689597,0 -76.246735,3.689736,0 -76.246169,3.689859,0 -76.246035,3.689870,0 -76.245944,3.689851,0 -76.244085,3.689436,0 -76.243854,3.689448,0 -76.242756,3.689507,0 -76.242757,3.689360,0 -76.242738,3.688406,0 -76.242733,3.687532,0 -76.242096,3.687273,0 -76.241836,3.687188,0 -76.241693,3.687230,0 -76.241492,3.687264,0 -76.241496,3.687233,0 -76.241491,3.686991,0 -76.241423,3.686835,0 -76.241416,3.686782,0 -76.241406,3.686683,0 -76.241600,3.685881,0 -76.243168,3.681329,0 -76.243607,3.681692,0 -76.243749,3.681733,0 -76.244964,3.681446,0 -76.248006,3.680730,0 -76.248308,3.680658,0 -76.248456,3.680551,0 -76.248659,3.680313,0 -76.251933,3.676492,0 -76.252991,3.675273,0 -76.254570,3.673370,0 -76.254599,3.673304,0 -76.254603,3.673240,0 -76.254791,3.673293,0 -76.255300,3.673435,0 -76.255431,3.673476,0 -76.255602,3.673524,0 -76.256528,3.673807,0 -76.257389,3.674071,0 -76.258234,3.674329,0 -76.259056,3.674580,0 -76.259896,3.674837,0 -76.260410,3.674994,0 -76.260749,3.675126,0 -76.261416,3.675384,0 -76.260776,3.677672,0 -76.259184,3.684078,0 -76.258818,3.685552,0 -76.257919,3.685306,0 -76.258770,3.682014,0 -76.259991,3.677358,0 -76.260159,3.677420,0 -76.260776,3.677672,0 -76.261416,3.675384,0 -76.260749,3.675126,0 -76.260410,3.674994,0 -76.259896,3.674837,0 -76.259056,3.674580,0 -76.258234,3.674329,0 -76.257389,3.674071,0 -76.256528,3.673807,0 -76.255602,3.673524,0 -76.256082,3.672147,0 -76.256245,3.671732,0 -76.256349,3.671466,0 -76.256580,3.670747,0 -76.256639,3.670721,0 -76.256694,3.670694,0 -76.257029,3.670664,0 -76.257184,3.670646,0 -76.257268,3.670624,0 -76.257412,3.670533,0 -76.257517,3.670482,0 -76.257775,3.670429,0 -76.258083,3.670367,0 -76.258233,3.670306,0 -76.258351,3.670223,0 -76.258425,3.670140,0 -76.258614,3.669669,0 -76.258764,3.669222,0 -76.258981,3.668353,0 -76.259649,3.666215,0 -76.260615,3.663124,0 -76.260789,3.662554,0 -76.261933,3.662963,0 -76.262921,3.659841,0 -76.263000,3.659859,0 -76.263083,3.659877,0 -76.263188,3.659931,0 -76.263333,3.660076,0 -76.263459,3.660175,0 -76.263820,3.660365,0 -76.264583,3.660764,0 -76.266513,3.661736,0 -76.267427,3.662196,0 -76.268284,3.662633,0 -76.269016,3.663020,0 -76.269254,3.663188,0 -76.269402,3.663271,0 -76.269977,3.663537,0 -76.270941,3.660798,0 -76.271148,3.660248,0 -76.271301,3.659794,0 -76.271514,3.659149,0 -76.272451,3.656210,0 -76.272801,3.655060,0 -76.272877,3.654840,0 -76.273383,3.653238,0 -76.273488,3.653084,0 -76.273633,3.653054,0 -76.276306,3.653677,0 -76.277046,3.653840,0 -76.277288,3.653894,0 -76.278159,3.651051,0 -76.278167,3.650926,0 -76.278207,3.650794,0 -76.278484,3.649898,0 -76.278597,3.649395,0 -76.278650,3.649143,0 -76.278656,3.648935,0 -76.278641,3.648738,0 -76.278618,3.648554,0 -76.278554,3.648223,0 -76.278550,3.648000,0 -76.278597,3.647773,0 -76.278688,3.647529,0 -76.278722,3.647438,0 -76.278931,3.646950,0 -76.280330,3.643396,0 -76.281417,3.640350,0 -76.281720,3.639793,0 -76.282056,3.638987,0 -76.282855,3.637072,0 -76.283184,3.636239,0 -76.283323,3.635887,0 -76.283352,3.635746,0 -76.283363,3.635685,0 -76.283339,3.635631,0 -76.283253,3.635476,0 -76.283847,3.635568,0 -76.284047,3.635600,0 -76.284201,3.635114,0 -76.284200,3.635058,0 -76.284199,3.635027,0 -76.284146,3.634945,0 -76.284038,3.634916,0 -76.283804,3.634871,0 -76.283752,3.634848,0 -76.283730,3.634779,0 -76.283766,3.634702,0 -76.283908,3.634503,0 -76.283957,3.634370,0 -76.283955,3.634317,0</coordinates></LineString></Placemark><Placemark><name>Ruta día 6</name><styleUrl>#dia6</styleUrl><ExtendedData><Data name="INGENIO"><value>Providencia</value></Data><Data name="DIA"><value>6</value></Data><Data name="PUNTOS"><value>PR-043, PR-012, PR-009</value></Data><Data name="N_PUNTOS"><value>3</value></Data><Data name="KM"><value>30.8</value></Data><Data name="HORAS_TOTALES"><value>7.04</value></Data><Data name="REGRESO"><value>13:32</value></Data><Data name="PEAJES"><value>0</value></Data><Data name="COSTO_COP"><value>503410</value></Data></ExtendedData><LineString><tessellate>1</tessellate><coordinates>-76.283955,3.634317,0 -76.283957,3.634370,0 -76.283908,3.634503,0 -76.283766,3.634702,0 -76.283730,3.634779,0 -76.283752,3.634848,0 -76.283804,3.634871,0 -76.284038,3.634916,0 -76.284146,3.634945,0 -76.284199,3.635027,0 -76.284200,3.635058,0 -76.284201,3.635114,0 -76.284047,3.635600,0 -76.283847,3.635568,0 -76.283253,3.635476,0 -76.283339,3.635631,0 -76.283363,3.635685,0 -76.283352,3.635746,0 -76.283323,3.635887,0 -76.283184,3.636239,0 -76.282855,3.637072,0 -76.282056,3.638987,0 -76.281720,3.639793,0 -76.281417,3.640350,0 -76.288914,3.640820,0 -76.290884,3.640943,0 -76.290978,3.640876,0 -76.291060,3.640788,0 -76.291108,3.640649,0 -76.291558,3.638281,0 -76.291648,3.637771,0 -76.291724,3.637594,0 -76.291780,3.637513,0 -76.291879,3.637461,0 -76.292685,3.637341,0 -76.293836,3.637186,0 -76.294548,3.637088,0 -76.294800,3.637045,0 -76.294976,3.636974,0 -76.295173,3.636854,0 -76.295343,3.636713,0 -76.295475,3.636571,0 -76.295586,3.636374,0 -76.295654,3.636168,0 -76.295697,3.635950,0 -76.295731,3.635587,0 -76.295768,3.635307,0 -76.295811,3.635117,0 -76.295876,3.634917,0 -76.295968,3.634775,0 -76.296088,3.634625,0 -76.296255,3.634489,0 -76.296430,3.634397,0 -76.296640,3.634330,0 -76.296757,3.634323,0 -76.296862,3.634317,0 -76.297720,3.634393,0 -76.297723,3.634343,0 -76.297980,3.631413,0 -76.298019,3.631234,0 -76.298113,3.631163,0 -76.302391,3.630703,0 -76.304472,3.630492,0 -76.309415,3.629928,0 -76.309813,3.629931,0 -76.310143,3.629995,0 -76.311132,3.630339,0 -76.311667,3.630452,0 -76.311826,3.630483,0 -76.319724,3.632039,0 -76.328888,3.632275,0 -76.333669,3.632398,0 -76.335275,3.632412,0 -76.339098,3.632242,0 -76.339263,3.632250,0 -76.339472,3.632187,0 -76.342412,3.632023,0 -76.342605,3.631980,0 -76.342744,3.631841,0 -76.342793,3.631589,0 -76.343034,3.630315,0 -76.343919,3.626091,0 -76.344252,3.624453,0 -76.344423,3.623671,0 -76.344541,3.623398,0 -76.344799,3.622938,0 -76.344912,3.622729,0 -76.345013,3.622365,0 -76.345346,3.619918,0 -76.353221,3.621487,0 -76.353865,3.621637,0 -76.362362,3.624421,0 -76.359297,3.623417,0 -76.353865,3.621637,0 -76.353221,3.621487,0 -76.345346,3.619918,0 -76.338018,3.618221,0 -76.337777,3.618189,0 -76.337640,3.618213,0 -76.336929,3.618218,0 -76.318975,3.617835,0 -76.318755,3.619982,0 -76.318975,3.617835,0 -76.336929,3.618218,0 -76.337640,3.618213,0 -76.337777,3.618189,0 -76.338018,3.618221,0 -76.343972,3.619600,0 -76.345346,3.619918,0 -76.345013,3.622365,0 -76.344912,3.622729,0 -76.344799,3.622938,0 -76.344541,3.623398,0 -76.344423,3.623671,0 -76.344252,3.624453,0 -76.343919,3.626091,0 -76.336505,3.624367,0 -76.329553,3.624303,0 -76.329703,3.622418,0 -76.329703,3.622418,0 -76.329553,3.624303,0 -76.329241,3.627873,0 -76.328888,3.632275,0 -76.319724,3.632039,0 -76.311826,3.630483,0 -76.311667,3.630452,0 -76.311132,3.630339,0 -76.310143,3.629995,0 -76.309813,3.629931,0 -76.309415,3.629928,0 -76.304472,3.630492,0 -76.302391,3.630703,0 -76.298113,3.631163,0 -76.298019,3.631234,0 -76.297980,3.631413,0 -76.297723,3.634343,0 -76.297720,3.634393,0 -76.296862,3.634317,0 -76.296757,3.634323,0 -76.296640,3.634330,0 -76.296430,3.634397,0 -76.296255,3.634489,0 -76.296088,3.634625,0 -76.295968,3.634775,0 -76.295876,3.634917,0 -76.295811,3.635117,0 -76.295768,3.635307,0 -76.295731,3.635587,0 -76.295697,3.635950,0 -76.295654,3.636168,0 -76.295586,3.636374,0 -76.295475,3.636571,0 -76.295343,3.636713,0 -76.295173,3.636854,0 -76.294976,3.636974,0 -76.294800,3.637045,0 -76.294548,3.637088,0 -76.293836,3.637186,0 -76.292685,3.637341,0 -76.291879,3.637461,0 -76.291780,3.637513,0 -76.291724,3.637594,0 -76.291648,3.637771,0 -76.291558,3.638281,0 -76.291108,3.640649,0 -76.291060,3.640788,0 -76.290978,3.640876,0 -76.290884,3.640943,0 -76.288914,3.640820,0 -76.281417,3.640350,0 -76.281720,3.639793,0 -76.282056,3.638987,0 -76.282855,3.637072,0 -76.283184,3.636239,0 -76.283323,3.635887,0 -76.283352,3.635746,0 -76.283363,3.635685,0 -76.283339,3.635631,0 -76.283253,3.635476,0 -76.283847,3.635568,0 -76.284047,3.635600,0 -76.284201,3.635114,0 -76.284200,3.635058,0 -76.284199,3.635027,0 -76.284146,3.634945,0 -76.284038,3.634916,0 -76.283804,3.634871,0 -76.283752,3.634848,0 -76.283730,3.634779,0 -76.283766,3.634702,0 -76.283908,3.634503,0 -76.283957,3.634370,0 -76.283955,3.634317,0</coordinates></LineString></Placemark><Placemark><name>Ruta día 7</name><styleUrl>#dia7</styleUrl><ExtendedData><Data name="INGENIO"><value>Providencia</value></Data><Data name="DIA"><value>7</value></Data><Data name="PUNTOS"><value>PR-044, PR-041, PR-013</value></Data><Data name="N_PUNTOS"><value>3</value></Data><Data name="KM"><value>80.6</value></Data><Data name="HORAS_TOTALES"><value>7.13</value></Data><Data name="REGRESO"><value>13:37</value></Data><Data name="PEAJES"><value>1</value></Data><Data name="COSTO_COP"><value>533602</value></Data></ExtendedData><LineString><tessellate>1</tessellate><coordinates>-76.283955,3.634317,0 -76.283957,3.634370,0 -76.283908,3.634503,0 -76.283766,3.634702,0 -76.283730,3.634779,0 -76.283752,3.634848,0 -76.283804,3.634871,0 -76.284038,3.634916,0 -76.284146,3.634945,0 -76.284199,3.635027,0 -76.284200,3.635058,0 -76.284201,3.635114,0 -76.284047,3.635600,0 -76.283847,3.635568,0 -76.283253,3.635476,0 -76.282856,3.635125,0 -76.282526,3.634732,0 -76.282451,3.634504,0 -76.282488,3.634079,0 -76.282987,3.632063,0 -76.283073,3.631872,0 -76.283091,3.631912,0 -76.283115,3.631949,0 -76.283145,3.631981,0 -76.283180,3.632008,0 -76.283219,3.632029,0 -76.283261,3.632043,0 -76.283304,3.632051,0 -76.283349,3.632051,0 -76.283392,3.632044,0 -76.283434,3.632029,0 -76.283473,3.632009,0 -76.283508,3.631982,0 -76.283538,3.631950,0 -76.283563,3.631913,0 -76.283581,3.631873,0 -76.283592,3.631830,0 -76.283596,3.631786,0 -76.283593,3.631742,0 -76.283583,3.631699,0 -76.283566,3.631658,0 -76.283542,3.631620,0 -76.283512,3.631587,0 -76.283477,3.631560,0 -76.283439,3.631538,0 -76.283390,3.631519,0 -76.283353,3.631515,0 -76.283285,3.631394,0 -76.283186,3.631222,0 -76.282694,3.629509,0 -76.282726,3.629460,0 -76.282733,3.629405,0 -76.282695,3.629154,0 -76.282672,3.629074,0 -76.282625,3.628993,0 -76.282495,3.628796,0 -76.282495,3.628754,0 -76.281248,3.626724,0 -76.281008,3.626334,0 -76.280317,3.625210,0 -76.280296,3.625116,0 -76.280319,3.625031,0 -76.280386,3.624967,0 -76.280490,3.624906,0 -76.281347,3.624521,0 -76.283737,3.623365,0 -76.285610,3.625090,0 -76.287206,3.626574,0 -76.287473,3.626830,0 -76.287995,3.627314,0 -76.288784,3.628047,0 -76.289221,3.628462,0 -76.289498,3.628733,0 -76.289609,3.628851,0 -76.289697,3.628955,0 -76.289777,3.629059,0 -76.289834,3.629153,0 -76.289891,3.629246,0 -76.289945,3.629359,0 -76.289995,3.629473,0 -76.290048,3.629613,0 -76.290088,3.629740,0 -76.290161,3.629987,0 -76.290458,3.631035,0 -76.290694,3.631860,0 -76.290705,3.631898,0 -76.290721,3.631954,0 -76.290734,3.631998,0 -76.290774,3.632140,0 -76.291016,3.632990,0 -76.291153,3.633469,0 -76.291201,3.633631,0 -76.291257,3.633798,0 -76.291309,3.633924,0 -76.291374,3.634081,0 -76.291598,3.634548,0 -76.291639,3.634639,0 -76.291717,3.634802,0 -76.291810,3.634999,0 -76.291826,3.635033,0 -76.291929,3.635251,0 -76.292026,3.635462,0 -76.292136,3.635635,0 -76.292276,3.635841,0 -76.292476,3.636142,0 -76.292760,3.636577,0 -76.292864,3.636736,0 -76.292925,3.636806,0 -76.292985,3.636857,0 -76.293051,3.636906,0 -76.293121,3.636950,0 -76.293197,3.636984,0 -76.293277,3.637007,0 -76.293360,3.637023,0 -76.293439,3.637026,0 -76.293526,3.637018,0 -76.293783,3.636988,0 -76.294052,3.636946,0 -76.294162,3.636916,0 -76.294254,3.636879,0 -76.294333,3.636837,0 -76.294415,3.636786,0 -76.294482,3.636727,0 -76.294545,3.636670,0 -76.294595,3.636615,0 -76.294645,3.636539,0 -76.294691,3.636459,0 -76.294726,3.636383,0 -76.294747,3.636317,0 -76.294763,3.636262,0 -76.294793,3.636169,0 -76.294802,3.636087,0 -76.294801,3.636007,0 -76.294795,3.635937,0 -76.294788,3.635872,0 -76.294773,3.635803,0 -76.294749,3.635738,0 -76.294718,3.635662,0 -76.294628,3.635482,0 -76.294539,3.635306,0 -76.294441,3.635111,0 -76.294365,3.634960,0 -76.294289,3.634801,0 -76.294239,3.634688,0 -76.294200,3.634582,0 -76.294136,3.634387,0 -76.294074,3.634187,0 -76.294024,3.633996,0 -76.293986,3.633822,0 -76.293959,3.633642,0 -76.293937,3.633450,0 -76.293927,3.633283,0 -76.293922,3.633049,0 -76.293926,3.632836,0 -76.293941,3.632561,0 -76.293943,3.632428,0 -76.293940,3.632285,0 -76.293932,3.632165,0 -76.293920,3.632025,0 -76.293928,3.631942,0 -76.293953,3.631610,0 -76.293982,3.631236,0 -76.294025,3.630588,0 -76.294051,3.630122,0 -76.294076,3.629887,0 -76.294105,3.629667,0 -76.294148,3.629402,0 -76.294201,3.629135,0 -76.294255,3.628936,0 -76.294335,3.628674,0 -76.294416,3.628430,0 -76.294501,3.628219,0 -76.294584,3.628029,0 -76.294702,3.627796,0 -76.294867,3.627510,0 -76.295038,3.627245,0 -76.295218,3.626977,0 -76.295393,3.626763,0 -76.295604,3.626527,0 -76.295838,3.626308,0 -76.296507,3.625735,0 -76.296819,3.625500,0 -76.297391,3.625050,0 -76.297962,3.624616,0 -76.298744,3.624006,0 -76.299649,3.623302,0 -76.300359,3.622758,0 -76.300712,3.622479,0 -76.300773,3.622433,0 -76.301369,3.621979,0 -76.302282,3.621259,0 -76.302390,3.621178,0 -76.303101,3.620638,0 -76.304121,3.619840,0 -76.304938,3.619212,0 -76.305544,3.618743,0 -76.305947,3.618424,0 -76.306311,3.618138,0 -76.306560,3.617929,0 -76.306787,3.617723,0 -76.307009,3.617479,0 -76.307194,3.617265,0 -76.307350,3.617075,0 -76.307489,3.616880,0 -76.307610,3.616708,0 -76.307741,3.616478,0 -76.307860,3.616259,0 -76.307979,3.616015,0 -76.308072,3.615845,0 -76.308111,3.615742,0 -76.308243,3.615416,0 -76.308446,3.614929,0 -76.308715,3.614297,0 -76.309066,3.613469,0 -76.309368,3.612744,0 -76.309661,3.612075,0 -76.309744,3.611890,0 -76.309860,3.611601,0 -76.309989,3.611265,0 -76.310378,3.610289,0 -76.310483,3.610043,0 -76.310911,3.609023,0 -76.311534,3.607543,0 -76.312560,3.605051,0 -76.315095,3.597987,0 -76.319360,3.588922,0 -76.319844,3.588174,0 -76.320173,3.587784,0 -76.320544,3.587415,0 -76.320838,3.587140,0 -76.321809,3.586291,0 -76.322760,3.585506,0 -76.323090,3.585217,0 -76.325420,3.583230,0 -76.325618,3.583061,0 -76.325940,3.582784,0 -76.326431,3.582350,0 -76.327177,3.581542,0 -76.327359,3.581312,0 -76.327542,3.581012,0 -76.327676,3.580744,0 -76.327784,3.580518,0 -76.327868,3.580317,0 -76.328006,3.579930,0 -76.328647,3.578142,0 -76.328733,3.577858,0 -76.328824,3.577540,0 -76.329585,3.574796,0 -76.331214,3.570290,0 -76.331278,3.570140,0 -76.331468,3.569747,0 -76.333062,3.566743,0 -76.333086,3.566687,0 -76.333378,3.566010,0 -76.333810,3.564238,0 -76.333978,3.563696,0 -76.334675,3.561889,0 -76.335057,3.560830,0 -76.335620,3.558929,0 -76.335883,3.558016,0 -76.336146,3.557026,0 -76.336228,3.556745,0 -76.336818,3.554714,0 -76.337453,3.552411,0 -76.337621,3.551824,0 -76.338365,3.549206,0 -76.338515,3.548521,0 -76.338595,3.548058,0 -76.338619,3.547562,0 -76.338579,3.546339,0 -76.338447,3.545496,0 -76.338370,3.545078,0 -76.338316,3.544698,0 -76.338321,3.544130,0 -76.338617,3.537746,0 -76.338624,3.537044,0 -76.338585,3.536355,0 -76.338405,3.535160,0 -76.338264,3.534572,0 -76.338213,3.534391,0 -76.337837,3.533298,0 -76.337536,3.531966,0 -76.337501,3.531639,0 -76.337495,3.531382,0 -76.337589,3.528405,0 -76.337602,3.527909,0 -76.337694,3.527672,0 -76.337705,3.527200,0 -76.337719,3.527061,0 -76.337759,3.526927,0 -76.337822,3.526803,0 -76.337907,3.526692,0 -76.338011,3.526598,0 -76.338130,3.526524,0 -76.338261,3.526474,0 -76.338399,3.526448,0 -76.338539,3.526446,0 -76.338666,3.526428,0 -76.338789,3.526390,0 -76.338904,3.526332,0 -76.339009,3.526257,0 -76.339100,3.526166,0 -76.339175,3.526062,0 -76.339233,3.525947,0 -76.339272,3.525824,0 -76.339290,3.525697,0 -76.339282,3.525240,0 -76.339270,3.525048,0 -76.339322,3.524785,0 -76.339417,3.524596,0 -76.339531,3.524454,0 -76.339746,3.524295,0 -76.340474,3.524132,0 -76.340615,3.524022,0 -76.341818,3.523785,0 -76.343190,3.523510,0 -76.343241,3.523500,0 -76.343319,3.523484,0 -76.343393,3.523469,0 -76.343454,3.523457,0 -76.344567,3.523235,0 -76.352704,3.521410,0 -76.354788,3.521085,0 -76.355537,3.520966,0 -76.356640,3.520793,0 -76.357476,3.520661,0 -76.358790,3.520390,0 -76.360235,3.520005,0 -76.361971,3.519615,0 -76.362245,3.519549,0 -76.362373,3.519510,0 -76.362611,3.519430,0 -76.362874,3.519351,0 -76.363792,3.519134,0 -76.364687,3.518911,0 -76.369659,3.517594,0 -76.372727,3.516852,0 -76.378758,3.515524,0 -76.380805,3.514942,0 -76.382453,3.514533,0 -76.383977,3.514193,0 -76.385016,3.513998,0 -76.386059,3.513847,0 -76.387361,3.513581,0 -76.390876,3.512781,0 -76.391791,3.512580,0 -76.391917,3.512557,0 -76.392573,3.512420,0 -76.393683,3.512225,0 -76.394117,3.512150,0 -76.394930,3.512019,0 -76.395520,3.511925,0 -76.395838,3.511879,0 -76.396641,3.511763,0 -76.396989,3.511709,0 -76.398179,3.511437,0 -76.398637,3.511336,0 -76.400168,3.510974,0 -76.400592,3.510850,0 -76.403118,3.509902,0 -76.403374,3.509821,0 -76.403846,3.509681,0 -76.404581,3.509524,0 -76.405706,3.509267,0 -76.408033,3.508733,0 -76.410649,3.508175,0 -76.410927,3.508116,0 -76.411236,3.508050,0 -76.411612,3.509240,0 -76.412036,3.510345,0 -76.412670,3.511995,0 -76.413102,3.513172,0 -76.413199,3.513432,0 -76.413283,3.513716,0 -76.413345,3.514004,0 -76.414804,3.520350,0 -76.415484,3.523195,0 -76.415514,3.523277,0 -76.415563,3.523334,0 -76.415627,3.523371,0 -76.416173,3.523524,0 -76.416304,3.523546,0 -76.416442,3.523546,0 -76.416563,3.523527,0 -76.418735,3.523042,0 -76.418843,3.523016,0 -76.418898,3.522968,0 -76.418926,3.522910,0 -76.418933,3.522825,0 -76.418775,3.522129,0 -76.418658,3.521615,0 -76.418479,3.520890,0 -76.418435,3.520689,0 -76.418411,3.520618,0 -76.418360,3.520556,0 -76.418293,3.520512,0 -76.418222,3.520492,0 -76.418084,3.520457,0 -76.418008,3.520426,0 -76.417951,3.520391,0 -76.417892,3.520343,0 -76.417591,3.520026,0 -76.417556,3.520001,0 -76.417520,3.519985,0 -76.417468,3.519975,0 -76.417401,3.519984,0 -76.417019,3.520079,0 -76.415359,3.520471,0 -76.415302,3.520483,0 -76.415105,3.520501,0 -76.415034,3.520495,0 -76.414964,3.520477,0 -76.414804,3.520350,0 -76.413839,3.516152,0 -76.413345,3.514004,0 -76.413283,3.513716,0 -76.413199,3.513432,0 -76.413102,3.513172,0 -76.412670,3.511995,0 -76.412036,3.510345,0 -76.411612,3.509240,0 -76.411236,3.508050,0 -76.414818,3.507336,0 -76.416334,3.506977,0 -76.418765,3.506436,0 -76.420918,3.505957,0 -76.424179,3.505278,0 -76.425383,3.505035,0 -76.426036,3.504908,0 -76.426236,3.504869,0 -76.426531,3.504813,0 -76.426771,3.504765,0 -76.427958,3.504536,0 -76.430673,3.504008,0 -76.430846,3.504026,0 -76.431602,3.503885,0 -76.431678,3.503877,0 -76.431788,3.503882,0 -76.431957,3.503912,0 -76.432094,3.503947,0 -76.432196,3.503987,0 -76.432295,3.504043,0 -76.432413,3.504145,0 -76.433019,3.504720,0 -76.433486,3.505183,0 -76.433545,3.505263,0 -76.433583,3.505349,0 -76.433606,3.505423,0 -76.433626,3.505537,0 -76.433623,3.505630,0 -76.433615,3.505748,0 -76.433602,3.505959,0 -76.433484,3.506319,0 -76.433389,3.506581,0 -76.433292,3.506788,0 -76.433160,3.507077,0 -76.432979,3.507465,0 -76.432916,3.507672,0 -76.432831,3.507799,0 -76.432747,3.507984,0 -76.432688,3.508155,0 -76.432618,3.508406,0 -76.432552,3.508668,0 -76.432461,3.509159,0 -76.432358,3.509761,0 -76.432282,3.510095,0 -76.432225,3.510317,0 -76.432110,3.510812,0 -76.432079,3.510912,0 -76.432054,3.511002,0 -76.431939,3.511348,0 -76.431849,3.511621,0 -76.431579,3.512497,0 -76.431342,3.513219,0 -76.431239,3.513520,0 -76.431055,3.514140,0 -76.430890,3.514666,0 -76.430765,3.515089,0 -76.430765,3.515206,0 -76.430766,3.515252,0 -76.430771,3.515294,0 -76.430780,3.515330,0 -76.430791,3.515354,0 -76.430828,3.515391,0 -76.430879,3.515410,0 -76.430933,3.515413,0 -76.430981,3.515402,0 -76.431037,3.515369,0 -76.431075,3.515330,0 -76.431107,3.515284,0 -76.431170,3.515109,0 -76.431212,3.514736,0 -76.431244,3.514409,0 -76.431303,3.514074,0 -76.431350,3.513847,0 -76.431478,3.513374,0 -76.431736,3.512534,0 -76.431937,3.511935,0 -76.432103,3.511380,0 -76.432208,3.511040,0 -76.432655,3.511215,0 -76.432873,3.511340,0 -76.433156,3.511519,0 -76.433429,3.511827,0 -76.433545,3.511966,0 -76.433842,3.512317,0 -76.433915,3.512397,0 -76.434026,3.512520,0 -76.434997,3.513312,0 -76.435113,3.513369,0 -76.435259,3.513411,0 -76.435640,3.513402,0 -76.436664,3.513353,0 -76.437536,3.513262,0 -76.437811,3.513317,0 -76.438830,3.513558,0 -76.439587,3.513774,0 -76.440063,3.513878,0 -76.440833,3.514023,0 -76.440683,3.514481,0 -76.440547,3.514870,0 -76.440431,3.515318,0 -76.440401,3.515555,0 -76.440245,3.516298,0 -76.440100,3.516870,0 -76.440291,3.517003,0 -76.441805,3.517945,0 -76.443139,3.518775,0 -76.446889,3.521166,0 -76.446983,3.521134,0 -76.447144,3.521114,0 -76.447305,3.521094,0 -76.447377,3.521048,0 -76.447417,3.520960,0 -76.447479,3.520757,0 -76.447493,3.520582,0 -76.447525,3.520205,0 -76.447562,3.519935,0 -76.447200,3.519381,0 -76.446900,3.519070,0 -76.446381,3.518692,0 -76.445748,3.518286,0 -76.445178,3.518070,0 -76.444434,3.517955,0 -76.444141,3.517895,0 -76.443933,3.517838,0 -76.443477,3.516939,0 -76.443229,3.516563,0 -76.442939,3.516188,0 -76.442670,3.515883,0 -76.442138,3.515388,0 -76.442075,3.515292,0 -76.442031,3.515147,0 -76.441972,3.514704,0 -76.441864,3.514247,0 -76.441737,3.514192,0 -76.440877,3.514032,0 -76.440833,3.514023,0 -76.440063,3.513878,0 -76.439587,3.513774,0 -76.438830,3.513558,0 -76.437811,3.513317,0 -76.437536,3.513262,0 -76.436664,3.513353,0 -76.435640,3.513402,0 -76.435259,3.513411,0 -76.435113,3.513369,0 -76.434997,3.513312,0 -76.434026,3.512520,0 -76.433915,3.512397,0 -76.433842,3.512317,0 -76.433545,3.511966,0 -76.433429,3.511827,0 -76.433156,3.511519,0 -76.432873,3.511340,0 -76.432655,3.511215,0 -76.432208,3.511040,0 -76.432232,3.510939,0 -76.432284,3.510762,0 -76.432351,3.510485,0 -76.432400,3.510281,0 -76.432470,3.509986,0 -76.432578,3.509381,0 -76.432642,3.508956,0 -76.432739,3.508588,0 -76.432777,3.508425,0 -76.432809,3.508286,0 -76.432858,3.508133,0 -76.433211,3.507370,0 -76.433278,3.507235,0 -76.433409,3.506971,0 -76.433478,3.506809,0 -76.433545,3.506622,0 -76.433585,3.506478,0 -76.433630,3.506338,0 -76.433682,3.506196,0 -76.433728,3.506037,0 -76.433826,3.505744,0 -76.433896,3.505405,0 -76.434049,3.504916,0 -76.434099,3.504748,0 -76.434164,3.504483,0 -76.434192,3.504290,0 -76.434197,3.504175,0 -76.434178,3.503960,0 -76.434079,3.503494,0 -76.433958,3.502972,0 -76.433851,3.502536,0 -76.433829,3.502407,0 -76.433821,3.502297,0 -76.433827,3.502220,0 -76.433853,3.502133,0 -76.433886,3.502046,0 -76.433950,3.501933,0 -76.434027,3.501857,0 -76.434111,3.501794,0 -76.434188,3.501750,0 -76.434269,3.501718,0 -76.434344,3.501708,0 -76.434419,3.501702,0 -76.434497,3.501702,0 -76.434574,3.501718,0 -76.434658,3.501748,0 -76.434723,3.501783,0 -76.434795,3.501826,0 -76.434851,3.501874,0 -76.434896,3.501935,0 -76.434950,3.502018,0 -76.434990,3.502109,0 -76.435023,3.502209,0 -76.435036,3.502313,0 -76.435030,3.502414,0 -76.434996,3.502532,0 -76.434948,3.502637,0 -76.434900,3.502718,0 -76.434811,3.502809,0 -76.434730,3.502869,0 -76.434644,3.502918,0 -76.434496,3.502982,0 -76.433094,3.503282,0 -76.432196,3.503492,0 -76.431273,3.503696,0 -76.427266,3.504436,0 -76.426356,3.504613,0 -76.426318,3.504463,0 -76.426046,3.503655,0 -76.425780,3.502894,0 -76.425560,3.502279,0 -76.425394,3.501850,0 -76.425305,3.501636,0 -76.425185,3.501387,0 -76.424801,3.500697,0 -76.424404,3.500006,0 -76.424308,3.499800,0 -76.424257,3.499652,0 -76.424235,3.499497,0 -76.424174,3.498670,0 -76.424155,3.498258,0 -76.424149,3.497837,0 -76.424115,3.497521,0 -76.424066,3.497227,0 -76.423986,3.496884,0 -76.423895,3.496539,0 -76.423788,3.496159,0 -76.423648,3.495613,0 -76.423506,3.495090,0 -76.423436,3.494831,0 -76.423409,3.494678,0 -76.423396,3.494512,0 -76.423377,3.493420,0 -76.423379,3.492936,0 -76.423377,3.492580,0 -76.423355,3.492333,0 -76.423278,3.491813,0 -76.423234,3.491502,0 -76.423170,3.491048,0 -76.423122,3.490705,0 -76.423009,3.490095,0 -76.422980,3.489918,0 -76.422958,3.489784,0 -76.422838,3.488874,0 -76.422696,3.487803,0 -76.422460,3.486237,0 -76.422441,3.486097,0 -76.422358,3.485492,0 -76.422351,3.485376,0 -76.422352,3.485313,0 -76.422371,3.485249,0 -76.422421,3.485159,0 -76.422469,3.485096,0 -76.422866,3.484494,0 -76.423291,3.483847,0 -76.422966,3.483841,0 -76.422711,3.483793,0 -76.421971,3.483613,0 -76.421522,3.483402,0 -76.421176,3.483186,0 -76.420938,3.482946,0 -76.420363,3.482347,0 -76.420144,3.482181,0 -76.418905,3.481285,0 -76.418811,3.481257,0 -76.418710,3.481249,0 -76.418506,3.481244,0 -76.418331,3.481258,0 -76.417227,3.481345,0 -76.415668,3.481297,0 -76.414853,3.481121,0 -76.414582,3.481003,0 -76.414091,3.480687,0 -76.414016,3.480639,0 -76.413863,3.480540,0 -76.413431,3.480347,0 -76.413037,3.480234,0 -76.411668,3.480121,0 -76.410533,3.480024,0 -76.409779,3.480018,0 -76.409154,3.480095,0 -76.409015,3.480112,0 -76.408792,3.480176,0 -76.407782,3.480653,0 -76.407599,3.480729,0 -76.407431,3.480758,0 -76.407300,3.480746,0 -76.407187,3.480700,0 -76.406959,3.480592,0 -76.406567,3.480392,0 -76.405767,3.479951,0 -76.404627,3.479293,0 -76.404297,3.479127,0 -76.404123,3.479036,0 -76.404081,3.479017,0 -76.404023,3.479006,0 -76.403905,3.479003,0 -76.403622,3.478990,0 -76.403554,3.478993,0 -76.402795,3.479116,0 -76.402727,3.479123,0 -76.402629,3.479121,0 -76.401760,3.478950,0 -76.401560,3.478926,0 -76.401426,3.478924,0 -76.401154,3.478957,0 -76.400590,3.479024,0 -76.399906,3.479105,0 -76.399667,3.479111,0 -76.399402,3.479070,0 -76.398600,3.478819,0 -76.397505,3.478390,0 -76.397034,3.478206,0 -76.396540,3.477978,0 -76.394917,3.477015,0 -76.394868,3.476985,0 -76.394314,3.476656,0 -76.393262,3.476238,0 -76.392968,3.476106,0 -76.392088,3.475708,0 -76.391738,3.475544,0 -76.391573,3.475427,0 -76.391245,3.475194,0 -76.391033,3.475025,0 -76.390835,3.474773,0 -76.390272,3.473868,0 -76.389423,3.472641,0 -76.388735,3.471765,0 -76.388459,3.471587,0 -76.388084,3.471434,0 -76.387627,3.471376,0 -76.387206,3.471478,0 -76.386640,3.471761,0 -76.386238,3.472021,0 -76.386025,3.472196,0 -76.385552,3.472584,0 -76.385318,3.472729,0 -76.385049,3.472862,0 -76.384739,3.473007,0 -76.384554,3.473167,0 -76.384444,3.473274,0 -76.384316,3.473464,0 -76.384179,3.473718,0 -76.383959,3.474198,0 -76.383855,3.474403,0 -76.383702,3.474634,0 -76.383466,3.474952,0 -76.383262,3.475212,0 -76.383130,3.475431,0 -76.382932,3.475761,0 -76.382840,3.475887,0 -76.382768,3.475967,0 -76.382580,3.476045,0 -76.382526,3.476057,0 -76.382237,3.476126,0 -76.381935,3.476261,0 -76.381718,3.476442,0 -76.380756,3.477418,0 -76.379984,3.477775,0 -76.378890,3.478360,0 -76.378131,3.478671,0 -76.377860,3.478805,0 -76.377668,3.478939,0 -76.377500,3.479118,0 -76.377442,3.479200,0 -76.377275,3.479434,0 -76.376661,3.480366,0 -76.376030,3.480866,0 -76.375615,3.481262,0 -76.373691,3.483678,0 -76.373311,3.484041,0 -76.372772,3.484290,0 -76.371589,3.484655,0 -76.370497,3.485105,0 -76.370315,3.485144,0 -76.369870,3.485139,0 -76.369164,3.485054,0 -76.368362,3.484898,0 -76.368040,3.484933,0 -76.366887,3.485246,0 -76.365868,3.485163,0 -76.365658,3.485112,0 -76.365403,3.484947,0 -76.364030,3.484285,0 -76.363408,3.484049,0 -76.362408,3.483926,0 -76.359237,3.483921,0 -76.358446,3.484028,0 -76.357277,3.484306,0 -76.353738,3.485643,0 -76.353569,3.485777,0 -76.353505,3.485878,0 -76.351928,3.488397,0 -76.351842,3.488690,0 -76.351816,3.489176,0 -76.351887,3.490565,0 -76.351960,3.491977,0 -76.352041,3.493064,0 -76.352100,3.494457,0 -76.346562,3.496849,0 -76.346409,3.496984,0 -76.346264,3.497199,0 -76.345720,3.498144,0 -76.345654,3.498213,0 -76.345568,3.498271,0 -76.345428,3.498341,0 -76.343117,3.498972,0 -76.340835,3.499623,0 -76.338531,3.500269,0 -76.336269,3.500961,0 -76.335809,3.501140,0 -76.335383,3.501357,0 -76.334857,3.501709,0 -76.334340,3.502080,0 -76.334236,3.502113,0 -76.334121,3.502127,0 -76.333496,3.502143,0 -76.332868,3.502133,0 -76.332292,3.502126,0 -76.331644,3.502114,0 -76.331183,3.500972,0 -76.330685,3.499850,0 -76.330228,3.498715,0 -76.329768,3.497577,0 -76.329500,3.496753,0 -76.329265,3.495922,0 -76.328785,3.494262,0 -76.328547,3.493426,0 -76.328287,3.492606,0 -76.328043,3.491776,0 -76.327740,3.490962,0 -76.327705,3.490866,0 -76.327660,3.490732,0 -76.327556,3.490365,0 -76.327493,3.489987,0 -76.327504,3.488713,0 -76.327550,3.488349,0 -76.327833,3.487163,0 -76.328022,3.486518,0 -76.328033,3.486426,0 -76.328018,3.486334,0 -76.327978,3.486250,0 -76.327915,3.486181,0 -76.327835,3.486133,0 -76.327744,3.486109,0 -76.327651,3.486112,0 -76.327562,3.486142,0 -76.327486,3.486195,0 -76.327428,3.486268,0 -76.326843,3.487158,0 -76.326721,3.487449,0 -76.326662,3.487883,0 -76.326705,3.488247,0 -76.326938,3.489061,0 -76.327032,3.489388,0 -76.327080,3.489562,0 -76.327576,3.490898,0 -76.327622,3.491007,0 -76.327928,3.491825,0 -76.328172,3.492659,0 -76.328660,3.494287,0 -76.329135,3.495930,0 -76.329371,3.496754,0 -76.329626,3.497575,0 -76.330542,3.499825,0 -76.331026,3.500939,0 -76.331262,3.501502,0 -76.331490,3.502088,0 -76.331908,3.503097,0 -76.332353,3.504118,0 -76.333316,3.506041,0 -76.334311,3.507965,0 -76.334352,3.508045,0 -76.336586,3.512417,0 -76.336717,3.512668,0 -76.336918,3.513057,0 -76.337538,3.514355,0 -76.337661,3.514733,0 -76.337747,3.515217,0 -76.337780,3.515764,0 -76.337712,3.518625,0 -76.337672,3.520564,0 -76.337667,3.520698,0 -76.337652,3.521273,0 -76.337615,3.522324,0 -76.337552,3.523991,0 -76.337541,3.524240,0 -76.337528,3.524775,0 -76.337533,3.525503,0 -76.337501,3.526986,0 -76.337490,3.527640,0 -76.337486,3.527825,0 -76.337473,3.528378,0 -76.337345,3.531660,0 -76.337377,3.531979,0 -76.337471,3.532485,0 -76.338246,3.536193,0 -76.338442,3.537355,0 -76.338439,3.538300,0 -76.338156,3.544138,0 -76.338156,3.544547,0 -76.338174,3.544765,0 -76.338193,3.545032,0 -76.338257,3.545410,0 -76.338335,3.545806,0 -76.338402,3.546191,0 -76.338456,3.546593,0 -76.338474,3.546981,0 -76.338472,3.547367,0 -76.338453,3.547793,0 -76.338383,3.548313,0 -76.338288,3.548830,0 -76.337804,3.550555,0 -76.337302,3.552341,0 -76.337136,3.552910,0 -76.336025,3.556875,0 -76.335470,3.558835,0 -76.334888,3.560865,0 -76.334416,3.562166,0 -76.333893,3.563448,0 -76.333713,3.564056,0 -76.333485,3.564987,0 -76.333244,3.565935,0 -76.333190,3.566104,0 -76.333123,3.566259,0 -76.332997,3.566565,0 -76.332680,3.567175,0 -76.331132,3.570073,0 -76.331058,3.570237,0 -76.330953,3.570502,0 -76.329291,3.575256,0 -76.328608,3.577739,0 -76.328526,3.578014,0 -76.328347,3.578538,0 -76.327766,3.580104,0 -76.327688,3.580328,0 -76.327550,3.580648,0 -76.327370,3.580948,0 -76.327182,3.581247,0 -76.326906,3.581633,0 -76.326552,3.581998,0 -76.326012,3.582489,0 -76.325353,3.583049,0 -76.322656,3.585378,0 -76.321277,3.586518,0 -76.320671,3.587109,0 -76.320231,3.587499,0 -76.319903,3.587846,0 -76.319648,3.588159,0 -76.319335,3.588649,0 -76.319063,3.589155,0 -76.317467,3.592572,0 -76.314897,3.598064,0 -76.312383,3.605146,0 -76.311364,3.607571,0 -76.310362,3.609968,0 -76.310232,3.610279,0 -76.310146,3.610458,0 -76.309937,3.610980,0 -76.309801,3.611330,0 -76.309764,3.611424,0 -76.309613,3.611799,0 -76.309326,3.612480,0 -76.308863,3.613550,0 -76.308642,3.614075,0 -76.308340,3.614778,0 -76.308054,3.615445,0 -76.307964,3.615667,0 -76.307868,3.615881,0 -76.307744,3.616141,0 -76.307660,3.616315,0 -76.307570,3.616489,0 -76.307478,3.616642,0 -76.307377,3.616786,0 -76.307221,3.616990,0 -76.307039,3.617220,0 -76.306813,3.617482,0 -76.306579,3.617707,0 -76.306352,3.617905,0 -76.306091,3.618122,0 -76.305384,3.618671,0 -76.304935,3.619016,0 -76.304161,3.619613,0 -76.303488,3.620140,0 -76.302929,3.620571,0 -76.302353,3.621008,0 -76.302276,3.621068,0 -76.302025,3.621265,0 -76.301524,3.621658,0 -76.300778,3.622234,0 -76.300612,3.622362,0 -76.300543,3.622415,0 -76.299864,3.622940,0 -76.299074,3.623545,0 -76.298053,3.624348,0 -76.297423,3.624827,0 -76.297087,3.625093,0 -76.296726,3.625371,0 -76.296415,3.625612,0 -76.296035,3.625931,0 -76.295696,3.626227,0 -76.295505,3.626409,0 -76.295331,3.626602,0 -76.295167,3.626800,0 -76.294888,3.627196,0 -76.294679,3.627523,0 -76.294593,3.627684,0 -76.294458,3.627952,0 -76.294362,3.628160,0 -76.294282,3.628364,0 -76.294196,3.628602,0 -76.294119,3.628856,0 -76.294046,3.629134,0 -76.293992,3.629440,0 -76.293955,3.629678,0 -76.293923,3.629919,0 -76.293896,3.630173,0 -76.293872,3.630550,0 -76.293845,3.631067,0 -76.293803,3.631647,0 -76.293777,3.631873,0 -76.293740,3.632293,0 -76.293708,3.632625,0 -76.293673,3.633238,0 -76.293668,3.633332,0 -76.293608,3.634182,0 -76.293586,3.634326,0 -76.293545,3.634466,0 -76.293485,3.634598,0 -76.293408,3.634721,0 -76.293314,3.634833,0 -76.293205,3.634930,0 -76.293085,3.635012,0 -76.292954,3.635076,0 -76.292815,3.635121,0 -76.292672,3.635147,0 -76.292526,3.635154,0 -76.292381,3.635140,0 -76.292239,3.635106,0 -76.292103,3.635053,0 -76.291976,3.634982,0 -76.291860,3.634894,0 -76.291757,3.634791,0 -76.291669,3.634675,0 -76.291598,3.634548,0 -76.291374,3.634081,0 -76.291309,3.633924,0 -76.291257,3.633798,0 -76.291201,3.633631,0 -76.291153,3.633469,0 -76.291016,3.632990,0 -76.290774,3.632140,0 -76.290734,3.631998,0 -76.290721,3.631954,0 -76.290705,3.631898,0 -76.290694,3.631860,0 -76.290458,3.631035,0 -76.290161,3.629987,0 -76.290088,3.629740,0 -76.290048,3.629613,0 -76.289995,3.629473,0 -76.289945,3.629359,0 -76.289891,3.629246,0 -76.289834,3.629153,0 -76.289777,3.629059,0 -76.289697,3.628955,0 -76.289609,3.628851,0 -76.289498,3.628733,0 -76.289221,3.628462,0 -76.288784,3.628047,0 -76.287995,3.627314,0 -76.287473,3.626830,0 -76.287206,3.626574,0 -76.285610,3.625090,0 -76.283737,3.623365,0 -76.281347,3.624521,0 -76.280490,3.624906,0 -76.280386,3.624967,0 -76.280319,3.625031,0 -76.280296,3.625116,0 -76.280317,3.625210,0 -76.281008,3.626334,0 -76.281248,3.626724,0 -76.282495,3.628754,0 -76.282495,3.628796,0 -76.282625,3.628993,0 -76.282672,3.629074,0 -76.282695,3.629154,0 -76.282733,3.629405,0 -76.282726,3.629460,0 -76.282694,3.629509,0 -76.283186,3.631222,0 -76.283145,3.631584,0 -76.283115,3.631617,0 -76.283090,3.631655,0 -76.283072,3.631696,0 -76.283061,3.631740,0 -76.283058,3.631784,0 -76.283062,3.631829,0 -76.283073,3.631872,0 -76.282987,3.632063,0 -76.282488,3.634079,0 -76.282451,3.634504,0 -76.282526,3.634732,0 -76.282856,3.635125,0 -76.283253,3.635476,0 -76.283847,3.635568,0 -76.284047,3.635600,0 -76.284201,3.635114,0 -76.284200,3.635058,0 -76.284199,3.635027,0 -76.284146,3.634945,0 -76.284038,3.634916,0 -76.283804,3.634871,0 -76.283752,3.634848,0 -76.283730,3.634779,0 -76.283766,3.634702,0 -76.283908,3.634503,0 -76.283957,3.634370,0 -76.283955,3.634317,0</coordinates></LineString></Placemark><Placemark><name>Ruta día 8</name><styleUrl>#dia8</styleUrl><ExtendedData><Data name="INGENIO"><value>Providencia</value></Data><Data name="DIA"><value>8</value></Data><Data name="PUNTOS"><value>PR-004, PR-038, PR-025</value></Data><Data name="N_PUNTOS"><value>3</value></Data><Data name="KM"><value>73.3</value></Data><Data name="HORAS_TOTALES"><value>7.19</value></Data><Data name="REGRESO"><value>13:41</value></Data><Data name="PEAJES"><value>1</value></Data><Data name="COSTO_COP"><value>531220</value></Data></ExtendedData><LineString><tessellate>1</tessellate><coordinates>-76.283955,3.634317,0 -76.283957,3.634370,0 -76.283908,3.634503,0 -76.283766,3.634702,0 -76.283730,3.634779,0 -76.283752,3.634848,0 -76.283804,3.634871,0 -76.284038,3.634916,0 -76.284146,3.634945,0 -76.284199,3.635027,0 -76.284200,3.635058,0 -76.284201,3.635114,0 -76.284047,3.635600,0 -76.283847,3.635568,0 -76.283253,3.635476,0 -76.282856,3.635125,0 -76.282526,3.634732,0 -76.282451,3.634504,0 -76.282488,3.634079,0 -76.282987,3.632063,0 -76.283073,3.631872,0 -76.283091,3.631912,0 -76.283115,3.631949,0 -76.283145,3.631981,0 -76.283180,3.632008,0 -76.283219,3.632029,0 -76.283261,3.632043,0 -76.283304,3.632051,0 -76.283349,3.632051,0 -76.283392,3.632044,0 -76.283434,3.632029,0 -76.283473,3.632009,0 -76.283508,3.631982,0 -76.283538,3.631950,0 -76.283563,3.631913,0 -76.283581,3.631873,0 -76.283592,3.631830,0 -76.283596,3.631786,0 -76.283593,3.631742,0 -76.283583,3.631699,0 -76.283566,3.631658,0 -76.283542,3.631620,0 -76.283512,3.631587,0 -76.283477,3.631560,0 -76.283439,3.631538,0 -76.283390,3.631519,0 -76.283353,3.631515,0 -76.283285,3.631394,0 -76.283186,3.631222,0 -76.282694,3.629509,0 -76.282726,3.629460,0 -76.282733,3.629405,0 -76.282695,3.629154,0 -76.282672,3.629074,0 -76.282625,3.628993,0 -76.282495,3.628796,0 -76.282495,3.628754,0 -76.281248,3.626724,0 -76.281008,3.626334,0 -76.280317,3.625210,0 -76.280296,3.625116,0 -76.280319,3.625031,0 -76.280386,3.624967,0 -76.280490,3.624906,0 -76.281347,3.624521,0 -76.283737,3.623365,0 -76.285610,3.625090,0 -76.287206,3.626574,0 -76.287473,3.626830,0 -76.287995,3.627314,0 -76.288784,3.628047,0 -76.289221,3.628462,0 -76.289498,3.628733,0 -76.289609,3.628851,0 -76.289697,3.628955,0 -76.289777,3.629059,0 -76.289834,3.629153,0 -76.289891,3.629246,0 -76.289945,3.629359,0 -76.289995,3.629473,0 -76.290048,3.629613,0 -76.290088,3.629740,0 -76.290161,3.629987,0 -76.290458,3.631035,0 -76.290694,3.631860,0 -76.290705,3.631898,0 -76.290721,3.631954,0 -76.290734,3.631998,0 -76.290774,3.632140,0 -76.291016,3.632990,0 -76.291153,3.633469,0 -76.291201,3.633631,0 -76.291257,3.633798,0 -76.291309,3.633924,0 -76.291374,3.634081,0 -76.291598,3.634548,0 -76.291639,3.634639,0 -76.291717,3.634802,0 -76.291810,3.634999,0 -76.291826,3.635033,0 -76.291929,3.635251,0 -76.292026,3.635462,0 -76.292136,3.635635,0 -76.292276,3.635841,0 -76.292476,3.636142,0 -76.292760,3.636577,0 -76.292864,3.636736,0 -76.292925,3.636806,0 -76.292985,3.636857,0 -76.293051,3.636906,0 -76.293121,3.636950,0 -76.293197,3.636984,0 -76.293277,3.637007,0 -76.293360,3.637023,0 -76.293439,3.637026,0 -76.293526,3.637018,0 -76.293783,3.636988,0 -76.294052,3.636946,0 -76.294162,3.636916,0 -76.294254,3.636879,0 -76.294333,3.636837,0 -76.294415,3.636786,0 -76.294482,3.636727,0 -76.294545,3.636670,0 -76.294595,3.636615,0 -76.294645,3.636539,0 -76.294691,3.636459,0 -76.294726,3.636383,0 -76.294747,3.636317,0 -76.294763,3.636262,0 -76.294793,3.636169,0 -76.294802,3.636087,0 -76.294801,3.636007,0 -76.294795,3.635937,0 -76.294788,3.635872,0 -76.294773,3.635803,0 -76.294749,3.635738,0 -76.294718,3.635662,0 -76.294628,3.635482,0 -76.294539,3.635306,0 -76.294441,3.635111,0 -76.294365,3.634960,0 -76.294289,3.634801,0 -76.294239,3.634688,0 -76.294200,3.634582,0 -76.294136,3.634387,0 -76.294074,3.634187,0 -76.294024,3.633996,0 -76.293986,3.633822,0 -76.293959,3.633642,0 -76.293937,3.633450,0 -76.293927,3.633283,0 -76.293922,3.633049,0 -76.293926,3.632836,0 -76.293941,3.632561,0 -76.293943,3.632428,0 -76.293940,3.632285,0 -76.293932,3.632165,0 -76.293920,3.632025,0 -76.293928,3.631942,0 -76.293953,3.631610,0 -76.293982,3.631236,0 -76.294025,3.630588,0 -76.294051,3.630122,0 -76.294076,3.629887,0 -76.294105,3.629667,0 -76.294148,3.629402,0 -76.294201,3.629135,0 -76.294255,3.628936,0 -76.294335,3.628674,0 -76.294416,3.628430,0 -76.294501,3.628219,0 -76.294584,3.628029,0 -76.294702,3.627796,0 -76.294867,3.627510,0 -76.295038,3.627245,0 -76.295218,3.626977,0 -76.295393,3.626763,0 -76.295604,3.626527,0 -76.295838,3.626308,0 -76.296507,3.625735,0 -76.296819,3.625500,0 -76.297391,3.625050,0 -76.297962,3.624616,0 -76.298744,3.624006,0 -76.299649,3.623302,0 -76.300359,3.622758,0 -76.300712,3.622479,0 -76.300773,3.622433,0 -76.301369,3.621979,0 -76.302282,3.621259,0 -76.302390,3.621178,0 -76.303101,3.620638,0 -76.304121,3.619840,0 -76.304938,3.619212,0 -76.305544,3.618743,0 -76.305947,3.618424,0 -76.306311,3.618138,0 -76.306560,3.617929,0 -76.306787,3.617723,0 -76.307009,3.617479,0 -76.307194,3.617265,0 -76.307350,3.617075,0 -76.307489,3.616880,0 -76.307610,3.616708,0 -76.307741,3.616478,0 -76.307860,3.616259,0 -76.307979,3.616015,0 -76.308072,3.615845,0 -76.308111,3.615742,0 -76.308243,3.615416,0 -76.308446,3.614929,0 -76.308715,3.614297,0 -76.309066,3.613469,0 -76.309368,3.612744,0 -76.309661,3.612075,0 -76.309744,3.611890,0 -76.309860,3.611601,0 -76.309989,3.611265,0 -76.310378,3.610289,0 -76.310483,3.610043,0 -76.310911,3.609023,0 -76.311534,3.607543,0 -76.312560,3.605051,0 -76.315095,3.597987,0 -76.319360,3.588922,0 -76.319844,3.588174,0 -76.320173,3.587784,0 -76.320544,3.587415,0 -76.320838,3.587140,0 -76.321809,3.586291,0 -76.322760,3.585506,0 -76.323090,3.585217,0 -76.325420,3.583230,0 -76.325618,3.583061,0 -76.325986,3.582808,0 -76.326297,3.582578,0 -76.326541,3.582382,0 -76.326950,3.581978,0 -76.327204,3.581719,0 -76.327597,3.581350,0 -76.327809,3.581135,0 -76.327884,3.581090,0 -76.327969,3.581068,0 -76.328057,3.581071,0 -76.328140,3.581097,0 -76.328213,3.581145,0 -76.328278,3.581239,0 -76.328348,3.581329,0 -76.328399,3.581392,0 -76.328486,3.581459,0 -76.328679,3.581590,0 -76.329300,3.581943,0 -76.330692,3.582627,0 -76.332379,3.583326,0 -76.333716,3.583924,0 -76.335663,3.584652,0 -76.336629,3.585054,0 -76.337580,3.585416,0 -76.339662,3.586086,0 -76.340269,3.586184,0 -76.343129,3.586403,0 -76.343806,3.586411,0 -76.344407,3.586495,0 -76.344804,3.586601,0 -76.345185,3.586748,0 -76.345938,3.587062,0 -76.346892,3.587245,0 -76.347976,3.587478,0 -76.348530,3.587618,0 -76.348806,3.587779,0 -76.349056,3.587924,0 -76.349544,3.588231,0 -76.350026,3.588457,0 -76.350375,3.588569,0 -76.350858,3.588671,0 -76.351375,3.588676,0 -76.352366,3.588583,0 -76.355842,3.588423,0 -76.356045,3.588403,0 -76.357645,3.588202,0 -76.358584,3.588190,0 -76.359953,3.588131,0 -76.360302,3.588151,0 -76.360777,3.588213,0 -76.361007,3.588256,0 -76.365625,3.589690,0 -76.365999,3.589854,0 -76.367240,3.590635,0 -76.369231,3.591556,0 -76.369749,3.591805,0 -76.370220,3.592113,0 -76.370370,3.592252,0 -76.371350,3.593537,0 -76.371875,3.594147,0 -76.372854,3.595083,0 -76.372978,3.595202,0 -76.373441,3.595566,0 -76.373937,3.595956,0 -76.374089,3.596108,0 -76.374334,3.596401,0 -76.374453,3.596557,0 -76.374597,3.596733,0 -76.374673,3.596889,0 -76.374727,3.597071,0 -76.374984,3.598029,0 -76.375076,3.598629,0 -76.375220,3.599373,0 -76.375387,3.600088,0 -76.375599,3.600780,0 -76.375746,3.601225,0 -76.375824,3.601381,0 -76.375904,3.601541,0 -76.377069,3.603463,0 -76.377224,3.603656,0 -76.377478,3.603917,0 -76.377829,3.604261,0 -76.378148,3.604553,0 -76.378526,3.604843,0 -76.378642,3.604940,0 -76.379087,3.605288,0 -76.379145,3.605330,0 -76.380085,3.606054,0 -76.380868,3.606694,0 -76.381222,3.607066,0 -76.381297,3.607160,0 -76.381356,3.607298,0 -76.381396,3.607429,0 -76.381432,3.607797,0 -76.381453,3.607960,0 -76.381505,3.608097,0 -76.381632,3.608329,0 -76.381715,3.608505,0 -76.382006,3.609069,0 -76.382284,3.609536,0 -76.382543,3.609877,0 -76.382709,3.610078,0 -76.382989,3.610364,0 -76.383221,3.610550,0 -76.383474,3.610766,0 -76.383683,3.610904,0 -76.384132,3.611190,0 -76.384428,3.611384,0 -76.384616,3.611535,0 -76.384952,3.611943,0 -76.385233,3.612351,0 -76.385354,3.612545,0 -76.385489,3.612835,0 -76.385627,3.613135,0 -76.385702,3.613307,0 -76.385856,3.613657,0 -76.385960,3.613981,0 -76.386164,3.614571,0 -76.386800,3.614619,0 -76.387689,3.614711,0 -76.388458,3.614777,0 -76.389164,3.614851,0 -76.389270,3.614862,0 -76.389412,3.614877,0 -76.389897,3.614923,0 -76.390205,3.614957,0 -76.390826,3.615018,0 -76.391063,3.615033,0 -76.391401,3.615049,0 -76.391834,3.615102,0 -76.392481,3.615156,0 -76.393395,3.615267,0 -76.394942,3.615422,0 -76.395953,3.615522,0 -76.396801,3.615611,0 -76.397062,3.615639,0 -76.398549,3.615802,0 -76.399279,3.615922,0 -76.399331,3.615955,0 -76.399375,3.615988,0 -76.399406,3.616035,0 -76.399420,3.616088,0 -76.399413,3.616139,0 -76.399394,3.616224,0 -76.399414,3.616201,0 -76.399544,3.615979,0 -76.399618,3.615828,0 -76.399657,3.615720,0 -76.399691,3.615630,0 -76.399749,3.615417,0 -76.399800,3.614752,0 -76.399871,3.613407,0 -76.400121,3.609241,0 -76.400286,3.606496,0 -76.400514,3.602591,0 -76.400557,3.601750,0 -76.400728,3.598846,0 -76.400778,3.597932,0 -76.400844,3.596881,0 -76.400887,3.596129,0 -76.401021,3.593915,0 -76.401053,3.593328,0 -76.401090,3.592694,0 -76.401106,3.592429,0 -76.401125,3.592175,0 -76.401174,3.591961,0 -76.401233,3.591789,0 -76.401386,3.591390,0 -76.402382,3.589219,0 -76.402599,3.588810,0 -76.403429,3.586953,0 -76.404416,3.584742,0 -76.405501,3.582314,0 -76.406093,3.580824,0 -76.406601,3.579415,0 -76.407997,3.575541,0 -76.411910,3.564586,0 -76.412357,3.563334,0 -76.412748,3.562068,0 -76.412869,3.561675,0 -76.413454,3.559407,0 -76.413517,3.559218,0 -76.413679,3.558691,0 -76.414018,3.557304,0 -76.414902,3.553789,0 -76.415429,3.551691,0 -76.415518,3.551349,0 -76.415533,3.551275,0 -76.415556,3.551190,0 -76.415655,3.551044,0 -76.415708,3.550883,0 -76.415790,3.550723,0 -76.415898,3.550588,0 -76.416058,3.550444,0 -76.416269,3.550320,0 -76.416435,3.550277,0 -76.416618,3.550256,0 -76.416811,3.550248,0 -76.417021,3.550247,0 -76.417323,3.550221,0 -76.417561,3.550170,0 -76.417991,3.550062,0 -76.418126,3.550029,0 -76.418256,3.550031,0 -76.418393,3.550063,0 -76.418466,3.550088,0 -76.418526,3.550122,0 -76.418601,3.550175,0 -76.419166,3.550826,0 -76.419310,3.550917,0 -76.419754,3.551435,0 -76.420322,3.552104,0 -76.421643,3.553624,0 -76.421892,3.553886,0 -76.422256,3.554327,0 -76.423100,3.555270,0 -76.423211,3.555411,0 -76.423587,3.555817,0 -76.423864,3.556142,0 -76.424118,3.556446,0 -76.424679,3.557081,0 -76.424721,3.557126,0 -76.424761,3.557178,0 -76.424917,3.557341,0 -76.425106,3.557561,0 -76.425305,3.557763,0 -76.425549,3.557979,0 -76.425821,3.558167,0 -76.426035,3.558293,0 -76.426095,3.558328,0 -76.426371,3.558451,0 -76.426637,3.558550,0 -76.426948,3.558636,0 -76.427224,3.558684,0 -76.427302,3.558694,0 -76.427545,3.558726,0 -76.427770,3.558731,0 -76.428154,3.558718,0 -76.429096,3.558673,0 -76.429588,3.558651,0 -76.429858,3.558633,0 -76.430783,3.558590,0 -76.431387,3.558556,0 -76.432095,3.558518,0 -76.432377,3.558506,0 -76.432728,3.558491,0 -76.433640,3.558448,0 -76.433779,3.558443,0 -76.434286,3.558422,0 -76.434792,3.558412,0 -76.435347,3.558415,0 -76.435775,3.558430,0 -76.436284,3.558445,0 -76.436754,3.558467,0 -76.436982,3.558486,0 -76.438160,3.558579,0 -76.438709,3.558628,0 -76.439514,3.558705,0 -76.441565,3.558894,0 -76.443547,3.559092,0 -76.444633,3.559202,0 -76.445172,3.559261,0 -76.445795,3.559328,0 -76.445874,3.559337,0 -76.446752,3.559435,0 -76.447289,3.559483,0 -76.447584,3.559515,0 -76.448010,3.559569,0 -76.448640,3.559638,0 -76.449252,3.559711,0 -76.449830,3.559766,0 -76.450121,3.559794,0 -76.451156,3.559898,0 -76.451722,3.559965,0 -76.452444,3.560045,0 -76.453887,3.560150,0 -76.454278,3.560178,0 -76.454563,3.560201,0 -76.454965,3.560209,0 -76.455298,3.560201,0 -76.455403,3.560192,0 -76.455454,3.560189,0 -76.455697,3.560171,0 -76.455979,3.560149,0 -76.456038,3.560144,0 -76.456473,3.560104,0 -76.456776,3.560048,0 -76.457174,3.559972,0 -76.457604,3.559863,0 -76.458036,3.559746,0 -76.458341,3.559650,0 -76.458546,3.559585,0 -76.458921,3.559448,0 -76.459345,3.559266,0 -76.459761,3.559079,0 -76.460405,3.558763,0 -76.460877,3.558530,0 -76.461443,3.558268,0 -76.461904,3.558072,0 -76.462116,3.557981,0 -76.462147,3.557959,0 -76.462173,3.557931,0 -76.462192,3.557898,0 -76.462203,3.557861,0 -76.462206,3.557823,0 -76.462200,3.557786,0 -76.462186,3.557750,0 -76.462164,3.557719,0 -76.462136,3.557693,0 -76.462103,3.557674,0 -76.462067,3.557662,0 -76.462029,3.557659,0 -76.461991,3.557664,0 -76.461955,3.557678,0 -76.461121,3.558110,0 -76.460830,3.558261,0 -76.460346,3.558517,0 -76.459790,3.558793,0 -76.459053,3.559178,0 -76.458779,3.559323,0 -76.458559,3.559438,0 -76.458342,3.559526,0 -76.458094,3.559616,0 -76.457801,3.559696,0 -76.457551,3.559748,0 -76.457305,3.559784,0 -76.457063,3.559799,0 -76.456859,3.559796,0 -76.456473,3.559767,0 -76.456298,3.559739,0 -76.456341,3.559621,0 -76.456467,3.559375,0 -76.456741,3.558956,0 -76.457285,3.558054,0 -76.457956,3.557079,0 -76.458470,3.556322,0 -76.458500,3.556262,0 -76.458526,3.556201,0 -76.458546,3.556138,0 -76.458562,3.556073,0 -76.458574,3.555994,0 -76.458578,3.555914,0 -76.458575,3.555835,0 -76.458565,3.555756,0 -76.458416,3.555193,0 -76.458386,3.554975,0 -76.458386,3.554879,0 -76.458387,3.554792,0 -76.458401,3.554687,0 -76.458428,3.554599,0 -76.458463,3.554498,0 -76.458502,3.554426,0 -76.458552,3.554338,0 -76.458625,3.554240,0 -76.458825,3.554018,0 -76.458901,3.553953,0 -76.458927,3.553915,0 -76.458940,3.553876,0 -76.458936,3.553827,0 -76.458918,3.553779,0 -76.458887,3.553734,0 -76.458857,3.553706,0 -76.458806,3.553670,0 -76.458503,3.553484,0 -76.458016,3.553287,0 -76.456811,3.552737,0 -76.456355,3.552547,0 -76.456355,3.552547,0 -76.456811,3.552737,0 -76.458016,3.553287,0 -76.458503,3.553484,0 -76.458806,3.553670,0 -76.458857,3.553706,0 -76.458887,3.553734,0 -76.458918,3.553779,0 -76.458936,3.553827,0 -76.458940,3.553876,0 -76.458927,3.553915,0 -76.458901,3.553953,0 -76.458825,3.554018,0 -76.458625,3.554240,0 -76.458552,3.554338,0 -76.458502,3.554426,0 -76.458463,3.554498,0 -76.458428,3.554599,0 -76.458401,3.554687,0 -76.458387,3.554792,0 -76.458386,3.554879,0 -76.458386,3.554975,0 -76.458416,3.555193,0 -76.458565,3.555756,0 -76.458575,3.555835,0 -76.458578,3.555914,0 -76.458574,3.555994,0 -76.458562,3.556073,0 -76.458546,3.556138,0 -76.458526,3.556201,0 -76.458500,3.556262,0 -76.458470,3.556322,0 -76.457956,3.557079,0 -76.457285,3.558054,0 -76.456741,3.558956,0 -76.456467,3.559375,0 -76.456341,3.559621,0 -76.456298,3.559739,0 -76.456204,3.559727,0 -76.455877,3.559668,0 -76.455633,3.559625,0 -76.455441,3.559601,0 -76.455299,3.559589,0 -76.454997,3.559545,0 -76.454678,3.559519,0 -76.454447,3.559513,0 -76.454236,3.559523,0 -76.454069,3.559542,0 -76.453821,3.559572,0 -76.453468,3.559652,0 -76.453012,3.559751,0 -76.452607,3.559807,0 -76.452355,3.559826,0 -76.452082,3.559834,0 -76.451768,3.559818,0 -76.451481,3.559786,0 -76.451148,3.559748,0 -76.450805,3.559711,0 -76.450172,3.559641,0 -76.449772,3.559600,0 -76.449518,3.559574,0 -76.448780,3.559497,0 -76.448166,3.559427,0 -76.448018,3.559411,0 -76.446953,3.559293,0 -76.446404,3.559234,0 -76.445785,3.559171,0 -76.445669,3.559159,0 -76.444998,3.559090,0 -76.444311,3.559015,0 -76.443829,3.558963,0 -76.443512,3.558929,0 -76.443393,3.558917,0 -76.442013,3.558779,0 -76.441891,3.558766,0 -76.441184,3.558699,0 -76.440532,3.558643,0 -76.439985,3.558597,0 -76.439347,3.558544,0 -76.438657,3.558490,0 -76.438079,3.558450,0 -76.437183,3.558387,0 -76.436969,3.558372,0 -76.436394,3.558343,0 -76.435909,3.558323,0 -76.435453,3.558312,0 -76.435115,3.558312,0 -76.434777,3.558315,0 -76.434356,3.558325,0 -76.433624,3.558352,0 -76.433256,3.558368,0 -76.432885,3.558386,0 -76.432250,3.558399,0 -76.432171,3.558401,0 -76.432110,3.558406,0 -76.431978,3.558412,0 -76.431497,3.558441,0 -76.431201,3.558463,0 -76.430521,3.558497,0 -76.429774,3.558533,0 -76.428886,3.558576,0 -76.428103,3.558619,0 -76.427758,3.558628,0 -76.427541,3.558622,0 -76.427345,3.558606,0 -76.427066,3.558553,0 -76.426757,3.558478,0 -76.426452,3.558373,0 -76.426253,3.558288,0 -76.426028,3.558173,0 -76.425821,3.558050,0 -76.425628,3.557910,0 -76.425431,3.557762,0 -76.425195,3.557556,0 -76.424959,3.557307,0 -76.424613,3.556908,0 -76.424172,3.556395,0 -76.423850,3.556031,0 -76.423379,3.555497,0 -76.423029,3.555113,0 -76.422677,3.554713,0 -76.422230,3.554205,0 -76.421778,3.553690,0 -76.421342,3.553198,0 -76.420952,3.552745,0 -76.420457,3.552176,0 -76.420064,3.551693,0 -76.419819,3.551389,0 -76.419608,3.551123,0 -76.419377,3.550836,0 -76.418386,3.549590,0 -76.417876,3.548933,0 -76.417574,3.548547,0 -76.417378,3.548316,0 -76.416839,3.547732,0 -76.416704,3.547606,0 -76.416030,3.546856,0 -76.415757,3.546545,0 -76.415282,3.546012,0 -76.415028,3.545714,0 -76.414525,3.545121,0 -76.414424,3.545008,0 -76.413882,3.544366,0 -76.413738,3.544176,0 -76.413449,3.543845,0 -76.413313,3.543691,0 -76.413126,3.543476,0 -76.412769,3.543080,0 -76.412319,3.542569,0 -76.411666,3.541821,0 -76.411287,3.541406,0 -76.411226,3.541331,0 -76.410922,3.540986,0 -76.410452,3.540451,0 -76.410418,3.540408,0 -76.410175,3.540116,0 -76.409942,3.539818,0 -76.409685,3.539506,0 -76.409456,3.539246,0 -76.409198,3.538990,0 -76.409161,3.538962,0 -76.408957,3.538775,0 -76.408713,3.538585,0 -76.408395,3.538352,0 -76.407672,3.537869,0 -76.407478,3.537758,0 -76.407225,3.537616,0 -76.406949,3.537471,0 -76.406681,3.537329,0 -76.406370,3.537195,0 -76.406000,3.537077,0 -76.405831,3.537030,0 -76.405656,3.536981,0 -76.405258,3.536894,0 -76.404441,3.536748,0 -76.404370,3.536736,0 -76.403146,3.536531,0 -76.403063,3.536516,0 -76.402352,3.536389,0 -76.401471,3.536244,0 -76.401134,3.536189,0 -76.400457,3.536072,0 -76.400033,3.536000,0 -76.399597,3.535929,0 -76.397336,3.535525,0 -76.395440,3.535190,0 -76.393959,3.534925,0 -76.393861,3.534908,0 -76.393122,3.534778,0 -76.392121,3.534603,0 -76.391409,3.534481,0 -76.391105,3.534431,0 -76.390729,3.534359,0 -76.390639,3.534332,0 -76.390536,3.534300,0 -76.390455,3.534262,0 -76.390361,3.534189,0 -76.390209,3.534094,0 -76.390158,3.534030,0 -76.390105,3.533705,0 -76.390096,3.533548,0 -76.390121,3.533388,0 -76.390199,3.533051,0 -76.390300,3.532407,0 -76.390376,3.531970,0 -76.390452,3.531575,0 -76.390667,3.530494,0 -76.390790,3.529821,0 -76.390885,3.529317,0 -76.390932,3.529067,0 -76.391039,3.528314,0 -76.391144,3.527644,0 -76.391233,3.527073,0 -76.391340,3.526585,0 -76.391451,3.525932,0 -76.391522,3.525604,0 -76.391610,3.525265,0 -76.391709,3.524950,0 -76.391836,3.524603,0 -76.391951,3.524330,0 -76.392078,3.524017,0 -76.392107,3.523953,0 -76.392270,3.523583,0 -76.392329,3.523417,0 -76.392369,3.523311,0 -76.392459,3.523060,0 -76.392511,3.522808,0 -76.392556,3.522576,0 -76.392579,3.522370,0 -76.392598,3.522224,0 -76.392626,3.521959,0 -76.392634,3.521866,0 -76.392708,3.521097,0 -76.392808,3.520670,0 -76.392852,3.520173,0 -76.392878,3.519839,0 -76.392903,3.519598,0 -76.392928,3.519369,0 -76.392967,3.519144,0 -76.393022,3.518886,0 -76.393119,3.518512,0 -76.393293,3.517813,0 -76.393589,3.516780,0 -76.393680,3.516405,0 -76.393837,3.515834,0 -76.394002,3.515198,0 -76.394151,3.514594,0 -76.394235,3.514254,0 -76.394457,3.513382,0 -76.394766,3.512229,0 -76.394909,3.511674,0 -76.394992,3.511359,0 -76.395038,3.511194,0 -76.395074,3.511097,0 -76.395155,3.510987,0 -76.395283,3.510875,0 -76.395455,3.510789,0 -76.395613,3.510752,0 -76.395766,3.510752,0 -76.395900,3.510776,0 -76.396021,3.510813,0 -76.396131,3.510872,0 -76.396193,3.510947,0 -76.396244,3.511033,0 -76.396267,3.511140,0 -76.396267,3.511239,0 -76.396243,3.511349,0 -76.396182,3.511461,0 -76.396142,3.511505,0 -76.396127,3.511515,0 -76.396064,3.511549,0 -76.395943,3.511584,0 -76.395887,3.511604,0 -76.395856,3.511625,0 -76.392701,3.512159,0 -76.391204,3.512468,0 -76.386620,3.513516,0 -76.384870,3.513786,0 -76.383275,3.514110,0 -76.383097,3.514147,0 -76.381167,3.514611,0 -76.380419,3.514809,0 -76.379311,3.515126,0 -76.379025,3.515203,0 -76.378721,3.515275,0 -76.378375,3.515336,0 -76.378005,3.515392,0 -76.377532,3.515469,0 -76.376646,3.515619,0 -76.370997,3.516887,0 -76.367881,3.517612,0 -76.365579,3.518200,0 -76.362414,3.518957,0 -76.361158,3.519226,0 -76.360326,3.519475,0 -76.359309,3.519839,0 -76.358629,3.520124,0 -76.358073,3.520315,0 -76.357594,3.520422,0 -76.357136,3.520503,0 -76.356607,3.520576,0 -76.356473,3.520587,0 -76.355722,3.520704,0 -76.355047,3.520701,0 -76.354734,3.520702,0 -76.354566,3.520718,0 -76.354242,3.520780,0 -76.351736,3.521364,0 -76.345592,3.522696,0 -76.344784,3.522871,0 -76.342764,3.523309,0 -76.341713,3.523537,0 -76.341277,3.523631,0 -76.340470,3.523795,0 -76.338602,3.524222,0 -76.337047,3.524567,0 -76.336893,3.524575,0 -76.336742,3.524545,0 -76.336603,3.524480,0 -76.336485,3.524382,0 -76.336394,3.524259,0 -76.336336,3.524117,0 -76.336314,3.523965,0 -76.336331,3.523813,0 -76.336384,3.523669,0 -76.336471,3.523542,0 -76.336587,3.523441,0 -76.336724,3.523371,0 -76.336873,3.523337,0 -76.337027,3.523340,0 -76.337175,3.523381,0 -76.337309,3.523457,0 -76.337420,3.523563,0 -76.337501,3.523693,0 -76.337549,3.523838,0 -76.337552,3.523991,0 -76.337541,3.524240,0 -76.337528,3.524775,0 -76.337533,3.525503,0 -76.337501,3.526986,0 -76.337490,3.527640,0 -76.337486,3.527825,0 -76.337473,3.528378,0 -76.337345,3.531660,0 -76.337377,3.531979,0 -76.337471,3.532485,0 -76.338246,3.536193,0 -76.338442,3.537355,0 -76.338439,3.538300,0 -76.338156,3.544138,0 -76.338156,3.544547,0 -76.338174,3.544765,0 -76.338193,3.545032,0 -76.338257,3.545410,0 -76.338335,3.545806,0 -76.338402,3.546191,0 -76.338456,3.546593,0 -76.338474,3.546981,0 -76.338472,3.547367,0 -76.338453,3.547793,0 -76.338383,3.548313,0 -76.338288,3.548830,0 -76.337804,3.550555,0 -76.337302,3.552341,0 -76.337136,3.552910,0 -76.336025,3.556875,0 -76.335470,3.558835,0 -76.334888,3.560865,0 -76.334416,3.562166,0 -76.333893,3.563448,0 -76.333713,3.564056,0 -76.333485,3.564987,0 -76.333244,3.565935,0 -76.333190,3.566104,0 -76.333123,3.566259,0 -76.332997,3.566565,0 -76.332680,3.567175,0 -76.331132,3.570073,0 -76.331058,3.570237,0 -76.330953,3.570502,0 -76.329291,3.575256,0 -76.328608,3.577739,0 -76.328526,3.578014,0 -76.328347,3.578538,0 -76.327766,3.580104,0 -76.327688,3.580328,0 -76.327550,3.580648,0 -76.327370,3.580948,0 -76.327182,3.581247,0 -76.326906,3.581633,0 -76.326552,3.581998,0 -76.326012,3.582489,0 -76.325353,3.583049,0 -76.322656,3.585378,0 -76.321277,3.586518,0 -76.320671,3.587109,0 -76.320231,3.587499,0 -76.319903,3.587846,0 -76.319648,3.588159,0 -76.319335,3.588649,0 -76.319063,3.589155,0 -76.317467,3.592572,0 -76.314897,3.598064,0 -76.312383,3.605146,0 -76.311364,3.607571,0 -76.310362,3.609968,0 -76.310232,3.610279,0 -76.310146,3.610458,0 -76.309937,3.610980,0 -76.309801,3.611330,0 -76.309764,3.611424,0 -76.309613,3.611799,0 -76.309326,3.612480,0 -76.308863,3.613550,0 -76.308642,3.614075,0 -76.308340,3.614778,0 -76.308054,3.615445,0 -76.307964,3.615667,0 -76.307868,3.615881,0 -76.307744,3.616141,0 -76.307660,3.616315,0 -76.307570,3.616489,0 -76.307478,3.616642,0 -76.307377,3.616786,0 -76.307221,3.616990,0 -76.307039,3.617220,0 -76.306813,3.617482,0 -76.306579,3.617707,0 -76.306352,3.617905,0 -76.306091,3.618122,0 -76.305384,3.618671,0 -76.304935,3.619016,0 -76.304161,3.619613,0 -76.303488,3.620140,0 -76.302929,3.620571,0 -76.302353,3.621008,0 -76.302276,3.621068,0 -76.302025,3.621265,0 -76.301524,3.621658,0 -76.300778,3.622234,0 -76.300612,3.622362,0 -76.300543,3.622415,0 -76.299864,3.622940,0 -76.299074,3.623545,0 -76.298053,3.624348,0 -76.297423,3.624827,0 -76.297087,3.625093,0 -76.296726,3.625371,0 -76.296415,3.625612,0 -76.296035,3.625931,0 -76.295696,3.626227,0 -76.295505,3.626409,0 -76.295331,3.626602,0 -76.295167,3.626800,0 -76.294888,3.627196,0 -76.294679,3.627523,0 -76.294593,3.627684,0 -76.294458,3.627952,0 -76.294362,3.628160,0 -76.294282,3.628364,0 -76.294196,3.628602,0 -76.294119,3.628856,0 -76.294046,3.629134,0 -76.293992,3.629440,0 -76.293955,3.629678,0 -76.293923,3.629919,0 -76.293896,3.630173,0 -76.293872,3.630550,0 -76.293845,3.631067,0 -76.293803,3.631647,0 -76.293777,3.631873,0 -76.293740,3.632293,0 -76.293708,3.632625,0 -76.293673,3.633238,0 -76.293668,3.633332,0 -76.293608,3.634182,0 -76.293586,3.634326,0 -76.293545,3.634466,0 -76.293485,3.634598,0 -76.293408,3.634721,0 -76.293314,3.634833,0 -76.293205,3.634930,0 -76.293085,3.635012,0 -76.292954,3.635076,0 -76.292815,3.635121,0 -76.292672,3.635147,0 -76.292526,3.635154,0 -76.292381,3.635140,0 -76.292239,3.635106,0 -76.292103,3.635053,0 -76.291976,3.634982,0 -76.291860,3.634894,0 -76.291757,3.634791,0 -76.291669,3.634675,0 -76.291598,3.634548,0 -76.291374,3.634081,0 -76.291309,3.633924,0 -76.291257,3.633798,0 -76.291201,3.633631,0 -76.291153,3.633469,0 -76.291016,3.632990,0 -76.290774,3.632140,0 -76.290734,3.631998,0 -76.290721,3.631954,0 -76.290705,3.631898,0 -76.290694,3.631860,0 -76.290458,3.631035,0 -76.290161,3.629987,0 -76.290088,3.629740,0 -76.290048,3.629613,0 -76.289995,3.629473,0 -76.289945,3.629359,0 -76.289891,3.629246,0 -76.289834,3.629153,0 -76.289777,3.629059,0 -76.289697,3.628955,0 -76.289609,3.628851,0 -76.289498,3.628733,0 -76.289221,3.628462,0 -76.288784,3.628047,0 -76.287995,3.627314,0 -76.287473,3.626830,0 -76.287206,3.626574,0 -76.285610,3.625090,0 -76.283737,3.623365,0 -76.281347,3.624521,0 -76.280490,3.624906,0 -76.280386,3.624967,0 -76.280319,3.625031,0 -76.280296,3.625116,0 -76.280317,3.625210,0 -76.281008,3.626334,0 -76.281248,3.626724,0 -76.282495,3.628754,0 -76.282495,3.628796,0 -76.282625,3.628993,0 -76.282672,3.629074,0 -76.282695,3.629154,0 -76.282733,3.629405,0 -76.282726,3.629460,0 -76.282694,3.629509,0 -76.283186,3.631222,0 -76.283145,3.631584,0 -76.283115,3.631617,0 -76.283090,3.631655,0 -76.283072,3.631696,0 -76.283061,3.631740,0 -76.283058,3.631784,0 -76.283062,3.631829,0 -76.283073,3.631872,0 -76.282987,3.632063,0 -76.282488,3.634079,0 -76.282451,3.634504,0 -76.282526,3.634732,0 -76.282856,3.635125,0 -76.283253,3.635476,0 -76.283847,3.635568,0 -76.284047,3.635600,0 -76.284201,3.635114,0 -76.284200,3.635058,0 -76.284199,3.635027,0 -76.284146,3.634945,0 -76.284038,3.634916,0 -76.283804,3.634871,0 -76.283752,3.634848,0 -76.283730,3.634779,0 -76.283766,3.634702,0 -76.283908,3.634503,0 -76.283957,3.634370,0 -76.283955,3.634317,0</coordinates></LineString></Placemark><Placemark><name>Ruta día 9</name><styleUrl>#dia9</styleUrl><ExtendedData><Data name="INGENIO"><value>Providencia</value></Data><Data name="DIA"><value>9</value></Data><Data name="PUNTOS"><value>PR-035, PR-033, PR-030</value></Data><Data name="N_PUNTOS"><value>3</value></Data><Data name="KM"><value>89.8</value></Data><Data name="HORAS_TOTALES"><value>7.32</value></Data><Data name="REGRESO"><value>13:49</value></Data><Data name="PEAJES"><value>2</value></Data><Data name="COSTO_COP"><value>550590</value></Data></ExtendedData><LineString><tessellate>1</tessellate><coordinates>-76.283955,3.634317,0 -76.283957,3.634370,0 -76.283908,3.634503,0 -76.283766,3.634702,0 -76.283730,3.634779,0 -76.283752,3.634848,0 -76.283804,3.634871,0 -76.284038,3.634916,0 -76.284146,3.634945,0 -76.284199,3.635027,0 -76.284200,3.635058,0 -76.284201,3.635114,0 -76.284047,3.635600,0 -76.283847,3.635568,0 -76.283253,3.635476,0 -76.282856,3.635125,0 -76.282526,3.634732,0 -76.282451,3.634504,0 -76.282488,3.634079,0 -76.282987,3.632063,0 -76.283073,3.631872,0 -76.283091,3.631912,0 -76.283115,3.631949,0 -76.283145,3.631981,0 -76.283180,3.632008,0 -76.283219,3.632029,0 -76.283261,3.632043,0 -76.283304,3.632051,0 -76.283349,3.632051,0 -76.283392,3.632044,0 -76.283434,3.632029,0 -76.283473,3.632009,0 -76.283508,3.631982,0 -76.283538,3.631950,0 -76.283563,3.631913,0 -76.283581,3.631873,0 -76.283592,3.631830,0 -76.283596,3.631786,0 -76.283593,3.631742,0 -76.283583,3.631699,0 -76.283566,3.631658,0 -76.283542,3.631620,0 -76.283512,3.631587,0 -76.283477,3.631560,0 -76.283439,3.631538,0 -76.283390,3.631519,0 -76.283353,3.631515,0 -76.283285,3.631394,0 -76.283186,3.631222,0 -76.282694,3.629509,0 -76.282726,3.629460,0 -76.282733,3.629405,0 -76.282695,3.629154,0 -76.282672,3.629074,0 -76.282625,3.628993,0 -76.282495,3.628796,0 -76.282495,3.628754,0 -76.281248,3.626724,0 -76.281008,3.626334,0 -76.280317,3.625210,0 -76.280296,3.625116,0 -76.280319,3.625031,0 -76.280386,3.624967,0 -76.280490,3.624906,0 -76.281347,3.624521,0 -76.283737,3.623365,0 -76.285610,3.625090,0 -76.287206,3.626574,0 -76.287473,3.626830,0 -76.287995,3.627314,0 -76.288784,3.628047,0 -76.289221,3.628462,0 -76.289498,3.628733,0 -76.289609,3.628851,0 -76.289697,3.628955,0 -76.289777,3.629059,0 -76.289834,3.629153,0 -76.289891,3.629246,0 -76.289945,3.629359,0 -76.289995,3.629473,0 -76.290048,3.629613,0 -76.290088,3.629740,0 -76.290161,3.629987,0 -76.290458,3.631035,0 -76.290694,3.631860,0 -76.290705,3.631898,0 -76.290721,3.631954,0 -76.290734,3.631998,0 -76.290774,3.632140,0 -76.291016,3.632990,0 -76.291153,3.633469,0 -76.291201,3.633631,0 -76.291257,3.633798,0 -76.291309,3.633924,0 -76.291374,3.634081,0 -76.291598,3.634548,0 -76.291639,3.634639,0 -76.291717,3.634802,0 -76.291810,3.634999,0 -76.291826,3.635033,0 -76.291929,3.635251,0 -76.292026,3.635462,0 -76.292100,3.635634,0 -76.292166,3.635788,0 -76.292256,3.636016,0 -76.292386,3.636304,0 -76.292513,3.636557,0 -76.292631,3.636784,0 -76.292752,3.637004,0 -76.292830,3.637139,0 -76.292979,3.637403,0 -76.293402,3.638166,0 -76.293786,3.638864,0 -76.294019,3.639245,0 -76.294139,3.639488,0 -76.294470,3.640189,0 -76.294757,3.640936,0 -76.295191,3.642612,0 -76.295924,3.646534,0 -76.296238,3.648509,0 -76.296259,3.649430,0 -76.296119,3.650297,0 -76.295484,3.651930,0 -76.295071,3.652578,0 -76.294373,3.653333,0 -76.294065,3.653841,0 -76.293880,3.654601,0 -76.293296,3.657650,0 -76.292490,3.662102,0 -76.292343,3.663136,0 -76.292171,3.664285,0 -76.291777,3.666949,0 -76.291761,3.667406,0 -76.291797,3.667725,0 -76.291889,3.668048,0 -76.292081,3.668452,0 -76.292365,3.668840,0 -76.292706,3.669157,0 -76.293659,3.669975,0 -76.294006,3.670215,0 -76.294435,3.670442,0 -76.294918,3.670664,0 -76.295865,3.671082,0 -76.296327,3.671310,0 -76.296953,3.671661,0 -76.297404,3.671941,0 -76.297806,3.672270,0 -76.298101,3.672629,0 -76.298526,3.673276,0 -76.298918,3.673883,0 -76.299137,3.674208,0 -76.299328,3.674492,0 -76.299416,3.674628,0 -76.299504,3.674754,0 -76.299544,3.674802,0 -76.299692,3.675001,0 -76.300084,3.675420,0 -76.301441,3.676612,0 -76.301881,3.677074,0 -76.302198,3.677429,0 -76.302911,3.678435,0 -76.303177,3.679047,0 -76.303260,3.679337,0 -76.303380,3.679764,0 -76.303480,3.680363,0 -76.303565,3.682036,0 -76.303638,3.682582,0 -76.303671,3.682791,0 -76.303728,3.682990,0 -76.303788,3.683143,0 -76.303887,3.683333,0 -76.304003,3.683534,0 -76.304501,3.684208,0 -76.304546,3.684282,0 -76.304859,3.684795,0 -76.305214,3.685381,0 -76.305564,3.685838,0 -76.305792,3.686076,0 -76.306920,3.686900,0 -76.307887,3.687857,0 -76.308061,3.688009,0 -76.308323,3.688173,0 -76.308627,3.688280,0 -76.309710,3.688691,0 -76.310182,3.689004,0 -76.310971,3.689528,0 -76.311711,3.690012,0 -76.311974,3.690225,0 -76.312167,3.690451,0 -76.312358,3.690796,0 -76.312532,3.691148,0 -76.312757,3.691510,0 -76.312946,3.691728,0 -76.313661,3.692485,0 -76.314187,3.693325,0 -76.314392,3.693722,0 -76.314606,3.694123,0 -76.314975,3.694904,0 -76.314999,3.694989,0 -76.315104,3.695372,0 -76.315370,3.696339,0 -76.315602,3.696804,0 -76.315869,3.697206,0 -76.316676,3.698122,0 -76.317333,3.699235,0 -76.317695,3.699832,0 -76.317896,3.700161,0 -76.317998,3.700328,0 -76.318095,3.700488,0 -76.318304,3.700822,0 -76.318526,3.701267,0 -76.318792,3.701960,0 -76.319443,3.704591,0 -76.319672,3.705520,0 -76.319715,3.706103,0 -76.319627,3.706919,0 -76.319581,3.707195,0 -76.319476,3.707854,0 -76.319291,3.709682,0 -76.319174,3.710433,0 -76.319012,3.711101,0 -76.318940,3.711457,0 -76.318848,3.712203,0 -76.318842,3.712867,0 -76.318841,3.712949,0 -76.318842,3.713021,0 -76.318842,3.713097,0 -76.318845,3.713209,0 -76.318858,3.713804,0 -76.318985,3.714912,0 -76.319265,3.716370,0 -76.319295,3.716544,0 -76.319300,3.716571,0 -76.319318,3.716665,0 -76.320700,3.724176,0 -76.321193,3.726852,0 -76.321350,3.727611,0 -76.321504,3.728302,0 -76.321611,3.728584,0 -76.321864,3.729044,0 -76.322588,3.730107,0 -76.322764,3.730492,0 -76.322864,3.730843,0 -76.322938,3.731221,0 -76.322953,3.731295,0 -76.323341,3.734613,0 -76.323375,3.734967,0 -76.323428,3.735456,0 -76.323463,3.735785,0 -76.323542,3.736755,0 -76.323508,3.737266,0 -76.323412,3.737953,0 -76.323407,3.738123,0 -76.323407,3.738231,0 -76.323434,3.738445,0 -76.323503,3.738667,0 -76.323784,3.739319,0 -76.323894,3.739670,0 -76.324120,3.741290,0 -76.324176,3.741690,0 -76.324246,3.742589,0 -76.325393,3.752538,0 -76.325390,3.752916,0 -76.325248,3.753712,0 -76.325231,3.753882,0 -76.325237,3.754028,0 -76.325274,3.754218,0 -76.325319,3.754349,0 -76.325359,3.754433,0 -76.325446,3.754647,0 -76.325603,3.755041,0 -76.325766,3.755606,0 -76.326037,3.757680,0 -76.326069,3.758180,0 -76.325974,3.759406,0 -76.325846,3.760479,0 -76.325868,3.760731,0 -76.325897,3.760951,0 -76.326306,3.762489,0 -76.326364,3.762710,0 -76.326807,3.764288,0 -76.326903,3.764714,0 -76.326968,3.765358,0 -76.326978,3.765905,0 -76.327020,3.768045,0 -76.327049,3.768732,0 -76.326998,3.769295,0 -76.326834,3.769834,0 -76.326409,3.770877,0 -76.326343,3.771118,0 -76.326308,3.771364,0 -76.326297,3.771674,0 -76.326415,3.773029,0 -76.326317,3.773983,0 -76.326223,3.774574,0 -76.326156,3.775043,0 -76.325776,3.777533,0 -76.325602,3.778136,0 -76.325398,3.778646,0 -76.324246,3.780341,0 -76.323531,3.782065,0 -76.323310,3.782484,0 -76.323036,3.782863,0 -76.322805,3.783106,0 -76.322133,3.783608,0 -76.321857,3.783851,0 -76.321578,3.784170,0 -76.321399,3.784449,0 -76.320964,3.785242,0 -76.320717,3.785657,0 -76.319814,3.786616,0 -76.318861,3.787469,0 -76.318765,3.787562,0 -76.315497,3.790528,0 -76.314080,3.791373,0 -76.313613,3.791752,0 -76.313532,3.791838,0 -76.313302,3.792084,0 -76.312813,3.792944,0 -76.312778,3.793032,0 -76.312499,3.793737,0 -76.312085,3.794689,0 -76.312070,3.794726,0 -76.311826,3.795340,0 -76.311703,3.795647,0 -76.310997,3.797607,0 -76.310849,3.798062,0 -76.310521,3.798903,0 -76.310227,3.799702,0 -76.310037,3.800340,0 -76.309831,3.801000,0 -76.309659,3.801523,0 -76.309530,3.801937,0 -76.309411,3.802284,0 -76.309393,3.802359,0 -76.309329,3.802611,0 -76.309256,3.802937,0 -76.309198,3.803167,0 -76.309133,3.803416,0 -76.309000,3.803833,0 -76.308747,3.804549,0 -76.308525,3.805177,0 -76.308407,3.805523,0 -76.308286,3.805863,0 -76.308221,3.806095,0 -76.308176,3.806347,0 -76.308149,3.806593,0 -76.308130,3.806909,0 -76.308130,3.806994,0 -76.308131,3.807361,0 -76.308124,3.807775,0 -76.308122,3.807875,0 -76.308120,3.808384,0 -76.308096,3.809625,0 -76.308072,3.809984,0 -76.308006,3.812719,0 -76.307996,3.812789,0 -76.307948,3.813016,0 -76.307890,3.813287,0 -76.307829,3.813527,0 -76.307767,3.813770,0 -76.307750,3.813820,0 -76.307568,3.814452,0 -76.307450,3.814914,0 -76.307391,3.815105,0 -76.307286,3.815423,0 -76.307251,3.815543,0 -76.307167,3.815838,0 -76.307098,3.816083,0 -76.307039,3.816291,0 -76.306980,3.816501,0 -76.306928,3.816699,0 -76.306872,3.816910,0 -76.306765,3.817298,0 -76.306613,3.817856,0 -76.306567,3.818027,0 -76.306510,3.818235,0 -76.306471,3.818373,0 -76.306363,3.818751,0 -76.306349,3.818802,0 -76.306290,3.819016,0 -76.306223,3.819244,0 -76.306148,3.819485,0 -76.306065,3.819688,0 -76.305923,3.820023,0 -76.305730,3.820427,0 -76.305403,3.821077,0 -76.305199,3.821482,0 -76.305095,3.821666,0 -76.304957,3.821961,0 -76.304921,3.822037,0 -76.304637,3.822599,0 -76.304512,3.822852,0 -76.304306,3.823261,0 -76.304129,3.823601,0 -76.303903,3.824070,0 -76.303707,3.824436,0 -76.303512,3.824781,0 -76.303313,3.825108,0 -76.303074,3.825483,0 -76.302914,3.825745,0 -76.302739,3.826023,0 -76.302616,3.826210,0 -76.302495,3.826424,0 -76.302380,3.826638,0 -76.302278,3.826836,0 -76.302203,3.827045,0 -76.302130,3.827305,0 -76.302058,3.827631,0 -76.301854,3.828493,0 -76.301709,3.829130,0 -76.301556,3.829762,0 -76.301379,3.830570,0 -76.301296,3.830985,0 -76.301234,3.831421,0 -76.301157,3.831983,0 -76.301074,3.832596,0 -76.300977,3.833281,0 -76.300921,3.833686,0 -76.300832,3.834338,0 -76.300773,3.834779,0 -76.300711,3.835181,0 -76.300636,3.835657,0 -76.300556,3.836203,0 -76.300443,3.836861,0 -76.300365,3.837300,0 -76.300285,3.837721,0 -76.300151,3.838374,0 -76.300100,3.838613,0 -76.300022,3.838981,0 -76.299896,3.839479,0 -76.299731,3.840165,0 -76.299584,3.840792,0 -76.299450,3.841477,0 -76.299326,3.842295,0 -76.299098,3.843662,0 -76.298908,3.844554,0 -76.298779,3.845162,0 -76.298528,3.846355,0 -76.298481,3.846581,0 -76.298382,3.847033,0 -76.298188,3.847946,0 -76.298139,3.848172,0 -76.297858,3.849466,0 -76.297673,3.850319,0 -76.297372,3.851657,0 -76.297318,3.852001,0 -76.297270,3.853058,0 -76.297238,3.853583,0 -76.297195,3.854152,0 -76.297165,3.854562,0 -76.297156,3.854698,0 -76.297150,3.854770,0 -76.297133,3.855095,0 -76.297088,3.855862,0 -76.297053,3.856406,0 -76.297026,3.856735,0 -76.296983,3.856986,0 -76.296935,3.857216,0 -76.296862,3.857513,0 -76.296774,3.857862,0 -76.296629,3.858466,0 -76.296374,3.859456,0 -76.296302,3.859831,0 -76.296290,3.859854,0 -76.296263,3.859917,0 -76.296232,3.860116,0 -76.296231,3.860318,0 -76.296260,3.860517,0 -76.296317,3.860709,0 -76.296403,3.860892,0 -76.296513,3.861060,0 -76.296648,3.861210,0 -76.296691,3.861255,0 -76.296730,3.861291,0 -76.296830,3.861389,0 -76.297163,3.861629,0 -76.297469,3.861855,0 -76.297903,3.862195,0 -76.298314,3.862504,0 -76.299006,3.863032,0 -76.299167,3.863158,0 -76.299341,3.863294,0 -76.299722,3.863597,0 -76.299912,3.863757,0 -76.300266,3.864078,0 -76.300545,3.864343,0 -76.300811,3.864613,0 -76.301216,3.865055,0 -76.301656,3.865577,0 -76.301932,3.865908,0 -76.302227,3.866305,0 -76.302420,3.866592,0 -76.302602,3.866869,0 -76.302868,3.867301,0 -76.302944,3.867421,0 -76.303201,3.867835,0 -76.303399,3.868148,0 -76.303614,3.868483,0 -76.303776,3.868758,0 -76.303890,3.868951,0 -76.304115,3.869335,0 -76.304405,3.869783,0 -76.304743,3.870333,0 -76.304987,3.870729,0 -76.305389,3.871379,0 -76.305706,3.871906,0 -76.306113,3.872526,0 -76.306173,3.872616,0 -76.306309,3.872810,0 -76.306448,3.873042,0 -76.306800,3.873674,0 -76.307044,3.874044,0 -76.307232,3.874341,0 -76.307452,3.874716,0 -76.307924,3.875470,0 -76.308189,3.875888,0 -76.308369,3.876166,0 -76.308538,3.876399,0 -76.308726,3.876637,0 -76.308978,3.876913,0 -76.309176,3.877100,0 -76.309405,3.877296,0 -76.309517,3.877381,0 -76.309624,3.877461,0 -76.309772,3.877563,0 -76.310078,3.877748,0 -76.310282,3.877855,0 -76.310737,3.878055,0 -76.311218,3.878265,0 -76.311426,3.878355,0 -76.311591,3.878437,0 -76.311885,3.878604,0 -76.312111,3.878757,0 -76.312266,3.878890,0 -76.312462,3.879080,0 -76.312599,3.879238,0 -76.312717,3.879415,0 -76.312862,3.879674,0 -76.312958,3.879875,0 -76.313025,3.880051,0 -76.313060,3.880145,0 -76.313076,3.880196,0 -76.313133,3.880405,0 -76.313173,3.880600,0 -76.313194,3.880785,0 -76.313205,3.880977,0 -76.313205,3.881176,0 -76.313197,3.881339,0 -76.313165,3.881596,0 -76.313006,3.882677,0 -76.312891,3.883445,0 -76.312800,3.884162,0 -76.312690,3.884925,0 -76.312575,3.885679,0 -76.312446,3.886538,0 -76.312408,3.886796,0 -76.312357,3.887110,0 -76.312315,3.887387,0 -76.312283,3.887579,0 -76.312239,3.887914,0 -76.312178,3.888355,0 -76.312138,3.888644,0 -76.312076,3.889089,0 -76.312036,3.889378,0 -76.311998,3.889621,0 -76.311968,3.889815,0 -76.311947,3.889953,0 -76.311864,3.890496,0 -76.311808,3.890871,0 -76.311802,3.890906,0 -76.311767,3.891256,0 -76.311760,3.891450,0 -76.311755,3.891595,0 -76.311754,3.891628,0 -76.311762,3.892019,0 -76.311783,3.892388,0 -76.311834,3.892790,0 -76.311866,3.893017,0 -76.311889,3.893151,0 -76.311961,3.893608,0 -76.311966,3.893640,0 -76.311993,3.893809,0 -76.311970,3.893991,0 -76.311967,3.894053,0 -76.311956,3.894107,0 -76.311918,3.894196,0 -76.311873,3.894260,0 -76.311824,3.894307,0 -76.311761,3.894347,0 -76.311699,3.894374,0 -76.311620,3.894390,0 -76.311541,3.894390,0 -76.311478,3.894379,0 -76.311410,3.894354,0 -76.311351,3.894318,0 -76.311297,3.894271,0 -76.311256,3.894220,0 -76.311226,3.894168,0 -76.311209,3.894125,0 -76.311196,3.894074,0 -76.311190,3.894023,0 -76.311191,3.893974,0 -76.311195,3.893936,0 -76.311205,3.893895,0 -76.311223,3.893845,0 -76.311248,3.893797,0 -76.311276,3.893759,0 -76.311310,3.893722,0 -76.311348,3.893689,0 -76.311505,3.893575,0 -76.311631,3.893542,0 -76.311799,3.893502,0 -76.312206,3.893396,0 -76.312608,3.893287,0 -76.312841,3.893236,0 -76.313194,3.893138,0 -76.313757,3.892982,0 -76.314271,3.892821,0 -76.315100,3.892616,0 -76.316894,3.892162,0 -76.317125,3.892100,0 -76.317509,3.891997,0 -76.317805,3.891918,0 -76.318645,3.891694,0 -76.318696,3.891680,0 -76.319571,3.891447,0 -76.321387,3.890953,0 -76.321846,3.890839,0 -76.322148,3.890755,0 -76.322462,3.890667,0 -76.322784,3.890617,0 -76.323053,3.890622,0 -76.323206,3.890640,0 -76.326051,3.891230,0 -76.328257,3.891701,0 -76.330442,3.892124,0 -76.331702,3.892418,0 -76.334357,3.893004,0 -76.336925,3.893587,0 -76.337310,3.893688,0 -76.337558,3.893710,0 -76.337847,3.893715,0 -76.338165,3.893707,0 -76.338440,3.893666,0 -76.338712,3.893607,0 -76.339000,3.893522,0 -76.339244,3.893415,0 -76.339528,3.893280,0 -76.339789,3.893146,0 -76.340092,3.892970,0 -76.340838,3.892417,0 -76.340981,3.892311,0 -76.341072,3.892243,0 -76.341217,3.892142,0 -76.341648,3.891843,0 -76.341893,3.891672,0 -76.342028,3.891588,0 -76.344972,3.889530,0 -76.345202,3.889416,0 -76.345409,3.889330,0 -76.345628,3.889263,0 -76.345845,3.889226,0 -76.346073,3.889206,0 -76.346256,3.889209,0 -76.346486,3.889232,0 -76.346800,3.889292,0 -76.346941,3.889337,0 -76.347130,3.889420,0 -76.347371,3.889546,0 -76.347575,3.889685,0 -76.348414,3.890392,0 -76.348635,3.890590,0 -76.349261,3.891150,0 -76.349511,3.891373,0 -76.349876,3.891677,0 -76.350815,3.892494,0 -76.351157,3.892707,0 -76.351543,3.892866,0 -76.351830,3.892949,0 -76.352107,3.892986,0 -76.352424,3.893001,0 -76.352482,3.892997,0 -76.352636,3.892978,0 -76.353067,3.892909,0 -76.354491,3.892571,0 -76.355458,3.892363,0 -76.356188,3.892190,0 -76.357960,3.891793,0 -76.360695,3.891190,0 -76.361100,3.891100,0 -76.360636,3.892712,0 -76.360460,3.893282,0 -76.360365,3.893753,0 -76.360280,3.894622,0 -76.360251,3.895272,0 -76.360027,3.897113,0 -76.359723,3.898914,0 -76.359614,3.899628,0 -76.359521,3.900393,0 -76.359424,3.901002,0 -76.359169,3.902090,0 -76.359004,3.902704,0 -76.358950,3.902997,0 -76.358886,3.903184,0 -76.358788,3.903381,0 -76.358720,3.903486,0 -76.358635,3.903571,0 -76.358440,3.903735,0 -76.356261,3.905255,0 -76.355896,3.905531,0 -76.355673,3.905747,0 -76.354444,3.907413,0 -76.353798,3.908252,0 -76.353658,3.908414,0 -76.353444,3.908816,0 -76.352981,3.909946,0 -76.352772,3.910511,0 -76.352701,3.910658,0 -76.352606,3.910789,0 -76.352392,3.910992,0 -76.351638,3.911528,0 -76.351285,3.911813,0 -76.351199,3.911892,0 -76.351095,3.912031,0 -76.350526,3.913112,0 -76.350179,3.913819,0 -76.349998,3.914451,0 -76.349887,3.914379,0 -76.349840,3.914322,0 -76.349817,3.914235,0 -76.349841,3.914002,0 -76.349863,3.913649,0 -76.349788,3.913205,0 -76.349804,3.912798,0 -76.349710,3.912429,0 -76.349536,3.912124,0 -76.349082,3.911658,0 -76.348447,3.911206,0 -76.347964,3.911171,0 -76.347610,3.911211,0 -76.347277,3.911393,0 -76.347020,3.911645,0 -76.346880,3.911754,0 -76.346435,3.911875,0 -76.346105,3.911952,0 -76.345933,3.911976,0 -76.345832,3.911928,0 -76.345781,3.911827,0 -76.345563,3.910577,0 -76.345496,3.910331,0 -76.345418,3.910111,0 -76.344823,3.909549,0 -76.344338,3.909161,0 -76.343755,3.908832,0 -76.343632,3.908749,0 -76.343578,3.908661,0 -76.343573,3.908554,0 -76.343549,3.908369,0 -76.343525,3.908265,0 -76.343546,3.908163,0 -76.343662,3.908008,0 -76.344064,3.907740,0 -76.344547,3.907593,0 -76.345011,3.907409,0 -76.346231,3.907023,0 -76.346577,3.906932,0 -76.347390,3.906675,0 -76.348074,3.906303,0 -76.348465,3.905955,0 -76.348798,3.905313,0 -76.348881,3.904751,0 -76.348868,3.904345,0 -76.348806,3.903954,0 -76.348723,3.903734,0 -76.348439,3.903389,0 -76.348224,3.903092,0 -76.348101,3.902659,0 -76.347918,3.902003,0 -76.347995,3.901780,0 -76.348229,3.901367,0 -76.348321,3.901262,0 -76.348596,3.901062,0 -76.348984,3.900744,0 -76.349337,3.900401,0 -76.349785,3.899988,0 -76.350469,3.899375,0 -76.350857,3.898997,0 -76.352088,3.897564,0 -76.352184,3.897367,0 -76.352316,3.896927,0 -76.352404,3.896734,0 -76.352851,3.896247,0 -76.352964,3.896121,0 -76.353290,3.895756,0 -76.353387,3.895654,0 -76.353957,3.895197,0 -76.354090,3.894989,0 -76.354327,3.894497,0 -76.354602,3.893739,0 -76.354618,3.893400,0 -76.354491,3.892571,0 -76.353067,3.892909,0 -76.352636,3.892978,0 -76.352482,3.892997,0 -76.352424,3.893001,0 -76.352107,3.892986,0 -76.351830,3.892949,0 -76.351543,3.892866,0 -76.351157,3.892707,0 -76.350815,3.892494,0 -76.349876,3.891677,0 -76.349511,3.891373,0 -76.349261,3.891150,0 -76.348635,3.890590,0 -76.348414,3.890392,0 -76.347575,3.889685,0 -76.347371,3.889546,0 -76.347130,3.889420,0 -76.346941,3.889337,0 -76.346800,3.889292,0 -76.346486,3.889232,0 -76.346256,3.889209,0 -76.346073,3.889206,0 -76.345845,3.889226,0 -76.345628,3.889263,0 -76.345409,3.889330,0 -76.345202,3.889416,0 -76.344972,3.889530,0 -76.342028,3.891588,0 -76.341893,3.891672,0 -76.341648,3.891843,0 -76.341217,3.892142,0 -76.341072,3.892243,0 -76.340981,3.892311,0 -76.340838,3.892417,0 -76.340092,3.892970,0 -76.339789,3.893146,0 -76.339528,3.893280,0 -76.339244,3.893415,0 -76.339000,3.893522,0 -76.338712,3.893607,0 -76.338440,3.893666,0 -76.338165,3.893707,0 -76.337847,3.893715,0 -76.337558,3.893710,0 -76.337310,3.893688,0 -76.336925,3.893587,0 -76.334357,3.893004,0 -76.331702,3.892418,0 -76.330442,3.892124,0 -76.328257,3.891701,0 -76.326051,3.891230,0 -76.323206,3.890640,0 -76.323053,3.890622,0 -76.322784,3.890617,0 -76.322462,3.890667,0 -76.322148,3.890755,0 -76.321846,3.890839,0 -76.321387,3.890953,0 -76.319571,3.891447,0 -76.318696,3.891680,0 -76.318645,3.891694,0 -76.317805,3.891918,0 -76.317509,3.891997,0 -76.317125,3.892100,0 -76.316894,3.892162,0 -76.315100,3.892616,0 -76.314271,3.892821,0 -76.313913,3.892883,0 -76.313697,3.892932,0 -76.313471,3.892921,0 -76.312633,3.893018,0 -76.312545,3.893019,0 -76.312459,3.893008,0 -76.312367,3.892982,0 -76.312293,3.892949,0 -76.312231,3.892912,0 -76.312160,3.892856,0 -76.312099,3.892792,0 -76.312041,3.892709,0 -76.312006,3.892640,0 -76.311977,3.892553,0 -76.311959,3.892453,0 -76.311891,3.892211,0 -76.311883,3.892167,0 -76.311856,3.892016,0 -76.311845,3.891732,0 -76.311853,3.891474,0 -76.311877,3.891120,0 -76.311931,3.890735,0 -76.312003,3.890304,0 -76.312057,3.889982,0 -76.312111,3.889640,0 -76.312162,3.889378,0 -76.312218,3.889164,0 -76.312296,3.888904,0 -76.312384,3.888687,0 -76.312489,3.888457,0 -76.312596,3.888235,0 -76.312666,3.888059,0 -76.312762,3.887793,0 -76.312796,3.887686,0 -76.312821,3.887561,0 -76.312854,3.887363,0 -76.312872,3.887181,0 -76.312871,3.886849,0 -76.312872,3.886768,0 -76.312848,3.886501,0 -76.312813,3.886166,0 -76.312800,3.885923,0 -76.312803,3.885725,0 -76.312824,3.885503,0 -76.312873,3.885147,0 -76.312980,3.884438,0 -76.313025,3.884100,0 -76.313079,3.883691,0 -76.313127,3.883330,0 -76.313181,3.882955,0 -76.313232,3.882594,0 -76.313252,3.882469,0 -76.313309,3.882113,0 -76.313366,3.881759,0 -76.313406,3.881483,0 -76.313428,3.881272,0 -76.313433,3.881165,0 -76.313433,3.881032,0 -76.313428,3.880895,0 -76.313417,3.880719,0 -76.313390,3.880547,0 -76.313350,3.880365,0 -76.313315,3.880240,0 -76.313272,3.880089,0 -76.313237,3.879971,0 -76.313170,3.879785,0 -76.313058,3.879525,0 -76.312921,3.879282,0 -76.312784,3.879086,0 -76.312580,3.878851,0 -76.312312,3.878606,0 -76.312087,3.878433,0 -76.311883,3.878312,0 -76.311636,3.878174,0 -76.311455,3.878090,0 -76.311301,3.878018,0 -76.310858,3.877830,0 -76.310542,3.877687,0 -76.310209,3.877523,0 -76.309933,3.877352,0 -76.309769,3.877236,0 -76.309682,3.877175,0 -76.309641,3.877145,0 -76.309472,3.877012,0 -76.309257,3.876816,0 -76.309091,3.876643,0 -76.309042,3.876591,0 -76.308814,3.876329,0 -76.308589,3.876022,0 -76.308439,3.875797,0 -76.308275,3.875538,0 -76.308047,3.875168,0 -76.307693,3.874624,0 -76.307398,3.874143,0 -76.307266,3.873932,0 -76.307109,3.873680,0 -76.306929,3.873410,0 -76.306776,3.873163,0 -76.306457,3.872642,0 -76.306124,3.872107,0 -76.305853,3.871690,0 -76.305606,3.871282,0 -76.305360,3.870894,0 -76.305030,3.870357,0 -76.304762,3.869915,0 -76.304496,3.869492,0 -76.304335,3.869244,0 -76.304204,3.869032,0 -76.303965,3.868622,0 -76.303670,3.868148,0 -76.303386,3.867696,0 -76.303152,3.867325,0 -76.302884,3.866893,0 -76.302568,3.866414,0 -76.302227,3.865951,0 -76.302101,3.865783,0 -76.301808,3.865400,0 -76.301597,3.865143,0 -76.301538,3.865078,0 -76.301406,3.864932,0 -76.301175,3.864685,0 -76.300907,3.864410,0 -76.300698,3.864196,0 -76.300497,3.863992,0 -76.300277,3.863789,0 -76.299985,3.863529,0 -76.299717,3.863314,0 -76.299526,3.863160,0 -76.299043,3.862788,0 -76.298507,3.862384,0 -76.298252,3.862191,0 -76.298099,3.862068,0 -76.297949,3.861905,0 -76.297820,3.861736,0 -76.297707,3.861522,0 -76.297616,3.861282,0 -76.297544,3.861033,0 -76.297505,3.860841,0 -76.297495,3.860683,0 -76.297469,3.860526,0 -76.297429,3.860373,0 -76.297373,3.860224,0 -76.297303,3.860081,0 -76.297219,3.859946,0 -76.297122,3.859820,0 -76.297026,3.859628,0 -76.296927,3.859392,0 -76.296868,3.859170,0 -76.296841,3.858959,0 -76.296830,3.858801,0 -76.296836,3.858640,0 -76.296857,3.858466,0 -76.296897,3.858292,0 -76.296938,3.858108,0 -76.296965,3.858001,0 -76.297045,3.857696,0 -76.297112,3.857455,0 -76.297152,3.857251,0 -76.297192,3.857013,0 -76.297214,3.856823,0 -76.297235,3.856625,0 -76.297257,3.856339,0 -76.297286,3.855932,0 -76.297308,3.855654,0 -76.297332,3.855276,0 -76.297340,3.855118,0 -76.297359,3.854765,0 -76.297363,3.854701,0 -76.297415,3.854075,0 -76.297445,3.853654,0 -76.297517,3.852298,0 -76.297630,3.852353,0 -76.297762,3.852406,0 -76.298131,3.852427,0 -76.302142,3.852438,0 -76.302203,3.852430,0 -76.302280,3.852315,0 -76.302465,3.852192,0 -76.302701,3.852163,0 -76.305692,3.852180,0 -76.306944,3.852187,0 -76.308593,3.852218,0 -76.306944,3.852187,0 -76.302701,3.852163,0 -76.302465,3.852192,0 -76.302280,3.852315,0 -76.302203,3.852430,0 -76.302142,3.852438,0 -76.298131,3.852427,0 -76.297762,3.852406,0 -76.297630,3.852353,0 -76.297517,3.852298,0 -76.297522,3.852183,0 -76.297560,3.851848,0 -76.297720,3.851132,0 -76.298218,3.848901,0 -76.298369,3.848225,0 -76.298427,3.848012,0 -76.298917,3.846686,0 -76.299008,3.846319,0 -76.299032,3.846172,0 -76.299052,3.845945,0 -76.299040,3.844628,0 -76.299054,3.844456,0 -76.299518,3.841812,0 -76.299644,3.841141,0 -76.299719,3.840794,0 -76.299775,3.840571,0 -76.299867,3.840300,0 -76.299981,3.840032,0 -76.300199,3.839658,0 -76.300312,3.839449,0 -76.300424,3.839222,0 -76.300509,3.839024,0 -76.300526,3.838984,0 -76.300607,3.838719,0 -76.300631,3.838630,0 -76.300655,3.838494,0 -76.300677,3.838317,0 -76.300687,3.838074,0 -76.300687,3.837860,0 -76.300682,3.837544,0 -76.300674,3.837252,0 -76.300693,3.836987,0 -76.300714,3.836704,0 -76.300770,3.836275,0 -76.300851,3.835724,0 -76.300931,3.835176,0 -76.301044,3.834423,0 -76.301151,3.833672,0 -76.301259,3.832960,0 -76.301575,3.830824,0 -76.301803,3.829770,0 -76.301929,3.829181,0 -76.302036,3.828616,0 -76.302130,3.828199,0 -76.302254,3.827682,0 -76.302340,3.827318,0 -76.302401,3.827104,0 -76.302490,3.826866,0 -76.302589,3.826662,0 -76.302669,3.826524,0 -76.302916,3.826117,0 -76.303150,3.825756,0 -76.303437,3.825308,0 -76.303670,3.824926,0 -76.303816,3.824675,0 -76.303909,3.824516,0 -76.304113,3.824133,0 -76.304257,3.823863,0 -76.304351,3.823705,0 -76.304507,3.823526,0 -76.304648,3.823384,0 -76.304773,3.823268,0 -76.304908,3.823149,0 -76.305031,3.823018,0 -76.305143,3.822878,0 -76.305230,3.822751,0 -76.305306,3.822618,0 -76.305373,3.822479,0 -76.305430,3.822337,0 -76.305476,3.822190,0 -76.305528,3.821944,0 -76.305551,3.821693,0 -76.305562,3.821540,0 -76.305620,3.821248,0 -76.305674,3.821048,0 -76.305746,3.820877,0 -76.305912,3.820550,0 -76.306065,3.820246,0 -76.306189,3.819969,0 -76.306307,3.819681,0 -76.306395,3.819413,0 -76.306470,3.819153,0 -76.306591,3.818717,0 -76.306703,3.818289,0 -76.306883,3.817673,0 -76.306982,3.817306,0 -76.307087,3.817047,0 -76.307165,3.816857,0 -76.307283,3.816620,0 -76.307393,3.816461,0 -76.307494,3.816296,0 -76.307584,3.816125,0 -76.307663,3.815948,0 -76.307731,3.815767,0 -76.307783,3.815581,0 -76.307825,3.815425,0 -76.307855,3.815265,0 -76.307887,3.814695,0 -76.307886,3.814433,0 -76.307889,3.814251,0 -76.307905,3.814099,0 -76.307940,3.813940,0 -76.307988,3.813786,0 -76.308049,3.813626,0 -76.308160,3.813308,0 -76.308253,3.812954,0 -76.308299,3.812717,0 -76.308321,3.812309,0 -76.308400,3.811547,0 -76.308455,3.811166,0 -76.308512,3.810910,0 -76.308580,3.810652,0 -76.308626,3.810407,0 -76.308653,3.810159,0 -76.308662,3.809910,0 -76.308653,3.809678,0 -76.308629,3.809448,0 -76.308588,3.809220,0 -76.308532,3.808995,0 -76.308489,3.808769,0 -76.308438,3.808505,0 -76.308396,3.808287,0 -76.308373,3.808098,0 -76.308358,3.807875,0 -76.308356,3.807337,0 -76.308369,3.806601,0 -76.308382,3.806219,0 -76.308404,3.806031,0 -76.308436,3.805849,0 -76.308474,3.805675,0 -76.308557,3.805432,0 -76.308622,3.805226,0 -76.308830,3.804562,0 -76.309085,3.803850,0 -76.309161,3.803626,0 -76.309250,3.803359,0 -76.309409,3.802880,0 -76.309480,3.802674,0 -76.309565,3.802429,0 -76.309629,3.802245,0 -76.309859,3.801629,0 -76.309973,3.801308,0 -76.310012,3.801210,0 -76.310063,3.801079,0 -76.310151,3.800890,0 -76.310245,3.800704,0 -76.310340,3.800560,0 -76.310507,3.800315,0 -76.310663,3.800093,0 -76.310793,3.799874,0 -76.310871,3.799634,0 -76.310943,3.799451,0 -76.311003,3.799265,0 -76.311045,3.799105,0 -76.311067,3.798990,0 -76.311072,3.798937,0 -76.311094,3.798745,0 -76.311109,3.798478,0 -76.311135,3.798199,0 -76.311169,3.798001,0 -76.311178,3.797949,0 -76.311242,3.797658,0 -76.311344,3.797218,0 -76.311394,3.796988,0 -76.311449,3.796807,0 -76.311502,3.796639,0 -76.311588,3.796396,0 -76.311624,3.796313,0 -76.313033,3.793054,0 -76.313232,3.792594,0 -76.313378,3.792290,0 -76.313496,3.792097,0 -76.313614,3.791946,0 -76.313764,3.791805,0 -76.313979,3.791620,0 -76.314127,3.791494,0 -76.314573,3.791218,0 -76.315212,3.790894,0 -76.315471,3.790774,0 -76.315816,3.790568,0 -76.316992,3.789467,0 -76.319041,3.787550,0 -76.320688,3.786013,0 -76.321090,3.785535,0 -76.321995,3.784492,0 -76.322809,3.783533,0 -76.323479,3.782603,0 -76.323720,3.782131,0 -76.324358,3.780675,0 -76.324520,3.780352,0 -76.325179,3.779355,0 -76.325511,3.778801,0 -76.325713,3.778439,0 -76.325971,3.777608,0 -76.326071,3.776888,0 -76.326790,3.771976,0 -76.326821,3.771703,0 -76.326943,3.770765,0 -76.327146,3.768883,0 -76.327124,3.765808,0 -76.327121,3.765432,0 -76.327044,3.764539,0 -76.326536,3.762728,0 -76.326482,3.762509,0 -76.326096,3.760988,0 -76.326045,3.760621,0 -76.326037,3.760380,0 -76.326066,3.760136,0 -76.326168,3.759167,0 -76.326281,3.758183,0 -76.326238,3.757669,0 -76.326087,3.756349,0 -76.325857,3.754330,0 -76.325845,3.754235,0 -76.325770,3.753630,0 -76.325659,3.752683,0 -76.325640,3.752500,0 -76.324508,3.742486,0 -76.324262,3.740290,0 -76.324157,3.739426,0 -76.323980,3.738562,0 -76.323904,3.737872,0 -76.323878,3.737570,0 -76.323599,3.734981,0 -76.323561,3.734662,0 -76.323513,3.734218,0 -76.323139,3.731066,0 -76.322967,3.730368,0 -76.322689,3.729831,0 -76.322362,3.729379,0 -76.321901,3.728723,0 -76.321697,3.728271,0 -76.321241,3.725816,0 -76.321204,3.725612,0 -76.321015,3.724567,0 -76.320328,3.720981,0 -76.319935,3.718794,0 -76.319592,3.716797,0 -76.319567,3.716610,0 -76.319544,3.716381,0 -76.319495,3.715471,0 -76.319493,3.714816,0 -76.319492,3.714276,0 -76.319492,3.714007,0 -76.319494,3.713796,0 -76.319499,3.713226,0 -76.319500,3.713112,0 -76.319500,3.713042,0 -76.319500,3.712971,0 -76.319499,3.712881,0 -76.319493,3.712383,0 -76.319491,3.712184,0 -76.319494,3.711671,0 -76.319496,3.711402,0 -76.319497,3.710745,0 -76.319492,3.710545,0 -76.319491,3.710161,0 -76.319506,3.709593,0 -76.319543,3.709026,0 -76.319789,3.707205,0 -76.319825,3.706968,0 -76.319860,3.706722,0 -76.319884,3.706477,0 -76.319916,3.706159,0 -76.319881,3.705737,0 -76.319636,3.704695,0 -76.319411,3.703736,0 -76.319307,3.703293,0 -76.318964,3.702110,0 -76.318569,3.701007,0 -76.317771,3.699683,0 -76.317531,3.699291,0 -76.317244,3.698764,0 -76.316904,3.698154,0 -76.316527,3.697456,0 -76.316249,3.696928,0 -76.316056,3.696537,0 -76.315983,3.696413,0 -76.315798,3.696053,0 -76.315665,3.695779,0 -76.315633,3.695706,0 -76.315241,3.695035,0 -76.315142,3.694845,0 -76.314940,3.694457,0 -76.314718,3.694026,0 -76.314588,3.693776,0 -76.314410,3.693432,0 -76.314204,3.693036,0 -76.313714,3.692085,0 -76.313346,3.691411,0 -76.313207,3.691166,0 -76.312978,3.690838,0 -76.312793,3.690634,0 -76.312529,3.690337,0 -76.312264,3.690086,0 -76.311991,3.689885,0 -76.311940,3.689850,0 -76.311455,3.689503,0 -76.308468,3.687600,0 -76.308136,3.687385,0 -76.307767,3.687145,0 -76.307400,3.686877,0 -76.306691,3.686396,0 -76.305920,3.685853,0 -76.305775,3.685734,0 -76.305472,3.685402,0 -76.305360,3.685260,0 -76.305271,3.685124,0 -76.304980,3.684668,0 -76.304873,3.684448,0 -76.304723,3.684029,0 -76.304522,3.683417,0 -76.304438,3.683112,0 -76.304256,3.682475,0 -76.304112,3.681965,0 -76.304076,3.681839,0 -76.303913,3.681268,0 -76.303480,3.679744,0 -76.303365,3.679326,0 -76.303304,3.679025,0 -76.303272,3.678894,0 -76.303165,3.678623,0 -76.302978,3.678154,0 -76.302784,3.677837,0 -76.302578,3.677567,0 -76.302020,3.676990,0 -76.301784,3.676749,0 -76.301592,3.676506,0 -76.300831,3.674837,0 -76.300503,3.674228,0 -76.300127,3.673650,0 -76.299867,3.673370,0 -76.299615,3.673108,0 -76.299319,3.672808,0 -76.299108,3.672616,0 -76.298767,3.672338,0 -76.298408,3.672083,0 -76.298033,3.671853,0 -76.297397,3.671535,0 -76.296731,3.671234,0 -76.294505,3.670172,0 -76.294081,3.669928,0 -76.293530,3.669516,0 -76.292927,3.668995,0 -76.292567,3.668584,0 -76.292325,3.668160,0 -76.292147,3.667680,0 -76.292045,3.667205,0 -76.292052,3.666561,0 -76.292316,3.665117,0 -76.292592,3.664513,0 -76.292748,3.663982,0 -76.292796,3.663705,0 -76.292818,3.663354,0 -76.292811,3.663080,0 -76.292793,3.662574,0 -76.292788,3.662281,0 -76.292809,3.661970,0 -76.292930,3.660988,0 -76.293357,3.658769,0 -76.293526,3.657736,0 -76.294062,3.654462,0 -76.294296,3.653863,0 -76.294430,3.653646,0 -76.295409,3.652516,0 -76.295609,3.652182,0 -76.296237,3.650549,0 -76.296337,3.650166,0 -76.296444,3.649449,0 -76.296455,3.648961,0 -76.296248,3.647288,0 -76.296135,3.646652,0 -76.295386,3.642697,0 -76.295270,3.642143,0 -76.295132,3.641632,0 -76.294728,3.640362,0 -76.294606,3.639926,0 -76.294506,3.639555,0 -76.294431,3.639261,0 -76.294328,3.638818,0 -76.294217,3.638378,0 -76.294119,3.638005,0 -76.294135,3.637930,0 -76.294144,3.637854,0 -76.294146,3.637777,0 -76.294139,3.637701,0 -76.294125,3.637626,0 -76.294104,3.637552,0 -76.294075,3.637481,0 -76.294040,3.637413,0 -76.293998,3.637349,0 -76.293949,3.637289,0 -76.293895,3.637235,0 -76.293836,3.637186,0 -76.292685,3.637341,0 -76.291879,3.637461,0 -76.291780,3.637513,0 -76.291724,3.637594,0 -76.291648,3.637771,0 -76.291558,3.638281,0 -76.291108,3.640649,0 -76.291060,3.640788,0 -76.290978,3.640876,0 -76.290884,3.640943,0 -76.288914,3.640820,0 -76.281417,3.640350,0 -76.281720,3.639793,0 -76.282056,3.638987,0 -76.282855,3.637072,0 -76.283184,3.636239,0 -76.283323,3.635887,0 -76.283352,3.635746,0 -76.283363,3.635685,0 -76.283339,3.635631,0 -76.283253,3.635476,0 -76.283847,3.635568,0 -76.284047,3.635600,0 -76.284201,3.635114,0 -76.284200,3.635058,0 -76.284199,3.635027,0 -76.284146,3.634945,0 -76.284038,3.634916,0 -76.283804,3.634871,0 -76.283752,3.634848,0 -76.283730,3.634779,0 -76.283766,3.634702,0 -76.283908,3.634503,0 -76.283957,3.634370,0 -76.283955,3.634317,0</coordinates></LineString></Placemark><Placemark><name>Ruta día 10</name><styleUrl>#dia10</styleUrl><ExtendedData><Data name="INGENIO"><value>Providencia</value></Data><Data name="DIA"><value>10</value></Data><Data name="PUNTOS"><value>PR-019, PR-029, PR-011</value></Data><Data name="N_PUNTOS"><value>3</value></Data><Data name="KM"><value>51.0</value></Data><Data name="HORAS_TOTALES"><value>7.35</value></Data><Data name="REGRESO"><value>13:50</value></Data><Data name="PEAJES"><value>2</value></Data><Data name="COSTO_COP"><value>537966</value></Data></ExtendedData><LineString><tessellate>1</tessellate><coordinates>-76.283955,3.634317,0 -76.283957,3.634370,0 -76.283908,3.634503,0 -76.283766,3.634702,0 -76.283730,3.634779,0 -76.283752,3.634848,0 -76.283804,3.634871,0 -76.284038,3.634916,0 -76.284146,3.634945,0 -76.284199,3.635027,0 -76.284200,3.635058,0 -76.284201,3.635114,0 -76.284047,3.635600,0 -76.283847,3.635568,0 -76.283253,3.635476,0 -76.282856,3.635125,0 -76.282526,3.634732,0 -76.282451,3.634504,0 -76.282488,3.634079,0 -76.282987,3.632063,0 -76.283073,3.631872,0 -76.283091,3.631912,0 -76.283115,3.631949,0 -76.283145,3.631981,0 -76.283180,3.632008,0 -76.283219,3.632029,0 -76.283261,3.632043,0 -76.283304,3.632051,0 -76.283349,3.632051,0 -76.283392,3.632044,0 -76.283434,3.632029,0 -76.283473,3.632009,0 -76.283508,3.631982,0 -76.283538,3.631950,0 -76.283563,3.631913,0 -76.283581,3.631873,0 -76.283592,3.631830,0 -76.283596,3.631786,0 -76.283593,3.631742,0 -76.283583,3.631699,0 -76.283566,3.631658,0 -76.283542,3.631620,0 -76.283512,3.631587,0 -76.283477,3.631560,0 -76.283439,3.631538,0 -76.283390,3.631519,0 -76.283353,3.631515,0 -76.283285,3.631394,0 -76.283186,3.631222,0 -76.282694,3.629509,0 -76.282726,3.629460,0 -76.282733,3.629405,0 -76.282695,3.629154,0 -76.282672,3.629074,0 -76.282625,3.628993,0 -76.282495,3.628796,0 -76.282495,3.628754,0 -76.281248,3.626724,0 -76.281008,3.626334,0 -76.280317,3.625210,0 -76.280296,3.625116,0 -76.280319,3.625031,0 -76.280386,3.624967,0 -76.280490,3.624906,0 -76.281347,3.624521,0 -76.283737,3.623365,0 -76.285610,3.625090,0 -76.287206,3.626574,0 -76.287473,3.626830,0 -76.287995,3.627314,0 -76.288784,3.628047,0 -76.289221,3.628462,0 -76.289498,3.628733,0 -76.289609,3.628851,0 -76.289697,3.628955,0 -76.289777,3.629059,0 -76.289834,3.629153,0 -76.289891,3.629246,0 -76.289945,3.629359,0 -76.289995,3.629473,0 -76.290048,3.629613,0 -76.290088,3.629740,0 -76.290161,3.629987,0 -76.290458,3.631035,0 -76.290694,3.631860,0 -76.290705,3.631898,0 -76.290721,3.631954,0 -76.290734,3.631998,0 -76.290774,3.632140,0 -76.291016,3.632990,0 -76.291153,3.633469,0 -76.291201,3.633631,0 -76.291257,3.633798,0 -76.291309,3.633924,0 -76.291374,3.634081,0 -76.291598,3.634548,0 -76.291639,3.634639,0 -76.291717,3.634802,0 -76.291810,3.634999,0 -76.291826,3.635033,0 -76.291929,3.635251,0 -76.292026,3.635462,0 -76.292100,3.635634,0 -76.292166,3.635788,0 -76.292256,3.636016,0 -76.292386,3.636304,0 -76.292513,3.636557,0 -76.292631,3.636784,0 -76.292752,3.637004,0 -76.292830,3.637139,0 -76.292979,3.637403,0 -76.293402,3.638166,0 -76.293786,3.638864,0 -76.294019,3.639245,0 -76.294139,3.639488,0 -76.294470,3.640189,0 -76.294757,3.640936,0 -76.295191,3.642612,0 -76.295924,3.646534,0 -76.296238,3.648509,0 -76.296259,3.649430,0 -76.296119,3.650297,0 -76.295484,3.651930,0 -76.295071,3.652578,0 -76.294373,3.653333,0 -76.294065,3.653841,0 -76.293880,3.654601,0 -76.293296,3.657650,0 -76.292490,3.662102,0 -76.292343,3.663136,0 -76.292171,3.664285,0 -76.291777,3.666949,0 -76.291761,3.667406,0 -76.291797,3.667725,0 -76.291889,3.668048,0 -76.292081,3.668452,0 -76.292365,3.668840,0 -76.292706,3.669157,0 -76.293659,3.669975,0 -76.294006,3.670215,0 -76.294435,3.670442,0 -76.294918,3.670664,0 -76.295865,3.671082,0 -76.296327,3.671310,0 -76.296953,3.671661,0 -76.297404,3.671941,0 -76.297806,3.672270,0 -76.298101,3.672629,0 -76.298526,3.673276,0 -76.298918,3.673883,0 -76.299137,3.674208,0 -76.299328,3.674492,0 -76.299416,3.674628,0 -76.299504,3.674754,0 -76.299544,3.674802,0 -76.299692,3.675001,0 -76.300084,3.675420,0 -76.301441,3.676612,0 -76.301881,3.677074,0 -76.302198,3.677429,0 -76.302911,3.678435,0 -76.303177,3.679047,0 -76.303260,3.679337,0 -76.303380,3.679764,0 -76.303480,3.680363,0 -76.303565,3.682036,0 -76.303638,3.682582,0 -76.303671,3.682791,0 -76.303728,3.682990,0 -76.303788,3.683143,0 -76.303887,3.683333,0 -76.304003,3.683534,0 -76.304501,3.684208,0 -76.304546,3.684282,0 -76.304859,3.684795,0 -76.305214,3.685381,0 -76.305564,3.685838,0 -76.305792,3.686076,0 -76.306920,3.686900,0 -76.307887,3.687857,0 -76.308061,3.688009,0 -76.308323,3.688173,0 -76.308627,3.688280,0 -76.309710,3.688691,0 -76.310182,3.689004,0 -76.310971,3.689528,0 -76.311711,3.690012,0 -76.311974,3.690225,0 -76.312167,3.690451,0 -76.312358,3.690796,0 -76.312532,3.691148,0 -76.312757,3.691510,0 -76.312946,3.691728,0 -76.313661,3.692485,0 -76.314187,3.693325,0 -76.314392,3.693722,0 -76.314606,3.694123,0 -76.314975,3.694904,0 -76.314999,3.694989,0 -76.315104,3.695372,0 -76.315370,3.696339,0 -76.315602,3.696804,0 -76.315869,3.697206,0 -76.316676,3.698122,0 -76.317333,3.699235,0 -76.317695,3.699832,0 -76.317896,3.700161,0 -76.317998,3.700328,0 -76.318095,3.700488,0 -76.318304,3.700822,0 -76.318526,3.701267,0 -76.318792,3.701960,0 -76.319443,3.704591,0 -76.319672,3.705520,0 -76.319715,3.706103,0 -76.319627,3.706919,0 -76.319581,3.707195,0 -76.319476,3.707854,0 -76.319291,3.709682,0 -76.319174,3.710433,0 -76.319012,3.711101,0 -76.318940,3.711457,0 -76.318848,3.712203,0 -76.318842,3.712867,0 -76.318841,3.712949,0 -76.318842,3.713021,0 -76.318842,3.713097,0 -76.318845,3.713209,0 -76.318858,3.713804,0 -76.318985,3.714912,0 -76.319265,3.716370,0 -76.319295,3.716544,0 -76.319300,3.716571,0 -76.319291,3.716687,0 -76.319247,3.716859,0 -76.319154,3.716994,0 -76.317269,3.719360,0 -76.316965,3.719853,0 -76.316506,3.720812,0 -76.316145,3.721555,0 -76.315788,3.722329,0 -76.315289,3.723357,0 -76.315174,3.723520,0 -76.314711,3.724086,0 -76.314676,3.724128,0 -76.314169,3.724685,0 -76.312810,3.726261,0 -76.312467,3.726581,0 -76.312375,3.726717,0 -76.311995,3.727342,0 -76.311829,3.727571,0 -76.311657,3.727780,0 -76.311575,3.727889,0 -76.310050,3.729612,0 -76.309058,3.730736,0 -76.308564,3.731267,0 -76.308333,3.731525,0 -76.307765,3.732144,0 -76.307851,3.732192,0 -76.307952,3.732221,0 -76.308144,3.732264,0 -76.308780,3.732439,0 -76.308780,3.732439,0 -76.308144,3.732264,0 -76.307952,3.732221,0 -76.307851,3.732192,0 -76.307765,3.732144,0 -76.308333,3.731525,0 -76.308564,3.731267,0 -76.309058,3.730736,0 -76.310050,3.729612,0 -76.311575,3.727889,0 -76.311657,3.727780,0 -76.311829,3.727571,0 -76.311995,3.727342,0 -76.312375,3.726717,0 -76.312467,3.726581,0 -76.312810,3.726261,0 -76.314169,3.724685,0 -76.314260,3.724619,0 -76.314357,3.724574,0 -76.314454,3.724547,0 -76.314634,3.724456,0 -76.314776,3.724411,0 -76.314800,3.724419,0 -76.314921,3.724611,0 -76.314995,3.724711,0 -76.315072,3.724808,0 -76.315147,3.724970,0 -76.315241,3.725217,0 -76.315345,3.725458,0 -76.315500,3.725707,0 -76.315678,3.725934,0 -76.316040,3.726290,0 -76.316507,3.726689,0 -76.316767,3.726900,0 -76.316936,3.726999,0 -76.317124,3.727077,0 -76.317473,3.727202,0 -76.320836,3.728236,0 -76.320996,3.728291,0 -76.321214,3.728415,0 -76.321488,3.728624,0 -76.321864,3.729044,0 -76.322588,3.730107,0 -76.322764,3.730492,0 -76.322864,3.730843,0 -76.322938,3.731221,0 -76.322953,3.731295,0 -76.323341,3.734613,0 -76.323375,3.734967,0 -76.323428,3.735456,0 -76.323463,3.735785,0 -76.323542,3.736755,0 -76.323508,3.737266,0 -76.323412,3.737953,0 -76.323439,3.738036,0 -76.323494,3.738105,0 -76.323569,3.738150,0 -76.323655,3.738167,0 -76.323742,3.738152,0 -76.323818,3.738109,0 -76.323875,3.738042,0 -76.323905,3.737960,0 -76.323904,3.737872,0 -76.323878,3.737570,0 -76.323599,3.734981,0 -76.323561,3.734662,0 -76.323513,3.734218,0 -76.323139,3.731066,0 -76.323164,3.730998,0 -76.323191,3.730961,0 -76.323218,3.730939,0 -76.323242,3.730921,0 -76.323272,3.730910,0 -76.323314,3.730910,0 -76.323375,3.730979,0 -76.323455,3.731133,0 -76.323575,3.731365,0 -76.323827,3.732160,0 -76.323972,3.732775,0 -76.324135,3.733450,0 -76.324433,3.734435,0 -76.324519,3.734670,0 -76.326790,3.740971,0 -76.326944,3.741369,0 -76.328883,3.740733,0 -76.331798,3.739876,0 -76.331939,3.739777,0 -76.332001,3.739614,0 -76.332066,3.739231,0 -76.332115,3.738848,0 -76.332246,3.738586,0 -76.332626,3.737751,0 -76.333037,3.737034,0 -76.333157,3.736817,0 -76.333382,3.736461,0 -76.333548,3.736284,0 -76.333712,3.736216,0 -76.333827,3.736192,0 -76.333949,3.736207,0 -76.334121,3.736263,0 -76.334368,3.736418,0 -76.334612,3.736469,0 -76.334778,3.736466,0 -76.335592,3.736414,0 -76.336154,3.736369,0 -76.336629,3.736225,0 -76.336712,3.736124,0 -76.336756,3.736000,0 -76.336747,3.735714,0 -76.336780,3.735519,0 -76.336935,3.734954,0 -76.336967,3.734599,0 -76.336959,3.734143,0 -76.337187,3.732575,0 -76.337611,3.729748,0 -76.337884,3.727901,0 -76.337991,3.727701,0 -76.338289,3.727505,0 -76.338716,3.727478,0 -76.341465,3.727971,0 -76.343361,3.728266,0 -76.344064,3.728383,0 -76.345936,3.728635,0 -76.346030,3.728696,0 -76.346092,3.728793,0 -76.345877,3.730008,0 -76.345612,3.731630,0 -76.345448,3.732735,0 -76.345802,3.733142,0 -76.352894,3.734213,0 -76.352314,3.736568,0 -76.352373,3.736627,0 -76.355276,3.737323,0 -76.355215,3.737668,0 -76.354615,3.741066,0 -76.354224,3.743281,0 -76.354058,3.743409,0 -76.350743,3.742638,0 -76.351510,3.739774,0 -76.343537,3.738430,0 -76.344198,3.736573,0 -76.344391,3.736059,0 -76.345086,3.734266,0 -76.345247,3.733907,0 -76.345314,3.733640,0 -76.345448,3.732735,0 -76.345612,3.731630,0 -76.345877,3.730008,0 -76.346092,3.728793,0 -76.346030,3.728696,0 -76.345936,3.728635,0 -76.344064,3.728383,0 -76.343361,3.728266,0 -76.343667,3.727438,0 -76.344067,3.726314,0 -76.344128,3.726186,0 -76.344238,3.725998,0 -76.344370,3.725709,0 -76.344654,3.725035,0 -76.345123,3.723774,0 -76.345185,3.723634,0 -76.345215,3.723565,0 -76.345284,3.723469,0 -76.345408,3.723432,0 -76.346253,3.723539,0 -76.346470,3.723581,0 -76.346591,3.723589,0 -76.346738,3.723589,0 -76.347465,3.723442,0 -76.347567,3.723375,0 -76.347604,3.723303,0 -76.347610,3.723062,0 -76.347604,3.723303,0 -76.347567,3.723375,0 -76.347465,3.723442,0 -76.346738,3.723589,0 -76.346591,3.723589,0 -76.346470,3.723581,0 -76.346253,3.723539,0 -76.345408,3.723432,0 -76.345284,3.723469,0 -76.345215,3.723565,0 -76.345123,3.723774,0 -76.344654,3.725035,0 -76.344370,3.725709,0 -76.344238,3.725998,0 -76.344128,3.726186,0 -76.344067,3.726314,0 -76.343667,3.727438,0 -76.343361,3.728266,0 -76.341465,3.727971,0 -76.338716,3.727478,0 -76.338289,3.727505,0 -76.337991,3.727701,0 -76.337884,3.727901,0 -76.337611,3.729748,0 -76.337187,3.732575,0 -76.336959,3.734143,0 -76.336967,3.734599,0 -76.336935,3.734954,0 -76.336780,3.735519,0 -76.336747,3.735714,0 -76.336756,3.736000,0 -76.336712,3.736124,0 -76.336629,3.736225,0 -76.336154,3.736369,0 -76.335592,3.736414,0 -76.334778,3.736466,0 -76.334612,3.736469,0 -76.334368,3.736418,0 -76.334121,3.736263,0 -76.333949,3.736207,0 -76.333827,3.736192,0 -76.333712,3.736216,0 -76.333548,3.736284,0 -76.333382,3.736461,0 -76.333157,3.736817,0 -76.333037,3.737034,0 -76.332626,3.737751,0 -76.332246,3.738586,0 -76.332115,3.738848,0 -76.332066,3.739231,0 -76.332001,3.739614,0 -76.331939,3.739777,0 -76.331798,3.739876,0 -76.328883,3.740733,0 -76.326944,3.741369,0 -76.326790,3.740971,0 -76.324519,3.734670,0 -76.324433,3.734435,0 -76.324135,3.733450,0 -76.323972,3.732775,0 -76.323827,3.732160,0 -76.323575,3.731365,0 -76.323455,3.731133,0 -76.323375,3.730979,0 -76.323314,3.730910,0 -76.322967,3.730368,0 -76.322689,3.729831,0 -76.322362,3.729379,0 -76.321901,3.728723,0 -76.321697,3.728271,0 -76.321241,3.725816,0 -76.321204,3.725612,0 -76.321015,3.724567,0 -76.320328,3.720981,0 -76.319935,3.718794,0 -76.319592,3.716797,0 -76.319567,3.716610,0 -76.319544,3.716381,0 -76.319495,3.715471,0 -76.319493,3.714816,0 -76.319492,3.714276,0 -76.319492,3.714007,0 -76.319494,3.713796,0 -76.319499,3.713226,0 -76.319500,3.713112,0 -76.319500,3.713042,0 -76.319500,3.712971,0 -76.319499,3.712881,0 -76.319493,3.712383,0 -76.319491,3.712184,0 -76.319494,3.711671,0 -76.319496,3.711402,0 -76.319497,3.710745,0 -76.319492,3.710545,0 -76.319491,3.710161,0 -76.319506,3.709593,0 -76.319543,3.709026,0 -76.319789,3.707205,0 -76.319825,3.706968,0 -76.319860,3.706722,0 -76.319884,3.706477,0 -76.319916,3.706159,0 -76.319881,3.705737,0 -76.319636,3.704695,0 -76.319411,3.703736,0 -76.319307,3.703293,0 -76.318964,3.702110,0 -76.318569,3.701007,0 -76.317771,3.699683,0 -76.317531,3.699291,0 -76.317244,3.698764,0 -76.316904,3.698154,0 -76.316527,3.697456,0 -76.316249,3.696928,0 -76.316056,3.696537,0 -76.315983,3.696413,0 -76.315798,3.696053,0 -76.315665,3.695779,0 -76.315633,3.695706,0 -76.315241,3.695035,0 -76.315142,3.694845,0 -76.314940,3.694457,0 -76.314718,3.694026,0 -76.314588,3.693776,0 -76.314410,3.693432,0 -76.314204,3.693036,0 -76.313714,3.692085,0 -76.313346,3.691411,0 -76.313207,3.691166,0 -76.312978,3.690838,0 -76.312793,3.690634,0 -76.312529,3.690337,0 -76.312264,3.690086,0 -76.311991,3.689885,0 -76.311940,3.689850,0 -76.311455,3.689503,0 -76.308468,3.687600,0 -76.308136,3.687385,0 -76.307767,3.687145,0 -76.307400,3.686877,0 -76.306691,3.686396,0 -76.305920,3.685853,0 -76.305775,3.685734,0 -76.305472,3.685402,0 -76.305360,3.685260,0 -76.305271,3.685124,0 -76.304980,3.684668,0 -76.304873,3.684448,0 -76.304723,3.684029,0 -76.304522,3.683417,0 -76.304438,3.683112,0 -76.304256,3.682475,0 -76.304112,3.681965,0 -76.304076,3.681839,0 -76.303913,3.681268,0 -76.303480,3.679744,0 -76.303365,3.679326,0 -76.303304,3.679025,0 -76.303272,3.678894,0 -76.303165,3.678623,0 -76.302978,3.678154,0 -76.302784,3.677837,0 -76.302578,3.677567,0 -76.302020,3.676990,0 -76.301784,3.676749,0 -76.301592,3.676506,0 -76.300831,3.674837,0 -76.300503,3.674228,0 -76.300127,3.673650,0 -76.299867,3.673370,0 -76.299615,3.673108,0 -76.299319,3.672808,0 -76.299108,3.672616,0 -76.298767,3.672338,0 -76.298408,3.672083,0 -76.298033,3.671853,0 -76.297397,3.671535,0 -76.296731,3.671234,0 -76.294505,3.670172,0 -76.294081,3.669928,0 -76.293530,3.669516,0 -76.292927,3.668995,0 -76.292567,3.668584,0 -76.292325,3.668160,0 -76.292147,3.667680,0 -76.292045,3.667205,0 -76.292052,3.666561,0 -76.292316,3.665117,0 -76.292592,3.664513,0 -76.292748,3.663982,0 -76.292796,3.663705,0 -76.292818,3.663354,0 -76.292811,3.663080,0 -76.292793,3.662574,0 -76.292788,3.662281,0 -76.292809,3.661970,0 -76.292930,3.660988,0 -76.293357,3.658769,0 -76.293526,3.657736,0 -76.294062,3.654462,0 -76.294296,3.653863,0 -76.294430,3.653646,0 -76.295409,3.652516,0 -76.295609,3.652182,0 -76.296237,3.650549,0 -76.296337,3.650166,0 -76.296444,3.649449,0 -76.296455,3.648961,0 -76.296248,3.647288,0 -76.296135,3.646652,0 -76.295386,3.642697,0 -76.295270,3.642143,0 -76.295132,3.641632,0 -76.294728,3.640362,0 -76.294606,3.639926,0 -76.294506,3.639555,0 -76.294431,3.639261,0 -76.294328,3.638818,0 -76.294217,3.638378,0 -76.294119,3.638005,0 -76.294135,3.637930,0 -76.294144,3.637854,0 -76.294146,3.637777,0 -76.294139,3.637701,0 -76.294125,3.637626,0 -76.294104,3.637552,0 -76.294075,3.637481,0 -76.294040,3.637413,0 -76.293998,3.637349,0 -76.293949,3.637289,0 -76.293895,3.637235,0 -76.293836,3.637186,0 -76.292685,3.637341,0 -76.291879,3.637461,0 -76.291780,3.637513,0 -76.291724,3.637594,0 -76.291648,3.637771,0 -76.291558,3.638281,0 -76.291108,3.640649,0 -76.291060,3.640788,0 -76.290978,3.640876,0 -76.290884,3.640943,0 -76.288914,3.640820,0 -76.281417,3.640350,0 -76.281720,3.639793,0 -76.282056,3.638987,0 -76.282855,3.637072,0 -76.283184,3.636239,0 -76.283323,3.635887,0 -76.283352,3.635746,0 -76.283363,3.635685,0 -76.283339,3.635631,0 -76.283253,3.635476,0 -76.283847,3.635568,0 -76.284047,3.635600,0 -76.284201,3.635114,0 -76.284200,3.635058,0 -76.284199,3.635027,0 -76.284146,3.634945,0 -76.284038,3.634916,0 -76.283804,3.634871,0 -76.283752,3.634848,0 -76.283730,3.634779,0 -76.283766,3.634702,0 -76.283908,3.634503,0 -76.283957,3.634370,0 -76.283955,3.634317,0</coordinates></LineString></Placemark><Placemark><name>Ruta día 11</name><styleUrl>#dia11</styleUrl><ExtendedData><Data name="INGENIO"><value>Providencia</value></Data><Data name="DIA"><value>11</value></Data><Data name="PUNTOS"><value>PR-040, PR-032, PR-005</value></Data><Data name="N_PUNTOS"><value>3</value></Data><Data name="KM"><value>41.3</value></Data><Data name="HORAS_TOTALES"><value>7.57</value></Data><Data name="REGRESO"><value>14:04</value></Data><Data name="PEAJES"><value>0</value></Data><Data name="COSTO_COP"><value>506830</value></Data></ExtendedData><LineString><tessellate>1</tessellate><coordinates>-76.283955,3.634317,0 -76.283957,3.634370,0 -76.283908,3.634503,0 -76.283766,3.634702,0 -76.283730,3.634779,0 -76.283752,3.634848,0 -76.283804,3.634871,0 -76.284038,3.634916,0 -76.284146,3.634945,0 -76.284199,3.635027,0 -76.284200,3.635058,0 -76.284201,3.635114,0 -76.284047,3.635600,0 -76.283847,3.635568,0 -76.283253,3.635476,0 -76.283339,3.635631,0 -76.283363,3.635685,0 -76.283352,3.635746,0 -76.283323,3.635887,0 -76.283184,3.636239,0 -76.282855,3.637072,0 -76.282056,3.638987,0 -76.281720,3.639793,0 -76.281417,3.640350,0 -76.280330,3.643396,0 -76.278931,3.646950,0 -76.278722,3.647438,0 -76.278688,3.647529,0 -76.278597,3.647773,0 -76.278550,3.648000,0 -76.278554,3.648223,0 -76.278618,3.648554,0 -76.278641,3.648738,0 -76.278656,3.648935,0 -76.278650,3.649143,0 -76.278597,3.649395,0 -76.278484,3.649898,0 -76.278207,3.650794,0 -76.278167,3.650926,0 -76.278159,3.651051,0 -76.277288,3.653894,0 -76.277679,3.653980,0 -76.278488,3.654160,0 -76.280999,3.654729,0 -76.283407,3.655296,0 -76.283512,3.655365,0 -76.283571,3.655474,0 -76.283690,3.656378,0 -76.283867,3.656943,0 -76.284131,3.657512,0 -76.284489,3.658183,0 -76.284605,3.658318,0 -76.284773,3.658399,0 -76.285751,3.658630,0 -76.287050,3.658960,0 -76.287297,3.659035,0 -76.287402,3.659106,0 -76.287488,3.659220,0 -76.287593,3.659553,0 -76.287667,3.659664,0 -76.290359,3.661516,0 -76.290756,3.661713,0 -76.291108,3.661808,0 -76.291147,3.661819,0 -76.291565,3.661931,0 -76.292490,3.662102,0 -76.292343,3.663136,0 -76.292171,3.664285,0 -76.291777,3.666949,0 -76.291761,3.667406,0 -76.291797,3.667725,0 -76.291889,3.668048,0 -76.292081,3.668452,0 -76.292365,3.668840,0 -76.292706,3.669157,0 -76.293659,3.669975,0 -76.294006,3.670215,0 -76.294435,3.670442,0 -76.294918,3.670664,0 -76.295865,3.671082,0 -76.296327,3.671310,0 -76.296953,3.671661,0 -76.297404,3.671941,0 -76.297806,3.672270,0 -76.298101,3.672629,0 -76.298526,3.673276,0 -76.298918,3.673883,0 -76.299137,3.674208,0 -76.299328,3.674492,0 -76.299416,3.674628,0 -76.299504,3.674754,0 -76.299544,3.674802,0 -76.299692,3.675001,0 -76.300084,3.675420,0 -76.301441,3.676612,0 -76.301881,3.677074,0 -76.302198,3.677429,0 -76.302911,3.678435,0 -76.303177,3.679047,0 -76.303260,3.679337,0 -76.303380,3.679764,0 -76.303480,3.680363,0 -76.303565,3.682036,0 -76.303638,3.682582,0 -76.303671,3.682791,0 -76.303728,3.682990,0 -76.303788,3.683143,0 -76.303887,3.683333,0 -76.304003,3.683534,0 -76.304501,3.684208,0 -76.304546,3.684282,0 -76.304859,3.684795,0 -76.305214,3.685381,0 -76.305564,3.685838,0 -76.305792,3.686076,0 -76.306920,3.686900,0 -76.307887,3.687857,0 -76.308061,3.688009,0 -76.308323,3.688173,0 -76.308627,3.688280,0 -76.309710,3.688691,0 -76.310182,3.689004,0 -76.310971,3.689528,0 -76.311711,3.690012,0 -76.311974,3.690225,0 -76.312167,3.690451,0 -76.312358,3.690796,0 -76.312532,3.691148,0 -76.312757,3.691510,0 -76.312946,3.691728,0 -76.313661,3.692485,0 -76.314187,3.693325,0 -76.314392,3.693722,0 -76.314606,3.694123,0 -76.314975,3.694904,0 -76.314999,3.694989,0 -76.315104,3.695372,0 -76.315370,3.696339,0 -76.315602,3.696804,0 -76.315869,3.697206,0 -76.316676,3.698122,0 -76.317333,3.699235,0 -76.317368,3.699348,0 -76.317376,3.699671,0 -76.317320,3.699840,0 -76.316877,3.700383,0 -76.316803,3.700546,0 -76.316778,3.700784,0 -76.316781,3.700837,0 -76.316818,3.700984,0 -76.316874,3.701114,0 -76.316971,3.701240,0 -76.317089,3.701347,0 -76.317261,3.701414,0 -76.317436,3.701446,0 -76.317675,3.701429,0 -76.318305,3.701201,0 -76.318725,3.701060,0 -76.319480,3.700793,0 -76.319791,3.700701,0 -76.319912,3.700665,0 -76.320058,3.700616,0 -76.320919,3.700295,0 -76.321504,3.700010,0 -76.321834,3.699780,0 -76.322333,3.699241,0 -76.322620,3.698670,0 -76.323033,3.697313,0 -76.323347,3.696751,0 -76.325814,3.693914,0 -76.327478,3.691273,0 -76.327833,3.690704,0 -76.327980,3.690758,0 -76.328179,3.690772,0 -76.329867,3.690794,0 -76.330005,3.690797,0 -76.331415,3.690833,0 -76.331758,3.690900,0 -76.333285,3.691286,0 -76.332943,3.692770,0 -76.332920,3.692965,0 -76.333798,3.695654,0 -76.333982,3.696282,0 -76.336524,3.700046,0 -76.336617,3.700287,0 -76.336678,3.700693,0 -76.336702,3.701208,0 -76.336676,3.703381,0 -76.336731,3.707549,0 -76.336774,3.707854,0 -76.336899,3.708267,0 -76.336911,3.708509,0 -76.336872,3.710767,0 -76.336913,3.710870,0 -76.336986,3.710943,0 -76.338828,3.711969,0 -76.340654,3.712913,0 -76.341879,3.713299,0 -76.342770,3.713699,0 -76.343684,3.714098,0 -76.343997,3.714176,0 -76.344297,3.714156,0 -76.349843,3.713142,0 -76.350151,3.713200,0 -76.352756,3.714028,0 -76.354311,3.714434,0 -76.356885,3.715225,0 -76.358374,3.715400,0 -76.358954,3.715449,0 -76.359426,3.715442,0 -76.359904,3.715519,0 -76.361461,3.716563,0 -76.361755,3.716668,0 -76.361983,3.716751,0 -76.363389,3.717424,0 -76.364939,3.718207,0 -76.365625,3.718553,0 -76.363898,3.724746,0 -76.362823,3.724438,0 -76.357983,3.723138,0 -76.357421,3.722987,0 -76.358505,3.719058,0 -76.357421,3.722987,0 -76.362823,3.724438,0 -76.363898,3.724746,0 -76.365625,3.718553,0 -76.364939,3.718207,0 -76.363389,3.717424,0 -76.361983,3.716751,0 -76.361755,3.716668,0 -76.361461,3.716563,0 -76.359904,3.715519,0 -76.359426,3.715442,0 -76.358954,3.715449,0 -76.358374,3.715400,0 -76.356885,3.715225,0 -76.354311,3.714434,0 -76.352756,3.714028,0 -76.350151,3.713200,0 -76.349843,3.713142,0 -76.344297,3.714156,0 -76.343997,3.714176,0 -76.343684,3.714098,0 -76.342770,3.713699,0 -76.341879,3.713299,0 -76.340654,3.712913,0 -76.338828,3.711969,0 -76.336986,3.710943,0 -76.336913,3.710870,0 -76.336872,3.710767,0 -76.336911,3.708509,0 -76.336899,3.708267,0 -76.336774,3.707854,0 -76.336731,3.707549,0 -76.336676,3.703381,0 -76.336702,3.701208,0 -76.336678,3.700693,0 -76.336617,3.700287,0 -76.336524,3.700046,0 -76.333982,3.696282,0 -76.333798,3.695654,0 -76.332920,3.692965,0 -76.332943,3.692770,0 -76.333285,3.691286,0 -76.331758,3.690900,0 -76.331415,3.690833,0 -76.329867,3.690794,0 -76.328179,3.690772,0 -76.327980,3.690758,0 -76.327833,3.690704,0 -76.327917,3.690416,0 -76.328181,3.688784,0 -76.328167,3.688636,0 -76.328152,3.688575,0 -76.328120,3.688515,0 -76.328059,3.688458,0 -76.327987,3.688428,0 -76.327924,3.688424,0 -76.327861,3.688439,0 -76.327833,3.688459,0 -76.327798,3.688496,0 -76.327757,3.688561,0 -76.327729,3.688625,0 -76.327690,3.688764,0 -76.327741,3.689925,0 -76.327595,3.690668,0 -76.327383,3.691157,0 -76.327328,3.691269,0 -76.325710,3.693780,0 -76.323152,3.696732,0 -76.322895,3.697201,0 -76.322416,3.698761,0 -76.322148,3.699222,0 -76.321626,3.699791,0 -76.321322,3.699989,0 -76.320827,3.700228,0 -76.319980,3.700528,0 -76.319900,3.700517,0 -76.319729,3.700556,0 -76.319299,3.700707,0 -76.319135,3.700765,0 -76.318965,3.700765,0 -76.318802,3.700745,0 -76.318650,3.700670,0 -76.318391,3.700398,0 -76.318261,3.700249,0 -76.317771,3.699683,0 -76.317531,3.699291,0 -76.317244,3.698764,0 -76.316904,3.698154,0 -76.316527,3.697456,0 -76.316249,3.696928,0 -76.316056,3.696537,0 -76.315983,3.696413,0 -76.315798,3.696053,0 -76.315665,3.695779,0 -76.315633,3.695706,0 -76.315241,3.695035,0 -76.315142,3.694845,0 -76.314940,3.694457,0 -76.314718,3.694026,0 -76.314588,3.693776,0 -76.314410,3.693432,0 -76.314204,3.693036,0 -76.313714,3.692085,0 -76.313346,3.691411,0 -76.313207,3.691166,0 -76.312978,3.690838,0 -76.312793,3.690634,0 -76.312529,3.690337,0 -76.312264,3.690086,0 -76.311991,3.689885,0 -76.311940,3.689850,0 -76.311455,3.689503,0 -76.308468,3.687600,0 -76.308136,3.687385,0 -76.307767,3.687145,0 -76.307400,3.686877,0 -76.306691,3.686396,0 -76.305920,3.685853,0 -76.305775,3.685734,0 -76.305472,3.685402,0 -76.305360,3.685260,0 -76.305271,3.685124,0 -76.304980,3.684668,0 -76.304873,3.684448,0 -76.304723,3.684029,0 -76.304522,3.683417,0 -76.304438,3.683112,0 -76.304256,3.682475,0 -76.304112,3.681965,0 -76.304076,3.681839,0 -76.303913,3.681268,0 -76.303480,3.679744,0 -76.303365,3.679326,0 -76.303304,3.679025,0 -76.303272,3.678894,0 -76.303165,3.678623,0 -76.302978,3.678154,0 -76.302784,3.677837,0 -76.302578,3.677567,0 -76.302020,3.676990,0 -76.301784,3.676749,0 -76.301592,3.676506,0 -76.300831,3.674837,0 -76.300503,3.674228,0 -76.300127,3.673650,0 -76.299867,3.673370,0 -76.299615,3.673108,0 -76.299319,3.672808,0 -76.299108,3.672616,0 -76.298767,3.672338,0 -76.298408,3.672083,0 -76.298033,3.671853,0 -76.297397,3.671535,0 -76.296731,3.671234,0 -76.294505,3.670172,0 -76.294081,3.669928,0 -76.293530,3.669516,0 -76.292927,3.668995,0 -76.292567,3.668584,0 -76.292325,3.668160,0 -76.292147,3.667680,0 -76.292045,3.667205,0 -76.292052,3.666561,0 -76.292316,3.665117,0 -76.292592,3.664513,0 -76.292748,3.663982,0 -76.292796,3.663705,0 -76.292818,3.663354,0 -76.292811,3.663080,0 -76.292793,3.662574,0 -76.292788,3.662281,0 -76.292809,3.661970,0 -76.292930,3.660988,0 -76.293357,3.658769,0 -76.293526,3.657736,0 -76.294062,3.654462,0 -76.294296,3.653863,0 -76.294430,3.653646,0 -76.295409,3.652516,0 -76.295609,3.652182,0 -76.296237,3.650549,0 -76.296337,3.650166,0 -76.296444,3.649449,0 -76.296455,3.648961,0 -76.296248,3.647288,0 -76.296135,3.646652,0 -76.295386,3.642697,0 -76.295270,3.642143,0 -76.295132,3.641632,0 -76.294728,3.640362,0 -76.294606,3.639926,0 -76.294506,3.639555,0 -76.294431,3.639261,0 -76.294328,3.638818,0 -76.294217,3.638378,0 -76.294119,3.638005,0 -76.294135,3.637930,0 -76.294144,3.637854,0 -76.294146,3.637777,0 -76.294139,3.637701,0 -76.294125,3.637626,0 -76.294104,3.637552,0 -76.294075,3.637481,0 -76.294040,3.637413,0 -76.293998,3.637349,0 -76.293949,3.637289,0 -76.293895,3.637235,0 -76.293836,3.637186,0 -76.292685,3.637341,0 -76.291879,3.637461,0 -76.291780,3.637513,0 -76.291724,3.637594,0 -76.291648,3.637771,0 -76.291558,3.638281,0 -76.291108,3.640649,0 -76.291060,3.640788,0 -76.290978,3.640876,0 -76.290884,3.640943,0 -76.288914,3.640820,0 -76.281417,3.640350,0 -76.281720,3.639793,0 -76.282056,3.638987,0 -76.282855,3.637072,0 -76.283184,3.636239,0 -76.283323,3.635887,0 -76.283352,3.635746,0 -76.283363,3.635685,0 -76.283339,3.635631,0 -76.283253,3.635476,0 -76.283847,3.635568,0 -76.284047,3.635600,0 -76.284201,3.635114,0 -76.284200,3.635058,0 -76.284199,3.635027,0 -76.284146,3.634945,0 -76.284038,3.634916,0 -76.283804,3.634871,0 -76.283752,3.634848,0 -76.283730,3.634779,0 -76.283766,3.634702,0 -76.283908,3.634503,0 -76.283957,3.634370,0 -76.283955,3.634317,0</coordinates></LineString></Placemark><Placemark><name>Ruta día 12</name><styleUrl>#dia12</styleUrl><ExtendedData><Data name="INGENIO"><value>Providencia</value></Data><Data name="DIA"><value>12</value></Data><Data name="PUNTOS"><value>PR-007, PR-037, PR-021</value></Data><Data name="N_PUNTOS"><value>3</value></Data><Data name="KM"><value>79.3</value></Data><Data name="HORAS_TOTALES"><value>7.61</value></Data><Data name="REGRESO"><value>14:06</value></Data><Data name="PEAJES"><value>2</value></Data><Data name="COSTO_COP"><value>547164</value></Data></ExtendedData><LineString><tessellate>1</tessellate><coordinates>-76.283955,3.634317,0 -76.283957,3.634370,0 -76.283908,3.634503,0 -76.283766,3.634702,0 -76.283730,3.634779,0 -76.283752,3.634848,0 -76.283804,3.634871,0 -76.284038,3.634916,0 -76.284146,3.634945,0 -76.284199,3.635027,0 -76.284200,3.635058,0 -76.284201,3.635114,0 -76.284047,3.635600,0 -76.283847,3.635568,0 -76.283253,3.635476,0 -76.282856,3.635125,0 -76.282526,3.634732,0 -76.282451,3.634504,0 -76.282488,3.634079,0 -76.282987,3.632063,0 -76.283073,3.631872,0 -76.283091,3.631912,0 -76.283115,3.631949,0 -76.283145,3.631981,0 -76.283180,3.632008,0 -76.283219,3.632029,0 -76.283261,3.632043,0 -76.283304,3.632051,0 -76.283349,3.632051,0 -76.283392,3.632044,0 -76.283434,3.632029,0 -76.283473,3.632009,0 -76.283508,3.631982,0 -76.283538,3.631950,0 -76.283563,3.631913,0 -76.283581,3.631873,0 -76.283592,3.631830,0 -76.283596,3.631786,0 -76.283593,3.631742,0 -76.283583,3.631699,0 -76.283566,3.631658,0 -76.283542,3.631620,0 -76.283512,3.631587,0 -76.283477,3.631560,0 -76.283439,3.631538,0 -76.283390,3.631519,0 -76.283353,3.631515,0 -76.283285,3.631394,0 -76.283186,3.631222,0 -76.282694,3.629509,0 -76.282726,3.629460,0 -76.282733,3.629405,0 -76.282695,3.629154,0 -76.282672,3.629074,0 -76.282625,3.628993,0 -76.282495,3.628796,0 -76.282495,3.628754,0 -76.281248,3.626724,0 -76.281008,3.626334,0 -76.280317,3.625210,0 -76.280296,3.625116,0 -76.280319,3.625031,0 -76.280386,3.624967,0 -76.280490,3.624906,0 -76.281347,3.624521,0 -76.283737,3.623365,0 -76.285610,3.625090,0 -76.287206,3.626574,0 -76.287473,3.626830,0 -76.287995,3.627314,0 -76.288784,3.628047,0 -76.289221,3.628462,0 -76.289498,3.628733,0 -76.289609,3.628851,0 -76.289697,3.628955,0 -76.289777,3.629059,0 -76.289834,3.629153,0 -76.289891,3.629246,0 -76.289945,3.629359,0 -76.289995,3.629473,0 -76.290048,3.629613,0 -76.290088,3.629740,0 -76.290161,3.629987,0 -76.290458,3.631035,0 -76.290694,3.631860,0 -76.290705,3.631898,0 -76.290721,3.631954,0 -76.290734,3.631998,0 -76.290774,3.632140,0 -76.291016,3.632990,0 -76.291153,3.633469,0 -76.291201,3.633631,0 -76.291257,3.633798,0 -76.291309,3.633924,0 -76.291374,3.634081,0 -76.291598,3.634548,0 -76.291639,3.634639,0 -76.291717,3.634802,0 -76.291810,3.634999,0 -76.291826,3.635033,0 -76.291929,3.635251,0 -76.292026,3.635462,0 -76.292136,3.635635,0 -76.292276,3.635841,0 -76.292476,3.636142,0 -76.292760,3.636577,0 -76.292864,3.636736,0 -76.292925,3.636806,0 -76.292985,3.636857,0 -76.293051,3.636906,0 -76.293121,3.636950,0 -76.293197,3.636984,0 -76.293277,3.637007,0 -76.293360,3.637023,0 -76.293439,3.637026,0 -76.293526,3.637018,0 -76.293783,3.636988,0 -76.294052,3.636946,0 -76.294162,3.636916,0 -76.294254,3.636879,0 -76.294333,3.636837,0 -76.294415,3.636786,0 -76.294482,3.636727,0 -76.294545,3.636670,0 -76.294595,3.636615,0 -76.294645,3.636539,0 -76.294691,3.636459,0 -76.294726,3.636383,0 -76.294747,3.636317,0 -76.294763,3.636262,0 -76.294793,3.636169,0 -76.294802,3.636087,0 -76.294801,3.636007,0 -76.294795,3.635937,0 -76.294788,3.635872,0 -76.294773,3.635803,0 -76.294749,3.635738,0 -76.294718,3.635662,0 -76.294628,3.635482,0 -76.294539,3.635306,0 -76.294441,3.635111,0 -76.294365,3.634960,0 -76.294289,3.634801,0 -76.294239,3.634688,0 -76.294200,3.634582,0 -76.294136,3.634387,0 -76.294074,3.634187,0 -76.294024,3.633996,0 -76.293986,3.633822,0 -76.293959,3.633642,0 -76.293937,3.633450,0 -76.293927,3.633283,0 -76.293922,3.633049,0 -76.293926,3.632836,0 -76.293941,3.632561,0 -76.293943,3.632428,0 -76.293940,3.632285,0 -76.293932,3.632165,0 -76.293920,3.632025,0 -76.293928,3.631942,0 -76.293953,3.631610,0 -76.293982,3.631236,0 -76.294025,3.630588,0 -76.294051,3.630122,0 -76.294076,3.629887,0 -76.294105,3.629667,0 -76.294148,3.629402,0 -76.294201,3.629135,0 -76.294255,3.628936,0 -76.294335,3.628674,0 -76.294416,3.628430,0 -76.294501,3.628219,0 -76.294584,3.628029,0 -76.294702,3.627796,0 -76.294867,3.627510,0 -76.295038,3.627245,0 -76.295218,3.626977,0 -76.295393,3.626763,0 -76.295604,3.626527,0 -76.295838,3.626308,0 -76.296507,3.625735,0 -76.296819,3.625500,0 -76.297391,3.625050,0 -76.297962,3.624616,0 -76.298744,3.624006,0 -76.299649,3.623302,0 -76.300359,3.622758,0 -76.300712,3.622479,0 -76.300773,3.622433,0 -76.301369,3.621979,0 -76.302282,3.621259,0 -76.302390,3.621178,0 -76.303101,3.620638,0 -76.304121,3.619840,0 -76.304938,3.619212,0 -76.305544,3.618743,0 -76.305947,3.618424,0 -76.306311,3.618138,0 -76.306560,3.617929,0 -76.306787,3.617723,0 -76.307009,3.617479,0 -76.307194,3.617265,0 -76.307350,3.617075,0 -76.307489,3.616880,0 -76.307610,3.616708,0 -76.307741,3.616478,0 -76.307860,3.616259,0 -76.307979,3.616015,0 -76.308072,3.615845,0 -76.308111,3.615742,0 -76.308243,3.615416,0 -76.308446,3.614929,0 -76.308715,3.614297,0 -76.309066,3.613469,0 -76.309368,3.612744,0 -76.309661,3.612075,0 -76.309744,3.611890,0 -76.309860,3.611601,0 -76.309989,3.611265,0 -76.310378,3.610289,0 -76.310483,3.610043,0 -76.310911,3.609023,0 -76.311534,3.607543,0 -76.312560,3.605051,0 -76.315095,3.597987,0 -76.319360,3.588922,0 -76.319844,3.588174,0 -76.320173,3.587784,0 -76.320544,3.587415,0 -76.320838,3.587140,0 -76.321809,3.586291,0 -76.322760,3.585506,0 -76.323090,3.585217,0 -76.325420,3.583230,0 -76.325618,3.583061,0 -76.325986,3.582808,0 -76.326297,3.582578,0 -76.326541,3.582382,0 -76.326950,3.581978,0 -76.327204,3.581719,0 -76.327597,3.581350,0 -76.327809,3.581135,0 -76.327884,3.581090,0 -76.327969,3.581068,0 -76.328057,3.581071,0 -76.328140,3.581097,0 -76.328213,3.581145,0 -76.328278,3.581239,0 -76.328348,3.581329,0 -76.328399,3.581392,0 -76.328486,3.581459,0 -76.328679,3.581590,0 -76.329300,3.581943,0 -76.330692,3.582627,0 -76.332379,3.583326,0 -76.333716,3.583924,0 -76.335663,3.584652,0 -76.336629,3.585054,0 -76.337580,3.585416,0 -76.339662,3.586086,0 -76.340269,3.586184,0 -76.343129,3.586403,0 -76.343806,3.586411,0 -76.344407,3.586495,0 -76.344804,3.586601,0 -76.345185,3.586748,0 -76.345938,3.587062,0 -76.346892,3.587245,0 -76.347976,3.587478,0 -76.348530,3.587618,0 -76.348806,3.587779,0 -76.349056,3.587924,0 -76.349544,3.588231,0 -76.350026,3.588457,0 -76.350375,3.588569,0 -76.350858,3.588671,0 -76.351375,3.588676,0 -76.352366,3.588583,0 -76.355842,3.588423,0 -76.356045,3.588403,0 -76.357645,3.588202,0 -76.358584,3.588190,0 -76.359953,3.588131,0 -76.360302,3.588151,0 -76.360777,3.588213,0 -76.361007,3.588256,0 -76.365625,3.589690,0 -76.365999,3.589854,0 -76.367240,3.590635,0 -76.369231,3.591556,0 -76.369749,3.591805,0 -76.370220,3.592113,0 -76.370370,3.592252,0 -76.371350,3.593537,0 -76.371875,3.594147,0 -76.372854,3.595083,0 -76.372978,3.595202,0 -76.373441,3.595566,0 -76.373937,3.595956,0 -76.374089,3.596108,0 -76.374334,3.596401,0 -76.374453,3.596557,0 -76.374597,3.596733,0 -76.374673,3.596889,0 -76.374727,3.597071,0 -76.374984,3.598029,0 -76.375076,3.598629,0 -76.375220,3.599373,0 -76.375387,3.600088,0 -76.375599,3.600780,0 -76.375746,3.601225,0 -76.375824,3.601381,0 -76.375904,3.601541,0 -76.377069,3.603463,0 -76.377224,3.603656,0 -76.377478,3.603917,0 -76.377829,3.604261,0 -76.378148,3.604553,0 -76.378526,3.604843,0 -76.378642,3.604940,0 -76.379087,3.605288,0 -76.379145,3.605330,0 -76.380085,3.606054,0 -76.380868,3.606694,0 -76.381222,3.607066,0 -76.381297,3.607160,0 -76.381356,3.607298,0 -76.381396,3.607429,0 -76.381432,3.607797,0 -76.381453,3.607960,0 -76.381505,3.608097,0 -76.381632,3.608329,0 -76.381715,3.608505,0 -76.382006,3.609069,0 -76.382284,3.609536,0 -76.382543,3.609877,0 -76.382709,3.610078,0 -76.382989,3.610364,0 -76.383221,3.610550,0 -76.383474,3.610766,0 -76.383683,3.610904,0 -76.384132,3.611190,0 -76.384428,3.611384,0 -76.384616,3.611535,0 -76.384952,3.611943,0 -76.385233,3.612351,0 -76.385354,3.612545,0 -76.385489,3.612835,0 -76.385627,3.613135,0 -76.385702,3.613307,0 -76.385856,3.613657,0 -76.385960,3.613981,0 -76.386164,3.614571,0 -76.386800,3.614619,0 -76.387689,3.614711,0 -76.388458,3.614777,0 -76.389164,3.614851,0 -76.389270,3.614862,0 -76.389412,3.614877,0 -76.389897,3.614923,0 -76.390205,3.614957,0 -76.390826,3.615018,0 -76.391063,3.615033,0 -76.391401,3.615049,0 -76.391834,3.615102,0 -76.392481,3.615156,0 -76.393395,3.615267,0 -76.394942,3.615422,0 -76.395953,3.615522,0 -76.396801,3.615611,0 -76.397062,3.615639,0 -76.398549,3.615802,0 -76.399279,3.615922,0 -76.399331,3.615955,0 -76.399375,3.615988,0 -76.399406,3.616035,0 -76.399420,3.616088,0 -76.399413,3.616139,0 -76.399394,3.616224,0 -76.399414,3.616201,0 -76.399462,3.616156,0 -76.399504,3.616114,0 -76.399629,3.615989,0 -76.399677,3.615955,0 -76.399764,3.615954,0 -76.399840,3.615953,0 -76.400484,3.616025,0 -76.401783,3.616161,0 -76.402190,3.616209,0 -76.402525,3.616251,0 -76.402794,3.616290,0 -76.403964,3.616455,0 -76.405056,3.616608,0 -76.405693,3.616710,0 -76.405908,3.616743,0 -76.406255,3.616783,0 -76.406538,3.616814,0 -76.408311,3.616982,0 -76.409142,3.617062,0 -76.410041,3.617153,0 -76.411196,3.617258,0 -76.411692,3.617301,0 -76.412210,3.617348,0 -76.412717,3.617393,0 -76.414756,3.617576,0 -76.415914,3.617685,0 -76.416418,3.617743,0 -76.417459,3.617829,0 -76.417730,3.617858,0 -76.417997,3.617887,0 -76.418479,3.617928,0 -76.419973,3.618048,0 -76.420081,3.618059,0 -76.420975,3.618151,0 -76.421137,3.618168,0 -76.421458,3.618203,0 -76.421670,3.618220,0 -76.423170,3.618362,0 -76.423929,3.618456,0 -76.424076,3.618475,0 -76.424286,3.618497,0 -76.425557,3.618617,0 -76.425788,3.618632,0 -76.427222,3.618770,0 -76.428061,3.618873,0 -76.428435,3.618904,0 -76.428950,3.618969,0 -76.429127,3.618974,0 -76.429280,3.618997,0 -76.429455,3.619026,0 -76.429690,3.619050,0 -76.430056,3.619082,0 -76.430431,3.619136,0 -76.430514,3.619145,0 -76.430694,3.619158,0 -76.431877,3.619250,0 -76.431917,3.619252,0 -76.432234,3.619264,0 -76.432325,3.619299,0 -76.432434,3.619317,0 -76.432476,3.619333,0 -76.432516,3.619354,0 -76.432569,3.619401,0 -76.432590,3.619488,0 -76.432628,3.619569,0 -76.432682,3.619640,0 -76.432749,3.619699,0 -76.432813,3.619838,0 -76.432867,3.619953,0 -76.432886,3.620073,0 -76.432883,3.620239,0 -76.432861,3.620347,0 -76.432854,3.620443,0 -76.432093,3.622707,0 -76.431317,3.625063,0 -76.431206,3.625324,0 -76.431066,3.625586,0 -76.430861,3.625901,0 -76.430562,3.626266,0 -76.430289,3.626495,0 -76.433422,3.625683,0 -76.434029,3.625526,0 -76.434216,3.625419,0 -76.434323,3.625320,0 -76.434381,3.625372,0 -76.434430,3.625416,0 -76.434472,3.625466,0 -76.434476,3.625511,0 -76.434472,3.625551,0 -76.434472,3.625649,0 -76.434458,3.625743,0 -76.434469,3.625846,0 -76.434567,3.626122,0 -76.434693,3.626458,0 -76.434794,3.626669,0 -76.434929,3.626885,0 -76.435028,3.627083,0 -76.435232,3.627863,0 -76.435409,3.628912,0 -76.436257,3.633827,0 -76.436321,3.633998,0 -76.436423,3.634159,0 -76.436150,3.634427,0 -76.435726,3.634860,0 -76.435649,3.634921,0 -76.435415,3.635106,0 -76.434653,3.635974,0 -76.433371,3.637922,0 -76.432282,3.640133,0 -76.433666,3.640605,0 -76.434133,3.640765,0 -76.434293,3.640904,0 -76.434331,3.641054,0 -76.434187,3.642365,0 -76.435354,3.642816,0 -76.436362,3.643180,0 -76.439332,3.636427,0 -76.440881,3.637623,0 -76.441730,3.638257,0 -76.442172,3.638587,0 -76.442962,3.639178,0 -76.443104,3.639103,0 -76.443209,3.639073,0 -76.443783,3.639036,0 -76.444443,3.639036,0 -76.444620,3.639116,0 -76.444859,3.639007,0 -76.445712,3.638680,0 -76.447670,3.637963,0 -76.447868,3.637917,0 -76.448099,3.637904,0 -76.450151,3.637898,0 -76.450118,3.639427,0 -76.448869,3.639571,0 -76.448265,3.639527,0 -76.447983,3.639507,0 -76.446401,3.639368,0 -76.445602,3.639288,0 -76.445065,3.639363,0 -76.444598,3.639561,0 -76.444177,3.639810,0 -76.444008,3.639850,0 -76.443906,3.639834,0 -76.443813,3.639729,0 -76.443719,3.639716,0 -76.443595,3.639652,0 -76.442962,3.639178,0 -76.442172,3.638587,0 -76.441730,3.638257,0 -76.440881,3.637623,0 -76.439332,3.636427,0 -76.438447,3.635745,0 -76.437440,3.634968,0 -76.436815,3.634485,0 -76.436573,3.634287,0 -76.436423,3.634159,0 -76.436321,3.633998,0 -76.436257,3.633827,0 -76.435409,3.628912,0 -76.435232,3.627863,0 -76.435028,3.627083,0 -76.434929,3.626885,0 -76.434794,3.626669,0 -76.434693,3.626458,0 -76.434567,3.626122,0 -76.434469,3.625846,0 -76.434458,3.625743,0 -76.434472,3.625649,0 -76.434472,3.625551,0 -76.434476,3.625511,0 -76.434472,3.625466,0 -76.434430,3.625416,0 -76.434381,3.625372,0 -76.434323,3.625320,0 -76.434216,3.625419,0 -76.434029,3.625526,0 -76.433422,3.625683,0 -76.430289,3.626495,0 -76.430562,3.626266,0 -76.430861,3.625901,0 -76.431066,3.625586,0 -76.431206,3.625324,0 -76.431317,3.625063,0 -76.432093,3.622707,0 -76.432854,3.620443,0 -76.432913,3.620314,0 -76.432955,3.620203,0 -76.433009,3.620109,0 -76.433094,3.619961,0 -76.433284,3.619686,0 -76.433342,3.619630,0 -76.433389,3.619565,0 -76.433490,3.619522,0 -76.433517,3.619510,0 -76.433638,3.619467,0 -76.433768,3.619437,0 -76.434004,3.619444,0 -76.439321,3.619965,0 -76.441235,3.620122,0 -76.445242,3.620727,0 -76.451870,3.621444,0 -76.453898,3.621691,0 -76.454285,3.621809,0 -76.454713,3.622009,0 -76.455105,3.622255,0 -76.455421,3.622497,0 -76.455768,3.622885,0 -76.456045,3.623245,0 -76.456277,3.623653,0 -76.456687,3.624780,0 -76.456764,3.625032,0 -76.457279,3.626747,0 -76.457309,3.626903,0 -76.457439,3.627350,0 -76.457516,3.627559,0 -76.457542,3.627617,0 -76.457585,3.627712,0 -76.457623,3.627789,0 -76.457640,3.627823,0 -76.457836,3.628131,0 -76.458304,3.628710,0 -76.458654,3.629059,0 -76.459120,3.629409,0 -76.459617,3.629651,0 -76.460160,3.629816,0 -76.460764,3.629903,0 -76.461553,3.629999,0 -76.463327,3.630382,0 -76.465372,3.630828,0 -76.466001,3.630964,0 -76.467247,3.631312,0 -76.467535,3.631448,0 -76.467750,3.631621,0 -76.467931,3.631833,0 -76.468065,3.631964,0 -76.468186,3.632151,0 -76.468257,3.632349,0 -76.468313,3.632552,0 -76.468276,3.632807,0 -76.467719,3.634350,0 -76.467648,3.634499,0 -76.467326,3.635143,0 -76.466606,3.636994,0 -76.465522,3.640420,0 -76.464814,3.642413,0 -76.464734,3.642570,0 -76.463279,3.646513,0 -76.463184,3.646697,0 -76.462881,3.647218,0 -76.462561,3.647512,0 -76.461087,3.648244,0 -76.456482,3.650394,0 -76.456019,3.650647,0 -76.455698,3.650903,0 -76.455417,3.651263,0 -76.455185,3.651722,0 -76.455095,3.652090,0 -76.454931,3.655157,0 -76.454934,3.655590,0 -76.454930,3.655647,0 -76.454920,3.656090,0 -76.454906,3.656406,0 -76.455012,3.656157,0 -76.455132,3.655714,0 -76.455133,3.655680,0 -76.455127,3.655649,0 -76.455044,3.655564,0 -76.454878,3.655411,0 -76.454665,3.655263,0 -76.453997,3.654853,0 -76.453120,3.654189,0 -76.452924,3.654104,0 -76.451426,3.653786,0 -76.451229,3.653774,0 -76.451097,3.653806,0 -76.451051,3.653796,0 -76.451051,3.653796,0 -76.451036,3.653749,0 -76.451500,3.652653,0 -76.451470,3.652535,0 -76.451352,3.652401,0 -76.450971,3.652206,0 -76.450464,3.652166,0 -76.449968,3.651899,0 -76.449697,3.651574,0 -76.449746,3.651405,0 -76.450019,3.651242,0 -76.450526,3.651172,0 -76.450966,3.651213,0 -76.451055,3.651156,0 -76.451076,3.650875,0 -76.451080,3.650622,0 -76.451042,3.650574,0 -76.450985,3.650564,0 -76.450650,3.650592,0 -76.450588,3.650592,0 -76.450344,3.650407,0 -76.450294,3.650410,0 -76.450014,3.650696,0 -76.449917,3.650735,0 -76.449845,3.650712,0 -76.449730,3.650610,0 -76.449392,3.649964,0 -76.449329,3.649928,0 -76.449245,3.649939,0 -76.448733,3.650187,0 -76.448545,3.650255,0 -76.448477,3.650386,0 -76.448441,3.650518,0 -76.448426,3.650641,0 -76.448403,3.650680,0 -76.448339,3.650687,0 -76.447891,3.650699,0 -76.447859,3.650754,0 -76.447821,3.650835,0 -76.447856,3.650917,0 -76.448154,3.651079,0 -76.448981,3.651526,0 -76.449649,3.651907,0 -76.449756,3.651950,0 -76.449841,3.651953,0 -76.449968,3.651899,0 -76.450464,3.652166,0 -76.450971,3.652206,0 -76.451352,3.652401,0 -76.451470,3.652535,0 -76.451500,3.652653,0 -76.451036,3.653749,0 -76.451051,3.653796,0 -76.451097,3.653806,0 -76.451229,3.653774,0 -76.451426,3.653786,0 -76.452924,3.654104,0 -76.453120,3.654189,0 -76.453997,3.654853,0 -76.454665,3.655263,0 -76.454878,3.655411,0 -76.455044,3.655564,0 -76.455127,3.655649,0 -76.455133,3.655680,0 -76.455132,3.655714,0 -76.455012,3.656157,0 -76.454906,3.656406,0 -76.454928,3.656717,0 -76.454957,3.656838,0 -76.454981,3.656901,0 -76.455062,3.656948,0 -76.455158,3.656960,0 -76.455254,3.656944,0 -76.455355,3.656873,0 -76.455575,3.656567,0 -76.455715,3.656439,0 -76.455800,3.656361,0 -76.456097,3.656161,0 -76.456766,3.655902,0 -76.457581,3.655675,0 -76.457745,3.655627,0 -76.458706,3.655376,0 -76.459577,3.655115,0 -76.459864,3.654976,0 -76.460193,3.654605,0 -76.460390,3.654105,0 -76.460530,3.653748,0 -76.460614,3.653534,0 -76.460869,3.652855,0 -76.460964,3.652603,0 -76.462130,3.649504,0 -76.463279,3.646513,0 -76.464734,3.642570,0 -76.464814,3.642413,0 -76.465522,3.640420,0 -76.466606,3.636994,0 -76.467326,3.635143,0 -76.467648,3.634499,0 -76.467719,3.634350,0 -76.467872,3.634065,0 -76.468018,3.633847,0 -76.469692,3.630829,0 -76.469897,3.630307,0 -76.470170,3.629610,0 -76.470237,3.629486,0 -76.470292,3.629469,0 -76.470342,3.629441,0 -76.470385,3.629403,0 -76.470419,3.629357,0 -76.470443,3.629304,0 -76.470454,3.629248,0 -76.470454,3.629196,0 -76.470444,3.629145,0 -76.470425,3.629097,0 -76.470396,3.629053,0 -76.470360,3.629016,0 -76.470317,3.628986,0 -76.470269,3.628965,0 -76.470218,3.628954,0 -76.470166,3.628953,0 -76.470115,3.628962,0 -76.470058,3.628984,0 -76.470009,3.629018,0 -76.469969,3.629061,0 -76.469939,3.629112,0 -76.469921,3.629169,0 -76.469915,3.629228,0 -76.469923,3.629286,0 -76.469938,3.629435,0 -76.469943,3.629671,0 -76.469924,3.629909,0 -76.469706,3.630442,0 -76.469442,3.630786,0 -76.469233,3.630964,0 -76.468996,3.631110,0 -76.468878,3.631170,0 -76.468406,3.631322,0 -76.468146,3.631331,0 -76.467865,3.631288,0 -76.465693,3.630445,0 -76.464976,3.630228,0 -76.464112,3.630035,0 -76.463058,3.629865,0 -76.460681,3.629627,0 -76.460440,3.629570,0 -76.459776,3.629411,0 -76.459278,3.629177,0 -76.458892,3.628924,0 -76.458367,3.628435,0 -76.458022,3.628024,0 -76.457841,3.627721,0 -76.457825,3.627691,0 -76.457784,3.627614,0 -76.457739,3.627522,0 -76.457713,3.627470,0 -76.457632,3.627276,0 -76.457470,3.626869,0 -76.457420,3.626700,0 -76.456903,3.625007,0 -76.456815,3.624741,0 -76.456625,3.624126,0 -76.456427,3.623596,0 -76.456164,3.623125,0 -76.455805,3.622632,0 -76.455574,3.622413,0 -76.455410,3.622268,0 -76.455268,3.622150,0 -76.454671,3.621782,0 -76.454372,3.621673,0 -76.454099,3.621573,0 -76.453477,3.621407,0 -76.446055,3.620678,0 -76.443772,3.620334,0 -76.441390,3.619975,0 -76.439511,3.619765,0 -76.434867,3.619335,0 -76.434103,3.619281,0 -76.433912,3.619241,0 -76.433727,3.619169,0 -76.433332,3.619041,0 -76.433273,3.618987,0 -76.433204,3.618945,0 -76.433129,3.618916,0 -76.433045,3.618901,0 -76.432959,3.618902,0 -76.432875,3.618919,0 -76.432796,3.618953,0 -76.432725,3.619001,0 -76.432664,3.619062,0 -76.432627,3.619116,0 -76.432597,3.619175,0 -76.432527,3.619211,0 -76.432416,3.619237,0 -76.432314,3.619247,0 -76.432234,3.619264,0 -76.431917,3.619252,0 -76.431877,3.619250,0 -76.430694,3.619158,0 -76.430514,3.619145,0 -76.430431,3.619136,0 -76.430056,3.619082,0 -76.429690,3.619050,0 -76.429455,3.619026,0 -76.429280,3.618997,0 -76.429127,3.618974,0 -76.428950,3.618969,0 -76.428435,3.618904,0 -76.428061,3.618873,0 -76.427222,3.618770,0 -76.425788,3.618632,0 -76.425557,3.618617,0 -76.424286,3.618497,0 -76.424076,3.618475,0 -76.423929,3.618456,0 -76.423170,3.618362,0 -76.421670,3.618220,0 -76.421458,3.618203,0 -76.421137,3.618168,0 -76.420975,3.618151,0 -76.420081,3.618059,0 -76.419973,3.618048,0 -76.418479,3.617928,0 -76.417997,3.617887,0 -76.417730,3.617858,0 -76.417459,3.617829,0 -76.416418,3.617743,0 -76.415914,3.617685,0 -76.414756,3.617576,0 -76.412717,3.617393,0 -76.412210,3.617348,0 -76.411692,3.617301,0 -76.411196,3.617258,0 -76.410041,3.617153,0 -76.409142,3.617062,0 -76.408311,3.616982,0 -76.406538,3.616814,0 -76.406255,3.616783,0 -76.405908,3.616743,0 -76.405693,3.616710,0 -76.405056,3.616608,0 -76.403964,3.616455,0 -76.402794,3.616290,0 -76.402525,3.616251,0 -76.402190,3.616209,0 -76.401783,3.616161,0 -76.400484,3.616025,0 -76.399840,3.615953,0 -76.399780,3.615928,0 -76.399731,3.615886,0 -76.399697,3.615831,0 -76.399681,3.615769,0 -76.399684,3.615704,0 -76.399691,3.615630,0 -76.399657,3.615720,0 -76.399596,3.615803,0 -76.399510,3.615887,0 -76.399399,3.615931,0 -76.399279,3.615922,0 -76.398549,3.615802,0 -76.397062,3.615639,0 -76.396801,3.615611,0 -76.395953,3.615522,0 -76.394942,3.615422,0 -76.393395,3.615267,0 -76.392481,3.615156,0 -76.391834,3.615102,0 -76.391401,3.615049,0 -76.391063,3.615033,0 -76.390826,3.615018,0 -76.390205,3.614957,0 -76.389897,3.614923,0 -76.389412,3.614877,0 -76.389270,3.614862,0 -76.389164,3.614851,0 -76.388458,3.614777,0 -76.387689,3.614711,0 -76.386800,3.614619,0 -76.386164,3.614571,0 -76.385960,3.613981,0 -76.385856,3.613657,0 -76.385702,3.613307,0 -76.385627,3.613135,0 -76.385489,3.612835,0 -76.385354,3.612545,0 -76.385233,3.612351,0 -76.384952,3.611943,0 -76.384616,3.611535,0 -76.384428,3.611384,0 -76.384132,3.611190,0 -76.383683,3.610904,0 -76.383474,3.610766,0 -76.383221,3.610550,0 -76.382989,3.610364,0 -76.382709,3.610078,0 -76.382543,3.609877,0 -76.382284,3.609536,0 -76.382006,3.609069,0 -76.381715,3.608505,0 -76.381632,3.608329,0 -76.381505,3.608097,0 -76.381453,3.607960,0 -76.381432,3.607797,0 -76.381396,3.607429,0 -76.381356,3.607298,0 -76.381297,3.607160,0 -76.381222,3.607066,0 -76.380868,3.606694,0 -76.380085,3.606054,0 -76.379145,3.605330,0 -76.379087,3.605288,0 -76.378642,3.604940,0 -76.378526,3.604843,0 -76.378148,3.604553,0 -76.377829,3.604261,0 -76.377478,3.603917,0 -76.377224,3.603656,0 -76.377069,3.603463,0 -76.375904,3.601541,0 -76.375824,3.601381,0 -76.375746,3.601225,0 -76.375599,3.600780,0 -76.375387,3.600088,0 -76.375220,3.599373,0 -76.375076,3.598629,0 -76.374984,3.598029,0 -76.374727,3.597071,0 -76.374673,3.596889,0 -76.374597,3.596733,0 -76.374453,3.596557,0 -76.374334,3.596401,0 -76.374089,3.596108,0 -76.373937,3.595956,0 -76.373441,3.595566,0 -76.372978,3.595202,0 -76.372854,3.595083,0 -76.371875,3.594147,0 -76.371350,3.593537,0 -76.370370,3.592252,0 -76.370220,3.592113,0 -76.369749,3.591805,0 -76.369231,3.591556,0 -76.367240,3.590635,0 -76.365999,3.589854,0 -76.365625,3.589690,0 -76.361007,3.588256,0 -76.360777,3.588213,0 -76.360302,3.588151,0 -76.359953,3.588131,0 -76.358584,3.588190,0 -76.357645,3.588202,0 -76.356045,3.588403,0 -76.355842,3.588423,0 -76.352366,3.588583,0 -76.351375,3.588676,0 -76.350858,3.588671,0 -76.350375,3.588569,0 -76.350026,3.588457,0 -76.349544,3.588231,0 -76.349056,3.587924,0 -76.348806,3.587779,0 -76.348530,3.587618,0 -76.347976,3.587478,0 -76.346892,3.587245,0 -76.345938,3.587062,0 -76.345185,3.586748,0 -76.344804,3.586601,0 -76.344407,3.586495,0 -76.343806,3.586411,0 -76.343129,3.586403,0 -76.340269,3.586184,0 -76.339662,3.586086,0 -76.337580,3.585416,0 -76.336629,3.585054,0 -76.335663,3.584652,0 -76.333716,3.583924,0 -76.332379,3.583326,0 -76.330692,3.582627,0 -76.329300,3.581943,0 -76.328679,3.581590,0 -76.328486,3.581459,0 -76.328399,3.581392,0 -76.328348,3.581329,0 -76.328278,3.581239,0 -76.328213,3.581145,0 -76.328183,3.581078,0 -76.328081,3.580905,0 -76.328010,3.580749,0 -76.327886,3.580531,0 -76.327614,3.580017,0 -76.327547,3.579974,0 -76.327470,3.579952,0 -76.327390,3.579956,0 -76.327315,3.579983,0 -76.327252,3.580031,0 -76.327206,3.580097,0 -76.327183,3.580173,0 -76.327093,3.580729,0 -76.326957,3.581312,0 -76.326845,3.581574,0 -76.326699,3.581796,0 -76.326552,3.581998,0 -76.326012,3.582489,0 -76.325353,3.583049,0 -76.322656,3.585378,0 -76.321277,3.586518,0 -76.320671,3.587109,0 -76.320231,3.587499,0 -76.319903,3.587846,0 -76.319648,3.588159,0 -76.319335,3.588649,0 -76.319063,3.589155,0 -76.317467,3.592572,0 -76.314897,3.598064,0 -76.312383,3.605146,0 -76.311364,3.607571,0 -76.310362,3.609968,0 -76.310232,3.610279,0 -76.310146,3.610458,0 -76.309937,3.610980,0 -76.309801,3.611330,0 -76.309764,3.611424,0 -76.309613,3.611799,0 -76.309326,3.612480,0 -76.308863,3.613550,0 -76.308642,3.614075,0 -76.308340,3.614778,0 -76.308054,3.615445,0 -76.307964,3.615667,0 -76.307868,3.615881,0 -76.307744,3.616141,0 -76.307660,3.616315,0 -76.307570,3.616489,0 -76.307478,3.616642,0 -76.307377,3.616786,0 -76.307221,3.616990,0 -76.307039,3.617220,0 -76.306813,3.617482,0 -76.306579,3.617707,0 -76.306352,3.617905,0 -76.306091,3.618122,0 -76.305384,3.618671,0 -76.304935,3.619016,0 -76.304161,3.619613,0 -76.303488,3.620140,0 -76.302929,3.620571,0 -76.302353,3.621008,0 -76.302276,3.621068,0 -76.302025,3.621265,0 -76.301524,3.621658,0 -76.300778,3.622234,0 -76.300612,3.622362,0 -76.300543,3.622415,0 -76.299864,3.622940,0 -76.299074,3.623545,0 -76.298053,3.624348,0 -76.297423,3.624827,0 -76.297087,3.625093,0 -76.296726,3.625371,0 -76.296415,3.625612,0 -76.296035,3.625931,0 -76.295696,3.626227,0 -76.295505,3.626409,0 -76.295331,3.626602,0 -76.295167,3.626800,0 -76.294888,3.627196,0 -76.294679,3.627523,0 -76.294593,3.627684,0 -76.294458,3.627952,0 -76.294362,3.628160,0 -76.294282,3.628364,0 -76.294196,3.628602,0 -76.294119,3.628856,0 -76.294046,3.629134,0 -76.293992,3.629440,0 -76.293955,3.629678,0 -76.293923,3.629919,0 -76.293896,3.630173,0 -76.293872,3.630550,0 -76.293845,3.631067,0 -76.293803,3.631647,0 -76.293777,3.631873,0 -76.293740,3.632293,0 -76.293708,3.632625,0 -76.293673,3.633238,0 -76.293668,3.633332,0 -76.293608,3.634182,0 -76.293586,3.634326,0 -76.293545,3.634466,0 -76.293485,3.634598,0 -76.293408,3.634721,0 -76.293314,3.634833,0 -76.293205,3.634930,0 -76.293085,3.635012,0 -76.292954,3.635076,0 -76.292815,3.635121,0 -76.292672,3.635147,0 -76.292526,3.635154,0 -76.292381,3.635140,0 -76.292239,3.635106,0 -76.292103,3.635053,0 -76.291976,3.634982,0 -76.291860,3.634894,0 -76.291757,3.634791,0 -76.291669,3.634675,0 -76.291598,3.634548,0 -76.291374,3.634081,0 -76.291309,3.633924,0 -76.291257,3.633798,0 -76.291201,3.633631,0 -76.291153,3.633469,0 -76.291016,3.632990,0 -76.290774,3.632140,0 -76.290734,3.631998,0 -76.290721,3.631954,0 -76.290705,3.631898,0 -76.290694,3.631860,0 -76.290458,3.631035,0 -76.290161,3.629987,0 -76.290088,3.629740,0 -76.290048,3.629613,0 -76.289995,3.629473,0 -76.289945,3.629359,0 -76.289891,3.629246,0 -76.289834,3.629153,0 -76.289777,3.629059,0 -76.289697,3.628955,0 -76.289609,3.628851,0 -76.289498,3.628733,0 -76.289221,3.628462,0 -76.288784,3.628047,0 -76.287995,3.627314,0 -76.287473,3.626830,0 -76.287206,3.626574,0 -76.285610,3.625090,0 -76.283737,3.623365,0 -76.281347,3.624521,0 -76.280490,3.624906,0 -76.280386,3.624967,0 -76.280319,3.625031,0 -76.280296,3.625116,0 -76.280317,3.625210,0 -76.281008,3.626334,0 -76.281248,3.626724,0 -76.282495,3.628754,0 -76.282495,3.628796,0 -76.282625,3.628993,0 -76.282672,3.629074,0 -76.282695,3.629154,0 -76.282733,3.629405,0 -76.282726,3.629460,0 -76.282694,3.629509,0 -76.283186,3.631222,0 -76.283145,3.631584,0 -76.283115,3.631617,0 -76.283090,3.631655,0 -76.283072,3.631696,0 -76.283061,3.631740,0 -76.283058,3.631784,0 -76.283062,3.631829,0 -76.283073,3.631872,0 -76.282987,3.632063,0 -76.282488,3.634079,0 -76.282451,3.634504,0 -76.282526,3.634732,0 -76.282856,3.635125,0 -76.283253,3.635476,0 -76.283847,3.635568,0 -76.284047,3.635600,0 -76.284201,3.635114,0 -76.284200,3.635058,0 -76.284199,3.635027,0 -76.284146,3.634945,0 -76.284038,3.634916,0 -76.283804,3.634871,0 -76.283752,3.634848,0 -76.283730,3.634779,0 -76.283766,3.634702,0 -76.283908,3.634503,0 -76.283957,3.634370,0 -76.283955,3.634317,0</coordinates></LineString></Placemark><Placemark><name>Ruta día 13</name><styleUrl>#dia13</styleUrl><ExtendedData><Data name="INGENIO"><value>Providencia</value></Data><Data name="DIA"><value>13</value></Data><Data name="PUNTOS"><value>PR-028, PR-024, PR-006</value></Data><Data name="N_PUNTOS"><value>3</value></Data><Data name="KM"><value>56.4</value></Data><Data name="HORAS_TOTALES"><value>7.62</value></Data><Data name="REGRESO"><value>14:07</value></Data><Data name="PEAJES"><value>0</value></Data><Data name="COSTO_COP"><value>511726</value></Data></ExtendedData><LineString><tessellate>1</tessellate><coordinates>-76.283955,3.634317,0 -76.283957,3.634370,0 -76.283908,3.634503,0 -76.283766,3.634702,0 -76.283730,3.634779,0 -76.283752,3.634848,0 -76.283804,3.634871,0 -76.284038,3.634916,0 -76.284146,3.634945,0 -76.284199,3.635027,0 -76.284200,3.635058,0 -76.284201,3.635114,0 -76.284047,3.635600,0 -76.283847,3.635568,0 -76.283253,3.635476,0 -76.282856,3.635125,0 -76.282526,3.634732,0 -76.282451,3.634504,0 -76.282488,3.634079,0 -76.282987,3.632063,0 -76.283073,3.631872,0 -76.283091,3.631912,0 -76.283115,3.631949,0 -76.283145,3.631981,0 -76.283180,3.632008,0 -76.283219,3.632029,0 -76.283261,3.632043,0 -76.283304,3.632051,0 -76.283349,3.632051,0 -76.283392,3.632044,0 -76.283434,3.632029,0 -76.283473,3.632009,0 -76.283508,3.631982,0 -76.283538,3.631950,0 -76.283563,3.631913,0 -76.283581,3.631873,0 -76.283592,3.631830,0 -76.283596,3.631786,0 -76.283593,3.631742,0 -76.283583,3.631699,0 -76.283566,3.631658,0 -76.283542,3.631620,0 -76.283512,3.631587,0 -76.283477,3.631560,0 -76.283439,3.631538,0 -76.283390,3.631519,0 -76.283353,3.631515,0 -76.283285,3.631394,0 -76.283186,3.631222,0 -76.282694,3.629509,0 -76.282726,3.629460,0 -76.282733,3.629405,0 -76.282695,3.629154,0 -76.282672,3.629074,0 -76.282625,3.628993,0 -76.282495,3.628796,0 -76.282495,3.628754,0 -76.281248,3.626724,0 -76.281008,3.626334,0 -76.280317,3.625210,0 -76.280296,3.625116,0 -76.280319,3.625031,0 -76.280386,3.624967,0 -76.280490,3.624906,0 -76.281347,3.624521,0 -76.283737,3.623365,0 -76.285610,3.625090,0 -76.287206,3.626574,0 -76.287473,3.626830,0 -76.287995,3.627314,0 -76.288784,3.628047,0 -76.289221,3.628462,0 -76.289498,3.628733,0 -76.289609,3.628851,0 -76.289697,3.628955,0 -76.289777,3.629059,0 -76.289834,3.629153,0 -76.289891,3.629246,0 -76.289945,3.629359,0 -76.289995,3.629473,0 -76.290048,3.629613,0 -76.290088,3.629740,0 -76.290161,3.629987,0 -76.290458,3.631035,0 -76.290694,3.631860,0 -76.290705,3.631898,0 -76.290721,3.631954,0 -76.290734,3.631998,0 -76.290774,3.632140,0 -76.291016,3.632990,0 -76.291153,3.633469,0 -76.291201,3.633631,0 -76.291257,3.633798,0 -76.291309,3.633924,0 -76.291374,3.634081,0 -76.291598,3.634548,0 -76.291639,3.634639,0 -76.291717,3.634802,0 -76.291810,3.634999,0 -76.291826,3.635033,0 -76.291929,3.635251,0 -76.292026,3.635462,0 -76.292100,3.635634,0 -76.292166,3.635788,0 -76.292256,3.636016,0 -76.292386,3.636304,0 -76.292513,3.636557,0 -76.292631,3.636784,0 -76.292752,3.637004,0 -76.292830,3.637139,0 -76.292979,3.637403,0 -76.293402,3.638166,0 -76.293786,3.638864,0 -76.294019,3.639245,0 -76.294139,3.639488,0 -76.294470,3.640189,0 -76.294757,3.640936,0 -76.295191,3.642612,0 -76.295924,3.646534,0 -76.296238,3.648509,0 -76.296259,3.649430,0 -76.296119,3.650297,0 -76.295484,3.651930,0 -76.295071,3.652578,0 -76.294373,3.653333,0 -76.294065,3.653841,0 -76.293880,3.654601,0 -76.293296,3.657650,0 -76.292490,3.662102,0 -76.292343,3.663136,0 -76.292171,3.664285,0 -76.291777,3.666949,0 -76.291761,3.667406,0 -76.291797,3.667725,0 -76.291889,3.668048,0 -76.292081,3.668452,0 -76.292365,3.668840,0 -76.292706,3.669157,0 -76.293659,3.669975,0 -76.294006,3.670215,0 -76.294435,3.670442,0 -76.294918,3.670664,0 -76.295865,3.671082,0 -76.296327,3.671310,0 -76.296953,3.671661,0 -76.297404,3.671941,0 -76.297806,3.672270,0 -76.298101,3.672629,0 -76.298526,3.673276,0 -76.298918,3.673883,0 -76.299137,3.674208,0 -76.299328,3.674492,0 -76.299416,3.674628,0 -76.299504,3.674754,0 -76.299544,3.674802,0 -76.299692,3.675001,0 -76.300084,3.675420,0 -76.301441,3.676612,0 -76.301881,3.677074,0 -76.302198,3.677429,0 -76.302911,3.678435,0 -76.303177,3.679047,0 -76.303260,3.679337,0 -76.303380,3.679764,0 -76.303480,3.680363,0 -76.303565,3.682036,0 -76.303638,3.682582,0 -76.303671,3.682791,0 -76.303728,3.682990,0 -76.303788,3.683143,0 -76.303887,3.683333,0 -76.304003,3.683534,0 -76.304501,3.684208,0 -76.304546,3.684282,0 -76.304859,3.684795,0 -76.305214,3.685381,0 -76.305564,3.685838,0 -76.305792,3.686076,0 -76.306920,3.686900,0 -76.307887,3.687857,0 -76.308061,3.688009,0 -76.308323,3.688173,0 -76.308627,3.688280,0 -76.309710,3.688691,0 -76.310182,3.689004,0 -76.310971,3.689528,0 -76.311711,3.690012,0 -76.311974,3.690225,0 -76.312167,3.690451,0 -76.312358,3.690796,0 -76.312532,3.691148,0 -76.312757,3.691510,0 -76.312946,3.691728,0 -76.313661,3.692485,0 -76.314187,3.693325,0 -76.314392,3.693722,0 -76.314606,3.694123,0 -76.314975,3.694904,0 -76.314999,3.694989,0 -76.315104,3.695372,0 -76.315370,3.696339,0 -76.315602,3.696804,0 -76.315869,3.697206,0 -76.316676,3.698122,0 -76.317333,3.699235,0 -76.317368,3.699348,0 -76.317376,3.699671,0 -76.317320,3.699840,0 -76.316877,3.700383,0 -76.316803,3.700546,0 -76.316778,3.700784,0 -76.316781,3.700837,0 -76.316818,3.700984,0 -76.316874,3.701114,0 -76.316971,3.701240,0 -76.317089,3.701347,0 -76.317261,3.701414,0 -76.317436,3.701446,0 -76.317675,3.701429,0 -76.318305,3.701201,0 -76.318725,3.701060,0 -76.319480,3.700793,0 -76.319791,3.700701,0 -76.319912,3.700665,0 -76.320058,3.700616,0 -76.320919,3.700295,0 -76.321504,3.700010,0 -76.321834,3.699780,0 -76.322333,3.699241,0 -76.322620,3.698670,0 -76.323033,3.697313,0 -76.323347,3.696751,0 -76.325814,3.693914,0 -76.327478,3.691273,0 -76.327833,3.690704,0 -76.327917,3.690416,0 -76.328181,3.688784,0 -76.328355,3.687689,0 -76.328639,3.685940,0 -76.328699,3.685683,0 -76.328745,3.685362,0 -76.328879,3.684505,0 -76.328892,3.684417,0 -76.329027,3.683778,0 -76.329169,3.683260,0 -76.329625,3.681518,0 -76.329875,3.680820,0 -76.330233,3.679984,0 -76.330444,3.679048,0 -76.330696,3.678082,0 -76.331231,3.676169,0 -76.331390,3.675847,0 -76.331583,3.675540,0 -76.331962,3.675142,0 -76.332352,3.674835,0 -76.332808,3.674620,0 -76.333195,3.674505,0 -76.333655,3.674446,0 -76.334045,3.674457,0 -76.337833,3.675084,0 -76.339778,3.675375,0 -76.341655,3.675713,0 -76.342293,3.675782,0 -76.342848,3.675831,0 -76.343171,3.675810,0 -76.343420,3.675769,0 -76.343502,3.675751,0 -76.343786,3.675667,0 -76.344112,3.675531,0 -76.344415,3.675358,0 -76.345062,3.674878,0 -76.345667,3.674366,0 -76.346099,3.674112,0 -76.346654,3.673900,0 -76.347335,3.673817,0 -76.349308,3.673801,0 -76.350389,3.673785,0 -76.351102,3.673796,0 -76.351857,3.673788,0 -76.352221,3.673745,0 -76.352519,3.673672,0 -76.352973,3.673461,0 -76.353613,3.673074,0 -76.354240,3.672658,0 -76.354789,3.672377,0 -76.356591,3.671689,0 -76.359626,3.670530,0 -76.360923,3.670204,0 -76.362015,3.669865,0 -76.362660,3.672515,0 -76.362718,3.672578,0 -76.362806,3.672626,0 -76.362901,3.672644,0 -76.363439,3.672712,0 -76.364859,3.672892,0 -76.364966,3.672959,0 -76.364990,3.673046,0 -76.364714,3.675481,0 -76.364449,3.677939,0 -76.364236,3.680871,0 -76.368259,3.681437,0 -76.368460,3.681465,0 -76.371139,3.681933,0 -76.371926,3.682070,0 -76.372249,3.682116,0 -76.374088,3.682377,0 -76.375136,3.682512,0 -76.377164,3.682774,0 -76.378220,3.682924,0 -76.378778,3.683015,0 -76.380071,3.683277,0 -76.380398,3.683309,0 -76.380876,3.683507,0 -76.381734,3.683839,0 -76.382399,3.684118,0 -76.382951,3.682774,0 -76.390160,3.684990,0 -76.393261,3.685236,0 -76.396297,3.685857,0 -76.402456,3.687330,0 -76.406205,3.674824,0 -76.406254,3.674738,0 -76.406356,3.674706,0 -76.406146,3.671489,0 -76.406136,3.671360,0 -76.406066,3.671285,0 -76.406066,3.671285,0 -76.396737,3.666617,0 -76.395704,3.666192,0 -76.395385,3.666061,0 -76.394833,3.665842,0 -76.393955,3.665495,0 -76.392715,3.665005,0 -76.391572,3.664552,0 -76.390439,3.664104,0 -76.389665,3.663798,0 -76.389538,3.663748,0 -76.385078,3.661680,0 -76.384123,3.661238,0 -76.380388,3.659506,0 -76.380620,3.659398,0 -76.381600,3.656110,0 -76.382224,3.654018,0 -76.376924,3.651020,0 -76.374692,3.655048,0 -76.376924,3.651020,0 -76.382224,3.654018,0 -76.380620,3.659398,0 -76.380388,3.659506,0 -76.378331,3.658553,0 -76.373647,3.656381,0 -76.375115,3.653889,0 -76.376945,3.650626,0 -76.377027,3.650443,0 -76.377032,3.650375,0 -76.377019,3.650326,0 -76.377000,3.650290,0 -76.376959,3.650250,0 -76.376923,3.650224,0 -76.376888,3.650212,0 -76.376853,3.650202,0 -76.376763,3.650205,0 -76.376695,3.650225,0 -76.376651,3.650257,0 -76.376498,3.650401,0 -76.375957,3.651957,0 -76.375569,3.652746,0 -76.373850,3.655776,0 -76.372965,3.657193,0 -76.372530,3.657894,0 -76.372082,3.658592,0 -76.370829,3.660490,0 -76.370493,3.660981,0 -76.370351,3.661188,0 -76.369111,3.662575,0 -76.368825,3.662958,0 -76.368783,3.663019,0 -76.368418,3.663542,0 -76.368395,3.663587,0 -76.368042,3.664272,0 -76.367611,3.665370,0 -76.367047,3.666365,0 -76.366467,3.667111,0 -76.365949,3.667636,0 -76.365330,3.668143,0 -76.364874,3.668450,0 -76.363972,3.668922,0 -76.363037,3.669334,0 -76.361976,3.669720,0 -76.360891,3.670051,0 -76.359087,3.670531,0 -76.354948,3.672099,0 -76.354466,3.672303,0 -76.353798,3.672699,0 -76.353076,3.673173,0 -76.352552,3.673408,0 -76.351928,3.673526,0 -76.351447,3.673525,0 -76.350862,3.673420,0 -76.350386,3.673264,0 -76.350153,3.673227,0 -76.349949,3.673215,0 -76.349898,3.673211,0 -76.349558,3.673233,0 -76.349211,3.673302,0 -76.348345,3.673566,0 -76.347932,3.673633,0 -76.347009,3.673641,0 -76.346628,3.673721,0 -76.346239,3.673842,0 -76.346214,3.673855,0 -76.345687,3.674139,0 -76.344686,3.674894,0 -76.344316,3.675126,0 -76.343809,3.675365,0 -76.343274,3.675514,0 -76.342841,3.675563,0 -76.342358,3.675563,0 -76.342117,3.675528,0 -76.341554,3.675436,0 -76.338332,3.674910,0 -76.335076,3.674356,0 -76.333847,3.674166,0 -76.333456,3.674176,0 -76.333071,3.674243,0 -76.332804,3.674328,0 -76.332643,3.674380,0 -76.332202,3.674607,0 -76.331774,3.674928,0 -76.331522,3.675213,0 -76.331428,3.675319,0 -76.331214,3.675673,0 -76.331173,3.675739,0 -76.330992,3.676242,0 -76.330039,3.679963,0 -76.329832,3.680493,0 -76.329621,3.680899,0 -76.328800,3.682637,0 -76.328648,3.683084,0 -76.328551,3.683801,0 -76.328564,3.684439,0 -76.328559,3.684992,0 -76.328537,3.685651,0 -76.328499,3.685924,0 -76.328452,3.686135,0 -76.328209,3.686888,0 -76.327859,3.687725,0 -76.327728,3.688159,0 -76.327690,3.688764,0 -76.327741,3.689925,0 -76.327595,3.690668,0 -76.327383,3.691157,0 -76.327328,3.691269,0 -76.325710,3.693780,0 -76.323152,3.696732,0 -76.322895,3.697201,0 -76.322416,3.698761,0 -76.322148,3.699222,0 -76.321626,3.699791,0 -76.321322,3.699989,0 -76.320827,3.700228,0 -76.319980,3.700528,0 -76.319900,3.700517,0 -76.319729,3.700556,0 -76.319299,3.700707,0 -76.319135,3.700765,0 -76.318965,3.700765,0 -76.318802,3.700745,0 -76.318650,3.700670,0 -76.318391,3.700398,0 -76.318261,3.700249,0 -76.317771,3.699683,0 -76.317531,3.699291,0 -76.317244,3.698764,0 -76.316904,3.698154,0 -76.316527,3.697456,0 -76.316249,3.696928,0 -76.316056,3.696537,0 -76.315983,3.696413,0 -76.315798,3.696053,0 -76.315665,3.695779,0 -76.315633,3.695706,0 -76.315241,3.695035,0 -76.315142,3.694845,0 -76.314940,3.694457,0 -76.314718,3.694026,0 -76.314588,3.693776,0 -76.314410,3.693432,0 -76.314204,3.693036,0 -76.313714,3.692085,0 -76.313346,3.691411,0 -76.313207,3.691166,0 -76.312978,3.690838,0 -76.312793,3.690634,0 -76.312529,3.690337,0 -76.312264,3.690086,0 -76.311991,3.689885,0 -76.311940,3.689850,0 -76.311455,3.689503,0 -76.308468,3.687600,0 -76.308136,3.687385,0 -76.307767,3.687145,0 -76.307400,3.686877,0 -76.306691,3.686396,0 -76.305920,3.685853,0 -76.305775,3.685734,0 -76.305472,3.685402,0 -76.305360,3.685260,0 -76.305271,3.685124,0 -76.304980,3.684668,0 -76.304873,3.684448,0 -76.304723,3.684029,0 -76.304522,3.683417,0 -76.304438,3.683112,0 -76.304256,3.682475,0 -76.304112,3.681965,0 -76.304076,3.681839,0 -76.303913,3.681268,0 -76.303480,3.679744,0 -76.303365,3.679326,0 -76.303304,3.679025,0 -76.303272,3.678894,0 -76.303165,3.678623,0 -76.302978,3.678154,0 -76.302784,3.677837,0 -76.302578,3.677567,0 -76.302020,3.676990,0 -76.301784,3.676749,0 -76.301592,3.676506,0 -76.300831,3.674837,0 -76.300503,3.674228,0 -76.300127,3.673650,0 -76.299867,3.673370,0 -76.299615,3.673108,0 -76.299319,3.672808,0 -76.299108,3.672616,0 -76.298767,3.672338,0 -76.298408,3.672083,0 -76.298033,3.671853,0 -76.297397,3.671535,0 -76.296731,3.671234,0 -76.294505,3.670172,0 -76.294081,3.669928,0 -76.293530,3.669516,0 -76.292927,3.668995,0 -76.292567,3.668584,0 -76.292325,3.668160,0 -76.292147,3.667680,0 -76.292045,3.667205,0 -76.292052,3.666561,0 -76.292316,3.665117,0 -76.292592,3.664513,0 -76.292748,3.663982,0 -76.292796,3.663705,0 -76.292818,3.663354,0 -76.292811,3.663080,0 -76.292793,3.662574,0 -76.292788,3.662281,0 -76.292809,3.661970,0 -76.292930,3.660988,0 -76.293357,3.658769,0 -76.293526,3.657736,0 -76.294062,3.654462,0 -76.294296,3.653863,0 -76.294430,3.653646,0 -76.295409,3.652516,0 -76.295609,3.652182,0 -76.296237,3.650549,0 -76.296337,3.650166,0 -76.296444,3.649449,0 -76.296455,3.648961,0 -76.296248,3.647288,0 -76.296135,3.646652,0 -76.295386,3.642697,0 -76.295270,3.642143,0 -76.295132,3.641632,0 -76.294728,3.640362,0 -76.294606,3.639926,0 -76.294506,3.639555,0 -76.294431,3.639261,0 -76.294328,3.638818,0 -76.294217,3.638378,0 -76.294119,3.638005,0 -76.294135,3.637930,0 -76.294144,3.637854,0 -76.294146,3.637777,0 -76.294139,3.637701,0 -76.294125,3.637626,0 -76.294104,3.637552,0 -76.294075,3.637481,0 -76.294040,3.637413,0 -76.293998,3.637349,0 -76.293949,3.637289,0 -76.293895,3.637235,0 -76.293836,3.637186,0 -76.292685,3.637341,0 -76.291879,3.637461,0 -76.291780,3.637513,0 -76.291724,3.637594,0 -76.291648,3.637771,0 -76.291558,3.638281,0 -76.291108,3.640649,0 -76.291060,3.640788,0 -76.290978,3.640876,0 -76.290884,3.640943,0 -76.288914,3.640820,0 -76.281417,3.640350,0 -76.281720,3.639793,0 -76.282056,3.638987,0 -76.282855,3.637072,0 -76.283184,3.636239,0 -76.283323,3.635887,0 -76.283352,3.635746,0 -76.283363,3.635685,0 -76.283339,3.635631,0 -76.283253,3.635476,0 -76.283847,3.635568,0 -76.284047,3.635600,0 -76.284201,3.635114,0 -76.284200,3.635058,0 -76.284199,3.635027,0 -76.284146,3.634945,0 -76.284038,3.634916,0 -76.283804,3.634871,0 -76.283752,3.634848,0 -76.283730,3.634779,0 -76.283766,3.634702,0 -76.283908,3.634503,0 -76.283957,3.634370,0 -76.283955,3.634317,0</coordinates></LineString></Placemark><Placemark><name>Ruta día 14</name><styleUrl>#dia14</styleUrl><ExtendedData><Data name="INGENIO"><value>Providencia</value></Data><Data name="DIA"><value>14</value></Data><Data name="PUNTOS"><value>PR-023, PR-036, PR-017</value></Data><Data name="N_PUNTOS"><value>3</value></Data><Data name="KM"><value>84.0</value></Data><Data name="HORAS_TOTALES"><value>7.73</value></Data><Data name="REGRESO"><value>14:13</value></Data><Data name="PEAJES"><value>1</value></Data><Data name="COSTO_COP"><value>534710</value></Data></ExtendedData><LineString><tessellate>1</tessellate><coordinates>-76.283955,3.634317,0 -76.283957,3.634370,0 -76.283908,3.634503,0 -76.283766,3.634702,0 -76.283730,3.634779,0 -76.283752,3.634848,0 -76.283804,3.634871,0 -76.284038,3.634916,0 -76.284146,3.634945,0 -76.284199,3.635027,0 -76.284200,3.635058,0 -76.284201,3.635114,0 -76.284047,3.635600,0 -76.283847,3.635568,0 -76.283253,3.635476,0 -76.282856,3.635125,0 -76.282526,3.634732,0 -76.282451,3.634504,0 -76.282488,3.634079,0 -76.282987,3.632063,0 -76.283073,3.631872,0 -76.283091,3.631912,0 -76.283115,3.631949,0 -76.283145,3.631981,0 -76.283180,3.632008,0 -76.283219,3.632029,0 -76.283261,3.632043,0 -76.283304,3.632051,0 -76.283349,3.632051,0 -76.283392,3.632044,0 -76.283434,3.632029,0 -76.283473,3.632009,0 -76.283508,3.631982,0 -76.283538,3.631950,0 -76.283563,3.631913,0 -76.283581,3.631873,0 -76.283592,3.631830,0 -76.283596,3.631786,0 -76.283593,3.631742,0 -76.283583,3.631699,0 -76.283566,3.631658,0 -76.283542,3.631620,0 -76.283512,3.631587,0 -76.283477,3.631560,0 -76.283439,3.631538,0 -76.283390,3.631519,0 -76.283353,3.631515,0 -76.283285,3.631394,0 -76.283186,3.631222,0 -76.282694,3.629509,0 -76.282726,3.629460,0 -76.282733,3.629405,0 -76.282695,3.629154,0 -76.282672,3.629074,0 -76.282625,3.628993,0 -76.282495,3.628796,0 -76.282495,3.628754,0 -76.281248,3.626724,0 -76.281008,3.626334,0 -76.280317,3.625210,0 -76.280296,3.625116,0 -76.280319,3.625031,0 -76.280386,3.624967,0 -76.280490,3.624906,0 -76.281347,3.624521,0 -76.283737,3.623365,0 -76.285610,3.625090,0 -76.287206,3.626574,0 -76.287473,3.626830,0 -76.287995,3.627314,0 -76.288784,3.628047,0 -76.289221,3.628462,0 -76.289498,3.628733,0 -76.289609,3.628851,0 -76.289697,3.628955,0 -76.289777,3.629059,0 -76.289834,3.629153,0 -76.289891,3.629246,0 -76.289945,3.629359,0 -76.289995,3.629473,0 -76.290048,3.629613,0 -76.290088,3.629740,0 -76.290161,3.629987,0 -76.290458,3.631035,0 -76.290694,3.631860,0 -76.290705,3.631898,0 -76.290721,3.631954,0 -76.290734,3.631998,0 -76.290774,3.632140,0 -76.291016,3.632990,0 -76.291153,3.633469,0 -76.291201,3.633631,0 -76.291257,3.633798,0 -76.291309,3.633924,0 -76.291374,3.634081,0 -76.291598,3.634548,0 -76.291639,3.634639,0 -76.291717,3.634802,0 -76.291810,3.634999,0 -76.291826,3.635033,0 -76.291929,3.635251,0 -76.292026,3.635462,0 -76.292136,3.635635,0 -76.292276,3.635841,0 -76.292476,3.636142,0 -76.292760,3.636577,0 -76.292864,3.636736,0 -76.292925,3.636806,0 -76.292985,3.636857,0 -76.293051,3.636906,0 -76.293121,3.636950,0 -76.293197,3.636984,0 -76.293277,3.637007,0 -76.293360,3.637023,0 -76.293439,3.637026,0 -76.293526,3.637018,0 -76.293783,3.636988,0 -76.294052,3.636946,0 -76.294162,3.636916,0 -76.294254,3.636879,0 -76.294333,3.636837,0 -76.294415,3.636786,0 -76.294482,3.636727,0 -76.294545,3.636670,0 -76.294595,3.636615,0 -76.294645,3.636539,0 -76.294691,3.636459,0 -76.294726,3.636383,0 -76.294747,3.636317,0 -76.294763,3.636262,0 -76.294793,3.636169,0 -76.294802,3.636087,0 -76.294801,3.636007,0 -76.294795,3.635937,0 -76.294788,3.635872,0 -76.294773,3.635803,0 -76.294749,3.635738,0 -76.294718,3.635662,0 -76.294628,3.635482,0 -76.294539,3.635306,0 -76.294441,3.635111,0 -76.294365,3.634960,0 -76.294289,3.634801,0 -76.294239,3.634688,0 -76.294200,3.634582,0 -76.294136,3.634387,0 -76.294074,3.634187,0 -76.294024,3.633996,0 -76.293986,3.633822,0 -76.293959,3.633642,0 -76.293937,3.633450,0 -76.293927,3.633283,0 -76.293922,3.633049,0 -76.293926,3.632836,0 -76.293941,3.632561,0 -76.293943,3.632428,0 -76.293940,3.632285,0 -76.293932,3.632165,0 -76.293920,3.632025,0 -76.293928,3.631942,0 -76.293953,3.631610,0 -76.293982,3.631236,0 -76.294025,3.630588,0 -76.294051,3.630122,0 -76.294076,3.629887,0 -76.294105,3.629667,0 -76.294148,3.629402,0 -76.294201,3.629135,0 -76.294255,3.628936,0 -76.294335,3.628674,0 -76.294416,3.628430,0 -76.294501,3.628219,0 -76.294584,3.628029,0 -76.294702,3.627796,0 -76.294867,3.627510,0 -76.295038,3.627245,0 -76.295218,3.626977,0 -76.295393,3.626763,0 -76.295604,3.626527,0 -76.295838,3.626308,0 -76.296507,3.625735,0 -76.296819,3.625500,0 -76.297391,3.625050,0 -76.297962,3.624616,0 -76.298744,3.624006,0 -76.299649,3.623302,0 -76.300359,3.622758,0 -76.300712,3.622479,0 -76.300773,3.622433,0 -76.301369,3.621979,0 -76.302282,3.621259,0 -76.302390,3.621178,0 -76.303101,3.620638,0 -76.304121,3.619840,0 -76.304938,3.619212,0 -76.305544,3.618743,0 -76.305947,3.618424,0 -76.306311,3.618138,0 -76.306560,3.617929,0 -76.306787,3.617723,0 -76.307009,3.617479,0 -76.307194,3.617265,0 -76.307350,3.617075,0 -76.307489,3.616880,0 -76.307610,3.616708,0 -76.307741,3.616478,0 -76.307860,3.616259,0 -76.307979,3.616015,0 -76.308072,3.615845,0 -76.308111,3.615742,0 -76.308243,3.615416,0 -76.308446,3.614929,0 -76.308715,3.614297,0 -76.309066,3.613469,0 -76.309368,3.612744,0 -76.309661,3.612075,0 -76.309744,3.611890,0 -76.309860,3.611601,0 -76.309989,3.611265,0 -76.310378,3.610289,0 -76.310483,3.610043,0 -76.310911,3.609023,0 -76.311534,3.607543,0 -76.312560,3.605051,0 -76.315095,3.597987,0 -76.319360,3.588922,0 -76.319844,3.588174,0 -76.320173,3.587784,0 -76.320544,3.587415,0 -76.320838,3.587140,0 -76.321809,3.586291,0 -76.322760,3.585506,0 -76.323090,3.585217,0 -76.325420,3.583230,0 -76.325618,3.583061,0 -76.325940,3.582784,0 -76.326431,3.582350,0 -76.327177,3.581542,0 -76.327359,3.581312,0 -76.327542,3.581012,0 -76.327676,3.580744,0 -76.327784,3.580518,0 -76.327868,3.580317,0 -76.328006,3.579930,0 -76.328647,3.578142,0 -76.328733,3.577858,0 -76.328824,3.577540,0 -76.329585,3.574796,0 -76.331214,3.570290,0 -76.331278,3.570140,0 -76.331468,3.569747,0 -76.333062,3.566743,0 -76.333086,3.566687,0 -76.333378,3.566010,0 -76.333810,3.564238,0 -76.333978,3.563696,0 -76.334675,3.561889,0 -76.335057,3.560830,0 -76.335620,3.558929,0 -76.335883,3.558016,0 -76.336146,3.557026,0 -76.336228,3.556745,0 -76.336818,3.554714,0 -76.337453,3.552411,0 -76.337621,3.551824,0 -76.338365,3.549206,0 -76.338515,3.548521,0 -76.338595,3.548058,0 -76.338619,3.547562,0 -76.338579,3.546339,0 -76.338447,3.545496,0 -76.338370,3.545078,0 -76.338316,3.544698,0 -76.338321,3.544130,0 -76.338617,3.537746,0 -76.338624,3.537044,0 -76.338585,3.536355,0 -76.338405,3.535160,0 -76.338264,3.534572,0 -76.338213,3.534391,0 -76.337837,3.533298,0 -76.337536,3.531966,0 -76.337501,3.531639,0 -76.337495,3.531382,0 -76.337589,3.528405,0 -76.337602,3.527909,0 -76.337694,3.527672,0 -76.337705,3.527200,0 -76.337719,3.527061,0 -76.337759,3.526927,0 -76.337822,3.526803,0 -76.337907,3.526692,0 -76.338011,3.526598,0 -76.338130,3.526524,0 -76.338261,3.526474,0 -76.338399,3.526448,0 -76.338539,3.526446,0 -76.338666,3.526428,0 -76.338789,3.526390,0 -76.338904,3.526332,0 -76.339009,3.526257,0 -76.339100,3.526166,0 -76.339175,3.526062,0 -76.339233,3.525947,0 -76.339272,3.525824,0 -76.339290,3.525697,0 -76.339282,3.525240,0 -76.339270,3.525048,0 -76.339322,3.524785,0 -76.339417,3.524596,0 -76.339531,3.524454,0 -76.339746,3.524295,0 -76.340474,3.524132,0 -76.340615,3.524022,0 -76.341818,3.523785,0 -76.343190,3.523510,0 -76.343241,3.523500,0 -76.343319,3.523484,0 -76.343393,3.523469,0 -76.343454,3.523457,0 -76.344567,3.523235,0 -76.352704,3.521410,0 -76.354788,3.521085,0 -76.355537,3.520966,0 -76.356640,3.520793,0 -76.357476,3.520661,0 -76.358790,3.520390,0 -76.360235,3.520005,0 -76.361971,3.519615,0 -76.362245,3.519549,0 -76.362373,3.519510,0 -76.362611,3.519430,0 -76.362874,3.519351,0 -76.363792,3.519134,0 -76.364687,3.518911,0 -76.369659,3.517594,0 -76.372727,3.516852,0 -76.378758,3.515524,0 -76.380805,3.514942,0 -76.382453,3.514533,0 -76.383977,3.514193,0 -76.385016,3.513998,0 -76.386059,3.513847,0 -76.387361,3.513581,0 -76.390876,3.512781,0 -76.391791,3.512580,0 -76.392020,3.512586,0 -76.392180,3.512580,0 -76.392326,3.512592,0 -76.392434,3.512614,0 -76.392507,3.512653,0 -76.392593,3.512712,0 -76.392682,3.512789,0 -76.392776,3.512920,0 -76.392896,3.513097,0 -76.393006,3.513293,0 -76.393103,3.513429,0 -76.393204,3.513539,0 -76.393387,3.513681,0 -76.393591,3.513852,0 -76.393692,3.513954,0 -76.393771,3.514050,0 -76.393822,3.514144,0 -76.393850,3.514235,0 -76.393862,3.514345,0 -76.393862,3.514471,0 -76.393854,3.514591,0 -76.393832,3.514746,0 -76.393827,3.514956,0 -76.393359,3.516759,0 -76.393244,3.517196,0 -76.393139,3.517584,0 -76.392915,3.518433,0 -76.392829,3.518777,0 -76.392766,3.519082,0 -76.392706,3.519455,0 -76.392647,3.519897,0 -76.392617,3.520145,0 -76.392570,3.520469,0 -76.392499,3.520819,0 -76.392354,3.521299,0 -76.392243,3.521820,0 -76.392214,3.521931,0 -76.392138,3.522211,0 -76.392082,3.522488,0 -76.391969,3.522771,0 -76.391901,3.523027,0 -76.391846,3.523249,0 -76.391776,3.523532,0 -76.391746,3.523701,0 -76.391680,3.524012,0 -76.391573,3.524525,0 -76.391497,3.524921,0 -76.391402,3.525410,0 -76.391286,3.526028,0 -76.391170,3.526716,0 -76.391137,3.526897,0 -76.390956,3.527841,0 -76.390824,3.528627,0 -76.390661,3.529487,0 -76.390547,3.530127,0 -76.390484,3.530468,0 -76.390377,3.531017,0 -76.390202,3.531913,0 -76.390000,3.533057,0 -76.389983,3.533148,0 -76.389945,3.533320,0 -76.389905,3.533468,0 -76.389829,3.533646,0 -76.389754,3.533764,0 -76.389708,3.533842,0 -76.389572,3.534036,0 -76.389523,3.534101,0 -76.389487,3.534176,0 -76.389468,3.534256,0 -76.389465,3.534338,0 -76.389480,3.534419,0 -76.389510,3.534496,0 -76.389556,3.534565,0 -76.389586,3.534597,0 -76.389643,3.534644,0 -76.389708,3.534679,0 -76.389778,3.534702,0 -76.389852,3.534712,0 -76.389926,3.534708,0 -76.390006,3.534688,0 -76.390174,3.534645,0 -76.390351,3.534615,0 -76.390526,3.534593,0 -76.390634,3.534584,0 -76.390688,3.534582,0 -76.390829,3.534579,0 -76.390958,3.534590,0 -76.391005,3.534594,0 -76.391074,3.534602,0 -76.391194,3.534621,0 -76.391507,3.534667,0 -76.392524,3.534848,0 -76.392786,3.534894,0 -76.393304,3.534987,0 -76.393734,3.535063,0 -76.393805,3.535076,0 -76.393935,3.535099,0 -76.394143,3.535136,0 -76.395376,3.535356,0 -76.396024,3.535470,0 -76.397543,3.535741,0 -76.397795,3.535780,0 -76.399761,3.536130,0 -76.399893,3.536147,0 -76.400093,3.536182,0 -76.400916,3.536329,0 -76.402632,3.536634,0 -76.402852,3.536672,0 -76.403134,3.536712,0 -76.404446,3.536942,0 -76.405289,3.537101,0 -76.405726,3.537217,0 -76.406197,3.537376,0 -76.406627,3.537541,0 -76.406903,3.537673,0 -76.407254,3.537861,0 -76.407682,3.538103,0 -76.408000,3.538350,0 -76.408425,3.538673,0 -76.408631,3.538834,0 -76.408957,3.539138,0 -76.409284,3.539478,0 -76.409642,3.539859,0 -76.410258,3.540567,0 -76.410644,3.541012,0 -76.411010,3.541430,0 -76.411457,3.541927,0 -76.411800,3.542326,0 -76.412236,3.542841,0 -76.412775,3.543454,0 -76.413304,3.543988,0 -76.413613,3.544334,0 -76.414016,3.544800,0 -76.414402,3.545233,0 -76.414487,3.545339,0 -76.414805,3.545735,0 -76.415134,3.546107,0 -76.415750,3.546827,0 -76.416141,3.547258,0 -76.416748,3.547948,0 -76.416958,3.548151,0 -76.417703,3.549034,0 -76.417827,3.549163,0 -76.418233,3.549598,0 -76.418714,3.550199,0 -76.419310,3.550917,0 -76.419754,3.551435,0 -76.420322,3.552104,0 -76.421643,3.553624,0 -76.421892,3.553886,0 -76.422256,3.554327,0 -76.423100,3.555270,0 -76.423211,3.555411,0 -76.423587,3.555817,0 -76.423864,3.556142,0 -76.424118,3.556446,0 -76.424679,3.557081,0 -76.424721,3.557126,0 -76.424761,3.557178,0 -76.424917,3.557341,0 -76.425106,3.557561,0 -76.425305,3.557763,0 -76.425549,3.557979,0 -76.425821,3.558167,0 -76.426035,3.558293,0 -76.426095,3.558328,0 -76.426371,3.558451,0 -76.426637,3.558550,0 -76.426948,3.558636,0 -76.427224,3.558684,0 -76.427302,3.558694,0 -76.427545,3.558726,0 -76.427770,3.558731,0 -76.428154,3.558718,0 -76.429096,3.558673,0 -76.429588,3.558651,0 -76.429858,3.558633,0 -76.430783,3.558590,0 -76.431387,3.558556,0 -76.432095,3.558518,0 -76.432377,3.558506,0 -76.432728,3.558491,0 -76.433640,3.558448,0 -76.433779,3.558443,0 -76.434286,3.558422,0 -76.434792,3.558412,0 -76.435347,3.558415,0 -76.435775,3.558430,0 -76.436284,3.558445,0 -76.436754,3.558467,0 -76.436982,3.558486,0 -76.438160,3.558579,0 -76.438709,3.558628,0 -76.439514,3.558705,0 -76.441565,3.558894,0 -76.443547,3.559092,0 -76.444633,3.559202,0 -76.445172,3.559261,0 -76.445795,3.559328,0 -76.445874,3.559337,0 -76.446752,3.559435,0 -76.447289,3.559483,0 -76.447584,3.559515,0 -76.448010,3.559569,0 -76.448640,3.559638,0 -76.449252,3.559711,0 -76.449830,3.559766,0 -76.450121,3.559794,0 -76.451156,3.559898,0 -76.451722,3.559965,0 -76.452444,3.560045,0 -76.453887,3.560150,0 -76.454278,3.560178,0 -76.454563,3.560201,0 -76.454965,3.560209,0 -76.455298,3.560201,0 -76.455403,3.560192,0 -76.455454,3.560189,0 -76.455697,3.560171,0 -76.455979,3.560149,0 -76.456038,3.560144,0 -76.456473,3.560104,0 -76.456776,3.560048,0 -76.457174,3.559972,0 -76.457604,3.559863,0 -76.458036,3.559746,0 -76.458341,3.559650,0 -76.458362,3.559720,0 -76.458396,3.559766,0 -76.458647,3.559897,0 -76.459831,3.560281,0 -76.460377,3.560459,0 -76.460405,3.560482,0 -76.460430,3.560509,0 -76.460450,3.560539,0 -76.460468,3.560575,0 -76.460479,3.560614,0 -76.460484,3.560653,0 -76.460483,3.560693,0 -76.460249,3.561589,0 -76.460059,3.562599,0 -76.460001,3.563250,0 -76.460001,3.563647,0 -76.460018,3.563839,0 -76.459984,3.563874,0 -76.459949,3.563912,0 -76.459899,3.564006,0 -76.459776,3.564186,0 -76.459276,3.565156,0 -76.458629,3.566469,0 -76.457854,3.567979,0 -76.457256,3.569138,0 -76.457131,3.569300,0 -76.456959,3.569415,0 -76.456917,3.569447,0 -76.456877,3.569482,0 -76.456840,3.569521,0 -76.456802,3.569568,0 -76.456769,3.569618,0 -76.456740,3.569671,0 -76.456717,3.569727,0 -76.456314,3.570909,0 -76.455873,3.572163,0 -76.455405,3.573583,0 -76.455215,3.574151,0 -76.455206,3.574226,0 -76.455202,3.574302,0 -76.455204,3.574378,0 -76.455211,3.574456,0 -76.455224,3.574533,0 -76.455242,3.574609,0 -76.455266,3.574683,0 -76.455305,3.574780,0 -76.455352,3.574874,0 -76.455406,3.574963,0 -76.455468,3.575047,0 -76.454973,3.581628,0 -76.454716,3.585043,0 -76.455043,3.585359,0 -76.454694,3.589471,0 -76.456136,3.589610,0 -76.456631,3.589658,0 -76.456947,3.589958,0 -76.457360,3.590392,0 -76.457645,3.590579,0 -76.458219,3.590911,0 -76.458582,3.591118,0 -76.459254,3.591500,0 -76.459506,3.591795,0 -76.459608,3.592105,0 -76.459689,3.592507,0 -76.459699,3.592726,0 -76.459560,3.593888,0 -76.459447,3.595253,0 -76.459447,3.595253,0 -76.459560,3.593888,0 -76.459699,3.592726,0 -76.459689,3.592507,0 -76.459608,3.592105,0 -76.459506,3.591795,0 -76.459254,3.591500,0 -76.458582,3.591118,0 -76.458219,3.590911,0 -76.457645,3.590579,0 -76.457360,3.590392,0 -76.456947,3.589958,0 -76.456631,3.589658,0 -76.456136,3.589610,0 -76.454694,3.589471,0 -76.455043,3.585359,0 -76.454716,3.585043,0 -76.455468,3.575047,0 -76.455406,3.574963,0 -76.455352,3.574874,0 -76.455305,3.574780,0 -76.455266,3.574683,0 -76.455242,3.574609,0 -76.455224,3.574533,0 -76.455211,3.574456,0 -76.455204,3.574378,0 -76.455202,3.574302,0 -76.455206,3.574226,0 -76.455215,3.574151,0 -76.455405,3.573583,0 -76.455873,3.572163,0 -76.456314,3.570909,0 -76.456717,3.569727,0 -76.456740,3.569671,0 -76.456769,3.569618,0 -76.456802,3.569568,0 -76.456840,3.569521,0 -76.456877,3.569482,0 -76.456917,3.569447,0 -76.456959,3.569415,0 -76.457131,3.569300,0 -76.457256,3.569138,0 -76.457854,3.567979,0 -76.458629,3.566469,0 -76.459276,3.565156,0 -76.459776,3.564186,0 -76.459899,3.564006,0 -76.459949,3.563912,0 -76.459984,3.563874,0 -76.460018,3.563839,0 -76.460001,3.563647,0 -76.460001,3.563250,0 -76.460059,3.562599,0 -76.460249,3.561589,0 -76.460483,3.560693,0 -76.460484,3.560653,0 -76.460479,3.560614,0 -76.460468,3.560575,0 -76.460450,3.560539,0 -76.460430,3.560509,0 -76.460405,3.560482,0 -76.460377,3.560459,0 -76.459831,3.560281,0 -76.458647,3.559897,0 -76.458396,3.559766,0 -76.458362,3.559720,0 -76.458341,3.559650,0 -76.458546,3.559585,0 -76.458921,3.559448,0 -76.459345,3.559266,0 -76.459761,3.559079,0 -76.460405,3.558763,0 -76.460877,3.558530,0 -76.461443,3.558268,0 -76.461904,3.558072,0 -76.462116,3.557981,0 -76.462147,3.557959,0 -76.462173,3.557931,0 -76.462192,3.557898,0 -76.462203,3.557861,0 -76.462206,3.557823,0 -76.462200,3.557786,0 -76.462186,3.557750,0 -76.462164,3.557719,0 -76.462136,3.557693,0 -76.462103,3.557674,0 -76.462067,3.557662,0 -76.462029,3.557659,0 -76.461991,3.557664,0 -76.461955,3.557678,0 -76.461121,3.558110,0 -76.460830,3.558261,0 -76.460346,3.558517,0 -76.459790,3.558793,0 -76.459053,3.559178,0 -76.458779,3.559323,0 -76.458559,3.559438,0 -76.458342,3.559526,0 -76.458094,3.559616,0 -76.457801,3.559696,0 -76.457551,3.559748,0 -76.457305,3.559784,0 -76.457063,3.559799,0 -76.456859,3.559796,0 -76.456473,3.559767,0 -76.456298,3.559739,0 -76.456204,3.559727,0 -76.455877,3.559668,0 -76.455633,3.559625,0 -76.455441,3.559601,0 -76.455299,3.559589,0 -76.454997,3.559545,0 -76.454678,3.559519,0 -76.454447,3.559513,0 -76.454236,3.559523,0 -76.454069,3.559542,0 -76.453821,3.559572,0 -76.453468,3.559652,0 -76.453012,3.559751,0 -76.452607,3.559807,0 -76.452355,3.559826,0 -76.452082,3.559834,0 -76.451768,3.559818,0 -76.451481,3.559786,0 -76.451148,3.559748,0 -76.450805,3.559711,0 -76.450172,3.559641,0 -76.449772,3.559600,0 -76.449518,3.559574,0 -76.448780,3.559497,0 -76.448166,3.559427,0 -76.448018,3.559411,0 -76.446953,3.559293,0 -76.446404,3.559234,0 -76.445785,3.559171,0 -76.445669,3.559159,0 -76.444998,3.559090,0 -76.444311,3.559015,0 -76.443829,3.558963,0 -76.443512,3.558929,0 -76.443393,3.558917,0 -76.442013,3.558779,0 -76.441891,3.558766,0 -76.441184,3.558699,0 -76.440532,3.558643,0 -76.439985,3.558597,0 -76.439347,3.558544,0 -76.438657,3.558490,0 -76.438079,3.558450,0 -76.437183,3.558387,0 -76.436969,3.558372,0 -76.436394,3.558343,0 -76.435909,3.558323,0 -76.435453,3.558312,0 -76.435115,3.558312,0 -76.434777,3.558315,0 -76.434356,3.558325,0 -76.433624,3.558352,0 -76.433256,3.558368,0 -76.432885,3.558386,0 -76.432250,3.558399,0 -76.432171,3.558401,0 -76.432110,3.558406,0 -76.431978,3.558412,0 -76.431497,3.558441,0 -76.431201,3.558463,0 -76.430521,3.558497,0 -76.429774,3.558533,0 -76.428886,3.558576,0 -76.428103,3.558619,0 -76.427758,3.558628,0 -76.427541,3.558622,0 -76.427345,3.558606,0 -76.427066,3.558553,0 -76.426757,3.558478,0 -76.426452,3.558373,0 -76.426253,3.558288,0 -76.426028,3.558173,0 -76.425821,3.558050,0 -76.425628,3.557910,0 -76.425431,3.557762,0 -76.425195,3.557556,0 -76.424959,3.557307,0 -76.424613,3.556908,0 -76.424172,3.556395,0 -76.423850,3.556031,0 -76.423379,3.555497,0 -76.423029,3.555113,0 -76.422677,3.554713,0 -76.422230,3.554205,0 -76.421778,3.553690,0 -76.421342,3.553198,0 -76.421423,3.553115,0 -76.421884,3.552696,0 -76.422073,3.552524,0 -76.423227,3.551477,0 -76.423510,3.551221,0 -76.423554,3.551209,0 -76.423597,3.551217,0 -76.424217,3.551972,0 -76.424240,3.551984,0 -76.424268,3.551988,0 -76.424304,3.551968,0 -76.425923,3.550764,0 -76.427636,3.549812,0 -76.427884,3.551200,0 -76.427636,3.549812,0 -76.425923,3.550764,0 -76.424304,3.551968,0 -76.424268,3.551988,0 -76.424240,3.551984,0 -76.424217,3.551972,0 -76.423597,3.551217,0 -76.423554,3.551209,0 -76.423510,3.551221,0 -76.423227,3.551477,0 -76.422073,3.552524,0 -76.421423,3.553115,0 -76.421342,3.553198,0 -76.420952,3.552745,0 -76.420457,3.552176,0 -76.420064,3.551693,0 -76.419819,3.551389,0 -76.419608,3.551123,0 -76.419377,3.550836,0 -76.418386,3.549590,0 -76.417876,3.548933,0 -76.417574,3.548547,0 -76.417378,3.548316,0 -76.416839,3.547732,0 -76.416704,3.547606,0 -76.416030,3.546856,0 -76.415757,3.546545,0 -76.415282,3.546012,0 -76.415028,3.545714,0 -76.414525,3.545121,0 -76.414424,3.545008,0 -76.413882,3.544366,0 -76.413738,3.544176,0 -76.413449,3.543845,0 -76.413313,3.543691,0 -76.413126,3.543476,0 -76.412769,3.543080,0 -76.412319,3.542569,0 -76.411666,3.541821,0 -76.411287,3.541406,0 -76.411226,3.541331,0 -76.410922,3.540986,0 -76.410452,3.540451,0 -76.410418,3.540408,0 -76.410175,3.540116,0 -76.409942,3.539818,0 -76.409685,3.539506,0 -76.409456,3.539246,0 -76.409198,3.538990,0 -76.409161,3.538962,0 -76.408957,3.538775,0 -76.408713,3.538585,0 -76.408395,3.538352,0 -76.407672,3.537869,0 -76.407478,3.537758,0 -76.407225,3.537616,0 -76.406949,3.537471,0 -76.406681,3.537329,0 -76.406370,3.537195,0 -76.406000,3.537077,0 -76.405831,3.537030,0 -76.405656,3.536981,0 -76.405258,3.536894,0 -76.404441,3.536748,0 -76.404370,3.536736,0 -76.403146,3.536531,0 -76.403063,3.536516,0 -76.402352,3.536389,0 -76.401471,3.536244,0 -76.401134,3.536189,0 -76.400457,3.536072,0 -76.400033,3.536000,0 -76.399597,3.535929,0 -76.397336,3.535525,0 -76.395440,3.535190,0 -76.393959,3.534925,0 -76.393861,3.534908,0 -76.393122,3.534778,0 -76.392121,3.534603,0 -76.391409,3.534481,0 -76.391105,3.534431,0 -76.390729,3.534359,0 -76.390639,3.534332,0 -76.390536,3.534300,0 -76.390455,3.534262,0 -76.390361,3.534189,0 -76.390209,3.534094,0 -76.390158,3.534030,0 -76.390105,3.533705,0 -76.390096,3.533548,0 -76.390121,3.533388,0 -76.390199,3.533051,0 -76.390300,3.532407,0 -76.390376,3.531970,0 -76.390452,3.531575,0 -76.390667,3.530494,0 -76.390790,3.529821,0 -76.390885,3.529317,0 -76.390932,3.529067,0 -76.391039,3.528314,0 -76.391144,3.527644,0 -76.391233,3.527073,0 -76.391340,3.526585,0 -76.391451,3.525932,0 -76.391522,3.525604,0 -76.391610,3.525265,0 -76.391709,3.524950,0 -76.391836,3.524603,0 -76.391951,3.524330,0 -76.392078,3.524017,0 -76.392107,3.523953,0 -76.392270,3.523583,0 -76.392329,3.523417,0 -76.392369,3.523311,0 -76.392459,3.523060,0 -76.392511,3.522808,0 -76.392556,3.522576,0 -76.392579,3.522370,0 -76.392598,3.522224,0 -76.392626,3.521959,0 -76.392634,3.521866,0 -76.392708,3.521097,0 -76.392808,3.520670,0 -76.392852,3.520173,0 -76.392878,3.519839,0 -76.392903,3.519598,0 -76.392928,3.519369,0 -76.392967,3.519144,0 -76.393022,3.518886,0 -76.393119,3.518512,0 -76.393293,3.517813,0 -76.393589,3.516780,0 -76.393680,3.516405,0 -76.393837,3.515834,0 -76.394002,3.515198,0 -76.394151,3.514594,0 -76.394235,3.514254,0 -76.394457,3.513382,0 -76.394766,3.512229,0 -76.394909,3.511674,0 -76.394992,3.511359,0 -76.395038,3.511194,0 -76.395074,3.511097,0 -76.395155,3.510987,0 -76.395283,3.510875,0 -76.395455,3.510789,0 -76.395613,3.510752,0 -76.395766,3.510752,0 -76.395900,3.510776,0 -76.396021,3.510813,0 -76.396131,3.510872,0 -76.396193,3.510947,0 -76.396244,3.511033,0 -76.396267,3.511140,0 -76.396267,3.511239,0 -76.396243,3.511349,0 -76.396182,3.511461,0 -76.396142,3.511505,0 -76.396127,3.511515,0 -76.396064,3.511549,0 -76.395943,3.511584,0 -76.395887,3.511604,0 -76.395856,3.511625,0 -76.392701,3.512159,0 -76.391204,3.512468,0 -76.386620,3.513516,0 -76.384870,3.513786,0 -76.383275,3.514110,0 -76.383097,3.514147,0 -76.381167,3.514611,0 -76.380419,3.514809,0 -76.379311,3.515126,0 -76.379025,3.515203,0 -76.378721,3.515275,0 -76.378375,3.515336,0 -76.378005,3.515392,0 -76.377532,3.515469,0 -76.376646,3.515619,0 -76.370997,3.516887,0 -76.367881,3.517612,0 -76.365579,3.518200,0 -76.362414,3.518957,0 -76.361158,3.519226,0 -76.360326,3.519475,0 -76.359309,3.519839,0 -76.358629,3.520124,0 -76.358073,3.520315,0 -76.357594,3.520422,0 -76.357136,3.520503,0 -76.356607,3.520576,0 -76.356473,3.520587,0 -76.355722,3.520704,0 -76.355047,3.520701,0 -76.354734,3.520702,0 -76.354566,3.520718,0 -76.354242,3.520780,0 -76.351736,3.521364,0 -76.345592,3.522696,0 -76.344784,3.522871,0 -76.342764,3.523309,0 -76.341713,3.523537,0 -76.341277,3.523631,0 -76.340470,3.523795,0 -76.338602,3.524222,0 -76.337047,3.524567,0 -76.336893,3.524575,0 -76.336742,3.524545,0 -76.336603,3.524480,0 -76.336485,3.524382,0 -76.336394,3.524259,0 -76.336336,3.524117,0 -76.336314,3.523965,0 -76.336331,3.523813,0 -76.336384,3.523669,0 -76.336471,3.523542,0 -76.336587,3.523441,0 -76.336724,3.523371,0 -76.336873,3.523337,0 -76.337027,3.523340,0 -76.337175,3.523381,0 -76.337309,3.523457,0 -76.337420,3.523563,0 -76.337501,3.523693,0 -76.337549,3.523838,0 -76.337552,3.523991,0 -76.337541,3.524240,0 -76.337528,3.524775,0 -76.337533,3.525503,0 -76.337501,3.526986,0 -76.337490,3.527640,0 -76.337486,3.527825,0 -76.337473,3.528378,0 -76.337345,3.531660,0 -76.337377,3.531979,0 -76.337471,3.532485,0 -76.338246,3.536193,0 -76.338442,3.537355,0 -76.338439,3.538300,0 -76.338156,3.544138,0 -76.338156,3.544547,0 -76.338174,3.544765,0 -76.338193,3.545032,0 -76.338257,3.545410,0 -76.338335,3.545806,0 -76.338402,3.546191,0 -76.338456,3.546593,0 -76.338474,3.546981,0 -76.338472,3.547367,0 -76.338453,3.547793,0 -76.338383,3.548313,0 -76.338288,3.548830,0 -76.337804,3.550555,0 -76.337302,3.552341,0 -76.337136,3.552910,0 -76.336025,3.556875,0 -76.335470,3.558835,0 -76.334888,3.560865,0 -76.334416,3.562166,0 -76.333893,3.563448,0 -76.333713,3.564056,0 -76.333485,3.564987,0 -76.333244,3.565935,0 -76.333190,3.566104,0 -76.333123,3.566259,0 -76.332997,3.566565,0 -76.332680,3.567175,0 -76.331132,3.570073,0 -76.331058,3.570237,0 -76.330953,3.570502,0 -76.329291,3.575256,0 -76.328608,3.577739,0 -76.328526,3.578014,0 -76.328347,3.578538,0 -76.327766,3.580104,0 -76.327688,3.580328,0 -76.327550,3.580648,0 -76.327370,3.580948,0 -76.327182,3.581247,0 -76.326906,3.581633,0 -76.326552,3.581998,0 -76.326012,3.582489,0 -76.325353,3.583049,0 -76.322656,3.585378,0 -76.321277,3.586518,0 -76.320671,3.587109,0 -76.320231,3.587499,0 -76.319903,3.587846,0 -76.319648,3.588159,0 -76.319335,3.588649,0 -76.319063,3.589155,0 -76.317467,3.592572,0 -76.314897,3.598064,0 -76.312383,3.605146,0 -76.311364,3.607571,0 -76.310362,3.609968,0 -76.310232,3.610279,0 -76.310146,3.610458,0 -76.309937,3.610980,0 -76.309801,3.611330,0 -76.309764,3.611424,0 -76.309613,3.611799,0 -76.309326,3.612480,0 -76.308863,3.613550,0 -76.308642,3.614075,0 -76.308340,3.614778,0 -76.308054,3.615445,0 -76.307964,3.615667,0 -76.307868,3.615881,0 -76.307744,3.616141,0 -76.307660,3.616315,0 -76.307570,3.616489,0 -76.307478,3.616642,0 -76.307377,3.616786,0 -76.307221,3.616990,0 -76.307039,3.617220,0 -76.306813,3.617482,0 -76.306579,3.617707,0 -76.306352,3.617905,0 -76.306091,3.618122,0 -76.305384,3.618671,0 -76.304935,3.619016,0 -76.304161,3.619613,0 -76.303488,3.620140,0 -76.302929,3.620571,0 -76.302353,3.621008,0 -76.302276,3.621068,0 -76.302025,3.621265,0 -76.301524,3.621658,0 -76.300778,3.622234,0 -76.300612,3.622362,0 -76.300543,3.622415,0 -76.299864,3.622940,0 -76.299074,3.623545,0 -76.298053,3.624348,0 -76.297423,3.624827,0 -76.297087,3.625093,0 -76.296726,3.625371,0 -76.296415,3.625612,0 -76.296035,3.625931,0 -76.295696,3.626227,0 -76.295505,3.626409,0 -76.295331,3.626602,0 -76.295167,3.626800,0 -76.294888,3.627196,0 -76.294679,3.627523,0 -76.294593,3.627684,0 -76.294458,3.627952,0 -76.294362,3.628160,0 -76.294282,3.628364,0 -76.294196,3.628602,0 -76.294119,3.628856,0 -76.294046,3.629134,0 -76.293992,3.629440,0 -76.293955,3.629678,0 -76.293923,3.629919,0 -76.293896,3.630173,0 -76.293872,3.630550,0 -76.293845,3.631067,0 -76.293803,3.631647,0 -76.293777,3.631873,0 -76.293740,3.632293,0 -76.293708,3.632625,0 -76.293673,3.633238,0 -76.293668,3.633332,0 -76.293608,3.634182,0 -76.293586,3.634326,0 -76.293545,3.634466,0 -76.293485,3.634598,0 -76.293408,3.634721,0 -76.293314,3.634833,0 -76.293205,3.634930,0 -76.293085,3.635012,0 -76.292954,3.635076,0 -76.292815,3.635121,0 -76.292672,3.635147,0 -76.292526,3.635154,0 -76.292381,3.635140,0 -76.292239,3.635106,0 -76.292103,3.635053,0 -76.291976,3.634982,0 -76.291860,3.634894,0 -76.291757,3.634791,0 -76.291669,3.634675,0 -76.291598,3.634548,0 -76.291374,3.634081,0 -76.291309,3.633924,0 -76.291257,3.633798,0 -76.291201,3.633631,0 -76.291153,3.633469,0 -76.291016,3.632990,0 -76.290774,3.632140,0 -76.290734,3.631998,0 -76.290721,3.631954,0 -76.290705,3.631898,0 -76.290694,3.631860,0 -76.290458,3.631035,0 -76.290161,3.629987,0 -76.290088,3.629740,0 -76.290048,3.629613,0 -76.289995,3.629473,0 -76.289945,3.629359,0 -76.289891,3.629246,0 -76.289834,3.629153,0 -76.289777,3.629059,0 -76.289697,3.628955,0 -76.289609,3.628851,0 -76.289498,3.628733,0 -76.289221,3.628462,0 -76.288784,3.628047,0 -76.287995,3.627314,0 -76.287473,3.626830,0 -76.287206,3.626574,0 -76.285610,3.625090,0 -76.283737,3.623365,0 -76.281347,3.624521,0 -76.280490,3.624906,0 -76.280386,3.624967,0 -76.280319,3.625031,0 -76.280296,3.625116,0 -76.280317,3.625210,0 -76.281008,3.626334,0 -76.281248,3.626724,0 -76.282495,3.628754,0 -76.282495,3.628796,0 -76.282625,3.628993,0 -76.282672,3.629074,0 -76.282695,3.629154,0 -76.282733,3.629405,0 -76.282726,3.629460,0 -76.282694,3.629509,0 -76.283186,3.631222,0 -76.283145,3.631584,0 -76.283115,3.631617,0 -76.283090,3.631655,0 -76.283072,3.631696,0 -76.283061,3.631740,0 -76.283058,3.631784,0 -76.283062,3.631829,0 -76.283073,3.631872,0 -76.282987,3.632063,0 -76.282488,3.634079,0 -76.282451,3.634504,0 -76.282526,3.634732,0 -76.282856,3.635125,0 -76.283253,3.635476,0 -76.283847,3.635568,0 -76.284047,3.635600,0 -76.284201,3.635114,0 -76.284200,3.635058,0 -76.284199,3.635027,0 -76.284146,3.634945,0 -76.284038,3.634916,0 -76.283804,3.634871,0 -76.283752,3.634848,0 -76.283730,3.634779,0 -76.283766,3.634702,0 -76.283908,3.634503,0 -76.283957,3.634370,0 -76.283955,3.634317,0</coordinates></LineString></Placemark><Placemark><name>Ruta día 15</name><styleUrl>#dia15</styleUrl><ExtendedData><Data name="INGENIO"><value>Providencia</value></Data><Data name="DIA"><value>15</value></Data><Data name="PUNTOS"><value>PR-002, PR-018, PR-031</value></Data><Data name="N_PUNTOS"><value>3</value></Data><Data name="KM"><value>71.2</value></Data><Data name="HORAS_TOTALES"><value>7.74</value></Data><Data name="REGRESO"><value>14:14</value></Data><Data name="PEAJES"><value>0</value></Data><Data name="COSTO_COP"><value>516526</value></Data></ExtendedData><LineString><tessellate>1</tessellate><coordinates>-76.283955,3.634317,0 -76.283957,3.634370,0 -76.283908,3.634503,0 -76.283766,3.634702,0 -76.283730,3.634779,0 -76.283752,3.634848,0 -76.283804,3.634871,0 -76.284038,3.634916,0 -76.284146,3.634945,0 -76.284199,3.635027,0 -76.284200,3.635058,0 -76.284201,3.635114,0 -76.284047,3.635600,0 -76.283847,3.635568,0 -76.283253,3.635476,0 -76.282856,3.635125,0 -76.282526,3.634732,0 -76.282451,3.634504,0 -76.282488,3.634079,0 -76.282987,3.632063,0 -76.283073,3.631872,0 -76.283091,3.631912,0 -76.283115,3.631949,0 -76.283145,3.631981,0 -76.283180,3.632008,0 -76.283219,3.632029,0 -76.283261,3.632043,0 -76.283304,3.632051,0 -76.283349,3.632051,0 -76.283392,3.632044,0 -76.283434,3.632029,0 -76.283473,3.632009,0 -76.283508,3.631982,0 -76.283538,3.631950,0 -76.283563,3.631913,0 -76.283581,3.631873,0 -76.283592,3.631830,0 -76.283596,3.631786,0 -76.283593,3.631742,0 -76.283583,3.631699,0 -76.283566,3.631658,0 -76.283542,3.631620,0 -76.283512,3.631587,0 -76.283477,3.631560,0 -76.283439,3.631538,0 -76.283390,3.631519,0 -76.283353,3.631515,0 -76.283285,3.631394,0 -76.283186,3.631222,0 -76.282694,3.629509,0 -76.282726,3.629460,0 -76.282733,3.629405,0 -76.282695,3.629154,0 -76.282672,3.629074,0 -76.282625,3.628993,0 -76.282495,3.628796,0 -76.282495,3.628754,0 -76.281248,3.626724,0 -76.281008,3.626334,0 -76.280317,3.625210,0 -76.280296,3.625116,0 -76.280319,3.625031,0 -76.280386,3.624967,0 -76.280490,3.624906,0 -76.281347,3.624521,0 -76.283737,3.623365,0 -76.283247,3.622876,0 -76.281749,3.621462,0 -76.278505,3.618424,0 -76.277873,3.617832,0 -76.277184,3.617235,0 -76.277057,3.617109,0 -76.276863,3.616892,0 -76.276545,3.616590,0 -76.276335,3.616397,0 -76.275749,3.615858,0 -76.275082,3.615233,0 -76.274805,3.614966,0 -76.274407,3.614614,0 -76.274377,3.614574,0 -76.273946,3.614180,0 -76.273823,3.614064,0 -76.273641,3.613885,0 -76.273509,3.613744,0 -76.273371,3.613572,0 -76.273297,3.613463,0 -76.273265,3.613427,0 -76.273216,3.613369,0 -76.273170,3.613298,0 -76.273034,3.613103,0 -76.272956,3.612990,0 -76.272793,3.612754,0 -76.272690,3.612599,0 -76.272589,3.612451,0 -76.272461,3.612263,0 -76.272328,3.612069,0 -76.272255,3.611934,0 -76.272107,3.611685,0 -76.271921,3.611334,0 -76.271866,3.611236,0 -76.271627,3.610764,0 -76.271552,3.610614,0 -76.271413,3.610337,0 -76.271334,3.610178,0 -76.271275,3.610050,0 -76.271239,3.609960,0 -76.271201,3.609849,0 -76.271158,3.609697,0 -76.271129,3.609586,0 -76.271067,3.609246,0 -76.271058,3.609206,0 -76.271018,3.608947,0 -76.271005,3.608856,0 -76.270990,3.608760,0 -76.270962,3.608518,0 -76.270916,3.607999,0 -76.270901,3.607870,0 -76.270851,3.607480,0 -76.270824,3.607266,0 -76.270782,3.606908,0 -76.270766,3.606763,0 -76.270747,3.606582,0 -76.270728,3.606386,0 -76.270666,3.605827,0 -76.270587,3.605246,0 -76.270523,3.604845,0 -76.270493,3.604678,0 -76.270454,3.604455,0 -76.270121,3.602593,0 -76.270098,3.602416,0 -76.270074,3.602161,0 -76.270070,3.601919,0 -76.270156,3.601507,0 -76.270286,3.601111,0 -76.270369,3.600900,0 -76.270494,3.600601,0 -76.270980,3.599444,0 -76.271173,3.598889,0 -76.271241,3.598537,0 -76.271272,3.598089,0 -76.271334,3.597057,0 -76.271370,3.596580,0 -76.271487,3.595935,0 -76.272037,3.593571,0 -76.272595,3.591231,0 -76.272888,3.590744,0 -76.273375,3.590248,0 -76.276222,3.587929,0 -76.276850,3.587412,0 -76.279827,3.585007,0 -76.280335,3.584553,0 -76.280688,3.584112,0 -76.282446,3.581702,0 -76.283873,3.579742,0 -76.283973,3.579604,0 -76.284165,3.579302,0 -76.284360,3.578995,0 -76.286336,3.575890,0 -76.286586,3.575490,0 -76.286930,3.574913,0 -76.287000,3.574778,0 -76.287792,3.573257,0 -76.288053,3.572754,0 -76.288966,3.570761,0 -76.289344,3.570011,0 -76.289559,3.569319,0 -76.289607,3.569158,0 -76.289653,3.568971,0 -76.289690,3.568780,0 -76.289827,3.568071,0 -76.289888,3.567612,0 -76.290032,3.566525,0 -76.290272,3.564602,0 -76.290923,3.559813,0 -76.291067,3.558701,0 -76.291131,3.558215,0 -76.291193,3.557745,0 -76.291256,3.557311,0 -76.291294,3.557090,0 -76.291350,3.556919,0 -76.291410,3.556747,0 -76.291477,3.556571,0 -76.291584,3.556311,0 -76.291660,3.556212,0 -76.292008,3.555504,0 -76.292189,3.555101,0 -76.292929,3.553571,0 -76.293081,3.553266,0 -76.293355,3.552744,0 -76.293416,3.552627,0 -76.293511,3.552456,0 -76.293565,3.552359,0 -76.293642,3.552200,0 -76.293687,3.552091,0 -76.293690,3.552083,0 -76.293721,3.552008,0 -76.293774,3.551873,0 -76.293822,3.551763,0 -76.294016,3.551312,0 -76.294470,3.550171,0 -76.294769,3.549471,0 -76.295010,3.548782,0 -76.295672,3.547240,0 -76.295846,3.546814,0 -76.295873,3.546741,0 -76.295894,3.546670,0 -76.295909,3.546606,0 -76.296108,3.545790,0 -76.296168,3.545519,0 -76.296281,3.545014,0 -76.296352,3.544639,0 -76.296401,3.544293,0 -76.296474,3.543739,0 -76.296600,3.542797,0 -76.296665,3.542285,0 -76.296674,3.542212,0 -76.296684,3.542126,0 -76.296690,3.542076,0 -76.296811,3.541245,0 -76.296875,3.540867,0 -76.296985,3.540220,0 -76.297140,3.539308,0 -76.297201,3.538949,0 -76.297228,3.538784,0 -76.297253,3.538634,0 -76.297256,3.538621,0 -76.297338,3.538286,0 -76.297366,3.538164,0 -76.297397,3.538125,0 -76.297415,3.538079,0 -76.297419,3.538011,0 -76.297397,3.537946,0 -76.297354,3.537893,0 -76.297312,3.537867,0 -76.297319,3.537814,0 -76.297356,3.537529,0 -76.297398,3.537209,0 -76.297527,3.536374,0 -76.297547,3.536248,0 -76.297588,3.535983,0 -76.297679,3.535393,0 -76.297763,3.534849,0 -76.297770,3.534804,0 -76.297777,3.534761,0 -76.297888,3.534041,0 -76.298089,3.532845,0 -76.298080,3.532776,0 -76.298089,3.532718,0 -76.298191,3.532014,0 -76.298309,3.531184,0 -76.298423,3.530410,0 -76.298433,3.530351,0 -76.298442,3.530293,0 -76.298548,3.529641,0 -76.298567,3.529495,0 -76.298571,3.529469,0 -76.298579,3.529409,0 -76.298677,3.528844,0 -76.298804,3.527967,0 -76.298895,3.527410,0 -76.298958,3.527018,0 -76.299095,3.526122,0 -76.299230,3.525288,0 -76.299310,3.524797,0 -76.299362,3.524474,0 -76.299475,3.523634,0 -76.299600,3.522751,0 -76.299707,3.521949,0 -76.299716,3.521897,0 -76.299800,3.521430,0 -76.299874,3.521013,0 -76.299982,3.520265,0 -76.300085,3.519541,0 -76.300229,3.518654,0 -76.300347,3.517867,0 -76.300458,3.517061,0 -76.300492,3.516980,0 -76.300451,3.516977,0 -76.300428,3.516977,0 -76.299549,3.516936,0 -76.299248,3.516921,0 -76.298964,3.516906,0 -76.298406,3.516878,0 -76.297831,3.516854,0 -76.297112,3.516832,0 -76.296980,3.516831,0 -76.296861,3.516827,0 -76.295855,3.516816,0 -76.295817,3.516816,0 -76.295813,3.516739,0 -76.295857,3.516651,0 -76.295872,3.515780,0 -76.295864,3.514713,0 -76.295868,3.514335,0 -76.295872,3.513987,0 -76.295876,3.513635,0 -76.295879,3.513327,0 -76.295882,3.513061,0 -76.295885,3.512977,0 -76.295887,3.512563,0 -76.295892,3.512166,0 -76.295894,3.511753,0 -76.295901,3.511352,0 -76.295896,3.511273,0 -76.295897,3.511033,0 -76.295898,3.510713,0 -76.295898,3.510409,0 -76.295895,3.509442,0 -76.295910,3.508875,0 -76.295927,3.508748,0 -76.295971,3.508657,0 -76.296034,3.508573,0 -76.296061,3.508540,0 -76.296096,3.508510,0 -76.296145,3.508438,0 -76.296168,3.508354,0 -76.296160,3.508255,0 -76.296132,3.508191,0 -76.296109,3.508159,0 -76.296031,3.508064,0 -76.295946,3.507958,0 -76.295955,3.507808,0 -76.295965,3.507078,0 -76.295978,3.506123,0 -76.295988,3.505394,0 -76.295995,3.505285,0 -76.296018,3.504691,0 -76.296116,3.503616,0 -76.296133,3.503303,0 -76.296147,3.502992,0 -76.296157,3.502680,0 -76.296168,3.501746,0 -76.296171,3.500852,0 -76.296166,3.500629,0 -76.296182,3.500523,0 -76.296198,3.500399,0 -76.296143,3.500114,0 -76.296144,3.499663,0 -76.296144,3.499490,0 -76.296158,3.498686,0 -76.296128,3.498069,0 -76.296081,3.497550,0 -76.295959,3.496229,0 -76.295956,3.496181,0 -76.295934,3.495842,0 -76.295886,3.495083,0 -76.295537,3.492052,0 -76.295510,3.491560,0 -76.295499,3.491199,0 -76.295455,3.490597,0 -76.295339,3.489917,0 -76.295221,3.489497,0 -76.294823,3.488257,0 -76.294768,3.488102,0 -76.294507,3.487351,0 -76.294483,3.487174,0 -76.294485,3.487030,0 -76.294493,3.486908,0 -76.294518,3.486772,0 -76.294667,3.486057,0 -76.295018,3.484545,0 -76.295229,3.483405,0 -76.295333,3.482820,0 -76.295480,3.482120,0 -76.295963,3.479980,0 -76.296336,3.477913,0 -76.296872,3.475156,0 -76.296975,3.474720,0 -76.297068,3.474250,0 -76.297359,3.472842,0 -76.297450,3.472427,0 -76.297569,3.471951,0 -76.297589,3.471838,0 -76.297594,3.471736,0 -76.297592,3.471682,0 -76.297572,3.471601,0 -76.297552,3.471548,0 -76.297533,3.471511,0 -76.297503,3.471483,0 -76.297226,3.471294,0 -76.296919,3.471114,0 -76.296854,3.471058,0 -76.296808,3.470995,0 -76.296767,3.470921,0 -76.296693,3.470752,0 -76.296625,3.470622,0 -76.296564,3.470537,0 -76.296343,3.470281,0 -76.296017,3.469948,0 -76.295949,3.469852,0 -76.295928,3.469812,0 -76.295920,3.469776,0 -76.295918,3.469730,0 -76.295937,3.469636,0 -76.295960,3.469548,0 -76.296527,3.468010,0 -76.296640,3.467700,0 -76.296964,3.466934,0 -76.297023,3.466429,0 -76.297160,3.465253,0 -76.296730,3.465089,0 -76.296548,3.465001,0 -76.296383,3.464886,0 -76.296294,3.464791,0 -76.296116,3.464554,0 -76.295575,3.463799,0 -76.295493,3.463716,0 -76.295236,3.463547,0 -76.294981,3.463371,0 -76.294887,3.463289,0 -76.294461,3.462733,0 -76.293494,3.461426,0 -76.293384,3.461362,0 -76.293302,3.461321,0 -76.293154,3.461280,0 -76.292984,3.461239,0 -76.291942,3.461102,0 -76.291344,3.461031,0 -76.290936,3.460979,0 -76.290768,3.460940,0 -76.290531,3.460879,0 -76.290367,3.460815,0 -76.289321,3.460413,0 -76.289028,3.460299,0 -76.287657,3.459879,0 -76.287377,3.459776,0 -76.287280,3.459709,0 -76.287190,3.459623,0 -76.286529,3.460680,0 -76.284748,3.460089,0 -76.281440,3.458992,0 -76.280947,3.458829,0 -76.279834,3.462273,0 -76.278806,3.461965,0 -76.278623,3.461927,0 -76.278189,3.462200,0 -76.278098,3.462479,0 -76.277545,3.462238,0 -76.276909,3.462119,0 -76.277068,3.461161,0 -76.277147,3.460926,0 -76.278162,3.457906,0 -76.278462,3.458000,0 -76.279645,3.458369,0 -76.280729,3.458752,0 -76.280947,3.458829,0 -76.281440,3.458992,0 -76.284748,3.460089,0 -76.286529,3.460680,0 -76.287190,3.459623,0 -76.287280,3.459709,0 -76.287377,3.459776,0 -76.287657,3.459879,0 -76.289028,3.460299,0 -76.289321,3.460413,0 -76.290367,3.460815,0 -76.290531,3.460879,0 -76.290768,3.460940,0 -76.290936,3.460979,0 -76.291344,3.461031,0 -76.291942,3.461102,0 -76.292984,3.461239,0 -76.293154,3.461280,0 -76.293302,3.461321,0 -76.293384,3.461362,0 -76.293494,3.461426,0 -76.294461,3.462733,0 -76.294887,3.463289,0 -76.294981,3.463371,0 -76.295236,3.463547,0 -76.295493,3.463716,0 -76.295575,3.463799,0 -76.296116,3.464554,0 -76.296294,3.464791,0 -76.296383,3.464886,0 -76.296548,3.465001,0 -76.296730,3.465089,0 -76.297160,3.465253,0 -76.297023,3.466429,0 -76.296964,3.466934,0 -76.296640,3.467700,0 -76.296527,3.468010,0 -76.295960,3.469548,0 -76.295937,3.469636,0 -76.295918,3.469730,0 -76.295920,3.469776,0 -76.295928,3.469812,0 -76.295949,3.469852,0 -76.296017,3.469948,0 -76.296343,3.470281,0 -76.296564,3.470537,0 -76.296625,3.470622,0 -76.296693,3.470752,0 -76.296767,3.470921,0 -76.296808,3.470995,0 -76.296854,3.471058,0 -76.296919,3.471114,0 -76.297226,3.471294,0 -76.297503,3.471483,0 -76.297533,3.471511,0 -76.297552,3.471548,0 -76.297572,3.471601,0 -76.297592,3.471682,0 -76.297594,3.471736,0 -76.297589,3.471838,0 -76.297569,3.471951,0 -76.297450,3.472427,0 -76.297359,3.472842,0 -76.297068,3.474250,0 -76.296975,3.474720,0 -76.296872,3.475156,0 -76.296336,3.477913,0 -76.295963,3.479980,0 -76.295480,3.482120,0 -76.295333,3.482820,0 -76.295229,3.483405,0 -76.295018,3.484545,0 -76.294667,3.486057,0 -76.294518,3.486772,0 -76.294493,3.486908,0 -76.294485,3.487030,0 -76.294483,3.487174,0 -76.294507,3.487351,0 -76.294768,3.488102,0 -76.294823,3.488257,0 -76.295221,3.489497,0 -76.295339,3.489917,0 -76.295455,3.490597,0 -76.295499,3.491199,0 -76.295510,3.491560,0 -76.295537,3.492052,0 -76.295886,3.495083,0 -76.295934,3.495842,0 -76.295956,3.496181,0 -76.295959,3.496229,0 -76.296081,3.497550,0 -76.296128,3.498069,0 -76.296158,3.498686,0 -76.296144,3.499490,0 -76.296144,3.499663,0 -76.296143,3.500114,0 -76.296198,3.500399,0 -76.296182,3.500523,0 -76.296166,3.500629,0 -76.296171,3.500852,0 -76.296168,3.501746,0 -76.296157,3.502680,0 -76.296147,3.502992,0 -76.296133,3.503303,0 -76.296116,3.503616,0 -76.296018,3.504691,0 -76.295995,3.505285,0 -76.295988,3.505394,0 -76.295978,3.506123,0 -76.295965,3.507078,0 -76.295955,3.507808,0 -76.295946,3.507958,0 -76.295894,3.508157,0 -76.295874,3.508234,0 -76.295857,3.508329,0 -76.295846,3.508415,0 -76.295842,3.508477,0 -76.295806,3.508709,0 -76.295798,3.508879,0 -76.295786,3.509672,0 -76.295763,3.510397,0 -76.295756,3.510714,0 -76.295749,3.511034,0 -76.295742,3.511344,0 -76.295673,3.511495,0 -76.295713,3.512969,0 -76.295716,3.513054,0 -76.295711,3.514314,0 -76.295792,3.514613,0 -76.295804,3.514711,0 -76.295303,3.514694,0 -76.295184,3.514692,0 -76.294851,3.514695,0 -76.294563,3.514698,0 -76.294284,3.514701,0 -76.293975,3.514704,0 -76.293690,3.514707,0 -76.293391,3.514710,0 -76.293073,3.514713,0 -76.292771,3.514716,0 -76.292468,3.514719,0 -76.292171,3.514722,0 -76.291582,3.514728,0 -76.290985,3.514731,0 -76.290885,3.514735,0 -76.290871,3.516854,0 -76.290870,3.516978,0 -76.290868,3.517330,0 -76.290866,3.517636,0 -76.290864,3.517933,0 -76.290862,3.518234,0 -76.290859,3.518548,0 -76.290857,3.518843,0 -76.290855,3.519143,0 -76.290854,3.519428,0 -76.290852,3.519724,0 -76.290850,3.520008,0 -76.290849,3.520312,0 -76.290848,3.520463,0 -76.290848,3.520682,0 -76.290847,3.520772,0 -76.290849,3.520942,0 -76.290857,3.521728,0 -76.290860,3.522040,0 -76.290862,3.522304,0 -76.290864,3.522521,0 -76.290888,3.522621,0 -76.290867,3.522839,0 -76.290849,3.523024,0 -76.290842,3.523084,0 -76.290831,3.523186,0 -76.290803,3.523422,0 -76.290737,3.523944,0 -76.290693,3.524298,0 -76.290613,3.524917,0 -76.290482,3.525910,0 -76.290361,3.526856,0 -76.290249,3.527812,0 -76.290234,3.528594,0 -76.290261,3.528680,0 -76.290285,3.528753,0 -76.290392,3.529102,0 -76.290422,3.529198,0 -76.290417,3.529422,0 -76.290377,3.530167,0 -76.290372,3.530519,0 -76.290381,3.530961,0 -76.290411,3.531710,0 -76.290416,3.531794,0 -76.290466,3.532749,0 -76.290523,3.533767,0 -76.290554,3.534645,0 -76.290577,3.535565,0 -76.290610,3.536439,0 -76.290596,3.536968,0 -76.290596,3.537013,0 -76.290596,3.537121,0 -76.290596,3.537176,0 -76.290597,3.537328,0 -76.290657,3.538039,0 -76.290682,3.538378,0 -76.290689,3.538451,0 -76.290646,3.538462,0 -76.290574,3.538478,0 -76.290270,3.538545,0 -76.289731,3.538663,0 -76.287759,3.539065,0 -76.286830,3.539251,0 -76.286300,3.539357,0 -76.286004,3.539417,0 -76.285978,3.539361,0 -76.285941,3.539312,0 -76.285879,3.539259,0 -76.285850,3.539241,0 -76.285796,3.539232,0 -76.285725,3.539225,0 -76.285641,3.539237,0 -76.285574,3.539271,0 -76.285506,3.539326,0 -76.285446,3.539403,0 -76.285423,3.539448,0 -76.285399,3.539533,0 -76.284693,3.539670,0 -76.283901,3.539819,0 -76.283754,3.539847,0 -76.283566,3.539882,0 -76.282448,3.540096,0 -76.281519,3.540270,0 -76.281187,3.540341,0 -76.281032,3.540372,0 -76.280507,3.540473,0 -76.279923,3.540587,0 -76.279375,3.540670,0 -76.279093,3.540713,0 -76.278227,3.540844,0 -76.277588,3.540946,0 -76.276904,3.541110,0 -76.276007,3.541417,0 -76.275737,3.541512,0 -76.275515,3.541595,0 -76.275219,3.541706,0 -76.275036,3.541799,0 -76.274794,3.541921,0 -76.274349,3.542127,0 -76.273372,3.542557,0 -76.272924,3.542694,0 -76.272859,3.542714,0 -76.272418,3.542857,0 -76.272353,3.542878,0 -76.272279,3.542916,0 -76.272164,3.542977,0 -76.272114,3.543003,0 -76.271769,3.543217,0 -76.271282,3.543556,0 -76.271176,3.543632,0 -76.270904,3.543800,0 -76.270719,3.543887,0 -76.270657,3.543915,0 -76.270465,3.543995,0 -76.269808,3.544216,0 -76.269546,3.544304,0 -76.269331,3.544383,0 -76.268729,3.544478,0 -76.268187,3.544549,0 -76.268137,3.544547,0 -76.267859,3.544537,0 -76.267323,3.544508,0 -76.267072,3.544515,0 -76.266808,3.544584,0 -76.265800,3.545166,0 -76.265019,3.545683,0 -76.264911,3.545744,0 -76.264414,3.546023,0 -76.263889,3.546313,0 -76.263724,3.546406,0 -76.262038,3.547336,0 -76.261560,3.547561,0 -76.261052,3.547754,0 -76.260687,3.547842,0 -76.260158,3.547929,0 -76.259457,3.547967,0 -76.258947,3.547975,0 -76.258683,3.547954,0 -76.258260,3.547883,0 -76.257193,3.547646,0 -76.257009,3.547603,0 -76.256788,3.547586,0 -76.256577,3.547600,0 -76.254708,3.547784,0 -76.253554,3.547914,0 -76.253113,3.547998,0 -76.252364,3.548168,0 -76.251825,3.548299,0 -76.247194,3.549193,0 -76.246416,3.549342,0 -76.246030,3.549183,0 -76.245831,3.549095,0 -76.245677,3.548951,0 -76.245536,3.548709,0 -76.245394,3.548552,0 -76.245204,3.548399,0 -76.244347,3.547912,0 -76.243790,3.547476,0 -76.243572,3.547592,0 -76.243295,3.547650,0 -76.243165,3.547656,0 -76.242414,3.547506,0 -76.242167,3.547442,0 -76.241368,3.547292,0 -76.241121,3.547228,0 -76.239624,3.546933,0 -76.236899,3.546409,0 -76.236872,3.546404,0 -76.236844,3.546404,0 -76.236817,3.546409,0 -76.236792,3.546419,0 -76.236765,3.546437,0 -76.236744,3.546459,0 -76.236727,3.546486,0 -76.236717,3.546516,0 -76.234930,3.549626,0 -76.235168,3.549211,0 -76.236717,3.546516,0 -76.236727,3.546486,0 -76.236744,3.546459,0 -76.236765,3.546437,0 -76.236792,3.546419,0 -76.236817,3.546409,0 -76.236844,3.546404,0 -76.236872,3.546404,0 -76.236899,3.546409,0 -76.239624,3.546933,0 -76.241121,3.547228,0 -76.241368,3.547292,0 -76.242167,3.547442,0 -76.242414,3.547506,0 -76.243165,3.547656,0 -76.243295,3.547650,0 -76.243572,3.547592,0 -76.243790,3.547476,0 -76.244347,3.547912,0 -76.245204,3.548399,0 -76.245394,3.548552,0 -76.245536,3.548709,0 -76.245677,3.548951,0 -76.245831,3.549095,0 -76.246030,3.549183,0 -76.246416,3.549342,0 -76.247194,3.549193,0 -76.251825,3.548299,0 -76.252364,3.548168,0 -76.253113,3.547998,0 -76.253554,3.547914,0 -76.254708,3.547784,0 -76.256577,3.547600,0 -76.256788,3.547586,0 -76.257009,3.547603,0 -76.257193,3.547646,0 -76.258260,3.547883,0 -76.258683,3.547954,0 -76.258947,3.547975,0 -76.259457,3.547967,0 -76.260158,3.547929,0 -76.260687,3.547842,0 -76.261052,3.547754,0 -76.261560,3.547561,0 -76.262038,3.547336,0 -76.263724,3.546406,0 -76.263889,3.546313,0 -76.264414,3.546023,0 -76.264911,3.545744,0 -76.265019,3.545683,0 -76.265800,3.545166,0 -76.266808,3.544584,0 -76.267072,3.544515,0 -76.267323,3.544508,0 -76.267859,3.544537,0 -76.268137,3.544547,0 -76.268187,3.544549,0 -76.268729,3.544478,0 -76.269331,3.544383,0 -76.269546,3.544304,0 -76.269808,3.544216,0 -76.270465,3.543995,0 -76.270657,3.543915,0 -76.270719,3.543887,0 -76.270904,3.543800,0 -76.271176,3.543632,0 -76.271282,3.543556,0 -76.271769,3.543217,0 -76.272114,3.543003,0 -76.272164,3.542977,0 -76.272279,3.542916,0 -76.272353,3.542878,0 -76.272418,3.542857,0 -76.272859,3.542714,0 -76.272924,3.542694,0 -76.273372,3.542557,0 -76.274349,3.542127,0 -76.274794,3.541921,0 -76.275036,3.541799,0 -76.275219,3.541706,0 -76.275515,3.541595,0 -76.275737,3.541512,0 -76.276007,3.541417,0 -76.276904,3.541110,0 -76.277588,3.540946,0 -76.278227,3.540844,0 -76.279093,3.540713,0 -76.279375,3.540670,0 -76.279923,3.540587,0 -76.280507,3.540473,0 -76.281032,3.540372,0 -76.281187,3.540341,0 -76.281519,3.540270,0 -76.282448,3.540096,0 -76.283566,3.539882,0 -76.283754,3.539847,0 -76.283901,3.539819,0 -76.284693,3.539670,0 -76.285399,3.539533,0 -76.285408,3.539594,0 -76.285428,3.539652,0 -76.285449,3.539690,0 -76.285475,3.539725,0 -76.285528,3.539774,0 -76.285592,3.539809,0 -76.285661,3.539828,0 -76.285751,3.539830,0 -76.285812,3.539816,0 -76.285874,3.539787,0 -76.285927,3.539745,0 -76.285971,3.539693,0 -76.286010,3.539615,0 -76.286020,3.539561,0 -76.286021,3.539488,0 -76.286004,3.539417,0 -76.286300,3.539357,0 -76.286830,3.539251,0 -76.287759,3.539065,0 -76.289731,3.538663,0 -76.290270,3.538545,0 -76.290574,3.538478,0 -76.290646,3.538462,0 -76.290689,3.538451,0 -76.290782,3.538438,0 -76.290773,3.538360,0 -76.290670,3.537340,0 -76.290678,3.537307,0 -76.290691,3.537275,0 -76.290708,3.537246,0 -76.290729,3.537219,0 -76.290743,3.537206,0 -76.290754,3.537196,0 -76.290782,3.537176,0 -76.290813,3.537161,0 -76.290845,3.537151,0 -76.290880,3.537142,0 -76.291664,3.537252,0 -76.292338,3.537348,0 -76.293955,3.537581,0 -76.294504,3.537658,0 -76.294547,3.537664,0 -76.294585,3.537670,0 -76.295902,3.537878,0 -76.296215,3.537927,0 -76.296660,3.537996,0 -76.296871,3.538040,0 -76.296981,3.538074,0 -76.297065,3.538102,0 -76.297099,3.538159,0 -76.297147,3.538196,0 -76.297203,3.538215,0 -76.297262,3.538217,0 -76.297318,3.538199,0 -76.297366,3.538164,0 -76.297397,3.538125,0 -76.297415,3.538079,0 -76.297472,3.538045,0 -76.297534,3.538022,0 -76.297602,3.538011,0 -76.297686,3.538014,0 -76.298055,3.538058,0 -76.298361,3.538104,0 -76.298777,3.538166,0 -76.299494,3.538274,0 -76.300208,3.538381,0 -76.300838,3.538476,0 -76.300910,3.538486,0 -76.300979,3.538495,0 -76.301634,3.538578,0 -76.301945,3.538603,0 -76.302324,3.538639,0 -76.302661,3.538662,0 -76.302777,3.538670,0 -76.303831,3.538749,0 -76.303971,3.538761,0 -76.304349,3.538805,0 -76.304753,3.538830,0 -76.306138,3.538939,0 -76.306436,3.538956,0 -76.306590,3.538969,0 -76.306645,3.539030,0 -76.306679,3.539087,0 -76.306706,3.539155,0 -76.306721,3.539226,0 -76.306883,3.540187,0 -76.306995,3.540784,0 -76.307167,3.541688,0 -76.307206,3.541909,0 -76.307273,3.542284,0 -76.307306,3.542465,0 -76.307316,3.542521,0 -76.307330,3.542601,0 -76.307339,3.542650,0 -76.307389,3.542946,0 -76.307485,3.543866,0 -76.307519,3.544171,0 -76.307555,3.544223,0 -76.307594,3.544273,0 -76.307634,3.544321,0 -76.307738,3.544421,0 -76.307829,3.544493,0 -76.307936,3.544562,0 -76.308052,3.544620,0 -76.308177,3.544670,0 -76.308750,3.544956,0 -76.309037,3.545098,0 -76.309297,3.545227,0 -76.309941,3.545555,0 -76.310003,3.545632,0 -76.310083,3.545723,0 -76.310212,3.545909,0 -76.310233,3.545989,0 -76.310227,3.546095,0 -76.310223,3.546269,0 -76.310223,3.546429,0 -76.310157,3.546703,0 -76.310102,3.546941,0 -76.310096,3.546970,0 -76.310034,3.547240,0 -76.309989,3.547440,0 -76.309966,3.547557,0 -76.309894,3.547876,0 -76.309830,3.548151,0 -76.309781,3.548364,0 -76.309715,3.548652,0 -76.309666,3.548860,0 -76.309499,3.549387,0 -76.309418,3.549647,0 -76.309342,3.549888,0 -76.309216,3.550293,0 -76.309124,3.550585,0 -76.309052,3.550818,0 -76.309011,3.551038,0 -76.309001,3.551146,0 -76.309007,3.551253,0 -76.309041,3.551376,0 -76.309132,3.551550,0 -76.309187,3.551676,0 -76.309197,3.551806,0 -76.309182,3.551937,0 -76.309108,3.552194,0 -76.309041,3.552388,0 -76.308920,3.552738,0 -76.308806,3.553057,0 -76.308667,3.553450,0 -76.309764,3.553689,0 -76.309907,3.553717,0 -76.310470,3.553829,0 -76.310546,3.553881,0 -76.310581,3.553967,0 -76.310593,3.554054,0 -76.310426,3.554654,0 -76.310359,3.554885,0 -76.310294,3.555112,0 -76.310240,3.555298,0 -76.310191,3.555599,0 -76.310181,3.555725,0 -76.310166,3.555932,0 -76.310172,3.557377,0 -76.310219,3.557528,0 -76.310335,3.557623,0 -76.310740,3.557730,0 -76.310986,3.557795,0 -76.311133,3.557871,0 -76.311171,3.557991,0 -76.311153,3.558241,0 -76.311003,3.558787,0 -76.310955,3.559012,0 -76.310960,3.559462,0 -76.311005,3.561423,0 -76.310912,3.561978,0 -76.310694,3.562965,0 -76.310397,3.563820,0 -76.310268,3.564083,0 -76.310195,3.564287,0 -76.310166,3.564484,0 -76.310286,3.564684,0 -76.310692,3.565046,0 -76.311014,3.565287,0 -76.311654,3.565626,0 -76.312725,3.566031,0 -76.313220,3.566279,0 -76.312954,3.566365,0 -76.311939,3.566727,0 -76.311006,3.567016,0 -76.310670,3.566955,0 -76.309938,3.566838,0 -76.308967,3.566670,0 -76.307927,3.566489,0 -76.306724,3.566276,0 -76.305565,3.566071,0 -76.304385,3.565875,0 -76.304263,3.565889,0 -76.304215,3.565955,0 -76.304214,3.566168,0 -76.304386,3.567450,0 -76.304681,3.570039,0 -76.304922,3.571950,0 -76.305091,3.573468,0 -76.305279,3.575015,0 -76.305462,3.576504,0 -76.305550,3.577235,0 -76.305647,3.578038,0 -76.305808,3.579475,0 -76.305857,3.579918,0 -76.305869,3.580023,0 -76.305936,3.580475,0 -76.306041,3.581345,0 -76.306194,3.582625,0 -76.306267,3.583240,0 -76.306505,3.585239,0 -76.306730,3.587155,0 -76.306850,3.587972,0 -76.307079,3.589533,0 -76.307229,3.591165,0 -76.307310,3.591147,0 -76.307830,3.591018,0 -76.314190,3.589150,0 -76.317162,3.588292,0 -76.318235,3.587972,0 -76.318414,3.587854,0 -76.318490,3.587699,0 -76.318477,3.587497,0 -76.318402,3.587213,0 -76.318305,3.586842,0 -76.318272,3.586379,0 -76.318315,3.586127,0 -76.318406,3.586026,0 -76.318564,3.585948,0 -76.318873,3.586026,0 -76.318935,3.586057,0 -76.319396,3.586366,0 -76.319895,3.586660,0 -76.320122,3.586789,0 -76.320184,3.586854,0 -76.320225,3.586911,0 -76.320266,3.586992,0 -76.320298,3.587091,0 -76.320310,3.587190,0 -76.320306,3.587284,0 -76.320283,3.587385,0 -76.320231,3.587499,0 -76.319903,3.587846,0 -76.319648,3.588159,0 -76.319335,3.588649,0 -76.319063,3.589155,0 -76.317467,3.592572,0 -76.314897,3.598064,0 -76.312383,3.605146,0 -76.311364,3.607571,0 -76.310362,3.609968,0 -76.310232,3.610279,0 -76.310146,3.610458,0 -76.309937,3.610980,0 -76.309801,3.611330,0 -76.309764,3.611424,0 -76.309613,3.611799,0 -76.309326,3.612480,0 -76.308863,3.613550,0 -76.308642,3.614075,0 -76.308340,3.614778,0 -76.308054,3.615445,0 -76.307964,3.615667,0 -76.307868,3.615881,0 -76.307744,3.616141,0 -76.307660,3.616315,0 -76.307570,3.616489,0 -76.307478,3.616642,0 -76.307377,3.616786,0 -76.307221,3.616990,0 -76.307039,3.617220,0 -76.306813,3.617482,0 -76.306579,3.617707,0 -76.306352,3.617905,0 -76.306091,3.618122,0 -76.305384,3.618671,0 -76.304935,3.619016,0 -76.304161,3.619613,0 -76.303488,3.620140,0 -76.302929,3.620571,0 -76.302353,3.621008,0 -76.302276,3.621068,0 -76.302025,3.621265,0 -76.301524,3.621658,0 -76.300778,3.622234,0 -76.300612,3.622362,0 -76.300543,3.622415,0 -76.299864,3.622940,0 -76.299074,3.623545,0 -76.298053,3.624348,0 -76.297423,3.624827,0 -76.297087,3.625093,0 -76.296726,3.625371,0 -76.296415,3.625612,0 -76.296035,3.625931,0 -76.295696,3.626227,0 -76.295505,3.626409,0 -76.295331,3.626602,0 -76.295167,3.626800,0 -76.294888,3.627196,0 -76.294679,3.627523,0 -76.294593,3.627684,0 -76.294458,3.627952,0 -76.294362,3.628160,0 -76.294282,3.628364,0 -76.294196,3.628602,0 -76.294119,3.628856,0 -76.294046,3.629134,0 -76.293992,3.629440,0 -76.293955,3.629678,0 -76.293923,3.629919,0 -76.293896,3.630173,0 -76.293872,3.630550,0 -76.293845,3.631067,0 -76.293803,3.631647,0 -76.293777,3.631873,0 -76.293740,3.632293,0 -76.293708,3.632625,0 -76.293673,3.633238,0 -76.293668,3.633332,0 -76.293608,3.634182,0 -76.293586,3.634326,0 -76.293545,3.634466,0 -76.293485,3.634598,0 -76.293408,3.634721,0 -76.293314,3.634833,0 -76.293205,3.634930,0 -76.293085,3.635012,0 -76.292954,3.635076,0 -76.292815,3.635121,0 -76.292672,3.635147,0 -76.292526,3.635154,0 -76.292381,3.635140,0 -76.292239,3.635106,0 -76.292103,3.635053,0 -76.291976,3.634982,0 -76.291860,3.634894,0 -76.291757,3.634791,0 -76.291669,3.634675,0 -76.291598,3.634548,0 -76.291374,3.634081,0 -76.291309,3.633924,0 -76.291257,3.633798,0 -76.291201,3.633631,0 -76.291153,3.633469,0 -76.291016,3.632990,0 -76.290774,3.632140,0 -76.290734,3.631998,0 -76.290721,3.631954,0 -76.290705,3.631898,0 -76.290694,3.631860,0 -76.290458,3.631035,0 -76.290161,3.629987,0 -76.290088,3.629740,0 -76.290048,3.629613,0 -76.289995,3.629473,0 -76.289945,3.629359,0 -76.289891,3.629246,0 -76.289834,3.629153,0 -76.289777,3.629059,0 -76.289697,3.628955,0 -76.289609,3.628851,0 -76.289498,3.628733,0 -76.289221,3.628462,0 -76.288784,3.628047,0 -76.287995,3.627314,0 -76.287473,3.626830,0 -76.287206,3.626574,0 -76.285610,3.625090,0 -76.283737,3.623365,0 -76.281347,3.624521,0 -76.280490,3.624906,0 -76.280386,3.624967,0 -76.280319,3.625031,0 -76.280296,3.625116,0 -76.280317,3.625210,0 -76.281008,3.626334,0 -76.281248,3.626724,0 -76.282495,3.628754,0 -76.282495,3.628796,0 -76.282625,3.628993,0 -76.282672,3.629074,0 -76.282695,3.629154,0 -76.282733,3.629405,0 -76.282726,3.629460,0 -76.282694,3.629509,0 -76.283186,3.631222,0 -76.283145,3.631584,0 -76.283115,3.631617,0 -76.283090,3.631655,0 -76.283072,3.631696,0 -76.283061,3.631740,0 -76.283058,3.631784,0 -76.283062,3.631829,0 -76.283073,3.631872,0 -76.282987,3.632063,0 -76.282488,3.634079,0 -76.282451,3.634504,0 -76.282526,3.634732,0 -76.282856,3.635125,0 -76.283253,3.635476,0 -76.283847,3.635568,0 -76.284047,3.635600,0 -76.284201,3.635114,0 -76.284200,3.635058,0 -76.284199,3.635027,0 -76.284146,3.634945,0 -76.284038,3.634916,0 -76.283804,3.634871,0 -76.283752,3.634848,0 -76.283730,3.634779,0 -76.283766,3.634702,0 -76.283908,3.634503,0 -76.283957,3.634370,0 -76.283955,3.634317,0</coordinates></LineString></Placemark></Folder><Folder><name>Puntos de muestreo</name><Placemark><name>PR-020</name><styleUrl>#dia1</styleUrl><ExtendedData><Data name="ID"><value>PR-020</value></Data><Data name="INGENIO"><value>Providencia</value></Data><Data name="DIA"><value>1</value></Data><Data name="ORDEN"><value>1</value></Data><Data name="HORA_LLEGADA"><value>06:46</value></Data><Data name="HORA_SALIDA"><value>08:25</value></Data><Data name="COD_SUERTE"><value>PR08010200073C</value></Data><Data name="EDAD_MESES"><value>1.3</value></Data><Data name="KM_DESDE_ANTERIOR"><value>3.1</value></Data><Data name="ACCESO_PIE_M"><value>1.0</value></Data><Data name="LATITUD"><value>3.644932</value></Data><Data name="LONGITUD"><value>-76.26747</value></Data></ExtendedData>
<Point><coordinates>-76.267470,3.644932,0</coordinates></Point></Placemark><Placemark><name>PR-003</name><styleUrl>#dia1</styleUrl><ExtendedData><Data name="ID"><value>PR-003</value></Data><Data name="INGENIO"><value>Providencia</value></Data><Data name="DIA"><value>1</value></Data><Data name="ORDEN"><value>2</value></Data><Data name="HORA_LLEGADA"><value>08:36</value></Data><Data name="HORA_SALIDA"><value>10:19</value></Data><Data name="COD_SUERTE"><value>PR08010200080A</value></Data><Data name="EDAD_MESES"><value>2.4</value></Data><Data name="KM_DESDE_ANTERIOR"><value>2.2</value></Data><Data name="ACCESO_PIE_M"><value>126.0</value></Data><Data name="LATITUD"><value>3.640908</value></Data><Data name="LONGITUD"><value>-76.25367</value></Data></ExtendedData>
<Point><coordinates>-76.253670,3.640908,0</coordinates></Point></Placemark><Placemark><name>PR-022</name><styleUrl>#dia1</styleUrl><ExtendedData><Data name="ID"><value>PR-022</value></Data><Data name="INGENIO"><value>Providencia</value></Data><Data name="DIA"><value>1</value></Data><Data name="ORDEN"><value>3</value></Data><Data name="HORA_LLEGADA"><value>10:27</value></Data><Data name="HORA_SALIDA"><value>12:08</value></Data><Data name="COD_SUERTE"><value>PR08010100007T</value></Data><Data name="EDAD_MESES"><value>7.5</value></Data><Data name="KM_DESDE_ANTERIOR"><value>4.0</value></Data><Data name="ACCESO_PIE_M"><value>67.0</value></Data><Data name="LATITUD"><value>3.618917</value></Data><Data name="LONGITUD"><value>-76.274086</value></Data></ExtendedData>
<Point><coordinates>-76.274086,3.618917,0</coordinates></Point></Placemark><Placemark><name>PR-026</name><styleUrl>#dia2</styleUrl><ExtendedData><Data name="ID"><value>PR-026</value></Data><Data name="INGENIO"><value>Providencia</value></Data><Data name="DIA"><value>2</value></Data><Data name="ORDEN"><value>1</value></Data><Data name="HORA_LLEGADA"><value>06:54</value></Data><Data name="HORA_SALIDA"><value>08:37</value></Data><Data name="COD_SUERTE"><value>PR080244000001</value></Data><Data name="EDAD_MESES"><value>8.6</value></Data><Data name="KM_DESDE_ANTERIOR"><value>15.4</value></Data><Data name="ACCESO_PIE_M"><value>125.0</value></Data><Data name="LATITUD"><value>3.70458</value></Data><Data name="LONGITUD"><value>-76.275085</value></Data></ExtendedData>
<Point><coordinates>-76.275085,3.704580,0</coordinates></Point></Placemark><Placemark><name>PR-010</name><styleUrl>#dia2</styleUrl><ExtendedData><Data name="ID"><value>PR-010</value></Data><Data name="INGENIO"><value>Providencia</value></Data><Data name="DIA"><value>2</value></Data><Data name="ORDEN"><value>2</value></Data><Data name="HORA_LLEGADA"><value>08:43</value></Data><Data name="HORA_SALIDA"><value>10:24</value></Data><Data name="COD_SUERTE"><value>PR08011100359A</value></Data><Data name="EDAD_MESES"><value>3.7</value></Data><Data name="KM_DESDE_ANTERIOR"><value>1.9</value></Data><Data name="ACCESO_PIE_M"><value>57.0</value></Data><Data name="LATITUD"><value>3.69107</value></Data><Data name="LONGITUD"><value>-76.27451</value></Data></ExtendedData>
<Point><coordinates>-76.274510,3.691070,0</coordinates></Point></Placemark><Placemark><name>PR-014</name><styleUrl>#dia2</styleUrl><ExtendedData><Data name="ID"><value>PR-014</value></Data><Data name="INGENIO"><value>Providencia</value></Data><Data name="DIA"><value>2</value></Data><Data name="ORDEN"><value>3</value></Data><Data name="HORA_LLEGADA"><value>10:36</value></Data><Data name="HORA_SALIDA"><value>12:17</value></Data><Data name="COD_SUERTE"><value>PR08011100356B</value></Data><Data name="EDAD_MESES"><value>0.8</value></Data><Data name="KM_DESDE_ANTERIOR"><value>2.0</value></Data><Data name="ACCESO_PIE_M"><value>60.0</value></Data><Data name="LATITUD"><value>3.69955</value></Data><Data name="LONGITUD"><value>-76.28673</value></Data></ExtendedData>
<Point><coordinates>-76.286730,3.699550,0</coordinates></Point></Placemark><Placemark><name>PR-027</name><styleUrl>#dia3</styleUrl><ExtendedData><Data name="ID"><value>PR-027</value></Data><Data name="INGENIO"><value>Providencia</value></Data><Data name="DIA"><value>3</value></Data><Data name="ORDEN"><value>1</value></Data><Data name="HORA_LLEGADA"><value>06:44</value></Data><Data name="HORA_SALIDA"><value>08:27</value></Data><Data name="COD_SUERTE"><value>PR082514000002</value></Data><Data name="EDAD_MESES"><value>12.3</value></Data><Data name="KM_DESDE_ANTERIOR"><value>10.1</value></Data><Data name="ACCESO_PIE_M"><value>107.0</value></Data><Data name="LATITUD"><value>3.685464</value></Data><Data name="LONGITUD"><value>-76.30268</value></Data></ExtendedData>
<Point><coordinates>-76.302680,3.685464,0</coordinates></Point></Placemark><Placemark><name>PR-042</name><styleUrl>#dia3</styleUrl><ExtendedData><Data name="ID"><value>PR-042</value></Data><Data name="INGENIO"><value>Providencia</value></Data><Data name="DIA"><value>3</value></Data><Data name="ORDEN"><value>2</value></Data><Data name="HORA_LLEGADA"><value>08:43</value></Data><Data name="HORA_SALIDA"><value>10:30</value></Data><Data name="COD_SUERTE"><value>PR082547000001</value></Data><Data name="EDAD_MESES"><value>1.8</value></Data><Data name="KM_DESDE_ANTERIOR"><value>5.4</value></Data><Data name="ACCESO_PIE_M"><value>242.0</value></Data><Data name="LATITUD"><value>3.700412</value></Data><Data name="LONGITUD"><value>-76.309586</value></Data></ExtendedData>
<Point><coordinates>-76.309586,3.700412,0</coordinates></Point></Placemark><Placemark><name>PR-015</name><styleUrl>#dia3</styleUrl><ExtendedData><Data name="ID"><value>PR-015</value></Data><Data name="INGENIO"><value>Providencia</value></Data><Data name="DIA"><value>3</value></Data><Data name="ORDEN"><value>3</value></Data><Data name="HORA_LLEGADA"><value>11:04</value></Data><Data name="HORA_SALIDA"><value>12:48</value></Data><Data name="COD_SUERTE"><value>PR08010200055A</value></Data><Data name="EDAD_MESES"><value>1.5</value></Data><Data name="KM_DESDE_ANTERIOR"><value>13.1</value></Data><Data name="ACCESO_PIE_M"><value>155.0</value></Data><Data name="LATITUD"><value>3.645795</value></Data><Data name="LONGITUD"><value>-76.29061</value></Data></ExtendedData>
<Point><coordinates>-76.290610,3.645795,0</coordinates></Point></Placemark><Placemark><name>PR-001</name><styleUrl>#dia4</styleUrl><ExtendedData><Data name="ID"><value>PR-001</value></Data><Data name="INGENIO"><value>Providencia</value></Data><Data name="DIA"><value>4</value></Data><Data name="ORDEN"><value>1</value></Data><Data name="HORA_LLEGADA"><value>06:42</value></Data><Data name="HORA_SALIDA"><value>08:29</value></Data><Data name="COD_SUERTE"><value>PR080110000353</value></Data><Data name="EDAD_MESES"><value>7.6</value></Data><Data name="KM_DESDE_ANTERIOR"><value>4.2</value></Data><Data name="ACCESO_PIE_M"><value>238.0</value></Data><Data name="LATITUD"><value>3.635015</value></Data><Data name="LONGITUD"><value>-76.30872</value></Data></ExtendedData>
<Point><coordinates>-76.308720,3.635015,0</coordinates></Point></Placemark><Placemark><name>PR-008</name><styleUrl>#dia4</styleUrl><ExtendedData><Data name="ID"><value>PR-008</value></Data><Data name="INGENIO"><value>Providencia</value></Data><Data name="DIA"><value>4</value></Data><Data name="ORDEN"><value>2</value></Data><Data name="HORA_LLEGADA"><value>08:50</value></Data><Data name="HORA_SALIDA"><value>10:31</value></Data><Data name="COD_SUERTE"><value>PR080296000006</value></Data><Data name="EDAD_MESES"><value>9.8</value></Data><Data name="KM_DESDE_ANTERIOR"><value>2.8</value></Data><Data name="ACCESO_PIE_M"><value>76.0</value></Data><Data name="LATITUD"><value>3.653843</value></Data><Data name="LONGITUD"><value>-76.31677</value></Data></ExtendedData>
<Point><coordinates>-76.316770,3.653843,0</coordinates></Point></Placemark><Placemark><name>PR-045</name><styleUrl>#dia4</styleUrl><ExtendedData><Data name="ID"><value>PR-045</value></Data><Data name="INGENIO"><value>Providencia</value></Data><Data name="DIA"><value>4</value></Data><Data name="ORDEN"><value>3</value></Data><Data name="HORA_LLEGADA"><value>10:59</value></Data><Data name="HORA_SALIDA"><value>12:44</value></Data><Data name="COD_SUERTE"><value>PR08010500200A</value></Data><Data name="EDAD_MESES"><value>2.6</value></Data><Data name="KM_DESDE_ANTERIOR"><value>5.1</value></Data><Data name="ACCESO_PIE_M"><value>167.0</value></Data><Data name="LATITUD"><value>3.633578</value></Data><Data name="LONGITUD"><value>-76.32094</value></Data></ExtendedData>
<Point><coordinates>-76.320940,3.633578,0</coordinates></Point></Placemark><Placemark><name>PR-016</name><styleUrl>#dia5</styleUrl><ExtendedData><Data name="ID"><value>PR-016</value></Data><Data name="INGENIO"><value>Providencia</value></Data><Data name="DIA"><value>5</value></Data><Data name="ORDEN"><value>1</value></Data><Data name="HORA_LLEGADA"><value>07:01</value></Data><Data name="HORA_SALIDA"><value>08:52</value></Data><Data name="COD_SUERTE"><value>PR080122000028</value></Data><Data name="EDAD_MESES"><value>6.2</value></Data><Data name="KM_DESDE_ANTERIOR"><value>11.4</value></Data><Data name="ACCESO_PIE_M"><value>368.0</value></Data><Data name="LATITUD"><value>3.692651</value></Data><Data name="LONGITUD"><value>-76.249504</value></Data></ExtendedData>
<Point><coordinates>-76.249504,3.692651,0</coordinates></Point></Placemark><Placemark><name>PR-034</name><styleUrl>#dia5</styleUrl><ExtendedData><Data name="ID"><value>PR-034</value></Data><Data name="INGENIO"><value>Providencia</value></Data><Data name="DIA"><value>5</value></Data><Data name="ORDEN"><value>2</value></Data><Data name="HORA_LLEGADA"><value>09:11</value></Data><Data name="HORA_SALIDA"><value>10:53</value></Data><Data name="COD_SUERTE"><value>PR08013000005A</value></Data><Data name="EDAD_MESES"><value>3.4</value></Data><Data name="KM_DESDE_ANTERIOR"><value>5.2</value></Data><Data name="ACCESO_PIE_M"><value>109.0</value></Data><Data name="LATITUD"><value>3.684314</value></Data><Data name="LONGITUD"><value>-76.26014</value></Data></ExtendedData>
<Point><coordinates>-76.260140,3.684314,0</coordinates></Point></Placemark><Placemark><name>PR-039</name><styleUrl>#dia5</styleUrl><ExtendedData><Data name="ID"><value>PR-039</value></Data><Data name="INGENIO"><value>Providencia</value></Data><Data name="DIA"><value>5</value></Data><Data name="ORDEN"><value>3</value></Data><Data name="HORA_LLEGADA"><value>11:05</value></Data><Data name="HORA_SALIDA"><value>12:49</value></Data><Data name="COD_SUERTE"><value>PR080108000314</value></Data><Data name="EDAD_MESES"><value>11.6</value></Data><Data name="KM_DESDE_ANTERIOR"><value>2.7</value></Data><Data name="ACCESO_PIE_M"><value>157.0</value></Data><Data name="LATITUD"><value>3.666635</value></Data><Data name="LONGITUD"><value>-76.261</value></Data></ExtendedData>
<Point><coordinates>-76.261000,3.666635,0</coordinates></Point></Placemark><Placemark><name>PR-043</name><styleUrl>#dia6</styleUrl><ExtendedData><Data name="ID"><value>PR-043</value></Data><Data name="INGENIO"><value>Providencia</value></Data><Data name="DIA"><value>6</value></Data><Data name="ORDEN"><value>1</value></Data><Data name="HORA_LLEGADA"><value>07:18</value></Data><Data name="HORA_SALIDA"><value>08:59</value></Data><Data name="COD_SUERTE"><value>PR080106000267</value></Data><Data name="EDAD_MESES"><value>7.6</value></Data><Data name="KM_DESDE_ANTERIOR"><value>11.5</value></Data><Data name="ACCESO_PIE_M"><value>45.0</value></Data><Data name="LATITUD"><value>3.623804</value></Data><Data name="LONGITUD"><value>-76.35917</value></Data></ExtendedData>
<Point><coordinates>-76.359170,3.623804,0</coordinates></Point></Placemark><Placemark><name>PR-012</name><styleUrl>#dia6</styleUrl><ExtendedData><Data name="ID"><value>PR-012</value></Data><Data name="INGENIO"><value>Providencia</value></Data><Data name="DIA"><value>6</value></Data><Data name="ORDEN"><value>2</value></Data><Data name="HORA_LLEGADA"><value>09:11</value></Data><Data name="HORA_SALIDA"><value>10:51</value></Data><Data name="COD_SUERTE"><value>PR080106000254</value></Data><Data name="EDAD_MESES"><value>7.5</value></Data><Data name="KM_DESDE_ANTERIOR"><value>1.8</value></Data><Data name="ACCESO_PIE_M"><value>20.0</value></Data><Data name="LATITUD"><value>3.619779</value></Data><Data name="LONGITUD"><value>-76.34393</value></Data></ExtendedData>
<Point><coordinates>-76.343930,3.619779,0</coordinates></Point></Placemark><Placemark><name>PR-009</name><styleUrl>#dia6</styleUrl><ExtendedData><Data name="ID"><value>PR-009</value></Data><Data name="INGENIO"><value>Providencia</value></Data><Data name="DIA"><value>6</value></Data><Data name="ORDEN"><value>3</value></Data><Data name="HORA_LLEGADA"><value>11:10</value></Data><Data name="HORA_SALIDA"><value>13:03</value></Data><Data name="COD_SUERTE"><value>PR08010500202C</value></Data><Data name="EDAD_MESES"><value>1.4</value></Data><Data name="KM_DESDE_ANTERIOR"><value>2.7</value></Data><Data name="ACCESO_PIE_M"><value>419.0</value></Data><Data name="LATITUD"><value>3.621935</value></Data><Data name="LONGITUD"><value>-76.325966</value></Data></ExtendedData>
<Point><coordinates>-76.325966,3.621935,0</coordinates></Point></Placemark><Placemark><name>PR-044</name><styleUrl>#dia7</styleUrl><ExtendedData><Data name="ID"><value>PR-044</value></Data><Data name="INGENIO"><value>Providencia</value></Data><Data name="DIA"><value>7</value></Data><Data name="ORDEN"><value>1</value></Data><Data name="HORA_LLEGADA"><value>07:03</value></Data><Data name="HORA_SALIDA"><value>08:58</value></Data><Data name="COD_SUERTE"><value>PR082511000002</value></Data><Data name="EDAD_MESES"><value>10.9</value></Data><Data name="KM_DESDE_ANTERIOR"><value>27.4</value></Data><Data name="ACCESO_PIE_M"><value>502.0</value></Data><Data name="LATITUD"><value>3.515144</value></Data><Data name="LONGITUD"><value>-76.41824</value></Data></ExtendedData>
<Point><coordinates>-76.418240,3.515144,0</coordinates></Point></Placemark><Placemark><name>PR-041</name><styleUrl>#dia7</styleUrl><ExtendedData><Data name="ID"><value>PR-041</value></Data><Data name="INGENIO"><value>Providencia</value></Data><Data name="DIA"><value>7</value></Data><Data name="ORDEN"><value>2</value></Data><Data name="HORA_LLEGADA"><value>09:12</value></Data><Data name="HORA_SALIDA"><value>10:52</value></Data><Data name="COD_SUERTE"><value>PR082543000003</value></Data><Data name="EDAD_MESES"><value>10.5</value></Data><Data name="KM_DESDE_ANTERIOR"><value>6.8</value></Data><Data name="ACCESO_PIE_M"><value>28.0</value></Data><Data name="LATITUD"><value>3.518162</value></Data><Data name="LONGITUD"><value>-76.44167</value></Data></ExtendedData>
<Point><coordinates>-76.441670,3.518162,0</coordinates></Point></Placemark><Placemark><name>PR-013</name><styleUrl>#dia7</styleUrl><ExtendedData><Data name="ID"><value>PR-013</value></Data><Data name="INGENIO"><value>Providencia</value></Data><Data name="DIA"><value>7</value></Data><Data name="ORDEN"><value>3</value></Data><Data name="HORA_LLEGADA"><value>11:14</value></Data><Data name="HORA_SALIDA"><value>12:56</value></Data><Data name="COD_SUERTE"><value>PR080169000001</value></Data><Data name="EDAD_MESES"><value>11.9</value></Data><Data name="KM_DESDE_ANTERIOR"><value>12.2</value></Data><Data name="ACCESO_PIE_M"><value>81.0</value></Data><Data name="LATITUD"><value>3.47878</value></Data><Data name="LONGITUD"><value>-76.37685</value></Data></ExtendedData>
<Point><coordinates>-76.376850,3.478780,0</coordinates></Point></Placemark><Placemark><name>PR-004</name><styleUrl>#dia8</styleUrl><ExtendedData><Data name="ID"><value>PR-004</value></Data><Data name="INGENIO"><value>Providencia</value></Data><Data name="DIA"><value>8</value></Data><Data name="ORDEN"><value>1</value></Data><Data name="HORA_LLEGADA"><value>07:02</value></Data><Data name="HORA_SALIDA"><value>08:45</value></Data><Data name="COD_SUERTE"><value>PR080291000001</value></Data><Data name="EDAD_MESES"><value>0.7</value></Data><Data name="KM_DESDE_ANTERIOR"><value>24.9</value></Data><Data name="ACCESO_PIE_M"><value>109.0</value></Data><Data name="LATITUD"><value>3.58514</value></Data><Data name="LONGITUD"><value>-76.40531</value></Data></ExtendedData>
<Point><coordinates>-76.405310,3.585140,0</coordinates></Point></Placemark><Placemark><name>PR-038</name><styleUrl>#dia8</styleUrl><ExtendedData><Data name="ID"><value>PR-038</value></Data><Data name="INGENIO"><value>Providencia</value></Data><Data name="DIA"><value>8</value></Data><Data name="ORDEN"><value>2</value></Data><Data name="HORA_LLEGADA"><value>08:48</value></Data><Data name="HORA_SALIDA"><value>10:42</value></Data><Data name="COD_SUERTE"><value>PR082549000002</value></Data><Data name="EDAD_MESES"><value>9.2</value></Data><Data name="KM_DESDE_ANTERIOR"><value>2.4</value></Data><Data name="ACCESO_PIE_M"><value>476.0</value></Data><Data name="LATITUD"><value>3.566024</value></Data><Data name="LONGITUD"><value>-76.41595</value></Data></ExtendedData>
<Point><coordinates>-76.415950,3.566024,0</coordinates></Point></Placemark><Placemark><name>PR-025</name><styleUrl>#dia8</styleUrl><ExtendedData><Data name="ID"><value>PR-025</value></Data><Data name="INGENIO"><value>Providencia</value></Data><Data name="DIA"><value>8</value></Data><Data name="ORDEN"><value>3</value></Data><Data name="HORA_LLEGADA"><value>10:58</value></Data><Data name="HORA_SALIDA"><value>12:54</value></Data><Data name="COD_SUERTE"><value>PR08018500005C</value></Data><Data name="EDAD_MESES"><value>3.1</value></Data><Data name="KM_DESDE_ANTERIOR"><value>9.0</value></Data><Data name="ACCESO_PIE_M"><value>535.0</value></Data><Data name="LATITUD"><value>3.54892</value></Data><Data name="LONGITUD"><value>-76.45317</value></Data></ExtendedData>
<Point><coordinates>-76.453170,3.548920,0</coordinates></Point></Placemark><Placemark><name>PR-035</name><styleUrl>#dia9</styleUrl><ExtendedData><Data name="ID"><value>PR-035</value></Data><Data name="INGENIO"><value>Providencia</value></Data><Data name="DIA"><value>9</value></Data><Data name="ORDEN"><value>1</value></Data><Data name="HORA_LLEGADA"><value>07:22</value></Data><Data name="HORA_SALIDA"><value>09:02</value></Data><Data name="COD_SUERTE"><value>PR08017400003C</value></Data><Data name="EDAD_MESES"><value>0.2</value></Data><Data name="KM_DESDE_ANTERIOR"><value>41.4</value></Data><Data name="ACCESO_PIE_M"><value>39.0</value></Data><Data name="LATITUD"><value>3.895886</value></Data><Data name="LONGITUD"><value>-76.3527</value></Data></ExtendedData>
<Point><coordinates>-76.352700,3.895886,0</coordinates></Point></Placemark><Placemark><name>PR-033</name><styleUrl>#dia9</styleUrl><ExtendedData><Data name="ID"><value>PR-033</value></Data><Data name="INGENIO"><value>Providencia</value></Data><Data name="DIA"><value>9</value></Data><Data name="ORDEN"><value>2</value></Data><Data name="HORA_LLEGADA"><value>09:14</value></Data><Data name="HORA_SALIDA"><value>11:04</value></Data><Data name="COD_SUERTE"><value>PR08014200002A</value></Data><Data name="EDAD_MESES"><value>14.0</value></Data><Data name="KM_DESDE_ANTERIOR"><value>7.9</value></Data><Data name="ACCESO_PIE_M"><value>340.0</value></Data><Data name="LATITUD"><value>3.872314</value></Data><Data name="LONGITUD"><value>-76.30987</value></Data></ExtendedData>
<Point><coordinates>-76.309870,3.872314,0</coordinates></Point></Placemark><Placemark><name>PR-030</name><styleUrl>#dia9</styleUrl><ExtendedData><Data name="ID"><value>PR-030</value></Data><Data name="INGENIO"><value>Providencia</value></Data><Data name="DIA"><value>9</value></Data><Data name="ORDEN"><value>3</value></Data><Data name="HORA_LLEGADA"><value>11:16</value></Data><Data name="HORA_SALIDA"><value>13:00</value></Data><Data name="COD_SUERTE"><value>PR080154000009</value></Data><Data name="EDAD_MESES"><value>0.4</value></Data><Data name="KM_DESDE_ANTERIOR"><value>3.7</value></Data><Data name="ACCESO_PIE_M"><value>158.0</value></Data><Data name="LATITUD"><value>3.850754</value></Data><Data name="LONGITUD"><value>-76.3057</value></Data></ExtendedData>
<Point><coordinates>-76.305700,3.850754,0</coordinates></Point></Placemark><Placemark><name>PR-019</name><styleUrl>#dia10</styleUrl><ExtendedData><Data name="ID"><value>PR-019</value></Data><Data name="INGENIO"><value>Providencia</value></Data><Data name="DIA"><value>10</value></Data><Data name="ORDEN"><value>1</value></Data><Data name="HORA_LLEGADA"><value>06:52</value></Data><Data name="HORA_SALIDA"><value>08:52</value></Data><Data name="COD_SUERTE"><value>PR08253600003C</value></Data><Data name="EDAD_MESES"><value>3.3</value></Data><Data name="KM_DESDE_ANTERIOR"><value>16.4</value></Data><Data name="ACCESO_PIE_M"><value>627.0</value></Data><Data name="LATITUD"><value>3.737351</value></Data><Data name="LONGITUD"><value>-76.3116</value></Data></ExtendedData>
<Point><coordinates>-76.311600,3.737351,0</coordinates></Point></Placemark><Placemark><name>PR-029</name><styleUrl>#dia10</styleUrl><ExtendedData><Data name="ID"><value>PR-029</value></Data><Data name="INGENIO"><value>Providencia</value></Data><Data name="DIA"><value>10</value></Data><Data name="ORDEN"><value>2</value></Data><Data name="HORA_LLEGADA"><value>09:21</value></Data><Data name="HORA_SALIDA"><value>11:03</value></Data><Data name="COD_SUERTE"><value>PR082538000005</value></Data><Data name="EDAD_MESES"><value>8.3</value></Data><Data name="KM_DESDE_ANTERIOR"><value>10.6</value></Data><Data name="ACCESO_PIE_M"><value>73.0</value></Data><Data name="LATITUD"><value>3.737782</value></Data><Data name="LONGITUD"><value>-76.355865</value></Data></ExtendedData>
<Point><coordinates>-76.355865,3.737782,0</coordinates></Point></Placemark><Placemark><name>PR-011</name><styleUrl>#dia10</styleUrl><ExtendedData><Data name="ID"><value>PR-011</value></Data><Data name="INGENIO"><value>Providencia</value></Data><Data name="DIA"><value>10</value></Data><Data name="ORDEN"><value>3</value></Data><Data name="HORA_LLEGADA"><value>11:18</value></Data><Data name="HORA_SALIDA"><value>13:13</value></Data><Data name="COD_SUERTE"><value>PR08011800450D</value></Data><Data name="EDAD_MESES"><value>8.5</value></Data><Data name="KM_DESDE_ANTERIOR"><value>2.8</value></Data><Data name="ACCESO_PIE_M"><value>499.0</value></Data><Data name="LATITUD"><value>3.721828</value></Data><Data name="LONGITUD"><value>-76.341064</value></Data></ExtendedData>
<Point><coordinates>-76.341064,3.721828,0</coordinates></Point></Placemark><Placemark><name>PR-040</name><styleUrl>#dia11</styleUrl><ExtendedData><Data name="ID"><value>PR-040</value></Data><Data name="INGENIO"><value>Providencia</value></Data><Data name="DIA"><value>11</value></Data><Data name="ORDEN"><value>1</value></Data><Data name="HORA_LLEGADA"><value>06:42</value></Data><Data name="HORA_SALIDA"><value>08:21</value></Data><Data name="COD_SUERTE"><value>PR080103000112</value></Data><Data name="EDAD_MESES"><value>2.5</value></Data><Data name="KM_DESDE_ANTERIOR"><value>7.0</value></Data><Data name="ACCESO_PIE_M"><value>26.0</value></Data><Data name="LATITUD"><value>3.662036</value></Data><Data name="LONGITUD"><value>-76.291046</value></Data></ExtendedData>
<Point><coordinates>-76.291046,3.662036,0</coordinates></Point></Placemark><Placemark><name>PR-032</name><styleUrl>#dia11</styleUrl><ExtendedData><Data name="ID"><value>PR-032</value></Data><Data name="INGENIO"><value>Providencia</value></Data><Data name="DIA"><value>11</value></Data><Data name="ORDEN"><value>2</value></Data><Data name="HORA_LLEGADA"><value>08:29</value></Data><Data name="HORA_SALIDA"><value>10:10</value></Data><Data name="COD_SUERTE"><value>PR08026100002B</value></Data><Data name="EDAD_MESES"><value>7.9</value></Data><Data name="KM_DESDE_ANTERIOR"><value>7.8</value></Data><Data name="ACCESO_PIE_M"><value>46.0</value></Data><Data name="LATITUD"><value>3.691213</value></Data><Data name="LONGITUD"><value>-76.329994</value></Data></ExtendedData>
<Point><coordinates>-76.329994,3.691213,0</coordinates></Point></Placemark><Placemark><name>PR-005</name><styleUrl>#dia11</styleUrl><ExtendedData><Data name="ID"><value>PR-005</value></Data><Data name="INGENIO"><value>Providencia</value></Data><Data name="DIA"><value>11</value></Data><Data name="ORDEN"><value>3</value></Data><Data name="HORA_LLEGADA"><value>11:02</value></Data><Data name="HORA_SALIDA"><value>12:48</value></Data><Data name="COD_SUERTE"><value>PR082503000003</value></Data><Data name="EDAD_MESES"><value>10.2</value></Data><Data name="KM_DESDE_ANTERIOR"><value>7.4</value></Data><Data name="ACCESO_PIE_M"><value>229.0</value></Data><Data name="LATITUD"><value>3.725134</value></Data><Data name="LONGITUD"><value>-76.357445</value></Data></ExtendedData>
<Point><coordinates>-76.357445,3.725134,0</coordinates></Point></Placemark><Placemark><name>PR-007</name><styleUrl>#dia12</styleUrl><ExtendedData><Data name="ID"><value>PR-007</value></Data><Data name="INGENIO"><value>Providencia</value></Data><Data name="DIA"><value>12</value></Data><Data name="ORDEN"><value>1</value></Data><Data name="HORA_LLEGADA"><value>07:13</value></Data><Data name="HORA_SALIDA"><value>08:55</value></Data><Data name="COD_SUERTE"><value>PR080285000002</value></Data><Data name="EDAD_MESES"><value>10.3</value></Data><Data name="KM_DESDE_ANTERIOR"><value>27.5</value></Data><Data name="ACCESO_PIE_M"><value>74.0</value></Data><Data name="LATITUD"><value>3.635446</value></Data><Data name="LONGITUD"><value>-76.436066</value></Data></ExtendedData>
<Point><coordinates>-76.436066,3.635446,0</coordinates></Point></Placemark><Placemark><name>PR-037</name><styleUrl>#dia12</styleUrl><ExtendedData><Data name="ID"><value>PR-037</value></Data><Data name="INGENIO"><value>Providencia</value></Data><Data name="DIA"><value>12</value></Data><Data name="ORDEN"><value>2</value></Data><Data name="HORA_LLEGADA"><value>09:07</value></Data><Data name="HORA_SALIDA"><value>10:47</value></Data><Data name="COD_SUERTE"><value>PR080285000008</value></Data><Data name="EDAD_MESES"><value>3.5</value></Data><Data name="KM_DESDE_ANTERIOR"><value>1.7</value></Data><Data name="ACCESO_PIE_M"><value>22.0</value></Data><Data name="LATITUD"><value>3.639327</value></Data><Data name="LONGITUD"><value>-76.44828</value></Data></ExtendedData>
<Point><coordinates>-76.448280,3.639327,0</coordinates></Point></Placemark><Placemark><name>PR-021</name><styleUrl>#dia12</styleUrl><ExtendedData><Data name="ID"><value>PR-021</value></Data><Data name="INGENIO"><value>Providencia</value></Data><Data name="DIA"><value>12</value></Data><Data name="ORDEN"><value>3</value></Data><Data name="HORA_LLEGADA"><value>11:21</value></Data><Data name="HORA_SALIDA"><value>13:19</value></Data><Data name="COD_SUERTE"><value>PR080152000001</value></Data><Data name="EDAD_MESES"><value>8.3</value></Data><Data name="KM_DESDE_ANTERIOR"><value>12.2</value></Data><Data name="ACCESO_PIE_M"><value>571.0</value></Data><Data name="LATITUD"><value>3.657724</value></Data><Data name="LONGITUD"><value>-76.44771</value></Data></ExtendedData>
<Point><coordinates>-76.447710,3.657724,0</coordinates></Point></Placemark><Placemark><name>PR-028</name><styleUrl>#dia13</styleUrl><ExtendedData><Data name="ID"><value>PR-028</value></Data><Data name="INGENIO"><value>Providencia</value></Data><Data name="DIA"><value>13</value></Data><Data name="ORDEN"><value>1</value></Data><Data name="HORA_LLEGADA"><value>07:04</value></Data><Data name="HORA_SALIDA"><value>08:44</value></Data><Data name="COD_SUERTE"><value>PR080231000001</value></Data><Data name="EDAD_MESES"><value>10.4</value></Data><Data name="KM_DESDE_ANTERIOR"><value>21.8</value></Data><Data name="ACCESO_PIE_M"><value>25.0</value></Data><Data name="LATITUD"><value>3.682158</value></Data><Data name="LONGITUD"><value>-76.3711</value></Data></ExtendedData>
<Point><coordinates>-76.371100,3.682158,0</coordinates></Point></Placemark><Placemark><name>PR-024</name><styleUrl>#dia13</styleUrl><ExtendedData><Data name="ID"><value>PR-024</value></Data><Data name="INGENIO"><value>Providencia</value></Data><Data name="DIA"><value>13</value></Data><Data name="ORDEN"><value>2</value></Data><Data name="HORA_LLEGADA"><value>09:24</value></Data><Data name="HORA_SALIDA"><value>11:13</value></Data><Data name="COD_SUERTE"><value>PR080114000524</value></Data><Data name="EDAD_MESES"><value>11.7</value></Data><Data name="KM_DESDE_ANTERIOR"><value>5.5</value></Data><Data name="ACCESO_PIE_M"><value>307.0</value></Data><Data name="LATITUD"><value>3.669079</value></Data><Data name="LONGITUD"><value>-76.40775</value></Data></ExtendedData>
<Point><coordinates>-76.407750,3.669079,0</coordinates></Point></Placemark><Placemark><name>PR-006</name><styleUrl>#dia13</styleUrl><ExtendedData><Data name="ID"><value>PR-006</value></Data><Data name="INGENIO"><value>Providencia</value></Data><Data name="DIA"><value>13</value></Data><Data name="ORDEN"><value>3</value></Data><Data name="HORA_LLEGADA"><value>11:38</value></Data><Data name="HORA_SALIDA"><value>13:26</value></Data><Data name="COD_SUERTE"><value>PR082551000002</value></Data><Data name="EDAD_MESES"><value>8.2</value></Data><Data name="KM_DESDE_ANTERIOR"><value>3.5</value></Data><Data name="ACCESO_PIE_M"><value>267.0</value></Data><Data name="LATITUD"><value>3.655425</value></Data><Data name="LONGITUD"><value>-76.379295</value></Data></ExtendedData>
<Point><coordinates>-76.379295,3.655425,0</coordinates></Point></Placemark><Placemark><name>PR-023</name><styleUrl>#dia14</styleUrl><ExtendedData><Data name="ID"><value>PR-023</value></Data><Data name="INGENIO"><value>Providencia</value></Data><Data name="DIA"><value>14</value></Data><Data name="ORDEN"><value>1</value></Data><Data name="HORA_LLEGADA"><value>07:31</value></Data><Data name="HORA_SALIDA"><value>09:14</value></Data><Data name="COD_SUERTE"><value>PR08250600002A</value></Data><Data name="EDAD_MESES"><value>11.1</value></Data><Data name="KM_DESDE_ANTERIOR"><value>38.3</value></Data><Data name="ACCESO_PIE_M"><value>121.0</value></Data><Data name="LATITUD"><value>3.581547</value></Data><Data name="LONGITUD"><value>-76.45389</value></Data></ExtendedData>
<Point><coordinates>-76.453890,3.581547,0</coordinates></Point></Placemark><Placemark><name>PR-036</name><styleUrl>#dia14</styleUrl><ExtendedData><Data name="ID"><value>PR-036</value></Data><Data name="INGENIO"><value>Providencia</value></Data><Data name="DIA"><value>14</value></Data><Data name="ORDEN"><value>2</value></Data><Data name="HORA_LLEGADA"><value>09:28</value></Data><Data name="HORA_SALIDA"><value>11:16</value></Data><Data name="COD_SUERTE"><value>PR08250600006A</value></Data><Data name="EDAD_MESES"><value>2.2</value></Data><Data name="KM_DESDE_ANTERIOR"><value>1.9</value></Data><Data name="ACCESO_PIE_M"><value>289.0</value></Data><Data name="LATITUD"><value>3.597789</value></Data><Data name="LONGITUD"><value>-76.46007</value></Data></ExtendedData>
<Point><coordinates>-76.460070,3.597789,0</coordinates></Point></Placemark><Placemark><name>PR-017</name><styleUrl>#dia14</styleUrl><ExtendedData><Data name="ID"><value>PR-017</value></Data><Data name="INGENIO"><value>Providencia</value></Data><Data name="DIA"><value>14</value></Data><Data name="ORDEN"><value>3</value></Data><Data name="HORA_LLEGADA"><value>11:57</value></Data><Data name="HORA_SALIDA"><value>13:36</value></Data><Data name="COD_SUERTE"><value>PR082513000001</value></Data><Data name="EDAD_MESES"><value>8.5</value></Data><Data name="KM_DESDE_ANTERIOR"><value>10.1</value></Data><Data name="ACCESO_PIE_M"><value>16.0</value></Data><Data name="LATITUD"><value>3.552801</value></Data><Data name="LONGITUD"><value>-76.42198</value></Data></ExtendedData>
<Point><coordinates>-76.421980,3.552801,0</coordinates></Point></Placemark><Placemark><name>PR-002</name><styleUrl>#dia15</styleUrl><ExtendedData><Data name="ID"><value>PR-002</value></Data><Data name="INGENIO"><value>Providencia</value></Data><Data name="DIA"><value>15</value></Data><Data name="ORDEN"><value>1</value></Data><Data name="HORA_LLEGADA"><value>07:19</value></Data><Data name="HORA_SALIDA"><value>09:00</value></Data><Data name="COD_SUERTE"><value>PR082530000006</value></Data><Data name="EDAD_MESES"><value>12.4</value></Data><Data name="KM_DESDE_ANTERIOR"><value>24.5</value></Data><Data name="ACCESO_PIE_M"><value>61.0</value></Data><Data name="LATITUD"><value>3.461101</value></Data><Data name="LONGITUD"><value>-76.27767</value></Data></ExtendedData>
<Point><coordinates>-76.277670,3.461101,0</coordinates></Point></Placemark><Placemark><name>PR-018</name><styleUrl>#dia15</styleUrl><ExtendedData><Data name="ID"><value>PR-018</value></Data><Data name="INGENIO"><value>Providencia</value></Data><Data name="DIA"><value>15</value></Data><Data name="ORDEN"><value>2</value></Data><Data name="HORA_LLEGADA"><value>09:45</value></Data><Data name="HORA_SALIDA"><value>11:27</value></Data><Data name="COD_SUERTE"><value>PR082539000082</value></Data><Data name="EDAD_MESES"><value>7.9</value></Data><Data name="KM_DESDE_ANTERIOR"><value>18.3</value></Data><Data name="ACCESO_PIE_M"><value>97.0</value></Data><Data name="LATITUD"><value>3.548777</value></Data><Data name="LONGITUD"><value>-76.23441</value></Data></ExtendedData>
<Point><coordinates>-76.234410,3.548777,0</coordinates></Point></Placemark><Placemark><name>PR-031</name><styleUrl>#dia15</styleUrl><ExtendedData><Data name="ID"><value>PR-031</value></Data><Data name="INGENIO"><value>Providencia</value></Data><Data name="DIA"><value>15</value></Data><Data name="ORDEN"><value>3</value></Data><Data name="HORA_LLEGADA"><value>11:58</value></Data><Data name="HORA_SALIDA"><value>13:50</value></Data><Data name="COD_SUERTE"><value>PR080227000010</value></Data><Data name="EDAD_MESES"><value>11.8</value></Data><Data name="KM_DESDE_ANTERIOR"><value>14.6</value></Data><Data name="ACCESO_PIE_M"><value>402.0</value></Data><Data name="LATITUD"><value>3.577666</value></Data><Data name="LONGITUD"><value>-76.30196</value></Data></ExtendedData>
<Point><coordinates>-76.301960,3.577666,0</coordinates></Point></Placemark></Folder></Document></kml>